profile,family,residual_rmse_nm,peak_abs_residual_nm,mean_abs_residual_nm,offload_pct,baseline_energy_burden_j,assisted_energy_burden_j,mean_stiffness_n_per_m
low_roughness_0367,low_roughness,89.99699241175442,116.01556987881106,82.56070088048591,10.02016908649419,799.3502237260168,719.2539797154003,402.9414740148932
medium_roughness_0070,medium_roughness,43.84103444205564,87.2158026778292,34.039247365304234,-1.1630656179261678,429.3238576037386,434.31717578108197,248.30118212923406
low_roughness_0116,low_roughness,61.7898947009966,84.86432430277742,54.81152667390002,12.042455671239733,500.5958867496615,440.31184899578403,164.10857891738414
high_roughness_0145,high_roughness,67.16797884098948,106.58686093898515,58.02178971294821,-0.41531943051081005,391.7803668158118,393.4075068041244,188.34466786794366
low_roughness_0148,low_roughness,2.9894101190591424,5.326383114787807,2.6183659682234213,-109.29483976204705,6.174989557866441,12.923934500459705,129.25340191721915
medium_roughness_0300,medium_roughness,65.40990881421384,112.69619343533466,55.459096969533036,12.372551799976907,328.64917366765735,287.9868844154304,416.0430819347501
high_roughness_0175,high_roughness,18.046634337655913,37.90561762047385,15.588275602086918,-0.9918329928859954,76.15150421192557,76.90679995527842,302.4159757383168
low_roughness_0328,low_roughness,48.90773539405891,66.98963258825032,43.87129499807465,22.04678779500748,290.1253766089789,226.16205048853107,429.0118584342301
medium_roughness_0231,medium_roughness,29.604263551081363,68.54228756568756,23.02919440401792,6.63041964739033,299.63316488275774,279.7662286482739,93.86606781333685
low_roughness_0094,low_roughness,33.32395721197112,60.35582113282399,27.15661383876942,25.037120211118996,325.0294381134085,243.6514269714298,247.53639198355376
low_roughness_0081,low_roughness,51.949735371633366,65.38387569872344,47.31343467558442,11.87391427674018,593.4425960061462,522.9777308747149,287.1261489991099
medium_roughness_0210,medium_roughness,32.74507595937575,58.16461368835929,26.97633919759055,20.779658055478855,375.77545331272717,297.69059905791687,253.0214371498674
low_roughness_0109,low_roughness,28.30525433762938,37.26437296617128,25.476220196980513,18.724278263653215,138.25006820457986,112.36374073426397,247.89281156659126
medium_roughness_0331,medium_roughness,55.76259536083347,99.64878372531278,46.366889667596205,-0.6529241037136212,512.3978567674717,515.7434258812185,128.3485591381788
medium_roughness_0095,medium_roughness,14.144059234333588,27.853447356374147,11.453144820451037,-6.508422096022406,83.36527325323598,88.79103711805905,128.6147143766284
high_roughness_0194,high_roughness,85.67971444619704,110.23757206203102,75.8503464881259,14.121593409007815,925.9347062627851,795.1779718114637,252.1247558232397
medium_roughness_0061,medium_roughness,20.304400975710674,37.30640748385065,16.71753884427673,48.79910179297235,496.02625272581713,253.96989673827935,112.95603164881467
high_roughness_0209,high_roughness,42.72968714286973,65.58317932253792,37.3010288453151,17.0032173357532,381.85136635831384,316.92434863686657,210.4910982556641
high_roughness_0178,high_roughness,40.075757271941434,72.49489869225255,34.09766035120582,3.813688086545961,368.3134270532675,354.2671017645879,264.760790656507
medium_roughness_0173,medium_roughness,24.27154668279224,59.806365038012295,20.154252568213362,-2.355680528015217,280.53236391902396,287.1408101906452,308.4700134553015
low_roughness_0127,low_roughness,61.10404339821653,87.52661494111796,54.11678241514714,12.250416987137251,253.62641349831623,222.55612025525153,433.28411801122127
low_roughness_0249,low_roughness,26.585479145695157,38.862127614375765,23.703568381528637,6.4885471101211785,229.8129070805328,214.9013883394734,128.86319521777332
medium_roughness_0053,medium_roughness,89.49417096212447,107.49320192719807,83.88753638490896,1.142707104590082,747.6647327835034,739.1211147634718,279.49853492230176
high_roughness_0251,high_roughness,48.59335585205457,97.46455660984584,42.57079668250278,9.004317698167572,732.5629062329298,666.6006148167874,223.54878946691753
medium_roughness_0339,medium_roughness,15.956711412833574,51.03388368520721,12.404288145528545,44.42715548318259,206.65353700465823,114.84324880810246,177.1883050531149
high_roughness_0260,high_roughness,52.57138235053377,96.45351392706647,46.2671835476511,-0.2779421571711704,286.5381303743991,287.33454063507963,188.28549672365187
high_roughness_0036,high_roughness,47.06384718369042,90.72336000647648,38.435488617885994,18.762056016908506,373.24880092388594,303.21965181210714,333.20155016444625
low_roughness_0124,low_roughness,57.36063958641782,84.59466564951433,52.7295219396765,18.05176180342988,381.9887036221234,313.03301272824797,352.838849407807
high_roughness_0263,high_roughness,56.617917484067505,81.8642251564296,52.14039222423721,-0.3683488572391631,556.8072289953409,558.8582220603703,248.29934766814114
high_roughness_0174,high_roughness,27.41249110261973,41.463049328393716,25.095882660810183,-0.7050651533112623,210.25322087434535,211.73564306844492,128.3150804091245
high_roughness_0041,high_roughness,9.421534066118856,22.447262908606664,7.068074699100839,48.32564118083878,144.4763772166009,74.65724157183124,203.79952354580163
medium_roughness_0083,medium_roughness,43.21626660405176,112.12074970307651,30.537994018953476,42.955384408237045,856.8579190321069,488.7913060794449,200.94038132950664
low_roughness_0150,low_roughness,17.24694130059751,34.12425201587298,14.945413248492878,39.01242091795039,121.4951276380557,74.09693704909634,255.83299214467405
medium_roughness_0043,medium_roughness,77.83735750154655,113.16126726281828,69.46472780770736,5.906993373423922,618.3868981048646,581.8588250116885,387.69319489225745
medium_roughness_0091,medium_roughness,53.77257470716182,104.4763049265991,48.131516816399525,-0.3224446463888481,282.512959118062,283.4239070300929,188.2922072548419
medium_roughness_0276,medium_roughness,33.89830470708447,71.04134046620656,27.690419387822374,34.23659378881385,602.5773802874952,396.2754103351894,202.45867122076453
medium_roughness_0127,medium_roughness,24.336421109362327,31.409780206286097,22.236187448312094,18.30444330687298,253.0857079199256,206.75977799592468,295.16667416989804
medium_roughness_0314,medium_roughness,57.223709736736886,88.64643419321968,48.3610941967964,-0.2637418834639673,683.1885090342776,684.990363275614,68.37986625172198
medium_roughness_0289,medium_roughness,29.362429208408173,39.48228311726189,26.48166845370172,20.440101659439243,218.78920240427243,174.06846701296286,313.43246961571276
low_roughness_0092,low_roughness,32.02749201999487,41.89695588744903,29.401151992807286,13.904298410156033,141.4328624786341,121.7676152295792,430.42665511146186
high_roughness_0388,high_roughness,38.210260907027404,96.64965070315583,30.30752285934678,-0.7154010447826137,376.87130827750514,379.5674495544083,242.06103254519402
low_roughness_0206,low_roughness,52.101801135299496,77.97127578653831,44.89115449442246,13.483553142800304,378.12827959369395,327.1431520667217,297.6492646075785
medium_roughness_0176,medium_roughness,63.916928748136776,113.57188868931658,54.473474338554205,13.431715665968492,474.97646778890464,411.17897915523855,188.2650028400123
low_roughness_0169,low_roughness,73.95841498222634,101.68918313512289,65.57610763934625,14.81064855980878,961.8956085417501,819.4326304483975,345.61494035236535
high_roughness_0051,high_roughness,41.45163923567967,77.91818082480331,33.33299298557769,15.6477308018828,188.42856254507984,158.9437683241684,237.46828664392234
medium_roughness_0240,medium_roughness,29.306127826392522,43.92285612108839,26.000626278798016,14.905071034442248,360.56368629419376,306.8214127276407,128.51742661744356
medium_roughness_0149,medium_roughness,27.177369238761337,46.78284274322324,23.160959775325516,-1.1062385594563653,67.43638398129892,68.1823912640031,188.32733034268023
low_roughness_0238,low_roughness,52.80971553235741,78.4990110839851,45.52108694376978,18.05310475142939,394.5535247218231,323.32436360333554,260.1052153494209
high_roughness_0323,high_roughness,18.619281445198503,42.52632039128402,15.903841899394246,40.800900637649924,138.01851320216758,81.70571676898945,362.57274497076867
medium_roughness_0387,medium_roughness,28.55129409871267,56.187625168882,23.85193578958421,35.94724564995299,367.31682944276736,235.27654644935694,194.6961621373892
medium_roughness_0015,medium_roughness,24.590265988457233,40.87718952448944,21.373648448627883,-2.046198541736492,218.00251633508336,222.4632806452807,68.44758339188994
low_roughness_0274,low_roughness,54.708113309626974,87.99722679523634,48.38070668921239,-0.7289465448262445,640.5964736231633,645.2660794839181,128.3406825147569
high_roughness_0064,high_roughness,8.628458064617524,13.730927911309337,7.760883891479002,-11.721135560532733,46.99208026194124,52.50008569215772,188.3060649231076
low_roughness_0095,low_roughness,48.32719730683093,72.0973230505303,42.331083225272906,14.091033313638517,362.25224750190483,311.20716262700716,317.00022149831057
high_roughness_0184,high_roughness,38.20164480651427,77.17053749266692,31.83490935811043,-0.9434314786806297,411.0226685882654,414.90038582824025,187.98374028652907
medium_roughness_0035,medium_roughness,30.127686149442003,60.366856848599596,25.728572169245574,24.120976692124188,282.491236268712,214.3515910110425,100.76623833961784
high_roughness_0281,high_roughness,68.59218213934233,114.58343278485998,62.866411485655156,-0.35147545504345346,436.57279679868776,438.1072430228319,128.3083882212639
low_roughness_0352,low_roughness,18.155204001452198,44.33207081587729,15.305480668431311,60.40433331285522,306.5755930032751,121.39064994971436,211.30957910604775
low_roughness_0005,low_roughness,32.05866144344894,49.49857663484845,27.872475870708918,31.28455324546378,611.2219437318872,420.0038892971263,145.1008781351149
high_roughness_0050,high_roughness,49.09186512978188,98.53467245296575,37.399067990701944,20.67875196948766,231.8065199902961,183.87182467240194,312.34383336789904
medium_roughness_0274,medium_roughness,30.79620941508293,55.15247338930368,25.37409003835111,21.117267932987343,155.70174652336436,122.8217915336847,177.12085182331504
high_roughness_0223,high_roughness,55.39295972854415,126.88133333965926,46.19311811299582,11.129139816917457,366.7831640916483,325.963352934975,193.47981997989118
high_roughness_0104,high_roughness,30.466952737773155,43.27485996515286,27.14352851752945,22.826344371140305,210.15101257641604,162.18121874628494,320.3759076628834
high_roughness_0277,high_roughness,61.28329699985519,93.11068527035816,53.76604221089178,14.639253809773061,770.1681720962871,657.4212986210218,176.15601189881562
high_roughness_0330,high_roughness,28.898217225165425,76.23888037804669,20.640867223898066,20.0641906770418,199.53904019186757,159.50314669263219,368.2323745485395
medium_roughness_0211,medium_roughness,69.75836949280874,97.15327356627945,62.96106451350512,-0.17718447091277656,230.59603407073618,231.00461443365026,188.2854785528034
high_roughness_0340,high_roughness,37.80337033824059,71.27447190127009,31.707068057097207,-0.3317567420972773,151.85946204714003,152.36326605099407,202.4888366084546
high_roughness_0228,high_roughness,58.63260161806667,96.07498362275221,48.07085059079209,2.488803144766645,138.6767497156742,135.22535840769032,310.782530926913
medium_roughness_0203,medium_roughness,27.74126953397797,74.44080064314755,20.40470921909209,62.35957020901597,699.269672676121,263.20811019329915,199.18259607329964
low_roughness_0106,low_roughness,69.21322461855479,93.4964316456527,67.54433338704376,-0.45066970460492045,769.5465806710704,773.014693972978,128.31920154169202
low_roughness_0168,low_roughness,4.05464966960836,5.382493024556624,3.6974590165090193,22.099436384185378,14.366123325975163,11.191291040677665,236.47604183554648
low_roughness_0028,low_roughness,28.376727420642684,41.37716453995953,25.34800493989934,23.372053921392578,107.42035311265685,82.31401026061639,253.61411107182502
low_roughness_0183,low_roughness,80.94435946275165,100.82132703733541,74.26986613864625,10.005456900810037,766.5693663784832,689.8705988106715,216.85242426544428
high_roughness_0127,high_roughness,54.7613960501612,101.10133876180016,47.03389280843295,-0.4901622405246159,231.21998031146646,232.35333334750172,188.28868969120086
low_roughness_0198,low_roughness,34.55678783656897,71.95367411150475,27.76163050071823,32.595034283787584,524.9884166309936,353.86826224420764,321.4357157833874
medium_roughness_0194,medium_roughness,47.88708632652214,65.66342642421512,43.35947910365587,22.909366763702483,274.02214250805287,211.24540486712755,426.39849955774844
low_roughness_0265,low_roughness,28.020756192056993,51.43490508859183,23.210844111090765,-1.5682457870112367,236.3690563065334,240.07590407385882,128.36516084969043
medium_roughness_0380,medium_roughness,48.48548192114861,104.5894270340479,39.79459318819132,-0.49412209185595374,527.4114748778773,530.0175314902322,188.40765954963862
low_roughness_0031,low_roughness,85.6952667716865,122.98743010389866,74.36228569646073,12.322319137872107,257.4219542969464,225.7015995575294,320.9920944105834
high_roughness_0110,high_roughness,26.04928860399843,74.72715605923966,21.281263188741967,6.970854849900154,175.29735817426217,163.07763378022477,256.62962594777343
high_roughness_0350,high_roughness,18.303862892747517,45.253799598633634,12.863458259105546,45.024593204563416,131.75681718548432,72.4338462284397,369.28702330440285
high_roughness_0090,high_roughness,63.24599279832411,93.82112723759064,54.72971013176209,4.607352320657621,422.3228541644786,402.864952342464,340.04913403578104
low_roughness_0062,low_roughness,60.72446475109704,93.84631452238698,53.96231176449605,14.871399047159208,597.3590179352309,508.52337463389136,257.0144185449928
low_roughness_0382,low_roughness,25.05641042565488,41.1332412483232,23.497076642527773,19.622811616406665,163.150445808992,131.13574117656586,367.99523346424104
medium_roughness_0108,medium_roughness,21.970296008365597,39.98708822059922,18.191131121087086,31.75091338936632,478.2036139727805,326.3695986754633,226.2241182766855
low_roughness_0187,low_roughness,66.1205041263491,85.67186606758122,59.462925813741535,18.201236515321522,398.2031570414116,325.7252586168271,402.21665005870165
low_roughness_0055,low_roughness,71.29819914160892,89.29852401265909,62.63738072266246,-0.23943465794723906,791.6071706317448,793.5025525530327,308.27491217888894
low_roughness_0107,low_roughness,19.58112042846949,59.06171326958541,13.181771271554405,64.59012543742419,454.77611383473493,161.0356514494366,207.40578488484024
high_roughness_0071,high_roughness,60.96364827961254,88.94113298875854,49.85846414939682,10.92154832884493,372.59632993737125,331.90304169175874,310.30905821844937
high_roughness_0095,high_roughness,37.57875150456502,86.14313002946983,29.332873945128824,2.4779361660878365,363.14397198853317,354.1454961716614,286.83751455843446
medium_roughness_0388,medium_roughness,18.49492812525942,36.3329733528921,15.982082683496216,22.450078913210326,327.50363086958635,253.97880729573515,203.89211176633836
low_roughness_0115,low_roughness,37.10439503439397,62.321958982816454,30.330588892059314,1.0387037463818547,126.33564317051591,125.02339011188815,265.4758628331125
low_roughness_0217,low_roughness,60.38512094501955,80.09254690762162,55.68220930226541,14.989881703747788,475.6822113399892,404.37801057435325,411.7056817188859
high_roughness_0189,high_roughness,47.44202729188706,93.15142810237708,39.634010983970924,23.036272958314786,248.4154370647616,191.18977891193242,310.5315534107387
medium_roughness_0171,medium_roughness,42.96574442200241,134.55449663412807,36.72031956798108,11.88895439359431,439.41460165504293,387.17280006548077,88.69002124518155
medium_roughness_0028,medium_roughness,22.866353515817874,49.533084368148835,17.2021803868449,28.97863160887121,213.6436174035232,151.73262056028994,250.5787820316851
low_roughness_0039,low_roughness,40.810625663921996,58.7964076870984,35.88368012275121,9.273709940854523,590.7702725447261,535.9839510521325,278.01868053302167
low_roughness_0049,low_roughness,4.280834814513604,7.3522485194089455,3.5664790581993913,84.21966305668472,156.41365230563218,24.682601359174395,276.8911974430084
medium_roughness_0118,medium_roughness,60.95259447275702,103.2897803245792,55.53521686077214,3.3115816445487565,879.4594410977238,850.3354236750805,274.8538596693426
medium_roughness_0086,medium_roughness,69.13060867972581,95.85354192719228,60.49944331477347,-0.2762979570376632,392.02113828604126,393.1042846822814,128.2990375570953
low_roughness_0017,low_roughness,46.878483884122105,84.20822231978438,42.15787404548909,-0.8249384692357191,452.7311527943714,456.4659062359865,128.33250361345708
low_roughness_0010,low_roughness,36.85243399535936,49.165372477004325,32.953184132096524,16.63403577279269,168.07936378882948,140.12098228951322,431.71259483881295
low_roughness_0098,low_roughness,51.68402946242177,83.75503486074066,45.626536491569134,-0.36196248246527774,373.6173686513828,374.96972335387477,128.30413270555437
low_roughness_0242,low_roughness,51.108864209937344,90.89141886860378,41.594970229425954,15.33021545216902,264.4381190821841,223.89918568922198,430.0884659059346
medium_roughness_0239,medium_roughness,49.300030769038194,96.59426782962161,40.60286260569988,16.344293695094258,558.7890909054229,467.4589607516933,214.59803709462284
high_roughness_0158,high_roughness,46.453587454312704,95.58873792339985,34.845518527507,0.11907120009432055,240.1059844299116,239.8200873527526,218.13335205465555
low_roughness_0308,low_roughness,13.878640885745078,37.5910473208819,9.501202488095439,68.96563701022306,265.48790886339884,82.39248133063538,155.04285128563643
low_roughness_0317,low_roughness,48.88299982934999,74.7695300470082,42.28572341074503,26.70995994729658,535.7297911560808,392.63657851255596,205.9370942130685
high_roughness_0165,high_roughness,44.91870779012459,109.83522998374728,37.420719417151105,15.440526952822408,470.8321707795034,398.1332025477353,208.69699318371713
high_roughness_0250,high_roughness,94.59379503610865,131.1068270531133,82.40106143868705,11.955953824029333,707.0163258586283,622.4857804106219,258.8458887729794
medium_roughness_0305,medium_roughness,45.445160677937764,76.81635385173637,36.78339175131312,-0.5087763992012655,328.8999540973812,330.5733194408125,68.39131334535777
high_roughness_0356,high_roughness,34.65668773325881,85.97081872863102,27.86290445961538,52.087797679959145,305.16758717140806,146.21251178075207,142.71503553651274
low_roughness_0176,low_roughness,69.29992384693443,89.63370654372862,60.79437743176031,8.692567627078567,520.314221042885,475.0855555054252,426.4482507385313
medium_roughness_0358,medium_roughness,29.566114479953786,66.95437557411232,24.48096697583707,33.66124731407583,375.23027316910293,248.92308292036887,355.1728469640017
medium_roughness_0256,medium_roughness,65.69876958598745,105.6121256702564,57.976982389310535,-0.1944856254173029,276.71176905364155,277.2499336682888,188.28810601495206
low_roughness_0131,low_roughness,65.66829151128269,91.61012443601932,56.566678791994136,13.331609021305423,789.8688128269806,684.5665909196608,214.75213361084462
medium_roughness_0280,medium_roughness,61.35394389211504,103.08033212606308,50.95467455708912,3.884648090977218,344.3801154799026,331.0021598982074,292.1344297386706
high_roughness_0317,high_roughness,31.094630238030476,61.436077404042976,24.86106931042162,2.9522571034200467,208.21138312324064,202.06444777485564,139.30443687140942
low_roughness_0121,low_roughness,85.84140125654149,110.29757453739828,80.03759604224432,-0.207382720354642,625.536660869049,626.8339158131748,188.30140571705996
high_roughness_0351,high_roughness,54.333754453258514,101.6214606445594,40.829303586427294,11.71508838610033,529.9741112693595,467.8871757107043,153.3978969518095
high_roughness_0324,high_roughness,31.902096948046047,110.90446587245515,18.715944201410895,40.979302780362225,484.8053721701007,286.1355108130532,255.12374116554855
high_roughness_0206,high_roughness,56.8496929242396,96.0021508995349,52.174117776376285,-0.3546198700902962,508.9307501834872,510.73551974863744,128.3100909706205
high_roughness_0168,high_roughness,71.07992805266859,109.26882412040784,64.72969306058937,-0.28895570220430516,669.9501556629655,671.8860148396802,128.29995799772442
high_roughness_0329,high_roughness,29.493400034858816,42.465064984586185,27.30929822195816,22.117383490449097,129.44492886418317,100.81509753835275,252.16487528011203
high_roughness_0300,high_roughness,35.80645259439202,49.58701830385203,32.70422255794407,1.3037994323053865,242.9443137035277,239.7768071206429,201.4026690043509
high_roughness_0153,high_roughness,90.77732731184825,120.24817479290502,79.81887952195288,11.558536983910876,557.1796780055791,492.77785885646875,329.06399168744684
high_roughness_0198,high_roughness,42.337398743233734,96.61825649949277,29.31788083432164,9.180607087514247,198.596787127882,180.3643964132441,197.95998827777802
medium_roughness_0133,medium_roughness,74.04730573824897,104.73344594395729,67.90554381616076,-0.2560653063654025,303.9605677966471,304.7389053558056,248.24654404222966
medium_roughness_0039,medium_roughness,8.684608634239545,14.426737262490462,7.396599032736221,55.41444682317009,85.83789473839624,38.27130020445894,280.08242316693065
high_roughness_0280,high_roughness,35.37531368234147,73.3992517099959,29.41497913975426,18.32887286016446,410.7684579362726,335.4792295314751,395.15077686160805
high_roughness_0307,high_roughness,54.32877608499777,102.86100372980583,45.298976077627465,-0.22516828735372152,303.1774648108675,303.86012431602455,129.905836757645
medium_roughness_0370,medium_roughness,76.7131405035329,114.33401048341311,68.22129863148298,9.113141918296417,573.417105190189,521.16079061042,429.3380311511457
low_roughness_0027,low_roughness,47.10676629477061,60.73899484840881,42.12131193690508,11.68717609473283,276.9746280697273,244.60411554948698,178.2890902314335
low_roughness_0275,low_roughness,32.092927981817375,73.72470222767541,25.869029273462054,-0.5281250026540872,179.542132167342,180.49033905761598,188.3037248250097
medium_roughness_0119,medium_roughness,16.48767832318222,25.05539018483568,14.26560660414818,9.575975134431562,89.77895431174178,81.18174397089672,102.91395885422826
high_roughness_0371,high_roughness,40.174589372254964,77.27069762556272,33.86871466713249,-0.6920693903216614,454.2159206657144,457.35941001860954,128.54011846929788
medium_roughness_0273,medium_roughness,29.904335495263346,45.11945087919158,26.87985139918577,17.30514124781545,337.0245927374274,278.7020109243408,183.88825296498834
low_roughness_0060,low_roughness,69.08339309421575,85.93033592535527,63.374061697617606,-0.20060477957000647,691.778163555,693.1659036151129,248.30543026030062
high_roughness_0309,high_roughness,29.65303484128114,67.95416495882313,24.48065141284722,4.755496264738485,233.92192015919164,222.79777198361674,197.4933067291975
low_roughness_0070,low_roughness,22.5282054680953,35.80863756994256,21.360521119294383,10.62030697985477,256.51682409430134,229.27394992051248,202.14533753357827
low_roughness_0103,low_roughness,37.52713639362273,59.74760886688503,31.54046604919502,2.1252370780615912,98.161867775746,96.07569536525806,248.32640055119992
medium_roughness_0285,medium_roughness,48.46340358512609,79.74194885363016,42.0900465923324,-0.9807962005418733,449.2488616037971,453.65507736938474,68.37335097193719
low_roughness_0076,low_roughness,35.06006802648615,58.705128554157284,31.81422986591747,-0.9776647499320851,173.67988442430266,175.37789143204185,128.3450465362519
medium_roughness_0142,medium_roughness,28.336610161945945,67.72030084025539,20.685813404112313,8.059976293075591,210.60432440608298,193.62966578676068,281.6076309487224
low_roughness_0102,low_roughness,26.610966450529478,63.79520534886739,24.349259839524006,-1.9655904339260775,247.9272315257491,252.800465471717,308.13139858841896
high_roughness_0063,high_roughness,64.34172947127902,91.33219086666537,56.104980273754975,19.350831721354755,817.2764008569843,659.1266198288046,205.60228090584278
high_roughness_0049,high_roughness,38.49048226800443,66.66350077645711,34.43986597946753,0.2785805804265288,397.6587835594373,396.55098341208037,260.24550036378207
low_roughness_0263,low_roughness,58.62864931227493,103.16125992513064,48.37467130693627,14.363366196557106,433.92081902773543,371.59518278768195,119.90585045404733
low_roughness_0358,low_roughness,51.76043691864601,101.65672788477816,41.64840740611112,24.25060836711035,807.3872090868911,611.5908990050867,227.57789936885237
medium_roughness_0156,medium_roughness,32.20955266406326,49.1407055152983,28.955586635955875,24.141084627005572,385.8675083638881,292.71490662164405,250.62831739857793
high_roughness_0003,high_roughness,29.339017274216484,156.43195873765177,18.183425149536987,52.122608208468364,217.21426672206326,103.99652550562475,389.00644622556865
medium_roughness_0395,medium_roughness,23.063881439668776,47.86138221121023,16.487678271295863,31.23431485252889,157.84342940379884,108.54211568978714,99.171456258744
medium_roughness_0253,medium_roughness,51.82035856681991,93.40387022718085,46.21276668080034,-0.43361466052507774,271.7388796366018,272.9171792570527,68.33540730327368
medium_roughness_0261,medium_roughness,19.056749186746394,45.43278531406889,13.566729767059808,56.92589866755175,512.5975976506745,220.79680863974693,316.45068209171296
low_roughness_0327,low_roughness,44.25728620836643,70.88126694559897,35.19256026578868,19.397792752435567,537.4431294394227,433.19102502855947,408.3232309654355
low_roughness_0363,low_roughness,17.368001968165892,43.94970385827931,13.789826314957049,54.309057661882356,155.5485615619201,71.07160357102833,135.84653353020548
low_roughness_0289,low_roughness,9.98383425313856,19.71106121709188,7.2607136893766056,0.11769724381170585,104.70565788245617,104.5824222090136,193.33068406432866
low_roughness_0299,low_roughness,50.7737896849568,88.93204571876151,45.52509602039514,-0.8837406199908469,527.9669710205914,532.6328296036356,128.30947185754775
low_roughness_0222,low_roughness,41.871630333089186,71.18719324916636,33.866750889517334,-0.23160822150354857,197.46476823312463,197.92211287092547,188.3658983170986
high_roughness_0244,high_roughness,39.126753388982245,87.63859112082406,32.34145006251897,8.378872316841202,204.71427558306158,187.56152781761043,93.4374353159219
high_roughness_0304,high_roughness,55.2165691003598,109.69626780699076,45.3972700866267,-0.5094891951665725,420.399258821704,422.54114762196093,128.374635880813
medium_roughness_0224,medium_roughness,85.77239660629807,127.50169511183755,76.24959783668211,11.266240180887577,547.1839581855231,485.53689922505464,259.1369274493307
high_roughness_0246,high_roughness,71.5619717090397,94.69095440266551,66.54877090715982,-0.21592889906236473,268.66444395052804,269.24456812652244,188.2865567266941
low_roughness_0395,low_roughness,12.853442078565967,32.163142115578665,10.231702629956736,37.96145402379801,76.37837951478572,47.38403609115838,215.02212410867213
high_roughness_0173,high_roughness,56.98849728322795,108.94304920881765,47.97991337412015,16.29118221946168,402.49455536646184,336.92343392829946,436.8768835488707
low_roughness_0162,low_roughness,37.6746895674922,48.38753195779017,33.48925813094998,13.669523492529217,233.80440827342954,201.84445975792417,310.4161612633616
low_roughness_0100,low_roughness,57.17308440065255,86.94746269693033,51.20724008561051,-0.5275656222847815,468.33096686604017,470.80172004573933,128.29684596173465
medium_roughness_0236,medium_roughness,20.958478127707824,29.44280729688058,19.34315527303047,2.5695037859297933,128.2094791887326,124.91513176705723,248.40421191975474
medium_roughness_0195,medium_roughness,42.82350269303077,67.01528467106047,38.929548527712306,17.636428565478543,491.65523972236895,404.94481458030106,368.2996431991458
medium_roughness_0371,medium_roughness,33.35450638963625,81.5038267632506,26.64045632207842,37.43362615353715,192.07048554638828,120.1715380356697,200.9631031639874
high_roughness_0113,high_roughness,21.35552671355341,30.033417766357378,19.231731270326524,22.28357657954313,116.42168932351763,90.47877302791379,423.7313203327358
high_roughness_0177,high_roughness,36.19557848824656,89.71599568617447,26.87120082467434,-1.0283711748015263,213.64636922413598,215.84344690124703,128.33050468452274
medium_roughness_0071,medium_roughness,21.460935545807608,36.4205175632339,17.568884794034144,19.955047616680616,295.00944047723937,236.1401661563032,142.71099991202354
medium_roughness_0216,medium_roughness,57.70260667557167,96.16376735189945,51.29202342464193,18.364830696405413,802.2647901456387,654.93021969852,375.6406462941319
low_roughness_0156,low_roughness,27.724423326517275,46.60182706276993,23.489342447966106,30.534812015463125,315.52053395701023,219.17693204305166,411.68160951472817
low_roughness_0186,low_roughness,14.916902311031293,32.77844231119899,11.672357398835587,63.8261976842925,284.84122945403476,103.03790325633335,204.4651191614568
medium_roughness_0007,medium_roughness,65.23020964142803,89.79387764852527,57.978409591295076,11.060309839893455,442.0939388972079,393.1969794717875,313.4131323263049
medium_roughness_0134,medium_roughness,60.749325801514786,73.5693504719723,59.83472322048773,-0.32529339588037764,446.00948863085915,447.4603280423752,128.3215633314103
high_roughness_0367,high_roughness,51.25925945977182,107.42050016932515,42.66485289543301,-0.5198968701276045,453.31784460541985,455.67462989125335,128.31628091670572
medium_roughness_0051,medium_roughness,73.77199706164815,86.47286653070273,70.70838242775218,9.598135206860364,315.44348258616543,285.16679062631624,406.35324442982676
high_roughness_0288,high_roughness,28.470792459445008,73.25376643904062,22.34338943436929,-0.41940690415818077,320.5006606412052,321.84486253980697,195.4087554089725
medium_roughness_0089,medium_roughness,6.5737862785014265,21.10508859226742,3.7294404820515448,-7.019038024946746,6.558217055984263,7.018540804902342,188.59295973926783
medium_roughness_0372,medium_roughness,38.763827672213566,75.90317136464384,35.27321355837811,-1.057208273298958,258.8977290549863,261.63481726593875,188.2837934974581
low_roughness_0033,low_roughness,4.215250130435438,11.152125298483575,2.921879748572613,82.58189184441507,129.43275144420235,22.544736635300588,236.2039517402649
medium_roughness_0398,medium_roughness,66.94477551374615,103.20039969191635,56.28544654191177,-0.16798154785680536,738.7478745990283,739.988834713539,128.27386170998216
high_roughness_0160,high_roughness,40.850409979244766,99.73501095842263,28.285966635053814,22.74187409512091,610.3295004701199,471.52913390782487,176.13166333138943
high_roughness_0391,high_roughness,38.5745664323529,65.97172176272083,33.08392604821349,8.141747803843604,278.8305687685722,256.12888705941236,273.40014831349254
medium_roughness_0284,medium_roughness,29.96240965005014,84.52550407615598,22.91951739713958,49.68351280717666,301.05505988717346,151.48033065147627,198.67718660980464
medium_roughness_0047,medium_roughness,12.669424773611068,29.373979654465717,9.433316852854519,-4.255849207971679,73.34903920799329,76.4706637121815,69.66648648828269
medium_roughness_0032,medium_roughness,44.28139963912387,81.22068755090243,37.923221406347146,-0.3702091706813221,380.76661886651823,382.1762518084553,68.42005001567304
low_roughness_0219,low_roughness,20.96327059038946,60.86014078318978,14.501958091949836,52.50544896573391,476.9502844501154,226.52539625623734,314.96160113066435
low_roughness_0330,low_roughness,32.16866543866285,63.18979305622409,22.051356423983382,11.543521679157633,88.16282639093261,77.9857314135372,192.86581966876983
low_roughness_0086,low_roughness,15.11357598603661,21.350958469515977,13.510849106711749,12.240284310668441,77.22791302063641,67.77499689971478,261.82441291324795
high_roughness_0392,high_roughness,32.495112476329396,63.38061054479999,26.791620949397593,11.112866359172289,174.65011039696137,155.24147703240018,367.9134270876646
low_roughness_0084,low_roughness,40.87122958258407,81.53837558461852,34.88938989345551,-1.5806107001292504,466.4435020745286,473.8161579783762,188.32956036403775
high_roughness_0020,high_roughness,32.1451237466781,55.9958031876595,27.480821837791996,0.6301713396816337,201.14125605508832,199.8737215071535,215.65211509466172
high_roughness_0061,high_roughness,16.0334685464645,40.10901145923024,13.721267877041413,9.73240787187367,144.82970129786793,130.7342840479431,141.1299292936921
low_roughness_0313,low_roughness,34.78732543966135,60.20953460682239,30.002699045896804,12.332096088635888,191.6655740532935,168.02919129220578,236.93932279869915
high_roughness_0332,high_roughness,2.2142208365263762,3.8807134754872976,1.8485938095679615,87.6628096089778,83.26265351013217,10.272272088162147,107.72858861088753
medium_roughness_0012,medium_roughness,14.248507675207792,47.31354069493,12.350438899607548,19.148174984088115,61.64297226994958,49.83946807430672,291.65513448566196
low_roughness_0262,low_roughness,21.669669187627758,47.592227400551074,15.929051544667994,29.18827634153614,248.9870014069259,176.3119873817679,223.90975219979882
low_roughness_0165,low_roughness,15.145960758090817,21.97046151604605,13.602917259501805,21.116965327882735,120.21262018243587,94.82736285877152,347.57694280445577
high_roughness_0004,high_roughness,50.40087373011538,79.27475468573256,44.55662449986047,10.731365571947457,456.10195781895266,407.15598934459126,294.37809043750167
low_roughness_0314,low_roughness,63.87607142675034,92.28721422781902,59.59321903577086,-0.6494968472431146,759.6173010590642,764.550991480556,128.32096770964563
high_roughness_0364,high_roughness,38.16616533431187,89.68777178151433,29.665726481110614,29.396125922349004,587.0270918527972,414.46386873344557,234.30539177283646
low_roughness_0185,low_roughness,53.7439786675775,74.22473225595397,49.67500728348898,15.291245031129513,569.2127397807069,482.1730249924334,308.3975855797529
high_roughness_0346,high_roughness,24.097345517522758,53.76919688342474,17.280682576681606,32.889523467845414,86.53651525150889,58.075067759608245,223.65205895528197
low_roughness_0315,low_roughness,65.91406297446437,108.13309038085265,63.21113255599503,-0.46316986138799965,508.3434121628893,510.6979056403792,68.33252858482301
medium_roughness_0117,medium_roughness,70.79781198821158,90.28709787514929,64.90362585996904,9.66268705992163,539.2339929316664,487.1294996739596,374.06565429531037
medium_roughness_0112,medium_roughness,66.78482713143218,102.14712179201764,59.59650589086082,16.22100563409199,465.1835226370543,389.7260772212301,251.18366770669817
medium_roughness_0238,medium_roughness,34.66659218558825,76.8123082296832,28.755186409120796,-0.5993034630019317,149.96760907786665,150.8663701524515,68.44514031261205
medium_roughness_0241,medium_roughness,29.826457437655236,66.19642873526192,22.755375548542876,0.1169250721711887,287.29590445290944,286.959983509283,308.7354401886463
low_roughness_0025,low_roughness,70.08182964679933,104.80157640045145,59.17200823276721,0.43525488674244966,365.5050319301889,363.9141534174232,192.84753929749132
low_roughness_0332,low_roughness,29.62700336414847,53.43071026817287,23.8882814532417,21.095011134644,249.83678947739867,197.13369091870433,171.7394904717803
high_roughness_0094,high_roughness,45.415429156516,106.33173350347971,33.55235045833744,17.127355302152417,198.6458913451762,164.62310374136024,261.99130139239134
high_roughness_0226,high_roughness,50.10764000800134,91.81063609448023,38.419942582521315,-0.1450430627890494,253.57714018772342,253.94493623838457,270.94666747003794
low_roughness_0269,low_roughness,83.83656376946597,119.80657862505849,74.24947847360787,6.655578767975146,511.69574750098343,477.63943397367626,310.9523202318698
low_roughness_0364,low_roughness,22.726579101922457,70.63940121528748,15.669584892731118,-2.6788508398547255,65.65015702051406,67.40882680322404,128.38200462535025
medium_roughness_0343,medium_roughness,48.17487974681688,67.18876790739813,43.66914276203605,18.859173203075716,261.6564612308922,212.31021601031958,329.88361371532085
low_roughness_0386,low_roughness,30.546308832544785,67.06278678445065,25.096051247092838,60.04004839041239,535.8419805925441,214.12219614863648,146.82370955422522
high_roughness_0241,high_roughness,34.219034793950506,71.64644096337366,27.324797449358538,10.02651479668833,343.15539092299866,308.7488648764705,77.55562157556415
low_roughness_0355,low_roughness,25.324231244599144,64.94824911847354,18.130662061992233,-0.6791962630659997,205.51563248275568,206.911486978595,68.69416383206844
medium_roughness_0126,medium_roughness,10.12486262405591,22.985537272344217,7.762060741375782,16.85737810659847,43.76290207057965,36.385624198121626,127.68732692077756
low_roughness_0048,low_roughness,62.83181585301899,94.16433963847076,53.752878265715026,-0.46309084608755485,398.67985229538806,400.5261021965634,188.32229979373514
medium_roughness_0234,medium_roughness,42.304574363928864,78.95479324702862,39.174988559908556,-0.5695250876340437,340.2888620526743,342.2268924924887,188.28347183912993
high_roughness_0005,high_roughness,7.215365715489115,34.16396324775857,4.69647346548536,81.75505814603237,142.22744530024454,25.949314695413214,542.6261090606451
high_roughness_0032,high_roughness,29.70618859190866,59.16902397167814,23.49855858098206,15.891479086019164,399.1993305594891,335.7606524320994,349.30456884391606
low_roughness_0341,low_roughness,22.263191281847224,46.45256976804321,15.657099547625094,13.598241365669184,54.00811421703275,46.66396048875434,313.6488535635173
low_roughness_0012,low_roughness,26.300405539454342,41.109636521765474,23.23995473059874,29.66742775654078,331.63814496300216,233.24963789297152,188.21149332858622
medium_roughness_0180,medium_roughness,6.033505829388319,10.261269705090534,5.0823590299965264,-32.8534397929925,33.87485515150283,45.00391029366523,69.63607081770897
high_roughness_0275,high_roughness,62.656680789504854,114.60101838922658,51.37281041533371,4.207041474719097,448.14804114897436,429.2942671896958,292.1392803680152
medium_roughness_0122,medium_roughness,46.51719169980344,97.94485261673296,36.754999020179056,9.477291069618655,285.8606514771351,258.76880548313886,148.80194652788342
low_roughness_0139,low_roughness,12.835961575669812,25.163157482040933,10.098526510646455,6.143303783504202,88.10141294030069,82.68907550581854,252.7023857176304
low_roughness_0147,low_roughness,53.59454888989552,76.02367521993914,48.68411259800221,19.156007842601884,550.1763329662022,444.784511475057,433.91253183484076
medium_roughness_0168,medium_roughness,48.83075230406462,80.52847875995539,44.34289643499924,-0.8502706539224457,417.4273311619493,420.97659326027104,128.34117332324385
high_roughness_0272,high_roughness,54.34665623307662,97.34225221322194,48.67182054344788,29.614475752304894,357.079639932836,251.33237654850868,264.78008955493567
medium_roughness_0183,medium_roughness,54.285293199675664,93.75298410796682,49.01553182989087,-0.8517817476679069,683.2086584581384,689.0281051093716,128.33647585995496
high_roughness_0085,high_roughness,61.34721125508157,75.26304832623306,56.46896587627809,-0.14882655631223063,177.0476034824673,177.3110973337636,188.2826340340078
high_roughness_0363,high_roughness,22.296398792003526,38.69796169586916,19.310533244807004,-1.1192622942315178,96.53702419378932,97.61752670556356,188.2942183304578
low_roughness_0158,low_roughness,69.2533803628747,87.81223051807856,63.82449086634934,10.081804769507675,418.92105697608207,376.68625387339546,186.3393705405295
low_roughness_0011,low_roughness,85.0111575621889,115.20613783255381,74.0103589142381,9.576109837571892,561.1866817133584,507.44682867866226,385.5871060229838
high_roughness_0337,high_roughness,53.29020314838484,182.03823730286638,33.91021680117258,31.452061149752854,294.2800333537883,201.72289731184173,216.5737195521593
high_roughness_0227,high_roughness,42.80319864891701,88.43010984449626,33.62771500430049,-0.022532220397119766,196.0122871338755,196.05645305441794,200.09785368852317
medium_roughness_0055,medium_roughness,13.103095298154116,33.622898028254106,10.60254793581829,72.27625151169053,149.64667388037037,41.48766748771459,86.45652411431074
low_roughness_0356,low_roughness,38.37399909482208,80.63453590479935,29.49765650866172,15.73726642772289,151.6388443880593,127.7750354387903,229.1153533305973
medium_roughness_0200,medium_roughness,31.574886686516383,68.06697278847619,25.037595832718484,24.94317073761703,466.0655164062232,349.81399889986244,116.34688854515552
medium_roughness_0113,medium_roughness,72.9289226068062,94.91899990540274,65.03664397964714,14.7703690230901,565.9190564920425,482.3307234761781,261.0725394584239
low_roughness_0001,low_roughness,20.22916249180474,27.8156034815971,18.382934912933887,19.961164680741735,163.22137735871647,130.64048942996817,382.4252976804972
low_roughness_0213,low_roughness,53.26638996745171,92.57373014220659,43.650766866779726,-0.3099985549392667,262.3051077826509,263.118249826309,128.3348462920636
medium_roughness_0267,medium_roughness,52.673941725635345,117.56836645714945,41.48794593220482,4.318004355472207,337.98794885053513,323.39361449819785,164.59896709173918
low_roughness_0125,low_roughness,59.75234848679139,76.83778535556105,54.38858813901335,20.13875763561402,845.0697628801657,674.8832114818711,396.0804191067815
medium_roughness_0268,medium_roughness,26.08605396059407,44.063979561894826,22.23380310414987,6.577336922706289,261.57578617805933,244.37106541291058,207.29862857088446
high_roughness_0144,high_roughness,48.29099536203706,106.30890771109509,37.57162585380864,11.892129217951439,415.91425985272963,366.4531986351567,152.96724922508002
low_roughness_0015,low_roughness,34.443485266372136,43.2274503628383,31.57908432681611,15.96075591446902,289.276591877822,243.10586113050812,374.4481363128871
low_roughness_0226,low_roughness,65.52860083550782,112.80210826168563,53.247284197801875,10.944565466568681,459.5126758561632,409.22101021990386,401.83661288395524
low_roughness_0223,low_roughness,50.73199141311027,80.38505858209238,42.95438045544646,-0.4109474103663869,483.42155316681567,485.40816152070767,248.3208956696093
medium_roughness_0251,medium_roughness,47.05428232167045,98.76656659727723,40.92675919753246,15.923703836764652,204.27162677618725,171.74401790580595,187.52357729822398
high_roughness_0360,high_roughness,41.95092334566935,88.43303537463177,34.997955236995864,-0.6783904788002055,383.4836011391204,386.0851173770084,188.33276345841585
high_roughness_0219,high_roughness,37.068445801527325,58.6307327853217,30.12068793199567,18.695607226768157,437.0292490920915,355.32397721573983,162.94631519168615
medium_roughness_0263,medium_roughness,39.27950239052263,64.61669441468109,36.06435319528793,19.87641411209409,211.75392376340716,169.66483697758434,185.72057854235172
low_roughness_0006,low_roughness,60.193688187051016,88.31284637625552,54.92261759308285,-0.2818741030804337,748.0944408334244,750.2031253287182,248.3438522208482
high_roughness_0220,high_roughness,28.783954365692033,59.42690312884701,23.763349436616508,32.69645825813338,201.12127488550522,135.3617411943403,178.05647340528668
medium_roughness_0049,medium_roughness,43.670416518113356,84.19042582424545,37.857466164007086,36.53109727851052,646.0841196023648,410.0625013694166,312.24812962897124
high_roughness_0076,high_roughness,65.41500878517054,105.36876043389582,56.159732685825006,13.250961438621758,1026.599992290106,890.5656231828501,224.69963319674133
medium_roughness_0291,medium_roughness,22.737905493680415,48.73213093299026,16.418824559799557,29.54435462754224,334.31947602105106,235.5469444364507,289.2469455104321
medium_roughness_0158,medium_roughness,25.6690339285539,57.13510702590338,17.76438060901068,51.93381698617556,550.3818168578068,264.5475313656855,85.89096907228232
low_roughness_0256,low_roughness,23.532251205439202,31.161127213091802,20.4753652094119,17.491905820956816,82.82127108716313,68.33425234887721,375.3026492893696
low_roughness_0096,low_roughness,25.135813153337892,45.890677189328926,20.413215458868073,47.89943208934742,345.3182230635398,179.9127553150783,125.81239404715598
high_roughness_0395,high_roughness,16.95395327714357,52.04487227353197,11.852017519610166,36.31009203890407,275.0439547706877,175.17524164600934,200.7028069883585
medium_roughness_0026,medium_roughness,51.18743733884761,90.66671732280173,43.183615038957,-0.46109801367171843,354.6544153283222,356.28971979280016,188.29832429662346
medium_roughness_0111,medium_roughness,46.64701256021229,69.3420700686829,37.947741928697994,-0.27379665931596586,424.7831038223467,425.94614576995093,248.35561560094357
low_roughness_0383,low_roughness,28.885666937920963,68.62128817319868,23.394087736787032,36.83000181711003,278.720091421737,176.0674766864605,232.75083698779343
low_roughness_0326,low_roughness,46.16309081604872,63.45716764361781,40.34578339512443,16.42582555388869,241.65260684677662,201.95917119970062,375.2424571581185
medium_roughness_0050,medium_roughness,26.993550616729937,36.15146218846519,24.11517440348471,16.738565285215266,209.34809372410456,174.30622638274167,330.0565854161978
high_roughness_0001,high_roughness,38.617724803232726,65.26723675276489,35.62687529974892,-0.9950541915878268,383.71338524323676,387.53154136678313,188.384202189371
high_roughness_0322,high_roughness,45.865619749700016,75.06002160564216,40.463443079863296,28.191044666631633,318.3300313325491,228.5894700122877,241.31049564108253
low_roughness_0281,low_roughness,39.221531117707016,97.98403873020996,32.20650063471295,9.356049087274721,245.07069637780376,222.14176172617044,161.45523761995136
medium_roughness_0213,medium_roughness,61.699054981996206,122.32364009455117,55.95137592819863,16.395383075905148,612.394662839373,511.9902119304601,227.80112253315747
low_roughness_0244,low_roughness,24.41754303145216,39.79625911186126,21.61257090538975,31.725315475957135,149.20092811274986,101.86646297592395,423.76524490639565
low_roughness_0135,low_roughness,29.72681961757459,71.80655254061419,25.311989703322336,-1.9474275879779914,184.48769602700395,188.0804603158588,128.39179640337824
low_roughness_0390,low_roughness,43.76306602329176,61.038869627959684,41.452602645521,29.99458423825267,303.6383350777752,212.563278883244,247.7944482859224
low_roughness_0298,low_roughness,23.135605578285592,59.53833688658509,15.008310482906813,19.081987542226692,198.6154949214528,160.7157109236093,218.64646626897155
high_roughness_0270,high_roughness,54.265991691422094,103.63490632150054,43.33249067634083,16.884441741936737,401.10899539660414,333.3839807471968,374.3267085507512
high_roughness_0259,high_roughness,48.67903996334807,95.7439422311079,40.75980665595311,37.389234125256735,387.214318989199,242.43785069580895,243.59893217161297
medium_roughness_0218,medium_roughness,23.39085935706182,44.60023538262587,20.692109794323763,17.37715769556326,119.76182056548515,98.95062014674329,198.45617374032736
low_roughness_0324,low_roughness,26.31415434399988,54.23776845623317,21.739181112143747,36.14522930918526,137.55081235863156,87.83275581495704,372.69611580371856
medium_roughness_0297,medium_roughness,41.96519515474671,85.78228830981016,32.5450690969482,12.819634039806573,315.58948277141246,275.132066011999,370.670831406489
high_roughness_0092,high_roughness,49.61907742980557,107.0513406217063,41.26225488619857,-0.5429541902423837,621.4298890379736,624.8039686599238,188.39237576201558
low_roughness_0235,low_roughness,35.561753684761825,78.74332294599631,28.266993876950842,41.59641891724744,769.1075112765444,449.1863289619369,83.44288700148464
high_roughness_0016,high_roughness,45.94334510484754,81.88609744240195,38.223634916405,-0.42899207154323354,278.24920614671913,279.44287318022054,188.29873712584376
high_roughness_0302,high_roughness,48.149149468523355,79.01611472897257,40.710746111971496,9.883429734148397,232.47258652880504,209.49632178807326,428.245414910838
low_roughness_0197,low_roughness,57.51997426634496,83.18084099048887,52.49722416834343,-0.8848036531925413,480.50382265047915,484.7553380270204,128.32730473168195
high_roughness_0385,high_roughness,51.08190732077141,95.91717494501916,42.43674044354583,0.7742627265782623,181.15643044468322,179.75380372695037,188.2775560617447
high_roughness_0238,high_roughness,35.88383426395121,90.059977852097,28.461242002764152,4.246696249931892,385.51650043759696,369.14478567064486,129.72601506263018
low_roughness_0294,low_roughness,39.33418694634448,91.33907041507752,29.067832896839253,-0.1492880612790197,370.4915310304174,371.04463065429564,308.5494388014078
low_roughness_0397,low_roughness,41.008816692581014,102.69168305702581,31.624254534582626,0.9712004574295912,355.23726013027465,351.7871942349291,76.89347594864667
medium_roughness_0353,medium_roughness,55.73801964374098,101.68255085688396,46.942423226399924,15.120002472551743,474.12084176036905,402.4337587633181,221.31802710667253
low_roughness_0101,low_roughness,30.335661441647158,60.81172672287953,25.156220478066892,-1.20977915055939,219.53717020595957,222.19308511883935,68.493412046507
medium_roughness_0293,medium_roughness,63.45786553600799,101.31755204298426,54.77081754349929,25.46815461115767,999.835263213666,745.1956725215343,248.08107010163366
medium_roughness_0157,medium_roughness,47.74144122550603,95.20160072529936,35.55780896546206,2.4471145142303605,384.32017332832845,374.91541858569565,246.25969958566128
high_roughness_0352,high_roughness,1.3152675893679293,2.2405554663048974,1.089513523875159,89.14852334306747,47.01711485410135,5.102051243155972,100.67124258503318
medium_roughness_0161,medium_roughness,13.321361690692873,17.331033084632715,12.355964015624204,9.12873564259123,73.47012646594933,66.76323284459536,79.5803337842226
high_roughness_0217,high_roughness,52.42522629622932,86.43124324382326,46.96103013049121,8.473031731741708,429.20158602938716,392.8351994519785,155.1317719962448
medium_roughness_0073,medium_roughness,26.201105536148322,37.774989528377255,24.70944782298806,-1.074881746381802,254.4798890768214,257.2152469527208,248.4474521253258
low_roughness_0104,low_roughness,52.60437100271498,76.67741786686092,45.87700096420703,13.641212803046013,217.02887188028126,187.423501623042,188.27663677819072
high_roughness_0089,high_roughness,45.68843023437642,97.29116056103199,40.38031709571951,-0.8075787393369873,374.9183493943782,377.94611027396036,68.34315817281603
medium_roughness_0099,medium_roughness,52.46205572822834,107.92375710998817,35.9397430213116,8.25681079551794,269.4242035677755,247.1783568418532,210.38750876300037
high_roughness_0232,high_roughness,39.531278395413636,80.67828777926402,30.555038017946618,20.394577229562444,494.993818357921,394.04192179135475,367.1557371597737
low_roughness_0246,low_roughness,45.25329371476252,86.4321271876625,37.76293264781784,-0.2163975374538765,346.97432954706153,347.72517345179847,68.80328293219209
medium_roughness_0076,medium_roughness,21.218293752607977,66.46765540970787,13.158474149873868,63.78629050049746,384.6630880348272,139.30077325274803,196.91919574961065
medium_roughness_0377,medium_roughness,75.40545438624476,105.47341908990907,64.0947498752487,19.803356465143022,904.9273256949105,725.7213416370615,237.55271121002733
low_roughness_0388,low_roughness,70.39383684581222,89.630656034708,59.40899990672214,6.092904778218558,750.5401978406404,704.810498263957,279.2425815440714
high_roughness_0285,high_roughness,26.740843064041254,61.1440191929768,22.656342928756846,1.07113400883447,215.16847783254184,212.86373509018603,202.7754949916154
medium_roughness_0344,medium_roughness,66.93820577272857,115.2723335460019,50.59830148565037,18.322829339481913,434.77229030004116,355.10970553300774,316.31012724526227
medium_roughness_0124,medium_roughness,48.93501297933681,114.87518087125578,38.57930712251743,-0.3909176138307398,395.42443866937504,396.97022244952495,128.3274074435234
high_roughness_0147,high_roughness,16.58061086604275,34.792271247822015,14.210441615255274,65.99264228853082,240.4732590877229,81.77860141838998,227.8576440744102
medium_roughness_0384,medium_roughness,44.83961179505041,69.21325705046485,41.7320317248195,-0.8269523114833611,403.8990347696329,407.2390871737194,188.27254663147033
high_roughness_0039,high_roughness,27.54980889577228,39.41664729078552,24.41570739019405,12.23630402108213,281.8926206317252,247.39938255823162,286.7388282492757
low_roughness_0194,low_roughness,57.88232745078999,89.59822571208518,53.292857475090315,-0.540229482616483,877.8647437351436,882.6072278982965,188.3272436182946
medium_roughness_0394,medium_roughness,27.71296580811757,45.60631989573946,23.089500578791288,45.16585529531047,218.11390929711905,119.60089664503752,175.22467747814954
high_roughness_0399,high_roughness,59.730381245645695,110.68088467202959,53.07484596127961,-0.1436585052736266,377.2688723268744,377.8108511497218,188.28802621774375
high_roughness_0099,high_roughness,36.24272528520216,67.26275494677012,30.619462922571092,28.57344836019465,586.0007850125426,418.56015331664844,198.77381710782646
high_roughness_0169,high_roughness,39.746441338192454,100.00954235691574,33.43792776160076,18.34823936817092,652.2443091231646,532.5689620199737,308.3736235767603
low_roughness_0080,low_roughness,30.2509441706383,83.23916136618222,19.0726868508502,36.951277967255436,282.3606384586981,178.02477407170738,415.5556455671787
medium_roughness_0340,medium_roughness,53.10513099835591,109.6493689470341,40.20959340512436,7.8923528396430385,454.156242670507,418.31262955568513,299.186012955755
low_roughness_0063,low_roughness,44.81194187403879,66.49355558442835,39.300735234771096,21.716202787186642,277.77540618099624,217.45313568179972,171.44828206337988
medium_roughness_0137,medium_roughness,28.171657019921792,46.68125099719069,22.91232067563997,22.95777987620558,199.44443974432625,153.65642429249235,433.98862172961236
low_roughness_0207,low_roughness,13.665580384924615,24.88305168108785,10.328445983229582,58.78019822497299,200.0728241722183,82.46962152948672,168.6725904338062
medium_roughness_0023,medium_roughness,26.09032204820312,38.97520473926574,23.31435503618419,22.860208259195062,154.73204647995328,119.35997841092146,250.10538642629982
low_roughness_0199,low_roughness,42.06639340059446,86.72661532110347,33.726525081983795,22.57192231234606,267.1574724233037,206.85489529628825,234.0646589241922
high_roughness_0079,high_roughness,34.23682862965195,94.4012962348676,28.399520912747995,28.44667956802491,254.25103478167281,181.9250576189428,234.4406357202679
low_roughness_0243,low_roughness,80.79053861838531,104.7362079671992,73.81018077538153,2.865192295586009,531.483424007399,516.2554018904223,138.25888987891375
low_roughness_0261,low_roughness,63.94900681685543,88.6476555383565,58.18986566560211,17.357123658372807,871.9647249525831,720.6167293851729,248.82619802802802
low_roughness_0047,low_roughness,5.9243877851707785,16.100618722263363,4.139402547226008,88.35018793956931,294.1657427574345,34.26975617741114,291.6551335602999
medium_roughness_0198,medium_roughness,55.023493819201654,73.12007995946563,50.59772306190631,11.76736813889816,338.72710998754553,298.8678439690606,422.79292188100516
medium_roughness_0361,medium_roughness,17.379613411486567,49.9692614788453,12.442637974780553,54.7996924136412,244.0866829598646,110.32793147519921,209.52865406535565
medium_roughness_0363,medium_roughness,16.908865958959176,42.200687052908926,13.523596580316848,-2.8458323206168252,62.93806927693154,64.72918119438667,188.3868869394064
high_roughness_0201,high_roughness,11.376430372320332,30.898171008254735,9.433972640844122,77.14226563993286,194.01847280843407,44.34822712401096,135.1901284329593
medium_roughness_0077,medium_roughness,23.673805741526735,55.50130679400641,18.340040030897566,27.97491148463045,115.2889619169289,83.03697686911873,181.25706350803375
low_roughness_0192,low_roughness,24.182839177900807,61.18193668939592,18.34571040790909,30.755330118723624,160.81820509988387,111.35803523040856,364.23721445761623
medium_roughness_0057,medium_roughness,8.910176611545639,14.437235167663964,7.71992363193098,74.46944778044428,235.10306072065623,60.02310968706091,240.995744920522
medium_roughness_0052,medium_roughness,48.90516852719999,70.10402132007984,43.04503083483405,12.549452540361658,295.7704148714375,258.65284702871566,311.44966323785485
low_roughness_0082,low_roughness,72.34449058407587,98.05761090689808,64.86668324062722,11.542733095620221,1177.1993979478939,1041.3184134395203,308.2695435285568
medium_roughness_0334,medium_roughness,63.09134609792657,94.33032880790306,51.48543451832868,6.158281265424865,443.145813649474,415.85564802898386,297.9361011736095
high_roughness_0348,high_roughness,42.91813281719704,106.6359526809624,34.675144222079176,14.316698387979084,506.2839799267812,433.8008295340074,77.38573607802391
medium_roughness_0309,medium_roughness,50.97617657013125,93.27098146388889,44.460903017806025,-0.7151461849355643,270.18552454750375,272.11774601855336,128.31199270635844
high_roughness_0084,high_roughness,35.68991798827066,73.91128165611204,26.0336199577361,14.855134665665819,326.3474227896239,277.8680736562955,191.92329916208982
low_roughness_0251,low_roughness,58.567648196598675,100.52710101411728,48.50184831425368,13.71002213171491,633.6525191246094,546.7786185144564,304.8147307597101
low_roughness_0145,low_roughness,7.922885512660483,16.191674345205797,5.618586561948696,23.43005398597049,32.08401959201974,24.56671648074017,249.30267039388417
medium_roughness_0116,medium_roughness,67.62823651755565,102.03740335191479,64.2134577256246,-0.09533325380336131,499.53953590369485,500.01576319730606,248.27844409532844
low_roughness_0319,low_roughness,68.12799481520166,116.88048238134607,52.806075894019465,16.707346164236316,278.81392889906317,232.23152064378897,435.10595057457687
low_roughness_0371,low_roughness,26.988030286762267,52.0663552444091,22.12720985359645,30.805561723116483,425.90704086159633,294.70398450587834,193.81955251060427
low_roughness_0026,low_roughness,65.52336991805566,82.92937185932364,57.79144356332246,0.9193104997790842,440.9600310575871,436.9062391922456,191.52176904678345
high_roughness_0133,high_roughness,31.2579246081559,42.79124829172221,27.703482566487093,20.022488158057808,202.7926379738169,162.18850605009638,315.43280254341664
high_roughness_0215,high_roughness,58.985038134320234,87.52104251686072,53.77510646725803,-0.31072183158818023,310.67416924628515,311.63950171523857,128.3129029151052
high_roughness_0097,high_roughness,51.61296013464618,79.66149309195504,43.97446431744256,5.290003009233573,448.38975557307145,424.6699240101609,74.51927333921194
low_roughness_0282,low_roughness,29.934626423283415,108.38650760073317,16.537093839548042,24.304126142669556,248.1813396190005,187.8630337754315,203.27292287275196
low_roughness_0310,low_roughness,31.818412038650123,40.505047301730954,28.668132102248354,15.874809495461822,229.27992952261735,192.88217749957272,164.9539510127157
medium_roughness_0391,medium_roughness,63.14658187144711,80.89094321439397,58.161257301581756,11.526119867501697,574.7848967688842,508.53450058700673,434.13519604541364
medium_roughness_0169,medium_roughness,21.890347023735576,52.39128975064115,15.420607134277805,13.960560947083351,55.97537590360032,48.16089943521919,311.69417316429315
low_roughness_0316,low_roughness,36.732466413713844,67.01027552775133,30.506241254453915,11.30350267067119,251.39112511521512,222.97512257398643,308.52712169699373
low_roughness_0305,low_roughness,66.90263086985954,91.09516400087564,56.97833654173271,18.268195153560814,497.2061707039036,406.37557712416776,178.04609257541597
medium_roughness_0163,medium_roughness,31.963316399247063,73.88423049848068,24.217471859911292,0.16495220326628734,308.06824890946984,307.5600835453298,188.63030684292318
medium_roughness_0182,medium_roughness,49.46494051839262,99.78061566075738,40.514236976968256,2.069629699858545,275.68946167944256,269.9837107011447,277.77262682430444
medium_roughness_0323,medium_roughness,55.52832632259325,74.0897595954219,49.94295086670441,17.744921801408744,391.73637816378573,322.2230641909511,235.95013728886843
medium_roughness_0114,medium_roughness,41.59768040306346,94.77775417911396,32.023498786865375,28.298955653335558,270.359081446991,193.85028488354166,141.48043666630983
high_roughness_0074,high_roughness,45.34421026934171,82.55071146435051,37.098632788773386,13.036520584925407,413.36118771507495,359.47327138850704,100.43792076371611
high_roughness_0361,high_roughness,34.96260871451851,53.72595187996956,31.425012950148847,-0.8125016976507932,219.62188319013563,221.40631471946813,188.28710813485085
medium_roughness_0147,medium_roughness,16.838071377804855,31.5224768914958,13.025976113217245,37.45883703591388,242.07174755060572,151.39448612563547,277.45801436416804
high_roughness_0048,high_roughness,28.641508661949878,69.78836682807021,21.836921743665584,50.380202796712794,150.2532717737639,74.55536874544563,193.23125449493529
medium_roughness_0336,medium_roughness,14.73920135726609,36.02863321289868,12.42419164941134,-4.43262583309934,73.25135559253224,76.49831410362228,68.82184226885438
high_roughness_0380,high_roughness,52.83348966958762,106.81604486821088,43.7403476619091,3.402507089740411,498.25429152968525,481.30115393545185,197.64975134730338
high_roughness_0365,high_roughness,48.37671196463803,83.55261555887793,38.58799594307909,7.4534477189035915,269.0895090094835,249.03306313840727,308.2973600283265
high_roughness_0019,high_roughness,67.71451448885423,95.46372779060252,65.81730200134783,-0.22371095003875588,666.93067285266,668.4226697969985,128.3263776537031
medium_roughness_0244,medium_roughness,46.37909786513109,94.75868342691756,38.38205853199028,-0.2637245383062508,428.6730997037282,429.80361585676496,248.3093070961535
low_roughness_0366,low_roughness,45.76700830248267,82.45633967340022,37.55695298488608,23.38581074944958,431.51089895443783,330.5985767617044,180.66242164187133
high_roughness_0007,high_roughness,23.776173386899135,63.399623418168844,19.4994740663887,58.87855254922572,327.3215482624523,134.59935846380512,204.41807270348073
medium_roughness_0120,medium_roughness,35.90691822944892,61.14556148860237,29.160573332222317,-0.6380704617970182,206.49246914304612,207.81003659448322,128.44933138154448
high_roughness_0176,high_roughness,17.210547629087678,28.912909081874552,14.373797770075237,0.3065097690976685,78.63433447149359,78.39331255447352,82.57040225118399
medium_roughness_0292,medium_roughness,54.66291829310456,110.97837007614301,46.49216980626189,27.140604531750352,704.1231208431102,513.019849198463,372.32007890790703
medium_roughness_0399,medium_roughness,23.861412789308336,38.525386197835104,20.569117225277644,30.099899542674123,186.30662421181168,130.22851748270898,320.9688500985503
high_roughness_0107,high_roughness,38.30802410116563,105.09115516046379,24.766894956978703,23.23156166976635,237.79015089592593,182.54778534590844,150.8585396014154
high_roughness_0150,high_roughness,39.69684512784079,80.86132404665825,31.426777972543597,11.17165109811886,142.51950361382094,126.59772192331397,306.4758960470557
low_roughness_0007,low_roughness,11.512408871650546,20.853727459206922,9.058685622615757,58.77965333589485,198.65480104496766,81.88619765562404,349.9757339909673
low_roughness_0349,low_roughness,27.885875337586942,61.23535138196983,21.467293211975004,6.002616421572224,75.71722830539082,71.1722135251721,256.49973660707474
medium_roughness_0092,medium_roughness,32.48894795010407,74.14431904872387,26.689259678545408,-0.4408630186226948,139.26798625800336,139.88196730619543,188.29286718443035
high_roughness_0358,high_roughness,42.53468652321837,79.06793901069899,35.07508477056254,13.723492041278003,425.78175088802516,367.3496261916929,267.67483678534626
high_roughness_0043,high_roughness,28.184361714055715,64.18243214195014,22.46277087254544,43.65820761665657,389.2103333548579,219.2880779533129,140.96440647765994
low_roughness_0021,low_roughness,61.07898660471632,98.7804086289367,54.33237074190011,11.098985413941467,921.606761952609,819.3177618695906,294.7926014918834
medium_roughness_0097,medium_roughness,28.52107565279549,59.464116942641795,23.27167198726142,21.346065455866434,299.08129175508066,235.23920345079028,214.76886846870184
medium_roughness_0368,medium_roughness,17.233894137894115,41.83905106733384,14.09757081891488,59.70231963953095,213.98588360839494,86.23134739303634,135.69798078015447
medium_roughness_0354,medium_roughness,22.806747033470653,69.60916725551527,18.80706961145127,5.050852980527183,163.70460488050577,155.4361259656385,73.72781611308456
high_roughness_0342,high_roughness,38.24309774339005,91.33970546746477,30.964393880015187,30.19638989851362,323.2898146613794,225.66796172404725,250.6666519973427
high_roughness_0171,high_roughness,36.43381035662553,85.84650979295245,30.765505131630572,32.182769673691176,303.80872735864386,206.0346643842391,153.51462692171336
low_roughness_0337,low_roughness,25.26325712408639,62.1015823640484,18.647743000297393,25.62748558230457,282.55897432650806,210.14621391947455,252.74705810770394
low_roughness_0044,low_roughness,63.98901482010399,78.98676240642924,57.721553842579354,11.034865100242005,238.69962808760425,212.35944613335775,398.2889241490513
medium_roughness_0271,medium_roughness,38.78124537136708,88.85022629183129,31.967653160956978,0.09022083657470681,319.222524929947,318.9345196974203,193.5081377942115
medium_roughness_0205,medium_roughness,47.47397315560808,98.32604371010818,38.18645134618045,30.193679824521315,556.6257599320422,388.55996015735275,456.36705582402647
medium_roughness_0010,medium_roughness,68.95046532851089,83.83066060714863,65.75180300127258,-0.2902490191099701,505.5016141564447,506.96882763311885,248.231417773664
high_roughness_0398,high_roughness,47.71572378508491,99.9933747328334,34.07995902109062,23.53104634676363,447.9498891604378,342.5425931318189,327.884699241817
high_roughness_0327,high_roughness,42.381782720380244,101.9310559185261,29.96138832026798,19.256120799411683,433.4602108635031,349.99258904224234,232.298642328009
low_roughness_0117,low_roughness,64.1907164295857,114.42753222033694,52.64076770572668,0.6222901627726466,439.92403002871833,437.18642606617664,192.1889108195901
high_roughness_0269,high_roughness,27.528557642045474,40.72976459867463,24.173862609082164,26.879356422636057,237.4368641407402,173.6153631496205,308.29094462916254
medium_roughness_0115,medium_roughness,24.366418773753907,68.78093869175522,15.93690429624886,65.60039551094752,370.5373028451681,127.46336666314043,199.91847270801662
low_roughness_0273,low_roughness,44.08165342992295,69.74172879263054,40.131987127540384,-0.5748955629936097,465.5926733210446,468.2693449415906,188.3765964232385
medium_roughness_0212,medium_roughness,40.29607509311275,71.74700074889716,36.25664315109934,-0.8851848205919166,373.35022286327444,376.65506236370624,128.31434869989752
medium_roughness_0272,medium_roughness,49.0937161436359,103.21925037501217,37.987333562663785,19.192726653466252,494.45757406745884,399.55768345933103,408.8613471504301
low_roughness_0303,low_roughness,49.57518121101412,82.01878394237839,41.609970519768225,-0.24414577595828055,312.08367495230607,312.8456140621575,248.30405390709637
low_roughness_0245,low_roughness,56.19705089632607,94.04667014599323,50.11649389402486,12.022849783894658,274.7381577388385,241.70680173485837,248.26126511283218
high_roughness_0191,high_roughness,31.42113310608744,75.17628364741027,24.39748317369188,4.954166009340476,252.1986687422087,239.704328019373,193.43044402450323
medium_roughness_0328,medium_roughness,80.94826735895926,106.01696600700221,74.40966812257824,-0.3841262447663656,845.2712776278881,848.5181864447288,128.30801838487386
low_roughness_0177,low_roughness,56.82612423288182,74.3146066914738,54.90224745531823,-0.66021369432621,624.2954020974654,628.4170858351617,188.29535361751914
high_roughness_0252,high_roughness,59.35741525826515,103.4487222850911,50.252007395425565,-0.26591939892677946,148.58223549656307,148.9773444841075,188.29128668904303
medium_roughness_0125,medium_roughness,48.82767225282415,107.40384199837547,41.247269059257306,17.56831175916377,387.9072623633326,319.758505174905,153.81863934881986
low_roughness_0230,low_roughness,54.06898873452177,111.01111942031343,43.31237146710401,21.642441461265015,840.6238416476631,658.6923188096305,167.83268104344606
high_roughness_0382,high_roughness,58.906847744754096,99.61020380088654,49.98254377454273,10.654149463815312,333.20096767078917,297.70123856026436,299.88908829912543
low_roughness_0285,low_roughness,51.73439634935075,89.31945882742188,42.29013608587523,-0.31131498275040126,287.164824706663,288.0588118311638,248.34491229094564
medium_roughness_0356,medium_roughness,59.38480116089493,83.85590761000294,54.512964590809055,-0.49222210449835324,359.93234963669147,361.70401622284356,188.30887395516038
high_roughness_0059,high_roughness,59.37983122099508,95.94773830785847,51.962552620396096,20.45423937971621,426.825010126702,339.52120082288843,205.85702613890172
medium_roughness_0375,medium_roughness,47.46732868558854,102.97966643072797,34.153207570336235,-0.5276874510195312,131.8068011757752,132.50232912517004,188.27967905960978
high_roughness_0012,high_roughness,42.03562494238698,76.10017653576557,33.66241817205069,18.650380909747696,163.56343494787424,133.05823130102831,372.5242249622941
medium_roughness_0104,medium_roughness,99.03929806884217,128.53711164417564,88.2585010999317,10.016996475346355,710.8136040643608,639.6114303989514,259.51994674764575
high_roughness_0190,high_roughness,41.73258863097612,63.923675604288675,36.304397507934475,14.834525271335997,325.1474048520646,276.9133309101919,151.21090629696846
low_roughness_0041,low_roughness,41.49676804007398,91.47267128377736,30.32100153521215,29.34948889777364,383.555054798738,270.9836065737328,95.8540237866342
high_roughness_0225,high_roughness,58.52194267978395,114.59015483039302,50.31828973187908,-0.14200834760045333,241.76379092725665,242.10711569184866,188.28349620588125
low_roughness_0043,low_roughness,75.83488154976881,96.31983935657584,69.31807023236424,-0.20471769771252607,992.5256303563116,994.5575059759838,248.29720114134253
low_roughness_0036,low_roughness,45.330913412211686,67.43241153115267,38.6013476929154,11.513844356466556,195.42792651656285,172.92665922837597,368.3102179929614
low_roughness_0155,low_roughness,74.45182835181097,93.98722029745933,66.94384597242333,10.968618451569426,409.9030711335398,364.9423672396366,255.46368090324103
high_roughness_0265,high_roughness,47.54853936581901,106.82058372699785,36.562310772189484,43.47087922328338,423.5205449592454,239.41244037422024,259.42975494153796
medium_roughness_0033,medium_roughness,33.24101785438646,77.0172480856925,23.59927357849174,13.848646406157437,422.2612642498476,363.78379485371613,201.09006446413696
low_roughness_0318,low_roughness,58.15789525675299,85.58396647959847,50.02504546385536,11.017905557060327,443.75799719216764,394.8651601596322,422.21768597625197
medium_roughness_0139,medium_roughness,47.844039278909605,91.01779651222097,35.8395900774852,7.225914818563944,304.0850041214016,282.11208074756246,221.30947943218052
high_roughness_0087,high_roughness,38.60037277172744,59.53131633057725,33.99665180152139,13.420542924398918,204.7002337613353,177.22835102305038,309.3211202319711
high_roughness_0152,high_roughness,32.605182146282985,70.8045995410832,24.729814733839152,34.04905872488164,476.71212284879454,314.39613219137857,313.0148466512561
medium_roughness_0000,medium_roughness,12.627808276640378,19.637750927733883,10.762004466909257,3.2116378208999152,36.6164764516986,35.44048784529494,223.77160146273673
high_roughness_0344,high_roughness,30.783194777199967,63.7470840920587,23.25901880291157,36.685348951634744,177.31839010464032,112.26851993933204,194.1454241640866
high_roughness_0335,high_roughness,36.412493281233154,83.52789949934736,27.970812118646688,5.129847570694293,374.6517440307138,355.43268064099044,200.5700082704425
high_roughness_0098,high_roughness,32.507116066668935,78.11265727344028,25.941717235276144,9.166938083896987,175.3484781475988,159.27439172475277,225.4587225470692
high_roughness_0132,high_roughness,65.05313269853559,113.27604518436334,60.42367496858735,-0.3364772147767142,429.33390833999096,430.77851911686537,188.2841458827257
low_roughness_0153,low_roughness,95.87386877058907,132.3207076984399,83.85218768018576,9.797259279763006,604.4690857419052,545.2476821457578,262.2007352605462
high_roughness_0086,high_roughness,57.40877117074913,91.28922633585167,49.31129896532645,14.639118647807964,530.6736557662759,452.9877096659908,178.49031177945434
high_roughness_0359,high_roughness,14.066600494368702,30.19080384093096,12.492243312927268,28.08805714775734,153.25590758572784,110.20930068073443,351.95250663422047
medium_roughness_0109,medium_roughness,28.48763622817332,40.73767982227742,24.672615152358688,6.73700737955251,84.25642187512888,78.58006051565455,265.90539385341106
medium_roughness_0098,medium_roughness,32.347926998280094,57.79332733574484,26.656370806282148,-0.5487162386845033,169.70500777349167,170.63620670900562,188.30892663262784
high_roughness_0235,high_roughness,37.341490312423744,87.92479707496744,29.40030123402314,9.050181774619173,447.95071702070015,407.41036286961685,206.83358813598753
medium_roughness_0230,medium_roughness,8.599664020493345,27.095227192767766,6.874465853127139,41.72695482966316,52.687490969444156,30.702605411741335,229.36228292286395
high_roughness_0088,high_roughness,54.33256515862396,109.83794671848135,41.36104458121131,16.014771784472128,448.7867071651325,376.9145402135893,173.54089726507664
medium_roughness_0165,medium_roughness,43.55698891336991,67.00347086838892,40.72724056944328,14.68321342836945,431.58342358752145,368.2131083807019,248.2574456617236
low_roughness_0071,low_roughness,38.17078521519942,62.52329669201742,31.755721482730063,4.592640812586483,97.33638975561686,92.86607899420216,314.10750990137456
medium_roughness_0207,medium_roughness,21.82360739908686,42.21666022065117,19.313047905754694,-4.30526166078756,182.2538573261067,190.10036277087403,128.4174230068922
medium_roughness_0330,medium_roughness,15.793617491165449,27.04168213586729,13.346430720057569,44.982909035571126,155.48070561162302,85.54096123848251,166.0808668717742
medium_roughness_0250,medium_roughness,12.407080396089217,30.87760582136815,10.548975015593154,42.687204809005735,250.70757982887963,143.68752175562423,94.74559090435505
high_roughness_0046,high_roughness,41.39470157300482,60.1437310078573,37.519195652283614,16.360864695480608,429.66401009282174,359.367262756359,248.80190297625958
medium_roughness_0075,medium_roughness,35.002357577209146,98.31286059525016,26.25907328663766,24.4774213712744,462.66314510598653,349.4151375488035,257.156063426286
medium_roughness_0277,medium_roughness,44.72283719285052,63.46580546711987,39.42783983187529,11.528955300555486,335.10248607457066,296.46867024398324,368.22581325434146
low_roughness_0323,low_roughness,55.58533804235346,79.41645331592525,49.20638460777245,12.438013623121492,489.3157631485234,428.45460186802916,173.48839386664332
medium_roughness_0081,medium_roughness,24.94409947869518,55.80155704280866,19.75101897786026,8.257520285034737,299.2096051492109,274.5023113092425,263.9404587633908
low_roughness_0342,low_roughness,38.136245850367295,50.816521318456466,34.57498577705203,14.340835981452937,302.6295990486916,259.2299846177901,427.11097683273255
high_roughness_0010,high_roughness,22.34274604911953,52.61654881539445,16.821699891337527,60.726812245975154,231.40645027101664,90.88068968986052,152.55194958373903
high_roughness_0072,high_roughness,54.4680230713564,103.2335222280346,46.71873839553289,-0.12021837955691926,207.00722375597712,207.25608448594232,188.2929502751678
low_roughness_0351,low_roughness,41.61872097069964,61.97992007217605,36.44382715872344,11.071238110319056,206.3892564661526,183.53941044866778,230.05189354605972
high_roughness_0109,high_roughness,19.379706223063234,89.97747296477957,14.746503519181772,1.30545856342066,127.65712320938853,125.9906123626351,158.1229827631265
medium_roughness_0396,medium_roughness,45.98955502429004,60.2903838789758,41.20996462773403,18.972013030727407,386.655552423284,313.2992106335075,255.4970363561064
high_roughness_0155,high_roughness,19.762379050021234,32.433893245602206,17.209707101565137,8.027681358998,158.86232475120204,146.10936352067893,273.3169996000826
low_roughness_0064,low_roughness,23.428177932204687,44.937017042294165,18.70790716743983,22.679923225824982,309.5712693875234,239.36074316122125,87.1174949452281
high_roughness_0023,high_roughness,50.19427219083916,78.00067417377957,43.236313127413304,27.13931331422518,499.79277087401937,364.1524448646717,243.87590935640037
low_roughness_0083,low_roughness,64.68319413003135,87.49235654441436,57.62745369634204,15.76912140952876,662.1319896289117,557.7195922930002,401.68242766596376
low_roughness_0003,low_roughness,12.630717553602402,23.007049759023857,10.236921180913455,45.97728758491197,187.6713218022954,101.38513846284845,378.5371605351567
medium_roughness_0262,medium_roughness,17.30969621207306,68.07209035345707,14.184007356224106,53.684202464648784,203.1328053662681,94.08257886131977,233.68791921660304
medium_roughness_0045,medium_roughness,37.871449291175175,90.7850160494776,32.066850623883795,-0.9138788912815236,148.97506724983054,150.3365189426992,68.37568674907088
medium_roughness_0288,medium_roughness,22.127306666589842,52.80785697040796,16.769410880356396,31.75056128900953,291.8875770037595,199.21163297217595,196.8417015828192
low_roughness_0304,low_roughness,16.718385288157663,54.818174542099314,13.5801785001135,13.682623430212017,111.8295190982765,96.5283071162423,196.885100761801
medium_roughness_0327,medium_roughness,57.73540216885271,103.70215711913822,46.39564272444976,13.065495523771837,464.0545719981662,403.4235426658872,290.1321448393166
low_roughness_0237,low_roughness,77.9143316926759,101.65898128853887,68.6233288346647,11.687375947186235,570.8463445842008,504.12938621187504,381.1618919480592
high_roughness_0278,high_roughness,30.510119803224736,66.61871286141672,23.646770043264148,43.252117479541106,175.81811421218248,99.77305690281555,249.09980237782003
high_roughness_0057,high_roughness,39.24834771904554,47.62036311418668,37.29772776415114,4.344807013871394,142.5465268068018,136.35315531206982,170.31660354547202
low_roughness_0173,low_roughness,21.073164286239436,44.54620871383816,15.30400725989188,29.851362020302883,165.50782299428317,116.1014835803376,211.77203571423888
medium_roughness_0063,medium_roughness,14.120844053063418,48.2149615779342,8.119218021437598,71.54520104308881,188.93996801045444,53.76248804662712,200.26031276285647
low_roughness_0014,low_roughness,49.04234491528352,70.0166552119346,44.30646947866627,24.938243651873893,469.1419283429051,352.1461711796518,410.2790027603507
high_roughness_0291,high_roughness,42.044602905323416,74.05462856546389,37.3248476634021,12.547374252480566,421.32878103324026,368.46308204358525,85.0634894542396
medium_roughness_0066,medium_roughness,12.168984153822262,41.98423575145327,7.235538733092545,51.96795374738627,195.27842288771288,93.7962224028009,309.6078594312072
medium_roughness_0034,medium_roughness,28.928843264302348,72.60178399309031,21.65005618270436,17.015324226433787,395.3395082692529,328.0712091420505,260.3895211517811
high_roughness_0140,high_roughness,18.152709465791755,41.97810525580815,14.7122633433081,-5.034653244360937,149.33781226998218,156.85645328049048,188.5512647151947
high_roughness_0341,high_roughness,30.618087442268624,48.190734119696984,27.679187502932393,-2.736194152210461,353.29404563384645,362.9608566505875,188.3701897069812
high_roughness_0121,high_roughness,71.05032880931462,107.31249450674129,59.507024525894124,-0.37502260028576145,362.29033627876146,363.6490069184581,188.32075248621405
low_roughness_0120,low_roughness,100.36032032446424,127.54959358255317,88.96033426130013,10.82950184642625,807.2111514059527,719.7942048598865,257.475062822178
low_roughness_0091,low_roughness,7.590330529748597,12.010049992096892,7.016793906617477,-17.26466211240695,31.467568942119577,36.90033839496523,128.66470340341328
high_roughness_0336,high_roughness,36.55649397273626,90.40285301811265,29.124691383909056,31.548909311259365,440.9261963312856,301.8187905211429,347.68900873549285
low_roughness_0218,low_roughness,56.97709147993793,101.75381517580911,53.15663194042818,-0.381518022482036,257.2253370784596,258.20669809780406,68.35050751008093
low_roughness_0322,low_roughness,29.98813293127133,75.36784711032057,22.376548102773786,4.242909979917772,382.7291221111251,366.4902699930205,336.48217604979874
high_roughness_0081,high_roughness,28.226377505021155,58.45544452409332,24.530047122825174,32.50089372168176,283.43379056609115,191.3152755228718,307.8526370920241
high_roughness_0378,high_roughness,38.071664200782294,85.76427125688791,31.964378216160206,46.58343980943463,222.8393746293819,119.03312867718324,149.81848408356308
medium_roughness_0215,medium_roughness,55.36449785934391,103.65299675909908,44.82316297651303,12.506198851018784,642.8916737289278,562.4903626157452,343.75187928639355
low_roughness_0248,low_roughness,73.54245204096178,112.30135722406538,62.69321932843926,2.4167920409330765,365.01994425937204,356.1981712986932,275.9522041711956
high_roughness_0249,high_roughness,62.02271835739238,76.39424878807708,57.07120785071,12.85876356548676,538.6176250220475,469.35805809842236,388.6527044083923
low_roughness_0373,low_roughness,62.833979772045986,106.07404517586397,53.750875167373806,2.680909482233897,236.0550541458474,229.72663181595902,237.6400880921632
high_roughness_0129,high_roughness,44.17609447862148,71.92883885436753,37.844361193148146,-0.2669254258633766,170.3933616865765,170.84818489290132,188.28799998909236
low_roughness_0134,low_roughness,22.32919066782856,46.65760316741154,17.168961588253005,20.50586522369307,231.41867023092834,183.96426961091146,160.8895132970065
medium_roughness_0186,medium_roughness,41.29433485028009,108.54140657424921,38.060585848270975,20.158304262190065,348.5585242362354,278.2950363888956,333.0874706592411
high_roughness_0131,high_roughness,47.22890076177522,78.5545433726812,42.38073165767482,24.354863562622796,556.8683135251746,421.24379554263976,329.9841698922217
low_roughness_0057,low_roughness,60.860649921974606,81.32666281170751,54.619865494676425,-0.21017605596739422,270.6976492559468,271.2665908987494,248.31853665523232
medium_roughness_0303,medium_roughness,6.435546920510633,11.111412280341241,5.347110825848041,78.76574102940059,232.91000463127781,49.45671355184062,232.1046889655292
low_roughness_0302,low_roughness,70.62960450021225,98.37216297529861,64.28533351121209,6.3481448830110185,511.97364267194325,479.4728140722992,330.09406688436866
low_roughness_0144,low_roughness,43.679841089616026,72.7435624485027,35.89895795060808,26.450302816686172,314.5098994354136,231.32107864629157,399.33064293526115
low_roughness_0385,low_roughness,52.1263676989845,92.1237763854368,46.47025201817028,20.765329671045254,802.5044671643241,635.8617689327871,371.7225266225636
medium_roughness_0365,medium_roughness,12.759321068932861,21.992779333534305,11.292189692745193,36.746011006540094,154.0855218188872,97.46523901183417,368.6344778008759
medium_roughness_0018,medium_roughness,34.13149039374275,54.201287905631204,30.02356410643233,22.870733328036376,368.5494295242536,284.2594723157622,188.32940693609416
high_roughness_0044,high_roughness,57.351419752806024,86.16796422794542,50.21666907148388,-0.29460891012123314,645.2597002735474,647.1606928439749,308.3222661871463
medium_roughness_0100,medium_roughness,88.61502945581738,114.30524353850343,79.63602811769064,15.392627612537234,534.5239857211611,452.2466990994111,249.33500740788878
high_roughness_0394,high_roughness,27.71374025638375,41.56369379965138,25.281335493419146,20.25187630197753,214.13348838620243,170.7674391971193,405.8244579795748
low_roughness_0288,low_roughness,50.42688313453424,74.05814515369767,43.39100072666933,9.720741873287297,432.3720259773179,390.3422573997601,150.01815221495926
medium_roughness_0102,medium_roughness,19.228698852484836,32.08470361158754,17.740401621810385,38.10041402498148,265.2851564969883,164.2104135248157,371.74934080913664
medium_roughness_0132,medium_roughness,22.600709216876183,57.40114831540403,16.598594234635584,35.42634461081094,189.02762819017775,122.06204921788297,201.14427167922258
low_roughness_0172,low_roughness,46.38500653285474,101.84525474952456,36.74585405082253,-0.7938162065885818,208.44650519696987,210.10118733729092,128.3304615419358
medium_roughness_0040,medium_roughness,41.333122693660975,88.78372322481069,30.45720835379553,30.38739635592103,491.5871671855474,342.20662625803095,213.39713161699473
medium_roughness_0301,medium_roughness,16.519128904777933,33.85122788185375,12.463279563286005,11.767656473335176,69.64801250027656,61.45207364873848,254.54521739706396
low_roughness_0180,low_roughness,39.138891794289925,76.85886785487912,31.017108448421503,9.151648408995875,422.4598197457168,383.79778237331107,148.39600388854743
medium_roughness_0209,medium_roughness,36.184133128753075,80.58081048414866,29.791742742004867,-1.2894989336834475,109.27726004992961,110.68638915303194,128.3365253929049
high_roughness_0029,high_roughness,33.73450654313527,65.22576621319816,26.132623976966027,20.09824939571424,184.18618581029966,147.167986833692,370.3630833208561
high_roughness_0349,high_roughness,33.97146080280617,62.50657703495506,27.8613748284311,-1.8136043078021553,201.27782632168208,204.92820965050265,188.42012205645443
high_roughness_0290,high_roughness,57.77482992112041,113.54160558871686,38.1638512794704,13.520368104408853,308.467463279069,266.7615267614067,292.6324118565768
low_roughness_0320,low_roughness,16.63101628089352,52.59190392567253,9.342794370869324,68.27561105561458,117.28015710029675,37.20641319308439,135.81434856317938
medium_roughness_0143,medium_roughness,20.01541623710877,41.084563289475525,16.001743408823465,10.306985363727845,136.7551467554025,122.65981379517864,272.13611708246174
high_roughness_0292,high_roughness,13.414087430027127,22.26276345920125,11.05095748344517,35.08832036971835,100.83464158126442,65.45345949957313,107.61957158371806
high_roughness_0294,high_roughness,54.97248188473064,111.78624875611791,49.74787902489455,-0.6811320002444269,673.8913990908072,678.4814890569096,128.31821353919804
high_roughness_0180,high_roughness,53.7800552164171,101.1549651995106,39.58426849846362,7.645752697078161,188.0470926961098,173.6694770345199,207.1484327442944
high_roughness_0373,high_roughness,16.101330260759063,53.62662980210027,13.571193319403903,61.926688531262684,303.64484269145197,115.60764671667398,212.91337627582251
medium_roughness_0025,medium_roughness,84.15416373212156,110.64717465652369,76.7064959212495,17.756463980771525,1528.2968442751185,1256.9253656021392,245.90870744623243
low_roughness_0240,low_roughness,38.80037090870723,60.28127898257042,32.11309172295274,3.1521556294963764,240.18496348021725,232.61395963267177,194.3385727070272
low_roughness_0077,low_roughness,64.09207758884403,83.8491791212333,58.51291971680721,16.640657555793783,391.28987571553796,326.1766674472242,371.81396360769867
low_roughness_0329,low_roughness,48.59873782645015,80.37646115422504,39.77082619943642,0.5109101718816581,355.678238809827,353.86104250857807,90.32195451930166
low_roughness_0216,low_roughness,19.79202197582398,33.95183350538957,15.721696116541704,16.33694213588716,197.39621719224908,165.1477114111212,196.94500999078156
high_roughness_0103,high_roughness,41.76239432053892,69.60839543304462,36.145614230965165,13.988613092697124,389.9036378283346,335.3615264981778,196.85565626434982
medium_roughness_0191,medium_roughness,60.05486610330649,104.6269859418791,50.40616122164046,15.391047738982156,547.6357336353601,463.3488564358167,368.00643901079894
medium_roughness_0103,medium_roughness,11.222675182621186,21.69764570539978,9.51436470877796,51.51851086841306,108.64624375514538,52.673316858028265,299.67006070688365
high_roughness_0040,high_roughness,73.5070165392752,101.47624238453805,63.76963563177843,10.813615576391172,1070.2521642308977,954.5192094929617,219.38198429718614
low_roughness_0257,low_roughness,12.743461217054803,34.92918703053692,8.691833164469168,58.07679558026612,271.89224921752816,113.98594344087661,133.2803608521819
high_roughness_0073,high_roughness,31.828248909734555,64.84480951152793,26.087926875423005,34.94939337081233,380.53189584769893,247.53830666647676,198.3866488289088
low_roughness_0210,low_roughness,7.700399380690252,17.217300195491383,6.122103897018713,56.60427008184379,91.21769706181405,39.58458545450674,229.46101752445102
low_roughness_0331,low_roughness,57.174301849186094,76.02299510335126,53.72318562968586,5.251341751018301,779.7980524724651,738.8481917693509,292.86855552084745
low_roughness_0389,low_roughness,44.38222795419501,85.19845446128986,32.98488172539335,25.674610648513926,393.794160727042,292.68904320379085,266.4433017358184
low_roughness_0108,low_roughness,19.126338358488034,45.482990335119126,14.810816386610913,15.002305546806669,226.69408535998664,192.68474601774273,279.4763083808124
high_roughness_0293,high_roughness,17.206949175691904,37.36409098262587,14.311080979387862,44.251293056293086,127.584374803562,71.12663921519842,302.7405119843781
high_roughness_0208,high_roughness,36.899798020992755,65.15628573808571,29.89174235414034,-0.7429899816371418,244.16673212717433,245.98086648537003,128.33182476758958
medium_roughness_0346,medium_roughness,14.547672628306959,29.480948476938593,11.362320195520406,44.57880212999404,123.42979007075053,68.40626818564363,107.08653357997537
high_roughness_0325,high_roughness,39.04528170323331,72.37477061608399,34.04232321405682,-0.6053806500456624,321.3586626638407,323.3041058248531,188.35667607858778
high_roughness_0240,high_roughness,25.49430127636126,65.0194466627836,17.157824305832676,33.466773937552986,408.55011325735944,271.8215704319023,220.51137729436158
medium_roughness_0138,medium_roughness,48.047587134732275,89.28101374793009,43.547530527608444,24.41184057446128,451.58854288578755,341.3474677439764,116.58738579824566
low_roughness_0377,low_roughness,49.49604653677596,79.89192195491206,41.29139780737272,15.343383335768031,321.9945811555749,272.58971824847436,434.56531871035696
low_roughness_0166,low_roughness,34.44277789372876,62.644212691132104,27.994165880797812,-0.7364796720226839,254.27579203435653,256.14848155356424,195.1045753069222
medium_roughness_0255,medium_roughness,34.418511305891684,83.7051077142023,31.099892336956124,-0.8883407400879793,288.827703350568,291.39347750809156,68.45142645575106
high_roughness_0170,high_roughness,45.41399179409279,75.08815900117794,37.91884504123168,22.232473072794715,240.8322603091591,187.28929288532242,433.1250108230859
high_roughness_0167,high_roughness,45.55423602029838,106.49584103120705,33.2253346830381,14.14409838500183,347.5437439468931,298.3868148721257,169.86897397376597
low_roughness_0000,low_roughness,4.591503365796584,9.980021623650078,3.7983802740424624,84.55836476356366,269.2153503306954,41.57125239856019,311.7319028273225
high_roughness_0347,high_roughness,28.531952844232784,130.3730047906925,21.07955561127354,32.90457314185477,250.73694995727837,168.2330268649299,381.70417019501326
medium_roughness_0064,medium_roughness,55.417801690992185,82.75541402224268,50.29068482892342,-0.3306798543080532,184.97080356674462,185.58246475049157,248.26610447578133
low_roughness_0129,low_roughness,43.666355897126195,77.15969643020922,36.61483184001067,-0.7895033485758765,276.5511574497236,278.7345380983145,68.43179169669747
high_roughness_0197,high_roughness,51.804338739901645,105.64229644135787,43.01545039524784,-0.4335841555330123,459.68721909527676,461.6803500422842,188.31734364442528
medium_roughness_0030,medium_roughness,76.03959850402217,107.33462164418333,68.922114501854,7.008215789589617,337.5942537093292,313.9349199161248,308.07714699432256
medium_roughness_0067,medium_roughness,56.268147985468154,129.6362944853101,40.73451507183316,34.1546859341881,605.1562208033146,398.4670141767406,230.82900111861528
high_roughness_0276,high_roughness,49.04757661093725,99.612318981495,41.43328236344121,-0.7961981383408974,552.6036448935785,557.0034648266251,188.34779941774906
low_roughness_0114,low_roughness,24.49220811919403,37.58509355893651,22.025998740996982,29.26425248453937,190.11345253429658,134.47817177758512,396.07688287608323
low_roughness_0035,low_roughness,36.96244090558954,57.18783481408539,32.73123184570369,1.5221613666886296,146.6373232199956,144.4052665367945,271.87608842514453
high_roughness_0054,high_roughness,4.767703844394149,8.939564563129252,4.0096760785899,79.14204557974664,105.7942865316308,22.0665240639998,94.54081938192249
medium_roughness_0188,medium_roughness,9.224171749299641,16.54950078033204,7.656907263354879,68.72741943265095,199.2781747594904,62.31942775480429,350.9062372796237
low_roughness_0306,low_roughness,64.55443776053067,89.6322149866837,55.96206671240037,16.0162426295487,432.50711714189526,363.2357278703829,256.70930515937505
low_roughness_0201,low_roughness,37.26270775678851,55.272734970060576,35.10377569670731,-0.7701170748597168,183.6241026498672,185.03822321793177,188.34191387295724
high_roughness_0331,high_roughness,40.25071729251277,86.75110845932444,33.274080197440774,3.393208712979611,269.98045080307463,260.81945062308307,269.9831662379205
high_roughness_0396,high_roughness,51.20353482467986,110.03846837035147,41.48957703284718,1.3354543132528085,504.4794240189542,497.74233179142016,195.4957150671631
high_roughness_0151,high_roughness,49.2037532217987,81.37090455924213,43.72421129519894,-1.0015322798944921,445.1116906831447,449.5696279469205,68.35523680858314
high_roughness_0266,high_roughness,9.081665717607143,15.528513160690846,7.529628498470077,46.107938449834855,72.13631905253112,38.87574946381358,390.75529873743653
medium_roughness_0373,medium_roughness,26.11176338787486,62.704262263402,21.707478633341633,24.549182622695078,242.791861793904,183.18844424907707,104.64249993488193
low_roughness_0250,low_roughness,33.93394874080447,93.15090052173048,22.506681091290645,43.91656192978432,337.0403853954662,189.02383581488255,145.6481294102967
medium_roughness_0335,medium_roughness,46.13339915344401,84.3483556489018,39.10102332853154,-5.768900423374842e-05,562.9826234916162,562.9829482706857,253.89818950891495
medium_roughness_0219,medium_roughness,14.374686830606686,21.860805022778447,13.079301828656094,23.145009503194817,140.61073167489525,108.06636446622898,331.505998891592
medium_roughness_0105,medium_roughness,106.90541546869635,140.60360073017455,97.68885256321373,4.541716254731007,366.7774144135693,350.11942496446613,443.8092438403517
low_roughness_0022,low_roughness,67.63667313602562,88.29161376066855,59.84296634012046,15.455484222470572,298.1793591381762,252.09429533191152,332.13416237346826
high_roughness_0101,high_roughness,57.364297629523556,112.65587934432061,49.54577388564527,-0.6745357642754324,289.99728876424155,291.95342419238546,188.30628805831074
medium_roughness_0167,medium_roughness,52.6590746499691,105.19459627422785,44.0814927585011,-0.8104073713342055,570.4565131441078,575.0795347768837,188.26644478179514
low_roughness_0065,low_roughness,65.09658646290696,105.31824440839364,55.23616101142022,15.761377689840327,780.8666707906989,657.7913255532948,249.83852641135454
medium_roughness_0347,medium_roughness,28.664241922059375,51.52939879377166,23.025016537475913,-2.3126201540163955,194.7629422310505,199.26706928564107,188.4112909682095
medium_roughness_0381,medium_roughness,70.09558800199918,99.50652559342903,60.37636583787197,2.3378872670050166,479.4015478842898,468.19368013847804,129.5730035044253
high_roughness_0254,high_roughness,12.936611831340004,22.912075753988148,10.664939268777555,56.32568455582561,128.02985408368244,55.916162335223646,279.89657875448466
low_roughness_0300,low_roughness,53.557066077223816,100.38609639362684,43.07255778596219,3.6285570311312827,587.220949357725,565.9133023115294,368.4431094042957
high_roughness_0008,high_roughness,68.11586267061358,103.77522650781953,57.53799503063558,-0.05196221348525207,447.11239540738126,447.34472490480186,130.65437053404747
low_roughness_0241,low_roughness,58.49903944189979,75.05944159861531,52.522593028619454,17.160533910082947,456.9253354334676,378.51450830264713,430.58144752532246
medium_roughness_0153,medium_roughness,18.909471748289427,71.3034040665517,13.905162784931681,71.15881458336625,280.31338865080994,80.84570416842928,141.18350436463953
low_roughness_0074,low_roughness,92.02159198772641,123.52790267459284,80.99137900136743,13.325027732146483,584.5685655785686,506.67464210181345,253.76179789714516
high_roughness_0393,high_roughness,17.974433169779413,30.112088691931326,14.981776066375653,55.91891022065474,178.43688985976087,78.6569256185526,382.8917698562145
medium_roughness_0003,medium_roughness,51.44517017240165,102.11589500494867,38.02360011046803,12.013779390740034,441.48570788052825,388.4465888941146,296.2999828759581
low_roughness_0105,low_roughness,51.35795637352467,85.15337344811915,45.69638670113177,-0.6180275201993052,588.4067407152193,592.0432563035471,127.56075148880481
low_roughness_0211,low_roughness,28.911604561846087,57.55383593914475,24.080517150467767,17.728387239061878,202.87872298133152,166.91159734553744,133.53557317405938
low_roughness_0126,low_roughness,38.73584288813669,63.7287654036015,34.14110482959126,11.433950338267625,285.89218317560164,253.20341293031424,155.76284210570157
high_roughness_0312,high_roughness,62.59168343246683,110.5725778920186,55.21611894462412,7.033485850396331,674.4778577207052,627.0385530338631,298.66329185776414
medium_roughness_0174,medium_roughness,29.788057769782892,59.46723656879263,23.31285389012845,11.190876838855099,403.2710191847631,358.14145610100053,133.25597142279148
medium_roughness_0294,medium_roughness,31.359216951569692,65.63932071789226,17.34845965981097,33.38751138401829,107.86416515783372,71.8510047364857,201.75341033674778
medium_roughness_0135,medium_roughness,14.232874351768494,36.78874933462198,10.867139154148587,61.557705241060575,128.23277353767713,49.29562078091712,196.1217483755201
high_roughness_0383,high_roughness,37.267909449656976,96.54966925708476,28.840337502581868,-0.34642436435153395,248.70473840314682,249.56631221227207,193.96437165960668
high_roughness_0211,high_roughness,31.823500984478564,90.76311856918016,26.416820463098542,19.20116204786507,294.01145053807215,237.55783548097827,251.21536086425186
low_roughness_0018,low_roughness,60.75381815262002,74.55678788918414,57.98486328607642,-0.34932885016443943,347.1674714671395,348.3802276033606,8.654351088404656
low_roughness_0013,low_roughness,33.042778863760965,49.851071602101754,25.89016035875502,22.297802188574526,119.49290839156421,92.84861604903865,441.94430032484235
high_roughness_0370,high_roughness,36.39651725478152,88.9059137281852,26.21964808809065,16.745707299156376,302.7146447224426,252.02293636554123,258.1174586825073
high_roughness_0283,high_roughness,25.624457840164276,112.51591988871431,18.086230858238007,24.024429293515073,167.8958246921279,127.5598110022036,197.88242529779671
low_roughness_0053,low_roughness,12.639651739264512,22.08507834009049,10.403945989444187,49.59732602711484,127.62327682752854,64.3255441328919,178.97387949675323
low_roughness_0024,low_roughness,81.46286858942707,102.50960962136054,77.7323393350176,-0.2898924827072506,571.6790041396732,573.3362585978898,68.31815573647619
low_roughness_0023,low_roughness,31.704235413895603,49.302302933115605,29.548864947679164,-1.894988824909448,301.02775165677605,306.7321939105481,188.26335586532952
high_roughness_0123,high_roughness,20.272215555178633,52.23684769415837,14.770425451414471,58.79076580290736,297.6595997172235,122.66324155759914,148.81547109410167
high_roughness_0306,high_roughness,72.54881366498944,94.50693368584994,64.01654942741138,12.476165908144552,385.50797575339004,337.41136110926743,262.5836648255587
low_roughness_0087,low_roughness,30.768199880213448,45.53579876580143,26.827841142386383,9.29037722735052,140.912537727848,127.82123141229829,300.5156721848995
high_roughness_0096,high_roughness,34.44069121510683,73.22820340782732,24.83260704182367,19.99674404389015,209.18385232817718,167.35389279696244,277.85518705807624
medium_roughness_0247,medium_roughness,66.1828835921683,107.34914121907502,62.47329479687814,-0.44527399530915895,907.0814863093051,911.1204842841042,128.30997253395617
medium_roughness_0014,medium_roughness,42.55514265643005,98.73525355334138,37.22033128746244,-0.682398832103033,253.50739959316826,255.2373311272868,188.40961168147624
high_roughness_0313,high_roughness,42.44995922713957,81.09139307313266,37.61056405267038,-0.48179820746866847,326.04567226241073,327.6165544669002,188.30029249154032
medium_roughness_0326,medium_roughness,66.76949893704683,95.57105111718742,63.8929306718515,-0.19887192490614403,596.2185691175937,597.4042804626457,68.40476770028472
low_roughness_0277,low_roughness,31.441886866258642,107.65259023855984,21.933613922231206,-3.5461353492486376,201.8979234645726,209.05749709794878,128.39238103702664
high_roughness_0053,high_roughness,16.218008481896746,23.16530847289351,14.793841100943666,25.996415799954384,186.25706251249107,137.83690208496293,170.58559107743204
low_roughness_0179,low_roughness,74.72024484669174,97.21181593654916,65.90866961213733,14.347515896167238,556.0864704825289,476.3018757336127,437.9051563926041
medium_roughness_0013,medium_roughness,59.439497011539714,83.16471578222415,52.1007555542692,-0.5061290898979742,588.6978062279228,591.6773770768335,128.6858147367835
high_roughness_0255,high_roughness,52.99537352911293,118.46302421822698,40.552568317779695,25.09063725264776,585.052053312601,438.25876487676885,189.8742056377232
low_roughness_0111,low_roughness,74.11685538763288,93.5186491069253,66.9581409015896,15.363100004052074,689.4612398549591,583.5386200868644,254.52207503952087
medium_roughness_0172,medium_roughness,5.605719838309257,37.00259963227284,2.688623241522678,95.1809387544182,482.6398216015183,23.258708598543954,323.92930375933645
low_roughness_0239,low_roughness,39.35948225217932,88.00370722414434,28.753079904807624,23.32461863385323,257.21335749102906,197.21932278091697,368.19507198631766
medium_roughness_0011,medium_roughness,27.961336801106384,55.26764830796815,24.447566796305658,17.002780001587205,173.83753988523245,144.28032541837496,159.2467321354896
high_roughness_0067,high_roughness,64.43111766637374,106.04895775090017,55.96193514281799,0.15585182804549136,491.8504140349662,491.0838561734434,204.0818340819329
medium_roughness_0001,medium_roughness,84.95911338235241,110.20041438620555,72.63621455436132,-0.17308700579722452,1066.7541179344553,1068.6005306964066,68.32603214904665
high_roughness_0368,high_roughness,36.803649264432444,83.60651817258862,27.87936934799444,-0.171278417965492,325.2287628579418,325.7858095377336,208.2143255673349
low_roughness_0380,low_roughness,21.27735041677372,45.57008474935154,17.79674534706182,62.536993965606456,571.2315436733406,214.00050767670297,205.1456638403237
low_roughness_0347,low_roughness,58.995570559370904,94.52829039105286,54.578459611966096,-0.48322121972763077,616.1774455144881,619.1549456823898,128.30447459630668
low_roughness_0149,low_roughness,44.69805782179319,63.630532549330994,39.4854151234681,21.731630029975946,333.374464492827,260.9267592548323,414.5352474536747
medium_roughness_0235,medium_roughness,54.31127352039987,112.05857723704975,44.084348037750175,-0.5529775393577648,393.5239238903435,395.70002280145644,128.45945387668908
medium_roughness_0123,medium_roughness,44.02085132218961,94.25344523510343,35.05896776852675,5.463188052691305,555.8522412272744,525.484987993929,380.87048352621497
high_roughness_0179,high_roughness,52.06737638129104,69.70608075043184,46.26781837502559,16.829209157850023,544.5609046637687,452.9156110260228,436.050890763849
low_roughness_0259,low_roughness,70.03119725820585,100.74432506703351,58.74228172185781,15.995606814676979,704.4397828156269,591.7603649102748,184.9684809383005
high_roughness_0042,high_roughness,63.94102117812435,100.83074143682659,56.44116293607268,-0.3619347882895842,470.36107110867545,472.06347145558925,128.3610638357699
high_roughness_0203,high_roughness,52.23941183228623,100.08191339814269,42.52519638761997,1.2342773979142803,343.52419583405833,339.28415432851176,193.7133082266897
low_roughness_0394,low_roughness,36.27244562507918,92.22816658152841,27.069264547006533,47.29582494676954,214.07626838861142,112.82713123895724,273.6012109279633
medium_roughness_0110,medium_roughness,61.04787759746928,91.85800590188384,53.05569369617052,11.87415456308878,372.6447082041649,328.39629958083117,368.2011224851012
high_roughness_0195,high_roughness,28.290430684874305,64.2160634693644,20.13034538128787,21.554820667198758,115.99235497919256,90.99041087576701,268.360259648785
low_roughness_0032,low_roughness,43.71113633669438,85.75788744030935,39.69698684512489,-0.37180245094283465,218.80405086323975,219.61756968711148,188.28295526951553
high_roughness_0353,high_roughness,49.6252960931261,115.54722715190759,37.33466065650382,1.9486391807767136,389.15288844106806,381.5697027837811,309.6621267247945
medium_roughness_0252,medium_roughness,44.82276825200674,79.23948527689987,39.876721768575806,-0.5213370945647691,423.04618178292685,425.25167845570115,128.3811944629997
medium_roughness_0245,medium_roughness,55.95452153966728,86.6173900618189,47.70493082013885,-0.5609952096389694,190.33992994629682,191.40772783532572,248.25117142498493
medium_roughness_0249,medium_roughness,36.84508772632069,48.396992955657666,33.798776357721344,20.93142016761459,281.31894084076396,222.43489132230053,380.40829867497087
medium_roughness_0283,medium_roughness,68.02808583414264,129.8459733978989,53.64309418805518,20.816711359070858,504.7372799337199,399.66757724829193,307.6388990454376
low_roughness_0292,low_roughness,47.14390923450084,76.00688795448228,45.520975120976274,-0.4655340519768959,325.1531794318105,326.6668782031511,188.28896481618284
low_roughness_0392,low_roughness,38.48119623242775,96.06037347851205,29.96156491542128,31.258716811209457,209.89804740744,144.28661117609016,195.22715659067035
low_roughness_0128,low_roughness,56.545666543161346,130.1316621297648,51.92186094817107,14.991910597254556,912.2261603957148,775.4660299844213,311.9762173645198
high_roughness_0321,high_roughness,34.161078367699695,88.68862696257473,25.19570676874182,17.18253349565723,287.30667609542434,237.94011024006863,187.8966893531382
low_roughness_0236,low_roughness,55.00133838577366,79.52542960144804,47.09979892284839,10.64572837085347,386.3046479522229,345.1797044472475,389.62127675525846
low_roughness_0009,low_roughness,3.8882925514450997,7.84869691365536,3.0648491025281768,85.60651834726852,199.83693480724622,28.763492546861986,162.07264359891414
medium_roughness_0290,medium_roughness,85.56211665461703,111.02361939820749,84.83857513786977,2.65430023164378,532.8499003033023,518.7064641652381,368.24676808491347
high_roughness_0298,high_roughness,15.243455086098443,27.13437410482308,12.608112045261489,53.219918962759316,84.09025700453941,39.337490371147496,213.9927680566907
medium_roughness_0008,medium_roughness,22.677821076060265,38.157167646694134,19.868757036735445,47.33014864844773,163.10847536362834,85.9089915158063,257.6203220665455
low_roughness_0370,low_roughness,16.084104161677526,38.97430293878816,12.00723471763896,38.15282507185689,222.4561205351851,137.58282600575683,242.26929793804885
medium_roughness_0074,medium_roughness,64.99011304204927,98.26736761243806,58.53125577636149,5.375335049956724,619.4528843149674,586.1552163064171,160.56512179225683
low_roughness_0229,low_roughness,6.002884374573366,10.630238370218606,4.995673277372534,67.84178381185251,136.01683745946562,43.740588642496135,268.23622170686724
medium_roughness_0385,medium_roughness,9.855751616821259,16.98176112145999,8.349113756399518,54.43059581923187,228.06900997485195,103.92968896651666,107.64702188000084
high_roughness_0115,high_roughness,40.26701943164565,60.88675284361206,35.646639778240946,15.908604068027515,323.6904378062958,272.19580764962734,319.042392334342
low_roughness_0283,low_roughness,17.456007697633552,43.991086766481274,13.222883823138574,63.28553561015925,352.12271183933217,129.27996764679318,84.79479759633541
low_roughness_0164,low_roughness,28.180197448433706,55.61281603253641,24.008590711826425,-2.475111122899319,161.32260138935794,165.31551504009647,128.51193945221604
medium_roughness_0325,medium_roughness,80.27398344314588,107.59662443423075,70.44920812883026,16.088619100574924,401.50827640922137,336.9111391604582,433.1151732943952
high_roughness_0111,high_roughness,37.222817285699946,60.24811322938521,31.74438135123948,32.63867201486717,247.2281721848286,166.53617993707132,408.06265141032634
low_roughness_0372,low_roughness,31.717131689933776,75.27890505636674,22.681205303937226,11.58036481405516,201.0153282189123,177.73701987899187,194.87787808068097
low_roughness_0396,low_roughness,61.95189605672307,105.66213650912118,52.59767265942753,-0.38080373337423806,358.12318553328066,359.48693199387014,128.29338680915535
low_roughness_0284,low_roughness,51.03603954451591,102.71390616234183,38.24310524240057,20.55892450022852,476.3038114943265,378.38087049749714,368.10361743494866
low_roughness_0067,low_roughness,43.09134665163727,78.67873955105237,38.14048360892853,-1.3472014584562753,276.79292338874916,280.52188168954615,68.36476205512881
low_roughness_0234,low_roughness,18.73972102489039,53.89865807839624,12.437568236759015,64.18558446941873,299.11869044021614,107.12761072389208,219.2851888999343
medium_roughness_0202,medium_roughness,25.00697815625203,46.520426975597346,19.54949905352754,-1.126348431094764,107.70290430662874,108.91601427952995,188.3458091020584
high_roughness_0157,high_roughness,61.9040004771392,101.80653742276792,56.05569031411869,10.694515909814063,703.5502186181063,628.3089285544613,178.76097888499498
high_roughness_0025,high_roughness,37.59762789649656,59.37868480841489,32.619156766233885,24.02259907162308,400.4173250749062,304.2266764588438,353.9430003657937
high_roughness_0154,high_roughness,19.730133323125497,38.068862050183625,16.472914454727107,-2.9791686289908634,116.36661063658683,119.83336819529197,128.64968528673052
medium_roughness_0329,medium_roughness,57.98679321078896,96.01400496391449,51.366116869874894,-0.20929645337390307,147.01014015438338,147.3178271638265,128.29650993458927
high_roughness_0130,high_roughness,43.2818334504982,63.270213674533295,39.221400121119856,25.985852449609077,519.189572471991,384.27373623566325,251.87747115902602
low_roughness_0181,low_roughness,0.5728937345951326,0.9038085578581061,0.4994056649725291,98.34936870117107,521.3142185428499,8.604975656513663,262.165311512351
medium_roughness_0282,medium_roughness,50.253605178283685,87.40778287119078,42.79500195121392,10.570663856208542,329.21321910931397,294.4131963470651,225.68065252788364
low_roughness_0042,low_roughness,59.9925510764049,92.72926438377912,49.861253515030675,4.656227388768858,217.02394421739768,206.91881588656076,346.8570129700005
medium_roughness_0392,medium_roughness,42.24969015771938,71.83793740503424,35.55155502082165,-0.4337573401371593,190.27520541246145,191.10053808239905,187.89034690633417
high_roughness_0002,high_roughness,7.092094394455779,9.107918893233391,6.4170163149280315,15.311252025846871,65.13558367050337,55.162510296206236,272.5416408881545
medium_roughness_0204,medium_roughness,46.41351538202648,79.22266315580809,41.606050387306176,-0.694954734775795,182.1247232623066,183.3904076498153,71.64980962648988
low_roughness_0260,low_roughness,36.7047084789781,83.03821339785182,28.931816386125366,4.273522294970913,340.100951285874,325.566661307264,274.6693109307438
medium_roughness_0020,medium_roughness,28.10077616926539,57.07332868855196,22.25755518791155,1.2010698314468424,163.56104326320718,161.59656091657308,210.53333078846336
low_roughness_0188,low_roughness,65.59027305133314,103.63386505339066,51.4995655910645,-0.3598203715153645,611.8852173608869,614.0869050232425,248.3015541959554
low_roughness_0203,low_roughness,9.509911052297872,12.291421597192151,8.334092885907248,0.42477058503584864,38.00957794364683,37.848124437045946,249.037027682364
high_roughness_0100,high_roughness,35.62762537413708,66.57764453962974,29.260333245486425,1.8326277990130595,222.2390360968281,218.16622174105896,258.14588183425366
medium_roughness_0266,medium_roughness,66.66737824283332,85.77238637582008,60.55976676153771,2.6735447390640217,600.1486329208597,584.1033907188394,292.14467686079445
low_roughness_0132,low_roughness,62.44134201891311,90.09950294973352,54.851420982397755,3.121965613148533,437.23349041972097,423.5832111996482,143.45260588377715
high_roughness_0000,high_roughness,23.637941740786225,64.45950832696597,18.80458492412693,41.45217619242193,236.42777064601987,138.4233145900165,410.98950909897684
medium_roughness_0155,medium_roughness,65.60272451014644,100.07600396397737,61.31927367345221,-0.09102087708796831,391.6259089132294,391.98237025042596,129.12227643057705
low_roughness_0267,low_roughness,37.90758172874378,54.150940302273824,34.18253584756256,23.172206351261067,476.6642261340123,366.2106080515973,252.2876741759479
medium_roughness_0298,medium_roughness,51.6900421596785,80.15429301917796,43.92291369332783,-0.30260980492544054,169.22473584061214,169.736826483625,188.38746043220164
medium_roughness_0088,medium_roughness,39.42486503064779,69.42799110347555,31.03104921552956,-0.2902679736669526,153.24153424398497,153.68634534025114,188.31549095585942
low_roughness_0279,low_roughness,33.70572753203771,51.08136738853479,30.153027482804283,28.444363987192894,334.42096675240987,239.29704971986507,432.4383369650692
high_roughness_0390,high_roughness,46.67818243322759,84.94127391269303,38.70096408143288,33.077079294722544,368.2150170749662,246.4202439020035,228.37578225545585
low_roughness_0387,low_roughness,25.97800597169844,38.47951171625452,23.36282135101139,-1.6527225043212155,85.77001934003266,87.18755975162604,128.299061441049
medium_roughness_0031,medium_roughness,39.686735742825924,57.79675241439091,36.41504805770127,26.486021107841584,336.63406374617887,247.47309456618103,396.6759537626058
high_roughness_0242,high_roughness,19.00437189688682,50.21900413191953,13.25750731182605,46.4049536868034,195.63956036919186,104.85311298680259,242.36898296549916
low_roughness_0072,low_roughness,24.36056202164421,45.46329382306168,20.048397357076112,41.32153016967711,467.7414859802211,274.463546734808,390.45162108913064
high_roughness_0320,high_roughness,29.425558735726412,72.12426625981487,22.963580009306252,-0.3334677650225474,334.7860480775581,335.90245162968966,68.76173463612795
low_roughness_0381,low_roughness,38.680188017960006,97.2612727292931,26.00235138655063,7.472581130708834,460.84129673157383,426.40455694949634,75.3028953589499
medium_roughness_0352,medium_roughness,56.269255330880185,102.21549937358651,47.391890448689466,10.2408977664046,672.2003852304945,603.3610309936616,157.3048206243664
high_roughness_0318,high_roughness,66.70875375949726,113.59513796606876,54.25384359008751,16.758780931038906,1311.428278722733,1091.6488864238959,225.01525109671056
low_roughness_0293,low_roughness,52.65688295452878,87.70231112711608,46.17751780879809,8.000217198828242,653.0121259752068,600.7697375625044,336.18364890441296
medium_roughness_0229,medium_roughness,38.1369055401907,87.15724939434816,28.253423404833768,23.627733451966527,216.65625602060683,165.46529334104767,198.43481907844543
low_roughness_0346,low_roughness,14.977594644747182,20.4265042625164,14.023856999163357,-4.359395844230603,47.92070264120357,50.0097557606703,188.38286342397333
medium_roughness_0350,medium_roughness,67.31930670227146,89.54961129414151,62.923539061813734,14.427181754719903,887.9238399232086,759.821453693999,228.72597378976644
high_roughness_0006,high_roughness,47.89763451747915,89.55123909203375,39.19141152162307,10.155936935809331,449.94901732439314,404.252478881634,228.34297536350786
low_roughness_0297,low_roughness,49.49871366182309,70.26434340391988,45.4706731017592,18.485078094651445,722.9883028266121,589.3433504339177,208.5394368685782
medium_roughness_0197,medium_roughness,60.69383616349838,93.33019958185419,55.885197257471965,-0.3274373184640668,316.37139146193437,317.4073094625248,188.26222410872577
medium_roughness_0004,medium_roughness,40.100740325129586,71.20600255521342,33.94988969601379,0.3506948564717115,132.43438252408748,131.96994195637544,166.50365473106504
medium_roughness_0058,medium_roughness,31.3415142998451,54.48058752920605,25.360536671329786,27.24607588100252,442.0656477749717,321.6201059383576,171.05080174058676
medium_roughness_0348,medium_roughness,50.257501369057834,73.76025308439648,42.97054820012654,14.427734073065613,393.59829043190086,336.81097577225376,161.1887537933886
medium_roughness_0260,medium_roughness,44.719817348331944,91.4019661238676,37.911975918985725,20.03842219185809,404.63791907268865,323.55486450055423,344.3906783603132
high_roughness_0055,high_roughness,80.46789667054638,104.13988650050169,72.98807915088254,20.13891648007752,741.0949293370204,591.8464404797484,393.7449792332947
medium_roughness_0130,medium_roughness,20.249895965549932,49.186405658849836,14.900598112666666,40.69048345102554,305.90606259343997,181.43140681817243,290.64002298526464
medium_roughness_0341,medium_roughness,13.432700457789087,30.811961249028144,11.739329720757581,72.59413635438814,113.11255954943152,30.999473836178726,330.41231040097773
low_roughness_0375,low_roughness,59.77866548732551,77.98625078832319,52.908368536671354,15.982543476687638,277.07912181179336,232.79483070339919,180.21663819998503
low_roughness_0384,low_roughness,29.205040151320077,66.45360984886263,22.175882010561473,7.329318620031311,172.85971839081566,160.19027886426392,316.9215392693877
low_roughness_0097,low_roughness,5.976799258604237,16.174999267746266,4.986078058075734,82.1671955625646,206.46398263752923,36.81831825749114,213.2972673162818
medium_roughness_0233,medium_roughness,26.96279496724034,60.76027038001429,17.780162423662667,24.001483096695367,136.75799046996036,103.93404450393257,212.9276493638754
low_roughness_0189,low_roughness,22.26879991129776,54.289148277817276,17.35461638145922,41.784183212431905,462.2360095393058,269.09446843956806,224.67056555822492
high_roughness_0162,high_roughness,74.75041990875452,99.58938604548878,71.50679688346042,-0.20563757030681934,1017.2308118784323,1019.3226206043914,188.31271369159222
medium_roughness_0106,medium_roughness,6.213399167726335,12.493130309778568,4.9214002245894495,20.472165456067064,25.379774844385413,20.183985345865544,245.35173684060572
medium_roughness_0107,medium_roughness,46.814065448594576,75.91099252929135,39.05507568579036,15.139823141202946,308.0441851846898,261.4068403509681,315.4063831221312
low_roughness_0085,low_roughness,81.44615211414433,120.596634636548,79.68429677293925,1.2559486696560525,685.5800328866937,676.9694995842258,200.48306390456855
low_roughness_0182,low_roughness,14.757727818840673,34.263049559180686,11.461585821720167,17.982391106783155,113.14118011888436,92.7956906070766,70.08269432783126
low_roughness_0339,low_roughness,63.16140582088573,106.67149476234533,59.55654733612155,-0.20046468004450055,258.90400357603596,259.42301465842706,188.2848160173744
high_roughness_0065,high_roughness,61.79472772791418,105.22031808933757,57.177613155520056,-0.25014814680497693,265.76007757190985,266.42487148090345,128.30910745188595
low_roughness_0046,low_roughness,73.76563218675133,106.7380770129574,67.37797429518098,-0.5176512361991522,597.0137931784532,600.1042424591209,128.31812989152968
low_roughness_0146,low_roughness,74.42478714244416,106.17726978716387,64.46662050121982,0.8704591684922852,783.9948251149533,777.1704702792351,108.6427917137742
medium_roughness_0306,medium_roughness,21.99184682552237,58.46627179147513,15.47165720601601,19.312326395669423,222.81526914333037,179.7844571069811,132.59271978884937
low_roughness_0159,low_roughness,50.826130332251395,72.2812617868193,47.95311100898926,11.79905626243191,679.0790206419248,598.9541049300125,174.7059980727732
medium_roughness_0333,medium_roughness,37.41150560160208,81.24202472510044,25.12444937417029,11.0798791981905,234.78922616494296,208.774863535501,226.7419382598251
high_roughness_0193,high_roughness,28.732494080650625,54.868729330838214,24.54431854370624,2.5451562397308796,189.17630183575852,184.3614693854936,250.16469793394208
high_roughness_0047,high_roughness,12.107634520474482,26.966805330946627,10.53166289058959,71.08092602239924,164.81753340473068,47.663704413370915,236.2326982229948
medium_roughness_0136,medium_roughness,74.23422371434098,101.95692075089887,72.39781968794408,-0.4196481263587273,616.3654744019447,618.9520405667945,188.29846113249658
high_roughness_0114,high_roughness,36.956635245793294,47.72428152487957,33.29381511229921,15.111227659617711,250.18049175027778,212.3751480819422,431.9219053782523
medium_roughness_0243,medium_roughness,33.045164611614496,98.54000410897525,25.40364347962517,-1.1556648736548178,382.4943924697063,386.9147458071781,188.2011108536273
medium_roughness_0060,medium_roughness,33.55110566287838,61.6868449104131,28.07723842544034,27.03435782520173,302.36901749806424,220.62549535509072,387.8429737098515
high_roughness_0009,high_roughness,27.66578156069279,55.440403829201266,23.352306032764538,11.94055461938212,125.20443360610699,110.25432982548176,306.4961394168437
high_roughness_0384,high_roughness,41.29571197787299,86.8683994681145,34.64455176876769,5.041137627552555,196.36677314657186,186.46765385746926,191.22136353813113
low_roughness_0228,low_roughness,6.900689443719574,12.349276871697896,5.597323233858053,52.19145005316055,112.25088097924342,53.6655184987289,247.52913898006082
high_roughness_0139,high_roughness,8.107190299844522,10.308105628732184,7.337007816819645,18.96867811739927,49.43482378456691,40.057691182968874,124.25892870649696
low_roughness_0344,low_roughness,30.025076318457465,70.58310091729669,22.848936700412175,-1.0186606199512072,294.8941681679074,297.8981389295666,68.39126010909676
low_roughness_0205,low_roughness,24.105275297760056,58.1314276335966,16.035421719348264,6.489930344693521,313.6282635536063,293.27400770770544,149.5279845394194
medium_roughness_0374,medium_roughness,35.2502110569032,56.12723676383129,31.65661868889621,-0.7365444973282778,128.4500022806258,129.3960937042418,188.2846901409328
medium_roughness_0337,medium_roughness,78.60241878346952,107.88042649622807,70.34349327853003,10.555262109645458,456.7377418674218,408.52787605963954,386.6317161802202
low_roughness_0296,low_roughness,31.583542830837857,66.13839393254318,23.91103240588493,43.6080396609222,806.1037895040133,454.5777292689064,286.21250569559635
medium_roughness_0038,medium_roughness,24.773381849507945,55.83449936319796,18.564491162106386,29.4409154957748,332.1692668584123,234.37559369969244,206.77224820032717
high_roughness_0273,high_roughness,61.019829793005236,83.43724863213268,53.65460614084395,11.860401954380368,581.010086360943,512.0999547230426,165.8884224627167
low_roughness_0379,low_roughness,60.2668588053137,171.43790869037366,48.15694879416867,14.788975555951218,430.04095409321314,366.44230251178845,207.03115654326976
low_roughness_0391,low_roughness,52.73289780290068,76.6728144334249,47.01920034726761,15.7468437314978,425.8677641721067,358.8070328451015,248.5286343384534
low_roughness_0350,low_roughness,17.096618058780766,56.403239869064755,11.795904632249005,29.880824023431583,218.57826461930352,153.26527801493881,215.40503764525056
low_roughness_0233,low_roughness,45.536615680341264,70.96410091220255,38.88035022760726,9.292638853855529,296.18420816088377,268.66087935434115,295.83967855013907
high_roughness_0369,high_roughness,36.233894156304494,79.89335400855362,29.393922360664543,18.100968691210156,505.24729012067013,413.7926363227399,291.54086990207435
high_roughness_0075,high_roughness,30.777264681193056,66.83674715665595,25.604142441822727,1.9511091885423086,420.06373989695487,411.8678376700909,228.5451580453664
low_roughness_0376,low_roughness,37.176406971820846,69.89775274329153,33.52103560701998,0.09005779113894681,276.6953062888128,276.44612060778394,252.4949258685112
low_roughness_0030,low_roughness,33.336955665151244,45.15838537958926,31.46069735309454,-2.2465595504030054,358.95989836323645,367.02414624203266,128.37335330471396
medium_roughness_0279,medium_roughness,32.99186393206663,66.08459219757472,25.181350033200466,15.897670956411037,212.10751268568845,178.3873582450899,152.55803634375334
low_roughness_0247,low_roughness,15.693434494890502,39.48458438757703,12.637026611515537,34.720554111337414,164.93089445693948,107.665974000705,215.47581013776363
low_roughness_0141,low_roughness,51.64104971835762,83.88729550208572,42.53611899719101,25.406362697854025,903.1787565044724,673.7138858169783,372.5456073768437
low_roughness_0099,low_roughness,60.16072701562443,79.24007512991669,59.396157697184,-0.5329982967341144,650.1213698880169,653.5865057162246,68.33728531822563
high_roughness_0295,high_roughness,55.60271784484227,115.82843224373379,43.472413738596934,24.978291205051416,445.9047801989958,334.5253857036462,250.89841466285287
low_roughness_0224,low_roughness,61.09630143255141,79.68738320105558,54.25311239954556,16.900436756860678,540.2565452617316,448.95082950497226,255.5888869356364
high_roughness_0070,high_roughness,8.527015470089031,27.129623189252456,6.938778012846079,84.87725290556102,287.0165315775982,43.40478418971076,321.5846050173044
low_roughness_0264,low_roughness,23.415913472750997,40.04399615682477,20.703046303957777,4.477324647523701,103.3839117706558,98.75507840737407,79.07379591614009
high_roughness_0229,high_roughness,57.15186139913189,102.32540816481615,47.99895057923288,7.07430225865772,373.0781350368238,346.6854601033557,150.18603107742965
high_roughness_0314,high_roughness,61.17928476016417,104.68105699846743,54.69400198002656,-0.3702091219034898,325.51763711510944,326.7227331011143,188.27914165444673
low_roughness_0058,low_roughness,43.18555130267461,73.77271663664575,37.96383752204537,-1.133521998349902,320.1985286971171,323.8280494582917,188.2909873586148
medium_roughness_0378,medium_roughness,49.65564206481501,74.53043085035381,46.86792548701386,-0.38203316168061874,262.6844724559848,263.68801425135246,188.28460988737643
medium_roughness_0085,medium_roughness,93.54259658014799,120.56206652024379,82.82337328204156,12.597023494696007,384.84813828457266,336.36872788596486,436.0415966168046
medium_roughness_0383,medium_roughness,51.81226398184549,80.82367350369006,43.927599565391105,6.08529481299244,335.6721636402783,315.24552287761696,142.53417318314314
medium_roughness_0002,medium_roughness,51.165556169704,87.64952023863623,43.624185239983206,4.993875735435641,498.0944183756357,473.22020207681555,267.1099866677076
medium_roughness_0320,medium_roughness,53.811434447388734,86.87937371355906,46.037723207568504,-0.6080730247792004,579.1464109733217,582.6680440724274,188.32960836999118
high_roughness_0058,high_roughness,23.56041864038262,53.27834432124518,19.837711487743512,4.37370755769219,97.235317236232,92.98252881752495,257.6029410175979
medium_roughness_0248,medium_roughness,23.431986615038724,46.617525315402,18.68925873182049,3.036885615822959,105.33494730089278,102.13604543787727,236.8025948487222
high_roughness_0196,high_roughness,40.35380753702307,61.93748950688939,34.49887652592919,9.073442561142615,338.003839509043,307.33525527673333,346.63802824690936
high_roughness_0146,high_roughness,31.486587489826388,60.97712684575929,24.45847307784168,23.831211643632805,279.02199147363194,212.52767015327163,368.99283678904175
low_roughness_0193,low_roughness,30.60769121300189,72.39252704908066,23.722649507349928,53.75748818339135,476.1785412396454,220.19691820089773,202.55617441721262
high_roughness_0362,high_roughness,36.77695648205825,76.8113845050457,30.995489667788256,25.550425295487614,518.0462796242214,385.6832519527818,197.79880244918166
medium_roughness_0369,medium_roughness,53.46096194277591,87.57429687536583,46.457056736957504,5.330481976982851,292.3007189783536,276.71968183462116,302.8232685953379
low_roughness_0399,low_roughness,70.08557150942362,112.89099345037256,62.72866475312086,-0.14968868215596473,212.3447551386122,212.66261120420648,188.28325174674393
high_roughness_0216,high_roughness,48.321783053089696,106.22799281186778,40.178108751581796,19.026417524764774,829.7607445216784,671.8870008123871,221.397339470312
high_roughness_0141,high_roughness,29.16148194466135,71.45760742963871,24.504188075780856,23.342907727092797,289.26373736749804,221.74117006586292,104.04798535555601
medium_roughness_0128,medium_roughness,3.716405958752397,6.229979837145585,3.2157431511958436,38.69230038036064,48.223952403762524,29.564995884416582,310.9816663593054
high_roughness_0316,high_roughness,39.68657858435716,83.12225414659402,33.745684136456326,34.532961731114334,547.1232120552469,358.18536261416494,322.6009691879153
low_roughness_0136,low_roughness,59.53783247365823,98.75782935734132,53.95855989426582,-0.6886623034571068,365.06974056727483,367.5838382518903,68.35077624507248
high_roughness_0183,high_roughness,26.790501639010063,109.72828204372922,15.127574809670232,59.64584256742609,179.6707348763497,72.50461121226465,91.41243541762233
low_roughness_0227,low_roughness,75.83491277732575,97.13582857745536,68.05467224317377,5.219145682486047,280.4896938470881,265.8505281008495,368.260314353928
medium_roughness_0009,medium_roughness,37.09118084074754,55.48610443759328,31.728729081009124,8.879249478615193,120.41743345804343,109.72526912555831,206.3160235159099
medium_roughness_0242,medium_roughness,22.2615768977434,37.03242037361437,18.299825075223197,42.0630177247991,241.11671823666458,139.69575030732244,393.4204611312598
high_roughness_0297,high_roughness,29.46630934391295,57.03963533087511,22.71854217443131,10.722477310073993,98.56680655919959,87.99800309062489,250.66664783246816
medium_roughness_0177,medium_roughness,16.268717319890353,37.41008055468549,13.091249008376355,63.73755025447806,293.4740123756958,106.42086625390351,261.71143366880716
low_roughness_0345,low_roughness,47.11559195565731,82.71747818895064,39.98831925853732,-1.333614616485489,323.32800802975044,327.63995760402656,192.3555386275053
high_roughness_0045,high_roughness,39.93664804899495,98.64152441867739,33.247100763226015,-0.21798063868961307,414.6553057881363,415.5591740720536,188.59725261628628
medium_roughness_0090,medium_roughness,27.707813809277944,62.789446123385524,21.192853292027813,-0.6297898181017939,206.66690929953182,207.96847645168594,188.38568375594915
high_roughness_0120,high_roughness,63.85644157284523,91.66383110481571,57.278172425782955,-0.16569098299477336,546.1730715374432,547.0780310685263,188.29332460202278
low_roughness_0029,low_roughness,49.807566691972085,77.40756637692837,43.853144675710304,-0.8758736041310473,568.5967358381099,573.5769245612667,188.33943049237132
low_roughness_0110,low_roughness,62.65422568284228,89.53984767118124,54.510153513709405,11.012795201974123,393.08445286384494,349.7948670991492,250.56806018985807
low_roughness_0037,low_roughness,24.909134447877804,43.58367261616604,21.591399823443815,43.2242333189407,571.278905370312,324.34797841115795,306.582444883883
low_roughness_0052,low_roughness,43.16655240465511,58.64727809964429,37.36797612758417,5.745572584534505,234.73126208549246,221.24460704377657,303.6859552104026
medium_roughness_0152,medium_roughness,71.66368082487821,110.77492089056597,65.45977381538023,-0.33241900900042115,428.34732192627456,429.7712298489017,128.3700531423092
low_roughness_0202,low_roughness,19.60901987514417,34.91726653053617,15.5736689538498,29.812902612462537,181.61509071625204,127.47036059148033,428.54437468275427
medium_roughness_0017,medium_roughness,75.20217634772081,111.88014086100304,59.173276192661795,11.514554426079522,281.4411293868885,249.03443736626235,174.92205556370317
high_roughness_0376,high_roughness,37.18232169855397,86.24739590669711,30.513645067641924,-0.5747736917897099,284.64535273528173,286.28141933770615,129.43278922215103
low_roughness_0161,low_roughness,58.86608274120106,102.9438381134483,51.99480671027756,-0.589825750497835,381.1480865150354,383.39619607683085,128.33414037972688
medium_roughness_0351,medium_roughness,32.04806687947194,44.52829025240171,28.804422681281807,19.57199130881949,296.23535119757173,238.2561940075321,432.15140074081717
low_roughness_0170,low_roughness,70.30669765390206,111.44924944883687,65.32694724111786,9.535674252800252,203.43229514525876,184.0336541552117,436.00674800239506
high_roughness_0052,high_roughness,22.77023625412001,90.65375871015742,16.58121269743941,37.89975855528701,257.2519031675113,159.75405298814377,313.31566320508716
low_roughness_0362,low_roughness,45.15015093377421,81.14989141478542,39.634284254890495,5.970885565504003,494.67106572609197,465.1348224659279,149.25677663236857
high_roughness_0221,high_roughness,34.75106946479098,65.0814055597464,30.962314271484054,24.599103305977703,572.9293119026017,431.99383859745353,331.815685511753
medium_roughness_0082,medium_roughness,4.480260258148819,7.793339760195693,3.757167614086215,82.82609599063277,283.55975265105633,48.69827972949159,334.6899362102151
low_roughness_0020,low_roughness,29.255589196366518,37.6886230047453,29.047481115350244,-0.9769703021878057,181.15689658433826,182.92674566433232,68.4652345251292
medium_roughness_0315,medium_roughness,41.90265550340279,70.54548209635995,37.731854262363655,22.026784040315274,521.2135829278564,406.4069926275479,176.89518511071802
high_roughness_0172,high_roughness,16.51978840165892,81.76831798716518,6.961341127955615,49.54214368304869,126.06642330492164,63.610414735116976,141.2302971623838
low_roughness_0068,low_roughness,71.25973837284022,91.47100490268696,65.71297375925604,11.421259673645627,801.1859640605945,709.6804346364329,229.07030057087542
high_roughness_0159,high_roughness,3.5114740110061695,11.350373879740353,2.816156174504571,88.78535052128748,145.79415124560325,16.350303022658387,209.09401622265577
high_roughness_0286,high_roughness,49.074309610104784,90.48078026610253,41.37618834577067,6.321396824118872,333.4554108442658,312.3763710933039,308.5304101012647
medium_roughness_0359,medium_roughness,82.12991119891329,109.27876147222482,68.03546048641797,0.7525929773827845,676.3571774227105,671.2669608034028,199.31327156275512
medium_roughness_0312,medium_roughness,33.057591054017145,96.41015122348647,19.31223422507258,16.168828876326966,174.16827918473615,146.00730816651276,140.3469408594072
medium_roughness_0269,medium_roughness,81.85733742123585,104.44471268501903,72.95175785514577,0.3120250130816324,547.8876469530671,546.1781004509892,282.7917275737971
low_roughness_0290,low_roughness,88.3917535297274,117.08284349721451,78.05116866983592,11.59776964469574,800.014609154174,707.2307576605599,431.25601888448
low_roughness_0232,low_roughness,54.031747865357595,81.01459653885973,47.46751933429599,16.375245994383672,403.70823589478715,337.600019167429,164.09777877777816
high_roughness_0248,high_roughness,52.007269559390046,95.99003612919789,43.880088659694664,-0.28276736291191623,241.74726122470742,242.4308435801843,128.271178098768
medium_roughness_0201,medium_roughness,16.04502235241069,43.774727334385425,13.416144844258003,50.54956337099959,152.07319892331606,75.20086086326813,298.22381872683764
medium_roughness_0287,medium_roughness,44.76532464466775,112.20045751497207,31.37031935384406,32.16493949404265,319.925930399519,217.0219484607607,140.92648413404822
medium_roughness_0145,medium_roughness,39.68736573002693,71.99159111849255,32.8703706328222,14.846045004931602,176.88786771362714,150.62701526459819,276.77689978294075
medium_roughness_0281,medium_roughness,40.807239473443694,68.97605731000633,35.20791709180078,-0.7158655125780066,188.1925181126102,189.5397234470305,68.35508156195283
medium_roughness_0131,medium_roughness,22.7162827703109,41.115764069693086,18.83001466582693,32.67297579871751,95.89623658613019,64.56408241446299,178.0495156083256
high_roughness_0218,high_roughness,46.795151867959284,86.51280609382802,40.003591728367105,-0.7557241544320347,385.3262334186716,388.2382368379797,128.26798151917757
high_roughness_0253,high_roughness,28.891341023012494,68.62851525782553,22.180351379300323,-0.22525584423734132,271.2060610135886,271.8169685159476,128.82390584386886
high_roughness_0117,high_roughness,21.117123967313518,32.60865002923102,18.020462411509076,3.6575621593903778,186.91780585961484,180.0811709233308,255.55583495497703
high_roughness_0035,high_roughness,21.150025548981002,45.68470041715243,16.114126060355254,-0.6763074221178227,132.53962449505786,133.43599981276503,129.79618722945452
low_roughness_0008,low_roughness,9.422769287424282,17.37984286135761,7.826766071447764,-24.29920204747531,61.28078234407696,76.1715234621378,127.74054949954152
low_roughness_0171,low_roughness,31.23048343661815,64.97265807371576,28.17854039957765,34.51913553054112,516.3851488708265,338.13345947251935,239.00324070975185
medium_roughness_0367,medium_roughness,74.92845592137255,112.49603949177154,63.53742692567025,7.902197903530549,474.07930211384473,436.61661744113223,404.78503409139813
medium_roughness_0257,medium_roughness,48.948138521338414,106.61392994060444,40.10636585877452,15.891214663778248,565.1270060568654,475.3214604013858,206.9992664143443
high_roughness_0024,high_roughness,64.87081281466905,108.11056062392443,58.36157821510594,18.497747424864446,913.8855039835778,744.8372717042461,326.65197707265617
high_roughness_0214,high_roughness,12.26362277846871,23.63186179464396,9.981977192132247,-3.1566295498164174,36.15810789263074,37.29948541102402,188.4787302955985
medium_roughness_0162,medium_roughness,32.8486558920819,79.00170184809649,25.19341526163689,43.73943560184648,369.74231059279504,208.01911075828025,138.5907835483551
high_roughness_0102,high_roughness,52.68325381231119,92.14721458774265,47.902518886759324,2.9553483398216107,578.1124959638839,561.027257912114,199.54369112290442
medium_roughness_0006,medium_roughness,26.776711008282863,54.90879676855008,20.440914230406108,16.83268052133324,212.01692657093076,176.3287946700963,308.5731037374586
medium_roughness_0129,medium_roughness,7.705810125512448,14.376212239371384,6.956191842671737,84.98661513673672,475.252240868146,71.35144799281777,277.784798707068
low_roughness_0200,low_roughness,28.88795154828634,38.9725758043158,26.373443301414692,22.40562609743249,224.64970761628695,174.31553409880638,167.28079791031777
medium_roughness_0217,medium_roughness,20.397347822332428,55.94489808186647,14.802632282393848,63.78968004717672,529.1167876872227,191.594881745644,198.14823216199875
low_roughness_0059,low_roughness,43.685780418067836,74.01268768713506,39.231894814420784,-0.6347720350170251,440.13781414366525,442.93168590338445,128.30569016262888
medium_roughness_0148,medium_roughness,49.64260302979355,94.33051997010791,41.18999985323083,4.37364810053067,597.12397410977,571.0078727583048,77.33671111091971
medium_roughness_0187,medium_roughness,61.56639171511127,94.35747309888231,49.96876629193915,-0.23682290533550376,228.71007449911974,229.25171234234355,188.30348927564918
low_roughness_0040,low_roughness,76.13072842660081,107.48739237024999,66.18956442857252,8.39078508462567,329.72779604866565,302.06104531794927,315.1060217551887
high_roughness_0185,high_roughness,51.65241122964404,100.54839501780752,44.68816351405512,9.632746748106861,801.7112230165429,724.4844112522092,354.63247432112695
high_roughness_0091,high_roughness,26.395689660400667,54.7185472892938,22.19410583474352,44.09617270427397,585.742377809048,327.4524072882493,308.9562623515725
high_roughness_0202,high_roughness,40.98731175678741,81.3101743902784,36.55269756778144,23.002329208690263,533.0517838246855,410.43745765653534,234.43866073153913
high_roughness_0013,high_roughness,23.52573284589159,35.067939686287566,20.330621010481856,10.037394561812402,99.3013053837389,89.33404155734277,324.9008042167872
medium_roughness_0087,medium_roughness,37.06380584143603,57.9548893553398,32.04731548399097,28.673691286469914,228.17767673807816,162.75071412556235,252.2468160521239
low_roughness_0276,low_roughness,59.36187170397691,87.8743259793973,50.76313778885496,9.658756496689465,623.9570161397961,563.6905273068438,148.67489253170788
high_roughness_0319,high_roughness,21.191341529626968,40.57717587403805,18.510275640423647,18.209353211488448,252.1916752562665,206.26920233888302,245.57566383071244
high_roughness_0093,high_roughness,32.84046992748462,88.44019439482742,23.371612932505894,5.341941210821283,186.40162357735184,176.44415842983332,209.14332966804506
medium_roughness_0237,medium_roughness,47.0254120888866,88.73344610599203,38.466629828812124,-0.47909544290400785,447.5341295279335,449.67824514794194,197.1594895645976
low_roughness_0019,low_roughness,21.26942962776752,27.813846429776092,19.257930818877135,6.981424981478716,175.78585313492437,163.51349567025727,127.93582100011409
low_roughness_0321,low_roughness,70.81050222445866,113.76963088034381,62.02967744064472,-0.5517599009925084,645.8178099875095,649.3811736964885,128.3175045400858
low_roughness_0231,low_roughness,22.910038068314616,57.17512037663613,18.92940192571077,12.557658432350204,224.94748664751552,196.69934962216394,200.87676141820847
medium_roughness_0019,medium_roughness,40.274090339311805,64.39535915266364,34.03788955989593,1.9575570990774036,173.8947147782298,170.49062644416816,134.896547325328
medium_roughness_0226,medium_roughness,3.9230552040285396,8.857169872684494,3.217555971425037,83.30599328681109,289.38561995492853,48.310054822279156,219.1805338665843
high_roughness_0310,high_roughness,11.355784450924137,59.757494279239936,7.335393018633832,74.64676552261638,149.1926707481623,37.825167637852516,93.4165355861187
high_roughness_0060,high_roughness,51.660645616082704,91.56117909284642,41.70802539603378,21.78040232171557,361.26344671318463,282.5788145777565,385.7746712349355
low_roughness_0056,low_roughness,51.70752923118773,73.96901735352829,47.66455064618458,21.49362133076036,518.5241352436354,407.0745211057687,429.70564019158485
high_roughness_0258,high_roughness,29.128013253918787,82.15831088999195,20.332667233962393,9.263323102806641,244.83885845566294,222.15864391569147,229.1205892883241
medium_roughness_0228,medium_roughness,59.56541355355641,87.41436602627128,54.80720362102733,-0.46358822673843364,529.251276392257,531.7048229994743,128.3154520329088
high_roughness_0124,high_roughness,54.359155246224375,85.47943602496373,43.15228580332435,4.250564214207413,918.9553572642044,879.8945697037902,215.5785929352045
high_roughness_0357,high_roughness,6.3802030209745455,23.69047998353308,5.0994010092521975,84.52209077200067,320.13376650496093,49.55001378781321,137.73922200351953
low_roughness_0212,low_roughness,77.19398324980811,109.15067066671904,71.41414285709482,-0.47156210628301487,394.49238755177157,396.35266416363686,128.3122923795134
medium_roughness_0349,medium_roughness,39.42907158917474,125.21960060175594,19.722571264709444,42.880707777353685,261.86408246464737,149.57491048913346,176.56367875263095
high_roughness_0031,high_roughness,41.83216594586741,92.05240691517005,32.360189374228796,-0.543598455292054,506.06357345828064,508.8145272263956,248.33227617107332
medium_roughness_0275,medium_roughness,45.697333938926874,90.17412178850574,39.78538086424045,-0.6515008980515201,464.011441407643,467.0344801154756,188.33606490232052
medium_roughness_0308,medium_roughness,39.84257358834269,82.22625300518459,29.83583051323875,32.61652899498749,244.45496572623856,164.72224095045323,238.35362611413
low_roughness_0286,low_roughness,29.401914143097294,46.74578001633431,26.473879903864038,-0.8737191713613536,78.0413466723522,78.72320887981712,188.3047607988119
medium_roughness_0304,medium_roughness,47.23715298623153,92.85324887485123,41.8476313824624,-0.7587505425204435,506.96266381234443,510.8092457743967,248.3693539686501
medium_roughness_0397,medium_roughness,16.312909288819263,28.309013025794343,14.432009092427318,19.498079834567896,147.01432514946458,118.34935466357075,261.20566757023335
medium_roughness_0164,medium_roughness,86.58205553732574,106.48242557178631,80.244395226299,7.264074560681474,766.6867660312862,710.994067699896,368.30083968117833
medium_roughness_0144,medium_roughness,47.06019336824837,92.24537315253042,36.41623020956379,17.41206291932225,271.69909635886245,224.39067874962734,164.3761710572988
low_roughness_0050,low_roughness,21.769009544368746,46.04167094669549,16.94176486663969,49.34003427041653,522.366608566856,264.6307448827567,98.56061453521252
low_roughness_0301,low_roughness,38.744094301771554,73.45013591501724,31.36056402345079,-0.5035894372489549,230.8087738534823,231.97110245885227,128.5547005739063
medium_roughness_0278,medium_roughness,68.34879857737683,105.04078501995001,60.39566460854121,-0.2044012933434286,718.1992614725775,719.6672700518104,254.91104914955795
low_roughness_0348,low_roughness,22.976598554378974,59.745940895920064,16.438791240341484,13.270542342172016,248.98510497517103,215.9434311937395,197.29484513923526
high_roughness_0274,high_roughness,32.52030580731274,54.57759934731955,26.88095085248466,45.3626350038436,390.68569273083585,213.46036792510887,217.36837851665913
high_roughness_0028,high_roughness,36.43025188233271,58.328139729411866,33.337973624027505,22.284227261952783,412.2392495524265,320.3749183191951,126.53913746960461
high_roughness_0210,high_roughness,39.53722462399601,102.68257712913604,36.383052682838354,-0.6583468898363434,487.0011669612562,490.20732399741235,248.3381525043398
high_roughness_0164,high_roughness,51.63178261053376,107.06863625670277,42.2277488639146,0.2897806154884748,411.3311067204012,410.13914890765125,131.34267523996533
high_roughness_0374,high_roughness,5.079664621449641,28.123206166597143,3.655578581072652,78.33912240911398,135.9003174667264,29.437201412093096,283.64143686294557
medium_roughness_0379,medium_roughness,42.6616608885644,76.80490798567143,35.691283974467275,3.1096346740533285,229.7966405650458,222.65080455022544,283.78579575270413
high_roughness_0239,high_roughness,43.97612621586401,78.69444544251296,36.99113832814673,10.275078474104866,330.91002156496745,296.9087571704897,148.54268040060998
medium_roughness_0185,medium_roughness,85.06319557173126,107.81238204764333,77.17900946561272,16.06788804283603,667.5017617154658,560.2483259590666,239.36142027899623
high_roughness_0268,high_roughness,5.845014958581293,16.867840341089195,4.807789523260415,14.55167613889531,31.9899775886158,27.33489965301524,188.83234462589024
low_roughness_0163,low_roughness,29.277992536589725,56.21573769528506,23.99721513657627,32.760837655022435,464.16236493831553,312.0988861051612,86.47969364225864
medium_roughness_0227,medium_roughness,13.939769145459376,40.146821050940034,10.92618573840931,68.41331180229284,251.25098062797306,79.36186384463946,307.81751944422723
medium_roughness_0265,medium_roughness,51.89894014931457,108.87871713962244,44.45985676592045,0.3510908631568487,193.0564301265256,192.3786266396146,266.01442155018447
high_roughness_0134,high_roughness,7.2524284213485615,27.58144880123683,5.643365378026592,85.45752727192914,271.7273777062825,39.515879797638235,91.85998395085335
high_roughness_0011,high_roughness,55.69510357964051,86.87438559898821,48.309687361049825,8.479141661979337,679.036950804094,621.4604458082299,291.07599664367734
low_roughness_0252,low_roughness,17.970520976190034,29.19066531622542,15.364003827548544,35.72970682873987,190.04141735232554,122.14017607915764,345.7081294894218
low_roughness_0089,low_roughness,16.327375194077156,31.943425765410332,12.417438171281338,44.66919315047352,92.94974130780277,51.429841830154885,428.0319876555353
high_roughness_0271,high_roughness,34.94872485120847,79.66724130311079,28.54974583247064,48.21284740152165,564.5933836956779,292.38683717539305,141.5935568794608
medium_roughness_0079,medium_roughness,34.44511945837252,71.95233401707111,24.463042326187992,16.021537089404102,293.46883028618083,246.45061279604,264.6925472803414
low_roughness_0335,low_roughness,29.99965605130908,53.25491633837928,25.80874068188974,-2.9482062996909475,257.16019228463267,264.74180527386557,188.32845263034105
high_roughness_0156,high_roughness,18.664519576818716,44.230751188117665,14.055791561756383,16.586665555317417,167.14634211951636,139.42233736420553,259.8834604784846
high_roughness_0106,high_roughness,31.741681630955004,86.9788465490113,22.086696106420185,25.566659698660704,521.2136865105825,387.9567569775777,339.7863075911999
high_roughness_0137,high_roughness,39.95133460102376,96.82115792356836,27.649958587790543,6.624250353104795,379.81722166164786,354.65717801457333,263.89471802078185
high_roughness_0187,high_roughness,23.652934073441088,47.515910862732746,19.08909872244891,21.998740945210976,100.93905745449692,78.73373569254447,330.7239192016423
medium_roughness_0232,medium_roughness,53.16738451421483,71.95944764628175,48.2260750124122,17.031219567956185,397.7106729774775,329.9756950174871,230.79365107007325
low_roughness_0184,low_roughness,62.152465575327106,103.66361295405528,55.95295560478879,-0.5075943170565272,559.1177590186785,561.9558089891111,128.30206687413155
medium_roughness_0302,medium_roughness,62.03324348286196,92.5997189765145,54.51028774123499,8.918446466564363,622.2619694219945,566.7658687973048,290.9157192412764
high_roughness_0245,high_roughness,57.992575596089175,85.42818514737715,49.99333154199172,10.793951769281595,501.5948515381357,447.4529451859097,151.5678434327245
medium_roughness_0286,medium_roughness,45.67413998490841,96.65854112567925,34.986974742963866,18.80430053958092,505.5007527364389,410.4448719620351,244.70590452589096
low_roughness_0061,low_roughness,69.20699875935372,97.61008182123065,61.088904250735574,6.1587314819157895,536.9942241107813,503.92219177440114,355.8061299342662
high_roughness_0296,high_roughness,24.538577461208302,102.72262636472318,13.612673540878953,10.968169693475787,221.5465683935906,197.2469648221092,76.1858634725213
medium_roughness_0065,medium_roughness,36.6769960900984,83.19003373778146,33.306616797755545,26.787075911528817,318.4990945788642,233.18250033649187,220.38903685808182
low_roughness_0334,low_roughness,29.02036954745495,73.67306167899085,23.556967957933377,-1.9557871387974586,342.0597587884996,348.7497195578867,188.44206556864083
low_roughness_0190,low_roughness,32.666645236604225,65.85745856042954,27.502204093132185,-1.1868687432981433,254.41219362533195,257.43173243061017,188.3450029436499
medium_roughness_0390,medium_roughness,27.516366139013666,85.40605181838225,21.37413102638065,13.22317632186024,370.16604191366724,321.21833350777194,200.35961725786328
medium_roughness_0270,medium_roughness,43.70181065802003,94.77291740823051,34.53699017776311,27.09611637110986,528.1652095036316,385.05294970481134,137.9891492821276
high_roughness_0182,high_roughness,30.204167263859734,55.2847246768184,24.69503780557418,-2.0837788659664924,406.2276614040028,414.6925475600493,67.83919155970216
medium_roughness_0355,medium_roughness,60.052527918561566,93.05207563383136,53.80600603116841,-0.39930530181626783,360.7143123129126,362.1546636863882,68.33048516064882
high_roughness_0305,high_roughness,66.57811639731082,106.61053151730314,59.794434396798444,-0.28581098958955037,189.8548850775922,190.39751120341657,128.30234037265183
high_roughness_0128,high_roughness,46.906106334112174,107.7714936569409,36.1329083535194,9.961714126724848,240.4999440841302,216.54202717953603,210.92326359301805
low_roughness_0209,low_roughness,60.50331197935075,94.37340214432457,48.737070729870894,2.855810194691672,132.43140778935847,128.64941814473627,266.449987321347
high_roughness_0163,high_roughness,50.14994093281508,69.68700276270954,45.85827508468109,16.42585763803564,308.83188170341214,258.103596473943,331.2901786159724
high_roughness_0018,high_roughness,83.75446234660856,108.1783153841378,74.44485948382146,12.16210892248072,788.6460447789264,692.7300538000773,429.7638162449002
low_roughness_0278,low_roughness,59.91427977350139,79.32573141632054,56.33159562090724,4.835224970171991,409.79468378481374,389.9801889080131,364.85709350779655
low_roughness_0255,low_roughness,7.961251239394578,13.960736353252805,6.640125353302748,60.94023809761413,83.33507058485594,32.55048015162994,285.31005102470516
medium_roughness_0190,medium_roughness,26.05682208221016,60.15035803549297,19.58154233889956,40.658049899610646,413.63045095114217,245.45637580344226,198.05007791146636
high_roughness_0339,high_roughness,68.872745183539,103.63987932697448,58.62918982181168,9.29176351487141,308.53066630480487,279.86272642090535,374.8112683288753
low_roughness_0123,low_roughness,26.482521801936258,50.63495161931494,24.654832749691955,-2.5391443045513604,273.25187844764406,280.190137956327,188.42869590744377
high_roughness_0068,high_roughness,78.69947988974629,104.98587536042238,72.1517972779008,-0.10236935929381938,592.3204819221388,592.9268366044486,191.91262121386825
high_roughness_0230,high_roughness,3.4145352871438006,5.79939434165739,2.863660845953394,88.48967049400254,237.28611459593975,27.312413661971387,233.95545671433212
medium_roughness_0342,medium_roughness,38.132061634432425,92.00762359231989,30.0242299302432,6.754176155416966,203.27512556578924,189.5455655049308,207.92243544682862
high_roughness_0119,high_roughness,14.540643186657455,36.18264073064218,10.83250297299544,38.226359661610104,195.95324343551138,121.0474518312624,198.94894490614533
high_roughness_0116,high_roughness,28.918371340781256,46.81513803123534,25.978179691995898,30.929984324503042,358.6521944717183,247.72112694212967,368.68675366975367
medium_roughness_0393,medium_roughness,48.02394960572263,100.2735956650388,39.831183268252815,-0.47224325213929813,382.3683860045761,384.17409490579666,128.33154507465662
medium_roughness_0080,medium_roughness,25.804677163046748,84.41075849304428,15.621958666983042,29.539108909985238,406.6728120763644,286.5452872098275,296.3703548677266
high_roughness_0026,high_roughness,26.139001217500336,87.26145299351919,20.215974913248168,39.17022091128148,197.928124871071,120.39924111351542,310.735272937268
medium_roughness_0313,medium_roughness,31.04596957848392,78.54822964903641,23.06754408249539,-3.0987837135887344,242.56712934853442,250.08376004730653,128.38884141966702
high_roughness_0200,high_roughness,20.82624851509888,61.41279242700796,16.42609945920344,72.07745349289932,314.1538974510862,87.71976811964893,143.033377379179
high_roughness_0289,high_roughness,93.66860764553716,140.65344098180924,80.13568070040665,13.36330058526881,462.43360236770286,400.63721007602,446.22096730433407
medium_roughness_0360,medium_roughness,74.2767204473161,101.61030720577324,69.43468111524061,-0.2592718816538761,872.6536409595864,874.9161864748233,308.23706533163784
medium_roughness_0318,medium_roughness,45.293105858541914,88.24778464033065,37.36272615814909,-0.3129005719297182,210.33256412942518,210.9906959255406,68.3886216595769
medium_roughness_0078,medium_roughness,17.886817447850916,29.106794885871413,15.083609125832448,31.16747182838425,204.82270088975702,140.98464329180626,278.0944865249097
high_roughness_0080,high_roughness,49.69590917689639,105.17871197586685,44.992141619844624,-0.2939969802596105,235.66574262673123,236.3585927935602,188.28547951430082
high_roughness_0033,high_roughness,49.653651734267925,97.04730100462935,39.67416611487441,-0.498699673030349,320.88822225784946,322.48849077304226,68.38821252062917
high_roughness_0112,high_roughness,46.81008679043286,83.7498596869903,40.76231055266099,27.59226038933818,391.8414897187386,283.72356556208246,220.83625619262457
medium_roughness_0042,medium_roughness,53.32944706483583,84.63242796000384,47.537000170327474,10.736438416739604,318.843597135158,284.61115068302445,160.4008260589093
high_roughness_0126,high_roughness,56.463918895561555,100.4753112050711,48.41131497663076,-0.3847748555546154,490.13640304812,492.02232468496896,188.30004495233297
medium_roughness_0259,medium_roughness,18.71839314490626,31.77078692152803,15.501234963368933,45.240601803547776,252.47663998746833,138.25468864376091,382.512248262763
medium_roughness_0005,medium_roughness,41.166862042053395,102.81939462869929,31.147715650592914,43.37215073128515,359.21621306652037,203.41641568409472,86.9653976842761
medium_roughness_0208,medium_roughness,21.511784651752937,29.239539492598986,19.40272678515677,21.370253525615343,102.75143162310367,80.79319018404712,382.7762524977326
high_roughness_0204,high_roughness,51.375460208095944,103.30747538253665,42.75638053810996,-0.33721376762684874,206.50776634404872,207.20413896337953,68.52284703105688
medium_roughness_0376,medium_roughness,27.254434235741943,60.57271427279377,22.384988472683634,8.796020209129273,214.4541926956315,195.5907585667987,251.25914517566562
high_roughness_0386,high_roughness,60.418641732363106,113.03418229017191,43.71139015090432,14.53744454248486,379.9819962279792,324.7423242549098,353.3629882428795
low_roughness_0045,low_roughness,64.53140862004675,100.6221617541382,57.12405502895401,19.149312676471126,750.8491025492724,607.0666601736349,191.1113728582859
low_roughness_0154,low_roughness,37.26560436956501,95.29173117023996,28.234265156337592,3.723159198348902,463.4406806997966,446.18604636743135,154.97654025927187
low_roughness_0191,low_roughness,83.43379482142363,102.69247658030929,78.82786505814683,-0.17855508348346288,877.5692391711991,879.1361836588264,68.34138283804059
medium_roughness_0296,medium_roughness,42.427638404577394,96.42321716483472,36.306511875640055,3.9845118960876413,242.89736016438093,233.21908595334833,86.58856509998441
medium_roughness_0140,medium_roughness,12.697834687557984,22.80158589980449,10.295635562071194,35.370046409848214,140.30439056892442,90.67866250964116,273.16491203680636
medium_roughness_0362,medium_roughness,39.32548479091249,65.34706372782178,34.13423012705576,7.749048057307467,368.5138023928951,339.9574907476586,143.81965693607927
low_roughness_0354,low_roughness,48.34026563678818,73.3863759859349,45.341288427602095,-0.34765571019069136,336.7856647178131,337.9565193123083,188.29188769385217
medium_roughness_0214,medium_roughness,25.124902884962776,75.74707144570051,15.615922741014097,51.755620515934716,227.79993078035307,109.90066307011158,254.80182791762053
medium_roughness_0324,medium_roughness,39.7730118107538,81.0095317960133,33.74517360946897,-1.2611856665265009,569.4831545594266,576.665394478013,128.3495189063251
low_roughness_0073,low_roughness,34.931324199964585,97.9442598227707,23.756559395586226,56.80544035497584,449.83263266514734,194.3032248193295,204.2851424947381
low_roughness_0002,low_roughness,35.680327607596865,63.91844953135669,27.847372269439155,7.659366992426779,157.175353086476,145.13671597194022,198.40249559134244
medium_roughness_0221,medium_roughness,45.75233576984135,78.13088673328411,38.909699693403766,-0.5405996081510671,214.16956009076512,215.32735989339466,128.34009997993707
high_roughness_0345,high_roughness,70.08009869674285,110.57773261929111,61.100315120442396,-0.4097564957627936,364.3415414235641,365.8344545563094,128.3531009133905
high_roughness_0056,high_roughness,24.36050049455692,70.24811588655973,17.13927486610727,59.04918220374881,181.2186148337962,74.2105047734781,195.50803841911255
low_roughness_0137,low_roughness,39.59078054353533,77.89935198359358,34.056093118845205,-1.4788636226597331,171.22127399702936,173.75340313242597,128.37491058185697
medium_roughness_0096,medium_roughness,91.22810576326191,122.38203685730399,79.33513379357734,13.504790522618922,896.4605425464583,775.395424157626,436.0339585527778
low_roughness_0178,low_roughness,64.63460099701753,84.51285807949975,59.468606885955296,1.402706213215632,445.4042290399071,439.1565162452391,270.2047307945788
high_roughness_0375,high_roughness,42.345284244568894,89.68118658811059,35.45760802795539,9.05391700818593,399.46678875513885,363.29939722598317,380.14658160693944
low_roughness_0280,low_roughness,87.37484838747804,112.46142093832165,76.77975640321309,10.690535698745322,825.8975517925494,737.6046791831033,430.37696197107437
medium_roughness_0056,medium_roughness,14.460546359861477,21.923358521983207,12.560028724071156,12.607555264842146,133.05352238820032,116.27872602128885,275.34269416108725
low_roughness_0398,low_roughness,57.151004868282186,78.69375503489532,52.69630103572878,18.496913179462222,523.0051307028457,426.2653257526074,219.61591288112103
low_roughness_0174,low_roughness,23.942305697468274,53.47171599157481,18.681657607295858,55.886506049748625,415.22918328288097,183.17210064717187,261.23003474250436
medium_roughness_0024,medium_roughness,22.217878353489365,42.55555517418971,18.23800673769457,34.88464596661413,163.4304928247326,106.41834400133192,356.0744281113148
low_roughness_0309,low_roughness,41.23681489756102,93.8492123835091,31.66917291620817,10.260093441705202,408.5432286168772,366.62631161102627,109.77316376939416
medium_roughness_0220,medium_roughness,22.565970672396215,52.69119753632407,17.126586412880187,46.16677265079781,345.9547916951326,186.23862953869957,230.55574416071175
high_roughness_0166,high_roughness,53.20082341388713,144.65298605916277,29.841720817427607,44.4574235007454,231.86408889699655,128.783288949914,196.68624638170004
high_roughness_0328,high_roughness,36.19838448740718,101.76903191834843,27.914045968133347,6.65207817574414,218.74932587124906,204.19794970538027,139.20121093913912
high_roughness_0236,high_roughness,36.43720051995833,49.56927194704107,32.67276724928157,22.98386905666638,165.44991660511994,127.42312441823545,181.56247797161342
low_roughness_0340,low_roughness,11.152934429687438,17.92169804536121,10.188691906044662,-9.293712728956864,100.09773399025937,109.40052983550949,69.38604897372424
medium_roughness_0084,medium_roughness,46.437237303249795,92.18573316217693,39.09499237020128,3.4148531566093205,431.62905593579427,416.8895574943278,138.6405414275825
medium_roughness_0222,medium_roughness,34.14901288386235,64.23048417627443,31.577996399432067,-0.860434076638776,163.8471342123068,165.25693078866556,188.33624591864645
medium_roughness_0160,medium_roughness,6.509611339460078,8.68709961945477,5.822054536670712,12.829004065363044,43.59649905860754,38.00350242202282,229.0218026228249
low_roughness_0138,low_roughness,16.000728254227983,43.59042368404273,11.351443870238707,22.089344084651593,86.28726231616012,67.2269720419176,315.46120441630484
medium_roughness_0146,medium_roughness,82.55450923445125,102.08974114014518,75.2896399910605,-0.182243837935508,1071.0438858095595,1072.9957972930324,188.319221528247
high_roughness_0301,high_roughness,74.60926785187127,119.44054738322804,66.07555003964079,11.36290609939182,888.2275154042061,787.2990568798651,142.30920844487846
high_roughness_0279,high_roughness,17.303733101124067,44.4053471727898,12.700526986605167,26.73757882531422,203.73956680966216,149.264539535575,295.0141561627388
high_roughness_0284,high_roughness,24.70245485494058,64.15770225230582,18.60533362531834,31.98481413364174,238.5995034388429,162.28389574013687,254.04583697319032
high_roughness_0261,high_roughness,20.94756134814653,44.718910416885905,18.82252754573682,-4.702741096569953,189.0037431806181,197.89209988522856,128.58874543756247
low_roughness_0152,low_roughness,58.194139546990684,76.78249286625179,52.31913540617306,-0.15309765209246348,385.6628984408086,386.2533392833132,68.38101337328553
high_roughness_0082,high_roughness,3.5476572960711787,6.3411697393036235,2.9322529537952784,68.90342357402706,98.1501834542272,30.521346810076405,196.36934842020273
high_roughness_0282,high_roughness,40.79524211856513,78.3423419968452,29.424085689126958,11.642910254019894,248.85169344967977,219.87811411572486,216.1563053984195
high_roughness_0181,high_roughness,50.56725454384541,73.56615154764772,47.24805229819695,-0.5353057485882122,517.5376336967429,520.308042401029,188.36939509622752
low_roughness_0038,low_roughness,46.534116543183515,74.3323846123562,39.11596677654345,-1.3569082563662453,343.701635001202,348.3653508637991,188.33320482522248
medium_roughness_0037,medium_roughness,62.104905153703825,80.20745701685892,55.442835200524044,10.594812806731122,308.72596669498694,276.017028437882,320.1384385507554
low_roughness_0151,low_roughness,20.721251726543873,51.35991885975149,14.336522656806295,-3.009860390599582,103.06371120734369,106.16578502805547,189.8752446115017
high_roughness_0014,high_roughness,40.493906450578486,95.83687409890553,31.941600256028902,4.9270467096913,350.39955020807037,333.1352006987705,143.09410058967768
low_roughness_0078,low_roughness,32.49076202912096,49.85217103243229,30.66649900415062,-1.7634636553999705,172.82620805366662,175.87393541969897,188.36883345767856
low_roughness_0270,low_roughness,38.71710954496195,64.91176678199028,31.48320586081577,20.15137718268262,604.8072515690328,482.93026107714087,358.24847289547324
medium_roughness_0206,medium_roughness,41.107209037796665,88.21998396489779,32.9186947409686,-0.09704535142406302,301.4840408169829,301.7766170638812,248.00617915913463
medium_roughness_0189,medium_roughness,52.3522218230301,73.42743581711768,45.522313207502876,26.346148793119745,563.0171352010126,414.68380303019364,232.43223151452838
high_roughness_0343,high_roughness,60.86072079288976,102.66223629342653,54.10453879770921,-0.3984689002028123,454.3354875060858,456.1458731263824,248.27109136991203
low_roughness_0272,low_roughness,83.42992425428311,117.4148100464489,71.72626482006187,10.717559157205706,357.8412495693328,319.4894019578554,394.5113115720451
high_roughness_0148,high_roughness,59.78190661750265,99.95385419308968,52.21664354311988,15.889204087705568,709.4722141987901,596.7427261391807,365.8146025065333
low_roughness_0258,low_roughness,10.808117925256804,18.172747998873135,9.602079682599129,-9.664715434079264,73.72875714366174,80.85443171468003,188.81377726644277
low_roughness_0034,low_roughness,18.733797876494116,36.08867655380889,15.335929700860362,53.801899642463624,227.92580021347112,105.29738992333725,270.75631400570273
medium_roughness_0141,medium_roughness,30.935276013852395,45.36121612866483,27.46260251035186,-0.7603338159794186,125.34986471083302,126.30294212051393,128.30263954289256
low_roughness_0167,low_roughness,59.56992042194835,95.82388368877736,54.44580468682972,-0.43671035721377766,434.5461124116439,436.44382029141536,128.30334746204318
medium_roughness_0332,medium_roughness,18.221810857773594,30.90623873306034,15.301962649757524,23.12399921289508,168.7353096156914,129.71695794828284,299.6727061934769
high_roughness_0233,high_roughness,36.068353730734316,74.78056896516244,31.54217708445526,5.111198998235182,527.2007779994275,500.25449711563266,191.74724281951785
low_roughness_0119,low_roughness,23.70024449704324,35.36731053277911,21.436523979594305,27.50330028222167,247.2513975253003,179.24910321192735,179.81735643595457
high_roughness_0038,high_roughness,72.69517564227564,88.71673028526317,70.05761795254784,7.642926753688731,379.31976153872563,350.32863000205407,385.35941733308135
medium_roughness_0254,medium_roughness,29.39660411907838,49.47753693272583,26.09566333975721,31.063142544030555,239.65119878389623,165.20800529717653,224.69005865342916
high_roughness_0122,high_roughness,30.951493809071042,74.75064271651311,25.900483249301534,31.465917013247893,490.85922316258257,336.40586735037107,197.75473774522544
high_roughness_0308,high_roughness,12.541574441032257,21.78037589730615,10.507454742915163,46.50536429159295,183.52048658110834,98.17361574685995,307.3559457302093
low_roughness_0118,low_roughness,63.98117679243629,98.56939701456866,54.29535273832512,7.5609263028914215,307.00520775693207,283.79277025239173,237.3054757166654
medium_roughness_0307,medium_roughness,16.580432306932007,42.52730935326668,10.57341550915427,55.00793469552705,150.15744389986264,67.55893521895354,207.5123508606106
low_roughness_0361,low_roughness,29.726337046192796,47.51413589216942,26.737901084206307,-0.9057958909828705,108.7835183190112,109.7688749580114,188.2834606733173
medium_roughness_0322,medium_roughness,17.340308224110412,37.210660275781244,13.753598277860629,55.56045928927945,398.2288199570679,176.97105856664325,245.86200872659683
medium_roughness_0199,medium_roughness,48.187297571377314,112.34401159990772,36.159575809883435,7.913395820687628,641.5412209838014,590.7735248144809,345.24786255471406
low_roughness_0130,low_roughness,60.79278058549911,94.60650522140405,50.72512264878263,14.0243769366401,739.4125532486385,635.7145496642147,310.3986934203655
medium_roughness_0093,medium_roughness,56.091201192184506,108.83055991448789,44.85060799550066,16.228915311842904,581.822844863965,487.399308106037,395.96634601056576
low_roughness_0054,low_roughness,29.503375693855716,49.00128842320433,25.50319909015813,-1.553386941529544,115.31347066143535,117.10473505651458,188.25967706404626
medium_roughness_0357,medium_roughness,20.855330596452593,153.54366468906642,9.988409309792388,79.1351128274016,451.81553013880585,94.27080059173922,197.5828219331801
high_roughness_0354,high_roughness,50.5664496965261,107.61323197897916,41.050330306431235,25.672241360503605,596.1035630971103,443.07041762025824,198.17738389521838
high_roughness_0188,high_roughness,56.00297955858686,87.65225449886366,51.26284869914215,19.872119825421873,590.3689179529629,473.05009916530355,369.02580401077864
high_roughness_0387,high_roughness,44.734762594340715,90.73660319407537,38.52824207607096,22.79907701211987,722.0274379623384,557.4118463326688,234.19427697956561
low_roughness_0307,low_roughness,39.39040498757818,67.56121721789573,33.60231146414496,-0.5535172065719127,291.46022904211645,293.0735115601785,138.81084594242276
low_roughness_0338,low_roughness,96.51336604066998,127.31996498605008,85.38710805561296,8.889307878616838,365.6985730898954,333.19050102022595,443.12959282137456
high_roughness_0299,high_roughness,35.569963507745925,94.24900705601532,28.07811942192866,-0.2571935533831644,266.95562823072635,267.6422208969293,188.43538329601287
low_roughness_0142,low_roughness,68.1423494899136,98.5179516807517,61.08980920557245,-0.5398181145195887,1109.8859362478572,1115.8773015822285,128.31792193427682
high_roughness_0078,high_roughness,38.35760471328121,83.93365677457459,29.66973533817196,31.164648022999785,195.79678771864891,134.7774079857919,489.45074203573165
high_roughness_0034,high_roughness,67.54139747265292,102.2707903320587,59.32080510596952,18.277001572252455,1155.7189678825298,944.48819395182,368.25198176205157
low_roughness_0365,low_roughness,38.54924262272326,59.691269610077384,33.37043727522282,29.83525980790407,251.32354237090152,176.34051054611518,114.2037211932242
medium_roughness_0041,medium_roughness,75.10649329669124,94.95025303702343,68.4908817576592,12.236474535655756,731.9585476468528,642.39262635249,431.2670710645616
high_roughness_0326,high_roughness,41.69281217930984,95.00267851635608,33.964480784254455,13.528053847807332,639.3058652289117,552.8202235285539,218.3851519215852
low_roughness_0004,low_roughness,22.877117472715813,38.42541738301247,19.708066948529556,32.95593649285832,348.5861817711441,233.70634108376618,368.7047889366746
high_roughness_0015,high_roughness,6.390505901231723,10.673534581724184,5.328191817628857,78.04421567914271,91.33357957333037,20.053003743638982,278.31516716629267
high_roughness_0262,high_roughness,63.422301604622376,84.2228754157652,57.89354165131347,18.287322240912964,591.7994496716599,483.5751772902539,209.2362125519663
high_roughness_0149,high_roughness,35.72348416125147,66.53436616090515,29.495368300589877,3.5483424176509066,110.94433822875686,107.00765321540379,214.23018387705088
low_roughness_0359,low_roughness,31.976656191095135,75.99410668807548,26.085487303283422,56.12471241850003,803.3304454297456,352.46354316204554,200.84337678290905
medium_roughness_0386,medium_roughness,45.44663962361475,104.28781999109718,35.02065371923841,32.766222410616784,521.7827234100814,350.81423575736073,206.12669064737855
medium_roughness_0192,medium_roughness,62.851110239468,88.3878687451739,56.90939994401958,-0.451511365115432,617.9075402775319,620.6974630477902,188.32415230721236
high_roughness_0105,high_roughness,9.223877862279902,15.900162993297101,7.737653622454434,75.75298150549123,321.4919740741029,77.95221841210903,233.46014778353273
low_roughness_0157,low_roughness,51.528419873105726,76.47257491399259,49.73704525433961,7.304842897557001,368.3041402716248,341.40010143958466,368.2720185086131
low_roughness_0295,low_roughness,30.72249817150653,80.89855636481528,20.766105803891556,31.848254485704405,439.9957466969011,299.8647815625967,365.4806637875736
medium_roughness_0184,medium_roughness,25.283845808991725,59.63269011565683,21.276975746771473,56.68841832079171,521.0591197262543,225.67894623720034,257.9767030969262
low_roughness_0016,low_roughness,83.92214800970156,111.07450449179177,73.36991400104259,15.376993948926334,522.8795140859174,442.4763628447505,330.8647086050361
medium_roughness_0319,medium_roughness,24.79684340599796,51.91819545956122,19.99634759279482,28.07178124144102,405.65949511848737,291.7836490636915,314.666138189286
high_roughness_0143,high_roughness,5.825475458231794,10.08983644608427,4.8769332240315135,60.86020190207706,87.98578869073324,34.4374600484181,286.99541602134707
low_roughness_0271,low_roughness,61.157609068388325,86.12909031116672,57.83766363254633,-0.5598736836916077,619.6271645094337,623.0962939405265,188.2426447018981
low_roughness_0214,low_roughness,29.63725013987999,71.98392763032263,19.625587848626516,44.01484208300776,301.0048744110035,168.5180542768445,218.58602913320064
medium_roughness_0223,medium_roughness,80.01757899148899,109.39958631605408,70.19993093726796,9.422748171883217,266.2822193534667,241.19111639728786,402.7029004864395
medium_roughness_0121,medium_roughness,32.464768352592756,57.940175580695254,29.85491139314173,-1.3983692820296854,221.53276640912594,224.63061256422174,68.3492570258677
low_roughness_0287,low_roughness,19.319397231226034,52.07988816314047,13.496510498167947,61.323484620139496,410.2438956027441,158.6680433777342,155.92378352731467
low_roughness_0208,low_roughness,33.47401081346765,78.2946094353372,25.02099841062889,-1.9455675797098626,221.88311933282444,226.2000053674128,188.58237722814084
low_roughness_0122,low_roughness,21.48957634695976,40.54182756617516,16.65031845985886,52.305651819824675,223.64658667109381,106.66678173998906,252.51484750323
high_roughness_0135,high_roughness,40.16371794670611,66.66173660115169,36.04778589822922,-0.7237273740964991,209.1975204509563,210.71154017239098,128.32886195518077
high_roughness_0077,high_roughness,87.34021465852415,114.94143160736117,79.92729829962086,-0.11071832804172889,312.85805555619436,313.20444676445004,188.28227302655577
medium_roughness_0321,medium_roughness,65.0893724376853,100.86878010768878,55.3880227870859,0.03940775446042589,516.6475181899567,516.4439190045625,80.42886181920767
high_roughness_0192,high_roughness,63.07341162098467,100.13601723067563,52.58646944421899,-0.2032394980497495,495.31013589782873,496.316801731817,248.31746737398208
low_roughness_0357,low_roughness,48.45858357018057,74.4212094156538,43.9971221470441,7.528917819398477,325.9319547213717,301.3928057032406,374.22584907449783
medium_roughness_0181,medium_roughness,57.2726836407689,108.94942096418107,46.47783073035393,16.99627837196511,353.56463333730926,293.4718040304824,252.93827558346092
high_roughness_0267,high_roughness,42.33660279415186,101.28977597648196,31.150397298593713,12.780917683798963,391.19458088333545,341.196323517154,239.97899113819003
high_roughness_0355,high_roughness,23.577613730086526,43.14880777720683,20.15706021349964,-1.124324869867707,192.75142577235653,194.91857798933972,188.32757503576576
medium_roughness_0022,medium_roughness,22.135664354715544,46.72593791790626,17.831050313044965,27.334748429023147,236.31334977068462,171.71769010667043,182.67662234827876
medium_roughness_0150,medium_roughness,14.840551955477551,26.084860861542918,12.937207325311178,4.9528184049070925,53.07078678887521,50.4422870931668,180.86282906755804
high_roughness_0303,high_roughness,29.256689923152287,65.64545418546108,23.495619596249632,1.4994664419095656,264.4330670135655,260.46798191238486,194.4195031531155
high_roughness_0224,high_roughness,25.600536102625753,66.30327120917872,20.00598980192455,27.714128316376417,154.01185632781682,111.32881284269237,140.14066430442034
high_roughness_0256,high_roughness,52.42624835836896,104.81400601001934,46.65706347588815,-0.41302165165742655,538.2711015576276,540.4942777516756,188.31945199258627
low_roughness_0088,low_roughness,14.862746964178516,24.814742114947904,13.244422597704025,21.06274108561769,232.57055308217383,183.5848196450865,209.02574273198843
medium_roughness_0175,medium_roughness,4.804397168212479,8.958734503445987,3.701390675889651,69.4070067769001,113.29818116765092,34.661304886514884,282.41885111182927
medium_roughness_0295,medium_roughness,47.73432328201154,83.35479203848053,38.833249046679,-0.42403288853405885,183.14628901658176,183.9228895161417,68.39307901449502
medium_roughness_0264,medium_roughness,37.902332265979254,96.85196802546464,26.19034602478763,14.328833490298448,142.83381060607837,122.36739171648516,325.8503110103309
medium_roughness_0059,medium_roughness,84.19792563940184,116.11557749703121,76.40362247404461,18.168285908126077,725.4719435597146,593.6661266705466,336.5323056295514
high_roughness_0161,high_roughness,63.59482597597354,98.41959888884274,58.21932279776581,-0.7008928000558851,317.36811636339826,319.5925266406623,128.33434700481592
low_roughness_0368,low_roughness,26.258256165903614,36.30377371904197,22.466801797362926,25.24247048981077,86.49801929111257,64.66378229728265,371.47181119173763
high_roughness_0243,high_roughness,67.10244413351961,111.2497433531157,56.77361604318986,4.8235546835385845,618.2792955201633,588.4562556037511,200.6687028221786
medium_roughness_0345,medium_roughness,37.0761148680028,65.39115267169505,31.865804851799908,30.259927474681312,396.1333070282138,276.26365561841965,248.80548260621725
high_roughness_0222,high_roughness,26.99860297517492,54.378270428866045,22.059611170658506,54.991831177768255,400.8324777595865,180.4073582843692,147.96663895361127
low_roughness_0069,low_roughness,74.1608951480629,113.43843341506292,68.14086189362835,-0.17782444578436338,533.9055403513694,534.8549549195112,248.29410152323544
medium_roughness_0036,medium_roughness,15.914937172543963,21.35078943451984,14.102912500429323,11.333477267765536,91.63667231389371,81.25105088826177,322.72073340415955
low_roughness_0196,low_roughness,8.79472348783779,16.241805790486215,7.521576917316224,11.743506948170829,50.52467350799514,44.591304964043104,202.191226323694
high_roughness_0264,high_roughness,66.00924186445181,96.52224360479198,60.39489645509828,9.144007958602181,602.7337967796003,547.6197704328886,417.8549477364868
low_roughness_0312,low_roughness,69.82638975465251,97.95622598489336,68.6592587568737,-0.20510915636495078,730.1287971805705,731.6263581968451,128.3012217450887
low_roughness_0225,low_roughness,20.089162121550498,32.80451854563878,17.673027451122845,31.574786099899843,258.03176563738134,176.55878756758332,387.035821839422
medium_roughness_0048,medium_roughness,68.29866571385752,107.17858896203131,60.221759257728515,-0.5706984314118443,609.4666583048759,612.9448749638,128.30873090028763
high_roughness_0118,high_roughness,41.46268532177423,69.84256304007535,36.307380064343874,24.238570331604624,238.80909364582294,180.9251835242126,392.451498221606
low_roughness_0336,low_roughness,14.732867976585984,48.97676472838029,11.806506353178376,68.4122043215601,396.69304519776745,125.30658858765202,200.21947644576431
medium_roughness_0027,medium_roughness,76.70791753635032,111.01746846284617,72.87767611922294,-0.2610917365859271,633.4502319162333,635.104118127151,128.51279455013574
medium_roughness_0311,medium_roughness,25.067448159147116,43.129054612490485,23.94444205720548,-1.6020982776009791,272.648383975024,277.01647903859475,68.5155738003552
low_roughness_0113,low_roughness,25.59752429119017,69.83675508639908,14.767121031048424,22.942326232407638,72.10244131982701,55.56046401070201,206.74982892423867
low_roughness_0112,low_roughness,81.14028845349507,108.83624498421341,71.35364191109461,12.299496746488211,451.8829270143933,396.3036011083223,191.98199478276075
medium_roughness_0338,medium_roughness,27.72575313586157,68.69403130905047,21.972072935795698,41.78620536464978,247.2027646202252,143.90610972892608,207.57132144123315
low_roughness_0140,low_roughness,16.574136176065835,26.462312924370067,14.253689243531634,34.06639107234558,118.56792652947428,78.17611299157218,392.41445061564445
medium_roughness_0062,medium_roughness,30.817874872676455,69.8879051704709,24.709162866806423,0.1293236670564529,143.75477680021055,143.5688678512837,195.29947615414858
high_roughness_0213,high_roughness,41.27448936104868,56.39653432531098,37.096732627963476,23.95960985706482,217.04138825643628,165.03911840183684,423.8492412213236
low_roughness_0378,low_roughness,45.815536556930006,78.09814874915394,37.50887870757024,-0.6598008159522711,370.3900547079694,372.83389131113864,188.3392661318183
medium_roughness_0072,medium_roughness,70.27888188835367,164.66319639296722,60.18460536821067,10.044954933573019,686.6413349565651,617.6685223048939,220.53988325074315
medium_roughness_0299,medium_roughness,28.36157371192197,47.71200497773406,24.926941356194085,12.657681145416941,130.19192177516902,113.71264343977748,352.56020744293926
high_roughness_0199,high_roughness,24.373352979876696,37.38803070862522,21.27302308996378,47.560848269128776,168.9735325262539,88.60828710645532,374.8330645143986
high_roughness_0083,high_roughness,55.31792650823739,72.15498942521056,49.03289288679186,14.831791191621484,373.4281528378316,318.0420689581953,322.76230331249536
low_roughness_0333,low_roughness,61.69486039059857,98.94990003246052,49.36309176713319,0.3954099304524712,317.5623682416478,316.30669510224027,260.6073198724538
low_roughness_0343,low_roughness,37.78711062516441,62.742990374969,33.91430323899222,-1.3636846574240509,539.6440748092307,547.0031182621021,188.10658026374875
high_roughness_0125,high_roughness,79.96405741372367,104.30645949750254,72.23205167651795,-0.2715431393233756,483.9417782928608,485.2558889901346,188.29094764962792
low_roughness_0195,low_roughness,50.91455721862741,92.40933872850238,45.75922213080007,-0.5731100281251432,367.5827580952628,369.68941174356576,128.3150128275156
medium_roughness_0316,medium_roughness,48.777145179718644,74.66503508681767,44.48455066876737,-0.7318861486352363,304.37573213538803,306.60341595869403,68.0772916931659
high_roughness_0186,high_roughness,20.90634583646964,58.564099171607445,14.619576243338718,20.172509728190388,207.35953882043867,165.52991567955496,195.9112026050687
medium_roughness_0366,medium_roughness,28.98717030984891,54.93932197675855,24.087337106025764,3.7642641085923128,292.5778777999067,281.5644737562037,251.86491847112774
high_roughness_0338,high_roughness,25.771327138933852,39.354002681707925,23.145474549773798,-1.0287172133438285,135.27579547807565,136.6674008716464,188.29220934472977
high_roughness_0334,high_roughness,43.76285577436491,89.9668924815417,36.483703752752916,36.69804176656935,279.3751514490501,176.84994168486134,309.31030124910177
medium_roughness_0225,medium_roughness,39.74998754582784,107.39519209230374,22.554721033014623,17.587823306437325,213.89480388280288,176.27536371424486,207.41898223012686
high_roughness_0027,high_roughness,49.8354814221352,74.9222251288843,45.40995634415695,27.801215165738363,434.94053762060435,314.0217829136809,412.4318586859852
high_roughness_0066,high_roughness,10.2067681819087,16.29227661331246,8.795308865300836,29.209102672807088,81.5172028509187,57.706759374193425,336.93804032020273
high_roughness_0379,high_roughness,31.220946141082646,60.06793439481926,25.787219162531933,51.08381179382594,334.4386882528174,163.5946581800079,248.38026024848222
high_roughness_0234,high_roughness,32.98695210559228,76.36881316936646,24.387199988961026,-1.337550000663742,180.8018106483726,183.22012526789996,188.4931339621544
high_roughness_0333,high_roughness,33.84140598680303,77.4291636499355,26.654959418753492,28.262416877763414,211.30519991930433,151.58524343371914,193.67421716190876
medium_roughness_0101,medium_roughness,20.90338254789729,41.48350262908209,18.228073343166006,37.83317919776868,282.36573692334093,175.53780168003328,179.60957508981227
medium_roughness_0021,medium_roughness,25.403364097024408,62.16203707541604,20.615454317789045,44.50506770984717,616.5276573207948,342.14160598024057,203.84806992709636
high_roughness_0247,high_roughness,20.682117977221445,52.51865606115713,14.284135745572467,49.16479569445369,264.1765828704604,134.29470562960938,290.1378184325993
low_roughness_0253,low_roughness,54.13635212023838,107.77284975020929,43.04866840890157,-0.3943211810646631,370.7160948566096,372.17790694024495,248.30842665061354
low_roughness_0175,low_roughness,88.95987728384202,115.35597848299977,78.34380746723832,14.505389629301401,494.6426071517558,422.89276971185893,438.5376503296196
medium_roughness_0258,medium_roughness,55.91707897375055,85.5406159593267,52.86348890467694,-0.27138754486325956,710.5837531802661,712.5121889822192,248.31382897794248
low_roughness_0066,low_roughness,9.509638373946544,30.433701125667397,7.308719230328353,56.57725768735067,165.3068086245678,71.78074953431046,273.9940035879612
medium_roughness_0382,medium_roughness,8.788334951214555,21.63411597162079,6.268851837011454,61.09687257413771,73.4552956973659,28.576407286190197,230.59136575758458
high_roughness_0108,high_roughness,36.133329429024464,58.42088100830523,30.58414696983282,17.189858187205033,324.0373821937711,268.3358157211303,305.9574633140117
high_roughness_0021,high_roughness,74.81047522959098,117.9154493057948,61.235033182755686,4.934945568407885,1210.281911574773,1150.5551580142715,217.67687411643564
high_roughness_0207,high_roughness,43.79694631559488,73.09135989711125,39.912120668011596,-0.41549850453656273,227.79377702416153,228.74025676112427,188.26681882701814
medium_roughness_0389,medium_roughness,30.63664235387865,68.21940474804335,22.481371487115023,-0.6143832599655834,309.17381194957704,311.0733240943927,248.57857372909785
high_roughness_0017,high_roughness,63.03594348576838,83.04329899435504,54.467256887270665,19.56386913919169,578.7894646514915,465.5558511956455,184.46070629358292
medium_roughness_0154,medium_roughness,71.62225507017206,178.48222337809892,68.04647653349814,12.62180148577985,950.4777920616547,830.5103719812092,233.18775634653866
medium_roughness_0310,medium_roughness,27.6669770894622,70.00341709802758,22.571971477824633,47.98507364138594,215.14884872476287,111.90951522559138,127.23143245056272
low_roughness_0133,low_roughness,47.16793289058579,70.60614398964952,41.41561248696105,6.501304991107262,267.04020632703373,249.67910806483115,214.38765974603592
medium_roughness_0159,medium_roughness,62.90863025038527,107.9716590669141,48.00547442947483,15.100919660587477,238.160685120066,202.19623139698012,118.03553773574531
medium_roughness_0166,medium_roughness,27.557239615368534,72.95584516268303,21.18437428677731,45.35782714917371,287.2688220758881,156.96992630523943,136.32859145775438
low_roughness_0143,low_roughness,63.96946152578501,110.57673029416787,49.36419266707382,5.121229313944488,412.4501836810273,391.32766396893663,142.05800135061145
medium_roughness_0178,medium_roughness,4.094812623784522,10.36120380331031,3.4895775087909824,84.5084018534518,82.3579039678402,12.758555524617876,158.53015784621238
medium_roughness_0317,medium_roughness,58.63745287841895,103.01660721032185,47.535110254960856,2.1366078506738138,668.5041717303344,654.2208591150621,261.1945556093007
low_roughness_0374,low_roughness,24.444185298675634,54.366460572475916,18.624830613252648,42.04030044140805,324.28165371508896,187.9526722168991,137.92787088006736
medium_roughness_0193,medium_roughness,51.6383779704591,100.61361684501799,41.97355516988121,0.0006547643259864853,662.6444070380467,662.6400682788612,252.20393770076333
medium_roughness_0364,medium_roughness,42.55704067567839,81.69337251494375,34.65809599168303,-0.4698638449041504,267.7138253396988,268.9717158127799,188.30415018573404
low_roughness_0160,low_roughness,46.60919385256826,77.39621932264299,39.99357001931645,22.411531898831026,586.65025922615,455.17294924510645,432.6604724533856
high_roughness_0212,high_roughness,3.923667973565607,6.717096934260411,3.279203406454846,42.60045976635312,20.593407532953528,11.820521242356527,268.32584816515447
high_roughness_0142,high_roughness,58.57419122998329,109.6216963847258,47.74816789457609,2.192066663745377,733.7172320372995,717.6336611876545,76.03085879199207
low_roughness_0220,low_roughness,67.64877919594306,91.3004596573259,59.36618950800325,14.950178603264929,291.0455008751792,247.5336786775729,432.6653809428215
low_roughness_0215,low_roughness,69.90003403014884,93.2665849033184,61.0193622054894,14.189236051203375,275.77016341093986,236.64048396577232,324.13452265150846
medium_roughness_0068,medium_roughness,20.90118831416802,33.90386619869724,18.767697065379984,-1.8505556143320165,73.62690205744488,74.98940882712766,68.44397454969585
low_roughness_0291,low_roughness,24.324380875481825,55.141858538222856,20.523235708233415,20.919307396753357,93.99708597407977,74.33354661517149,266.65908122770486
medium_roughness_0170,medium_roughness,33.43001683240938,100.46797192598572,27.00800065487282,16.31139064861468,463.1843132763994,387.63251051478267,261.314129312709
low_roughness_0079,low_roughness,19.81609501337219,57.93864893814238,14.13432989623675,61.80908151839772,433.89984170394206,165.71033483695385,195.9072596795857
high_roughness_0381,high_roughness,18.367850458270148,33.32312992576111,15.409647921131192,23.49953064676506,232.4077336544027,177.79300705883423,226.30197279006242
low_roughness_0204,low_roughness,9.603764530484177,33.34298911599766,5.7552091085754835,72.75871022420768,234.38612551792275,63.84980364658967,366.1401615470648
medium_roughness_0246,medium_roughness,41.41291196564176,81.65222255019513,35.10707718143965,26.09956413394032,540.9446722613432,399.76047059536063,311.3166813593358
low_roughness_0221,low_roughness,22.9478749599689,43.49121591433636,18.1453973017301,48.123674196355275,523.3012875853597,271.46948088244903,212.234697163105
high_roughness_0257,high_roughness,41.48089118477609,90.91629604644713,34.01918095580207,8.57056867963221,370.23604692722535,338.50471224857216,275.4433219887316
high_roughness_0287,high_roughness,40.7096170420723,80.01084873512235,36.63227236635824,-0.4159052256863324,290.49685219452346,291.7050437832548,188.2870984967798
medium_roughness_0069,medium_roughness,48.641270426219016,102.69226665014752,36.60066108585825,12.771674936718954,173.31752358658454,151.18197286573476,368.2959950309247
low_roughness_0325,low_roughness,14.474117389540078,24.55453940062809,11.9986211533617,38.04234345520192,144.694422088335,89.64927307697104,166.85108111426234
low_roughness_0093,low_roughness,83.37650743973713,108.59861913793979,75.6852394736489,14.738150267946413,1054.8398504563097,899.3759682098776,246.26378297545017
low_roughness_0360,low_roughness,44.11529595243235,72.80347766694136,38.11011780140059,-0.35490002950482896,123.21095016265656,123.648225861137,188.30469781421124
low_roughness_0254,low_roughness,70.76373484572487,97.17187408502048,63.92084001116636,14.996358140085324,642.6927438928014,546.3122382782956,258.94208294264973
medium_roughness_0151,medium_roughness,20.154389628384408,26.178468958679126,18.400897060518126,18.77542065150306,137.01031985471266,111.28605596602054,349.3979275994003
low_roughness_0311,low_roughness,78.8706945624535,98.14143175050233,70.20870896242482,6.7080488383504,599.4603706233438,559.2482761953736,406.709554079175
high_roughness_0205,high_roughness,43.42658938223127,112.17752653499477,32.87138575025277,13.200586924789803,218.60774741530707,189.75024169342453,154.81424331143498
medium_roughness_0044,medium_roughness,14.360168523142,18.366885056909073,12.954020337155495,15.577488961665827,135.53935516687238,114.4257270770398,141.87271675765516
high_roughness_0231,high_roughness,37.28482430223632,84.1262214001634,29.45583878125395,20.019149367187808,414.30513520287843,331.3647713506848,163.51706165522336
high_roughness_0062,high_roughness,47.37844406614067,85.91193180311042,39.567002074387325,21.277082140851203,570.7647764420446,449.3226861274251,249.0713692713529
medium_roughness_0029,medium_roughness,3.771215335491788,10.354650263040112,3.132603682732304,69.94972947726629,127.73555889504539,38.38488100168698,261.31430748999117
high_roughness_0037,high_roughness,25.52621293821291,64.57942290001637,16.577539540273968,41.26053557622331,466.5623316123592,274.05621479218473,158.28991848826408
high_roughness_0377,high_roughness,34.86531934648162,77.07317856240947,23.1269750372893,24.38706706840982,178.7265151834274,135.1403600566133,211.2949364643544
high_roughness_0366,high_roughness,40.81152436348364,91.05413981777635,32.293819325786885,18.747259629111486,532.9929749419093,433.07139812462447,337.8270031865686
medium_roughness_0094,medium_roughness,45.726609305947896,99.7176543503082,37.58332285164223,-0.7378766988386429,440.0804310397366,443.3276819965275,128.4419307116419
medium_roughness_0196,medium_roughness,32.410908834950106,71.30389041186109,24.14578542432151,21.317014784719937,264.49482018498645,208.11242026133448,358.65068113580344
low_roughness_0051,low_roughness,88.23200158894826,122.14889649555629,76.69857851831102,8.921066744632624,422.2088194271155,384.5432888442971,319.76352741010487
medium_roughness_0179,medium_roughness,32.09740399408213,56.2746393976135,29.135820699835534,-1.4079054132212956,283.32683714607595,287.31581102336423,188.31552327796817
low_roughness_0393,low_roughness,25.3279106894701,57.401928050244884,20.113435874492534,9.962921856294525,186.019390994854,167.48642443248173,136.23664209358395
low_roughness_0075,low_roughness,37.40221878581154,66.60188747650804,35.238859454336335,13.666561692005075,416.1032847735826,359.23627265754135,169.61238525100052
medium_roughness_0016,medium_roughness,11.237434924546177,28.360952111758657,8.532289049186993,39.891351215421786,113.77576613734607,68.38907566946042,150.1720142699778
medium_roughness_0054,medium_roughness,50.85188101433171,93.08716989060856,43.818361187145875,-0.7238640555858438,539.1036079577888,543.0059851981616,188.32811031267047
high_roughness_0136,high_roughness,29.632484038658603,62.223361549751445,23.78867582638127,32.707523377175434,172.07822424051375,115.79569882001935,215.62880381718278
high_roughness_0022,high_roughness,47.81219500114117,86.92802651084943,39.76347734345506,2.229834757255828,461.3895384011645,451.1013141075531,248.02503964826465
high_roughness_0138,high_roughness,28.641276373315584,53.92011747546521,25.21889596416218,47.7135318689565,274.3707096110295,143.45875364168884,147.4723233126104
low_roughness_0266,low_roughness,53.79210029965505,90.56919969379445,43.15592223700405,0.8948675628998441,331.9102058069953,328.9400490372744,197.18665219172834
high_roughness_0030,high_roughness,46.76658612259691,80.30432698825291,41.213138084977345,-0.8409354980258811,210.39707162660372,212.16637528871877,128.33325766548515
high_roughness_0389,high_roughness,39.78007948510394,73.96837736091943,34.382583795815,-1.1825586366980885,210.77166642191742,213.26416496690229,128.3845431305468
low_roughness_0268,low_roughness,78.92586253508587,106.64125618075602,69.51228638935456,10.201799506187125,455.74473032203366,409.2505666745666,248.20903591699897
high_roughness_0311,high_roughness,7.5325100324867025,13.265644988653797,6.192081804945662,50.95844076390511,85.70708480638409,42.03209076485294,148.06993928402662
high_roughness_0315,high_roughness,52.374605633228164,85.61357362603844,43.18537728306236,-0.1894662631301936,134.39375928993383,134.64839012354065,188.2987133126706
high_roughness_0237,high_roughness,38.97621972076109,73.84761825047768,32.14982861613562,23.57225618855774,586.3637127151516,448.1445561571973,105.12345997802913
low_roughness_0369,low_roughness,2.543409980825339,6.181014632334126,1.7719115068877396,82.07747281809166,71.26142083753265,12.77184751982088,269.5251590877771
low_roughness_0090,low_roughness,33.410643190010425,61.32478865555209,27.430593548425385,22.137103007036963,494.8840641890098,385.3310691340778,364.05833885744215
low_roughness_0353,low_roughness,37.274807752788725,66.64050789047467,31.018909799330252,-0.5553382483456215,292.19644279827844,293.8191214054426,128.3962060548365
high_roughness_0069,high_roughness,42.24167737326428,82.36187472323202,34.568102105804954,23.910420011225607,665.784034565585,506.59227553327014,247.69261281900108
medium_roughness_0046,medium_roughness,72.49053718289201,99.89091290097896,69.1865342451763,-0.19264796869589684,389.49494739506497,390.2453014993947,188.32953825257718
high_roughness_0372,high_roughness,42.82953110874464,105.46831097092995,33.979705484774684,23.35625555185725,333.8590454029154,255.88207357561936,78.89270422160625
high_roughness_0397,high_roughness,41.53577483309087,89.61493110171705,33.78338027804709,30.65808280841291,165.18493460931057,114.54240056976542,422.7193493753672
