iteration,residual_rmse_nm,loss,energy_ratio
1,140.2410888671875,511836.09375,2.5024378299713135
2,95.66424560546875,165256.59375,1.705757737159729
3,72.72675323486328,74924.609375,1.3165637254714966
4,61.693084716796875,47253.55078125,1.1415421962738037
5,56.76390075683594,37515.78515625,1.06431245803833
6,54.63298797607422,33715.66796875,1.0295926332473755
7,53.712158203125,32122.048828125,1.0134174823760986
8,53.31117630004883,31420.322265625,1.005539059638977
9,53.13734817504883,31102.984375,1.0015450716018677
10,53.06436538696289,30958.40625,0.9994428157806396
11,53.035987854003906,30892.923828125,0.9982916712760925
12,53.026363372802734,30862.921875,0.9976234436035156
13,53.02328872680664,30847.25390625,0.9971935153007507
14,53.02090072631836,30835.39453125,0.9968703985214233
15,53.0163688659668,30821.96875,0.9965802431106567
16,53.00838851928711,30804.208984375,0.9962784647941589
17,52.99650955200195,30780.78515625,0.9959359765052795
18,52.98093795776367,30751.494140625,0.995536744594574
19,52.96276092529297,30718.052734375,0.9950965642929077
20,52.94437026977539,30684.603515625,0.9946643114089966
21,52.92996597290039,30656.8828125,0.9942706823348999
22,52.92558670043945,30643.396484375,0.9939703941345215
23,52.938716888427734,30655.046875,0.9938434362411499
24,52.975860595703125,30700.552734375,0.9939316511154175
25,53.03750228881836,30780.541015625,0.9942338466644287
26,53.11270523071289,30880.25,0.9946719408035278
27,53.1791877746582,30969.265625,0.9950841665267944
28,53.21429443359375,31016.767578125,0.995317280292511
29,53.209007263183594,31010.470703125,0.9953124523162842
30,53.17229461669922,30962.59765625,0.995132327079773
31,53.122535705566406,30898.212890625,0.9949033260345459
32,53.0763053894043,30839.673828125,0.9947335720062256
33,53.042266845703125,30798.478515625,0.994674801826477
34,53.02179718017578,30776.009765625,0.9947209358215332
35,53.012210845947266,30767.94921875,0.9948300719261169
36,53.009605407714844,30768.552734375,0.99495929479599
37,53.01060485839844,30773.0859375,0.9950791597366333
38,53.01278305053711,30778.28125,0.9951740503311157
39,53.0146369934082,30782.0859375,0.9952328205108643
40,53.01537322998047,30783.40625,0.9952493906021118
41,53.01474380493164,30781.94140625,0.9952234029769897
42,53.01286697387695,30777.89453125,0.9951567053794861
43,53.01021194458008,30771.939453125,0.9950546026229858
44,53.0074577331543,30765.11328125,0.9949254393577576
45,53.005455017089844,30758.69921875,0.9947800040245056
46,53.00506591796875,30754.021484375,0.9946295022964478
47,53.0069580078125,30752.080078125,0.994482159614563
48,53.011409759521484,30753.625,0.9943534135818481
49,53.017906188964844,30758.12109375,0.9942452311515808
50,53.024986267089844,30763.986328125,0.9941616058349609
51,53.03038024902344,30768.134765625,0.9940866231918335
52,53.03193283081055,30767.734375,0.9940082430839539
53,53.02829360961914,30760.9296875,0.9939165115356445
54,53.01951217651367,30747.734375,0.9938094019889832
55,53.007110595703125,30730.16015625,0.993695855140686
56,52.99321746826172,30710.970703125,0.9935860633850098
57,52.979618072509766,30692.525390625,0.9934903383255005
58,52.96762466430664,30676.31640625,0.9934078454971313
59,52.95751953125,30662.44921875,0.9933306574821472
60,52.949127197265625,30650.533203125,0.9932523369789124
61,52.94209671020508,30639.927734375,0.9931643605232239
62,52.93610763549805,30630.12890625,0.9930620789527893
63,52.93107223510742,30621.03125,0.9929453730583191
64,52.927093505859375,30612.84375,0.9928172826766968
65,52.92431640625,30605.85546875,0.9926824569702148
66,52.9227294921875,30600.1640625,0.9925448298454285
67,52.922183990478516,30595.7578125,0.9924100637435913
68,52.922306060791016,30592.328125,0.9922826290130615
69,52.92232894897461,30589.26171875,0.9921720623970032
70,52.92116165161133,30585.17578125,0.9920745491981506
71,52.917701721191406,30578.599609375,0.9919824004173279
72,52.91147232055664,30568.78515625,0.9918888807296753
73,52.90264892578125,30555.845703125,0.9917909502983093
74,52.891807556152344,30540.390625,0.9916860461235046
75,52.879913330078125,30523.548828125,0.9915749430656433
76,52.868228912353516,30507.04296875,0.9914668798446655
77,52.85807800292969,30492.828125,0.9913774132728577
78,52.8490104675293,30479.982421875,0.9912921190261841
79,52.83997344970703,30466.62109375,0.991186797618866
80,52.8306770324707,30452.234375,0.9910554885864258
81,52.82135009765625,30437.234375,0.9909031391143799
82,52.812477111816406,30422.541015625,0.9907428622245789
83,52.8044319152832,30408.888671875,0.9905857443809509
84,52.797019958496094,30396.21484375,0.9904372692108154
85,52.7901496887207,30384.6796875,0.9903072714805603
86,52.78327941894531,30373.55078125,0.9901915788650513
87,52.77518081665039,30360.85546875,0.9900704026222229
88,52.765438079833984,30346.01171875,0.9899398684501648
89,52.75443649291992,30329.568359375,0.9898034930229187
90,52.742740631103516,30312.318359375,0.9896669387817383
91,52.73080825805664,30294.8984375,0.9895336031913757
92,52.71897506713867,30277.693359375,0.9894037842750549
93,52.70737075805664,30260.78125,0.989274799823761
94,52.696075439453125,30244.154296875,0.9891430735588074
95,52.685020446777344,30227.640625,0.9890052080154419
96,52.67413330078125,30211.107421875,0.9888595342636108
97,52.663360595703125,30194.482421875,0.9887055158615112
98,52.652652740478516,30177.703125,0.9885430932044983
99,52.641910552978516,30160.697265625,0.988373875617981
100,52.63092803955078,30143.271484375,0.9881991147994995
101,52.6195068359375,30125.220703125,0.9880195260047913
102,52.607421875,30106.283203125,0.9878351092338562
103,52.594547271728516,30086.2734375,0.9876444935798645
104,52.580772399902344,30065.048828125,0.9874466061592102
105,52.56608200073242,30042.548828125,0.9872402548789978
106,52.550472259521484,30018.744140625,0.9870244264602661
107,52.5339241027832,29993.556640625,0.9867967367172241
108,52.51645278930664,29966.9375,0.9865546822547913
109,52.49803924560547,29938.75,0.9862942695617676
110,52.4785270690918,29908.697265625,0.9860109686851501
111,52.457584381103516,29876.240234375,0.9856986999511719
112,52.434715270996094,29840.58203125,0.985349178314209
113,52.409122467041016,29800.53515625,0.9849512577056885
114,52.37974166870117,29754.392578125,0.9844871759414673
115,52.34502410888672,29699.71484375,0.9839305281639099
116,52.30289840698242,29633.13671875,0.9832435846328735
117,52.250492095947266,29550.490234375,0.9823903441429138
118,52.18381881713867,29446.169921875,0.9813270568847656
119,52.098114013671875,29312.87890625,0.9799768328666687
120,51.98809051513672,29142.294921875,0.9782413840293884
121,51.84836959838867,28926.826171875,0.9760453104972839
122,51.67414474487305,28660.521484375,0.9733405113220215
123,51.46387481689453,28340.9609375,0.9700635671615601
124,51.223365783691406,27978.33984375,0.9663154482841492
125,50.971622467041016,27603.85546875,0.9624606370925903
126,50.74189376831055,27264.828125,0.9589352607727051
127,50.57020950317383,27016.53515625,0.956428587436676
128,50.46510696411133,26868.255859375,0.955011248588562
129,50.39699172973633,26768.146484375,0.9539233446121216
130,50.33355712890625,26668.654296875,0.9526546001434326
131,50.25948715209961,26550.904296875,0.9510980248451233
132,50.176963806152344,26419.4296875,0.9493362903594971
133,50.09865188598633,26293.751953125,0.9476120471954346
134,50.03656768798828,26192.7734375,0.9461800456047058
135,49.99533462524414,26122.734375,0.9451044797897339
136,49.9720458984375,26079.75,0.9443575143814087
137,49.96009063720703,26053.837890625,0.9438192844390869
138,49.95210647583008,26033.51953125,0.9433385729789734
139,49.9417839050293,26009.62890625,0.9428120851516724
140,49.92658615112305,25977.708984375,0.9421665072441101
141,49.90888595581055,25941.04296875,0.9414339661598206
142,49.89421081542969,25907.927734375,0.9407164454460144
143,49.88874435424805,25888.5,0.940163791179657
144,49.89494705200195,25887.529296875,0.9398662447929382
145,49.9078254699707,25898.740234375,0.9397797584533691
146,49.917110443115234,25908.0234375,0.9397656321525574
147,49.914085388183594,25902.966796875,0.9396886229515076
148,49.89602279663086,25879.376953125,0.9394938349723816
149,49.86614227294922,25841.203125,0.9392049312591553
150,49.83097457885742,25797.0390625,0.938893735408783
151,49.796810150146484,25755.05859375,0.9386267066001892
152,49.76716613769531,25719.197265625,0.9384164214134216
153,49.742366790771484,25689.015625,0.938232421875
154,49.72099304199219,25661.9609375,0.9380308985710144
155,49.701805114746094,25636.25,0.9377917051315308
156,49.68463897705078,25611.66015625,0.9375126957893372
157,49.6702995300293,25589.49609375,0.9372135400772095
158,49.65982437133789,25571.705078125,0.9369297623634338
159,49.65365219116211,25559.306640625,0.9366847276687622
160,49.65113067626953,25551.892578125,0.9364892244338989
161,49.65046691894531,25547.34765625,0.9363325238227844
162,49.64931869506836,25542.642578125,0.9361896514892578
163,49.64560317993164,25535.076171875,0.9360377788543701
164,49.638179779052734,25523.111328125,0.9358620643615723
165,49.62710952758789,25506.7734375,0.9356609582901001
166,49.61341094970703,25487.38671875,0.9354451894760132
167,49.59849166870117,25466.720703125,0.935228168964386
168,49.58366775512695,25446.380859375,0.9350199103355408
169,49.569820404052734,25427.375,0.9348248839378357
170,49.55732727050781,25409.9765625,0.934638261795044
171,49.54621124267578,25393.98046875,0.9344509243965149
172,49.536312103271484,25379.056640625,0.9342562556266785
173,49.52751922607422,25365.041015625,0.934052050113678
174,49.5197868347168,25351.935546875,0.9338405728340149
175,49.51297378540039,25339.716796875,0.933626651763916
176,49.5067024230957,25328.203125,0.9334188103675842
177,49.50028991699219,25316.771484375,0.9332199692726135
178,49.492958068847656,25304.529296875,0.9330264329910278
179,49.48404312133789,25290.716796875,0.9328345656394958
180,49.47325897216797,25274.9453125,0.9326406121253967
181,49.460784912109375,25257.44140625,0.9324459433555603
182,49.44718933105469,25238.84375,0.9322533011436462
183,49.43314743041992,25219.908203125,0.9320648312568665
184,49.4193115234375,25201.333984375,0.9318822622299194
185,49.4061164855957,25183.49609375,0.9317026734352112
186,49.393775939941406,25166.51171875,0.9315221309661865
187,49.382389068603516,25150.431640625,0.9313384890556335
188,49.37190628051758,25135.1484375,0.9311494827270508
189,49.36223220825195,25120.5625,0.9309551119804382
190,49.353233337402344,25106.587890625,0.9307575225830078
191,49.344669342041016,25093.0703125,0.9305601119995117
192,49.336265563964844,25079.791015625,0.9303656220436096
193,49.32767868041992,25066.421875,0.9301748871803284
194,49.31863021850586,25052.681640625,0.9299880266189575
195,49.3089485168457,25038.388671875,0.9298046231269836
196,49.298622131347656,25023.548828125,0.9296257495880127
197,49.287811279296875,25008.361328125,0.9294521808624268
198,49.27682876586914,24993.12109375,0.9292834997177124
199,49.26601028442383,24978.1796875,0.9291200637817383
200,49.25562286376953,24963.765625,0.9289599657058716
201,49.24589538574219,24950.08984375,0.9288025498390198
202,49.23699951171875,24937.294921875,0.9286466240882874
203,49.22901916503906,24925.408203125,0.9284896850585938
204,49.22190856933594,24914.37890625,0.9283314347267151
205,49.215553283691406,24904.083984375,0.9281721711158752
206,49.209774017333984,24894.41015625,0.9280142188072205
207,49.20429992675781,24885.119140625,0.9278593063354492
208,49.19895553588867,24876.052734375,0.9277079105377197
209,49.19353103637695,24867.00390625,0.9275606274604797
210,49.18791580200195,24857.859375,0.9274173378944397
211,49.182106018066406,24848.625,0.9272782802581787
212,49.176109313964844,24839.279296875,0.9271423816680908
213,49.170021057128906,24829.90625,0.9270090460777283
214,49.16395950317383,24820.611328125,0.9268777370452881
215,49.157997131347656,24811.447265625,0.9267477989196777
216,49.152198791503906,24802.46484375,0.9266181588172913
217,49.14657974243164,24793.669921875,0.9264887571334839
218,49.14117431640625,24785.099609375,0.9263597130775452
219,49.1359977722168,24776.76953125,0.9262310862541199
220,49.130950927734375,24768.60546875,0.9261035919189453
221,49.12594985961914,24760.53125,0.9259779453277588
222,49.1209602355957,24752.51953125,0.9258542656898499
223,49.11585998535156,24744.44921875,0.9257329702377319
224,49.11064910888672,24736.330078125,0.925614058971405
225,49.105289459228516,24728.12890625,0.9254976511001587
226,49.09986114501953,24719.8984375,0.9253830313682556
227,49.094459533691406,24711.720703125,0.9252695441246033
228,49.08912658691406,24703.63671875,0.9251567721366882
229,49.08388137817383,24695.646484375,0.9250442981719971
230,49.078670501708984,24687.703125,0.9249322414398193
231,49.07351303100586,24679.826171875,0.9248204827308655
232,49.06829071044922,24671.8984375,0.9247093796730042
233,49.062984466552734,24663.896484375,0.924598753452301
234,49.05754089355469,24655.779296875,0.9244887232780457
235,49.05198287963867,24647.55859375,0.9243791103363037
236,49.04633712768555,24639.259765625,0.9242700934410095
237,49.04061508178711,24630.904296875,0.9241616725921631
238,49.03486251831055,24622.521484375,0.9240533709526062
239,49.02919006347656,24614.197265625,0.9239441752433777
240,49.02364730834961,24605.98828125,0.9238340258598328
241,49.018253326416016,24597.912109375,0.9237232804298401
242,49.01298522949219,24589.958984375,0.9236122965812683
243,49.007720947265625,24582.0078125,0.9235010743141174
244,49.00242614746094,24574.02734375,0.9233899116516113
245,48.99705123901367,24565.9921875,0.923279881477356
246,48.99163055419922,24557.9375,0.923170804977417
247,48.986202239990234,24549.90625,0.9230627417564392
248,48.98076248168945,24541.896484375,0.922956109046936
249,48.97537612915039,24533.974609375,0.9228508472442627
250,48.970123291015625,24526.23046875,0.9227474331855774
251,48.96514129638672,24518.791015625,0.9226452112197876
252,48.96039962768555,24511.630859375,0.9225445985794067
253,48.95583724975586,24504.681640625,0.9224454164505005
254,48.95145797729492,24497.947265625,0.9223471879959106
255,48.947200775146484,24491.359375,0.9222500920295715
256,48.94287872314453,24484.73828125,0.9221543073654175
257,48.93840026855469,24478.001953125,0.9220601320266724
258,48.93372344970703,24471.1015625,0.9219672083854675
259,48.92890548706055,24464.0859375,0.921875536441803
260,48.924156188964844,24457.15234375,0.9217842221260071
261,48.91962432861328,24450.41796875,0.9216921925544739
262,48.91537857055664,24443.9375,0.9215987324714661
263,48.91154479980469,24437.8203125,0.9215031862258911
264,48.90793228149414,24431.90234375,0.921406626701355
265,48.90443420410156,24426.083984375,0.9213094711303711
266,48.900909423828125,24420.2421875,0.921212375164032
267,48.89725112915039,24414.28125,0.9211159348487854
268,48.8934440612793,24408.197265625,0.9210205078125
269,48.889644622802734,24402.1328125,0.9209254384040833
270,48.88599395751953,24396.212890625,0.9208303093910217
271,48.8825798034668,24390.5234375,0.9207347631454468
272,48.87923049926758,24384.921875,0.9206401109695435
273,48.875701904296875,24379.17578125,0.9205470085144043
274,48.87187957763672,24373.18359375,0.9204557538032532
275,48.86783981323242,24367.00390625,0.9203657507896423
276,48.863765716552734,24360.8046875,0.9202761650085449
277,48.85986328125,24354.765625,0.9201861619949341
278,48.856163024902344,24348.912109375,0.9200956225395203
279,48.85261154174805,24343.201171875,0.9200044870376587
280,48.84902572631836,24337.46484375,0.9199139475822449
281,48.845211029052734,24331.5234375,0.9198243021965027
282,48.84114074707031,24325.35546875,0.9197356700897217
283,48.836936950683594,24319.068359375,0.9196475744247437
284,48.83285140991211,24312.8984375,0.9195595979690552
285,48.82900619506836,24306.955078125,0.9194707870483398
286,48.82544708251953,24301.267578125,0.9193809032440186
287,48.821983337402344,24295.671875,0.9192907810211182
288,48.818443298339844,24290.017578125,0.9192013144493103
289,48.814754486083984,24284.228515625,0.9191124439239502
290,48.81106185913086,24278.447265625,0.9190239906311035
291,48.807456970214844,24272.7578125,0.9189356565475464
292,48.80403518676758,24267.2421875,0.9188469648361206
293,48.800682067871094,24261.798828125,0.9187584519386292
294,48.79728317260742,24256.32421875,0.9186704754829407
295,48.79384231567383,24250.82421875,0.9185831546783447
296,48.790321350097656,24245.263671875,0.9184964299201965
297,48.78666305541992,24239.587890625,0.9184107184410095
298,48.782962799072266,24233.88671875,0.9183257222175598
299,48.77928161621094,24228.212890625,0.9182410836219788
300,48.775665283203125,24222.61328125,0.918156623840332
301,48.77204895019531,24217.017578125,0.9180724024772644
302,48.768394470214844,24211.39453125,0.9179885983467102
303,48.7646598815918,24205.712890625,0.9179055690765381
304,48.76101303100586,24200.12109375,0.9178225994110107
305,48.7574462890625,24194.611328125,0.9177396893501282
306,48.75392532348633,24189.150390625,0.9176570773124695
307,48.75041961669922,24183.7109375,0.9175745248794556
308,48.746856689453125,24178.2265625,0.9174925684928894
309,48.74313735961914,24172.6171875,0.917411744594574
310,48.739356994628906,24166.962890625,0.9173314571380615
311,48.73564910888672,24161.384765625,0.9172513484954834
312,48.73220443725586,24156.04296875,0.9171702265739441
313,48.72895812988281,24150.88671875,0.9170886278152466
314,48.725643157958984,24145.67578125,0.9170076251029968
315,48.72213363647461,24140.30078125,0.916927695274353
316,48.718605041503906,24134.91015625,0.9168479442596436
317,48.715248107910156,24129.681640625,0.9167676568031311
318,48.71204376220703,24124.591796875,0.9166870713233948
319,48.70893096923828,24119.591796875,0.916606068611145
320,48.70574188232422,24114.51953125,0.9165254831314087
321,48.702457427978516,24109.3671875,0.9164453148841858
322,48.698909759521484,24103.98046875,0.9163663387298584
323,48.69526290893555,24098.513671875,0.9162880182266235
324,48.69165802001953,24093.083984375,0.9162094593048096
325,48.68816375732422,24087.751953125,0.916130542755127
326,48.68465805053711,24082.416015625,0.9160518050193787
327,48.68115234375,24077.083984375,0.9159730076789856
328,48.67758560180664,24071.6953125,0.9158944487571716
329,48.67399215698242,24066.283203125,0.9158161282539368
330,48.6705436706543,24061.0078125,0.9157373309135437
331,48.6672248840332,24055.853515625,0.9156582951545715
332,48.663848876953125,24050.646484375,0.9155793786048889
333,48.660400390625,24045.3828125,0.9155009388923645
334,48.65703582763672,24040.193359375,0.9154222011566162
335,48.653564453125,24034.904296875,0.915343701839447
336,48.64988327026367,24029.431640625,0.915266215801239
337,48.646217346191406,24023.974609375,0.9151885509490967
338,48.642669677734375,24018.623046875,0.9151104092597961
339,48.63914108276367,24013.287109375,0.9150322675704956
340,48.635772705078125,24008.09375,0.9149531722068787
341,48.6325798034668,24003.0546875,0.9148733615875244
342,48.62940979003906,23998.02734375,0.9147933125495911
343,48.62608337402344,23992.865234375,0.9147136807441711
344,48.62268829345703,23987.63671875,0.9146342873573303
345,48.61917495727539,23982.30078125,0.9145551919937134
346,48.61570739746094,23977.001953125,0.914475679397583
347,48.612483978271484,23971.919921875,0.9143951535224915
348,48.609310150146484,23966.876953125,0.9143142700195312
349,48.605995178222656,23961.705078125,0.9142336845397949
350,48.60252380371094,23956.384765625,0.9141533970832825
351,48.599002838134766,23951.0234375,0.9140733480453491
352,48.595542907714844,23945.708984375,0.9139927625656128
353,48.59231185913086,23940.591796875,0.9139108657836914
354,48.58904266357422,23935.4375,0.9138290286064148
355,48.58565902709961,23930.173828125,0.9137471318244934
356,48.58223342895508,23924.8671875,0.9136653542518616
357,48.57887268066406,23919.611328125,0.913582980632782
358,48.57563781738281,23914.466796875,0.9134998321533203
359,48.572391510009766,23909.3046875,0.9134164452552795
360,48.56911849975586,23904.11328125,0.9133330583572388
361,48.56570053100586,23898.796875,0.9132503271102905
362,48.56211471557617,23893.32421875,0.9131678342819214
363,48.55879592895508,23888.083984375,0.9130840301513672
364,48.55561065673828,23882.95703125,0.9129994511604309
365,48.55229949951172,23877.71484375,0.9129153490066528
366,48.548805236816406,23872.3046875,0.9128316640853882
367,48.54534149169922,23866.921875,0.9127477407455444
368,48.542057037353516,23861.69140625,0.9126628637313843
369,48.53883743286133,23856.515625,0.9125774502754211
370,48.53559494018555,23851.3203125,0.9124922752380371
371,48.53229904174805,23846.080078125,0.9124072790145874
372,48.528865814208984,23840.720703125,0.912322998046875
373,48.525604248046875,23835.515625,0.9122380018234253
374,48.522403717041016,23830.3671875,0.912152886390686
375,48.51902389526367,23825.05859375,0.9120683670043945
376,48.515567779541016,23819.677734375,0.9119839072227478
377,48.51231002807617,23814.47265625,0.9118987321853638
378,48.509368896484375,23809.54296875,0.9118121266365051
379,48.50639343261719,23804.595703125,0.9117257595062256
380,48.50315856933594,23799.41015625,0.9116403460502625
381,48.49989318847656,23794.197265625,0.9115549921989441
382,48.49690246582031,23789.23046875,0.9114686250686646
383,48.4941520690918,23784.46875,0.9113809466362
384,48.49119186401367,23779.5234375,0.9112940430641174
385,48.487911224365234,23774.29296875,0.9112083911895752
386,48.484615325927734,23769.046875,0.9111226797103882
387,48.481266021728516,23763.751953125,0.9110370874404907
388,48.47781753540039,23758.36328125,0.9109517931938171
389,48.47438049316406,23752.9921875,0.9108665585517883
390,48.47100067138672,23747.66796875,0.9107808470726013
391,48.467872619628906,23742.5703125,0.9106943011283875
392,48.46509552001953,23737.77734375,0.9106060862541199
393,48.462284088134766,23732.953125,0.9105178713798523
394,48.45912551879883,23727.830078125,0.910431444644928
395,48.455867767333984,23722.611328125,0.9103451371192932
396,48.45245361328125,23717.259765625,0.9102595448493958
397,48.44905471801758,23711.92578125,0.9101741313934326
398,48.4457893371582,23706.71875,0.9100884199142456
399,48.44257354736328,23701.56640625,0.9100027680397034
400,48.439308166503906,23696.3671875,0.909917414188385
401,48.4360237121582,23691.154296875,0.9098322987556458
402,48.43278884887695,23685.99609375,0.9097474217414856
403,48.42948913574219,23680.796875,0.9096630811691284
404,48.42582321166992,23675.267578125,0.9095802903175354
405,48.42238235473633,23669.943359375,0.9094967842102051
406,48.419349670410156,23664.98828125,0.9094117879867554
407,48.41644287109375,23660.14453125,0.9093263745307922
408,48.413414001464844,23655.203125,0.9092418551445007
409,48.410308837890625,23650.201171875,0.9091578125953674
410,48.407310485839844,23645.294921875,0.909073531627655
411,48.404449462890625,23640.505859375,0.9089885354042053
412,48.40142059326172,23635.58203125,0.9089046120643616
413,48.398162841796875,23630.462890625,0.908821702003479
414,48.39493942260742,23625.37109375,0.9087387323379517
415,48.392120361328125,23620.634765625,0.9086541533470154
416,48.38949203491211,23616.076171875,0.9085689783096313
417,48.386329650878906,23611.05078125,0.9084862470626831
418,48.383216857910156,23606.072265625,0.9084033370018005
419,48.38042068481445,23601.37890625,0.9083194136619568
420,48.37763977050781,23596.701171875,0.9082353711128235
421,48.37460708618164,23591.8046875,0.9081524610519409
422,48.37166213989258,23586.98828125,0.9080694913864136
423,48.369102478027344,23582.517578125,0.9079850912094116
424,48.366294860839844,23577.833984375,0.9079018235206604
425,48.363006591796875,23572.724609375,0.9078205823898315
426,48.35966110229492,23567.58203125,0.9077399969100952
427,48.35675811767578,23562.82421875,0.9076575636863708
428,48.354244232177734,23558.416015625,0.9075738787651062
429,48.35165786743164,23553.955078125,0.9074908494949341
430,48.34886932373047,23549.3203125,0.9074087142944336
431,48.34599685668945,23544.6171875,0.9073271751403809
432,48.343223571777344,23540.0078125,0.9072455167770386
433,48.340370178222656,23535.33203125,0.9071645140647888
434,48.33743667602539,23530.59765625,0.907084047794342
435,48.33439254760742,23525.765625,0.9070040583610535
436,48.331424713134766,23521.0078125,0.9069241285324097
437,48.32881546020508,23516.5703125,0.9068428874015808
438,48.325923919677734,23511.892578125,0.9067630767822266
439,48.322879791259766,23507.0859375,0.9066841006278992
440,48.32008743286133,23502.51171875,0.9066044688224792
441,48.3175163269043,23498.1328125,0.9065240621566772
442,48.31396484375,23492.90625,0.9064480066299438
443,48.31102752685547,23488.212890625,0.9063694477081299
444,48.30853271484375,23483.91796875,0.906289279460907
445,48.305809020996094,23479.4296875,0.9062104225158691
446,48.30245590209961,23474.39453125,0.9061344265937805
447,48.29944610595703,23469.669921875,0.9060571193695068
448,48.29712677001953,23465.55078125,0.9059773087501526
449,48.29429626464844,23460.990234375,0.9058995842933655
450,48.29133605957031,23456.318359375,0.90582275390625
451,48.28875732421875,23451.994140625,0.9057444930076599
452,48.286319732666016,23447.791015625,0.905665934085846
453,48.28326416015625,23443.056640625,0.9055900573730469
454,48.280242919921875,23438.361328125,0.9055144190788269
455,48.27785110473633,23434.220703125,0.905436635017395
456,48.27488708496094,23429.58984375,0.9053612947463989
457,48.27147674560547,23424.576171875,0.9052881598472595
458,48.26950454711914,23420.822265625,0.9052091836929321
459,48.26765441894531,23417.189453125,0.9051303863525391
460,48.26449203491211,23412.416015625,0.9050571322441101
461,48.26177215576172,23408.046875,0.9049827456474304
462,48.25956344604492,23404.12890625,0.9049065113067627
463,48.256561279296875,23399.521484375,0.9048338532447815
464,48.253517150878906,23394.900390625,0.9047620296478271
465,48.25185775756836,23391.490234375,0.9046846628189087
466,48.249267578125,23387.279296875,0.9046117663383484
467,48.24598693847656,23382.48828125,0.9045424461364746
468,48.2439079284668,23378.744140625,0.9044682383537292
469,48.24181365966797,23375.0078125,0.9043949246406555
470,48.23859786987305,23370.3046875,0.9043266773223877
471,48.23646926879883,23366.5546875,0.9042543172836304
472,48.23420715332031,23362.712890625,0.9041832685470581
473,48.23119354248047,23358.2265625,0.9041159152984619
474,48.22886657714844,23354.3515625,0.9040461778640747
475,48.227142333984375,23351.01953125,0.9039746522903442
476,48.22395706176758,23346.412109375,0.9039092659950256
477,48.22120666503906,23342.205078125,0.9038428068161011
478,48.21961212158203,23339.017578125,0.9037721753120422
479,48.216941833496094,23334.904296875,0.903706431388855
480,48.21466064453125,23331.14453125,0.9036397933959961
481,48.2128791809082,23327.83203125,0.903571367263794
482,48.210166931152344,23323.724609375,0.9035074710845947
483,48.207794189453125,23319.921875,0.9034426212310791
484,48.20608139038086,23316.703125,0.9033755660057068
485,48.203651428222656,23312.87890625,0.903312087059021
486,48.20132827758789,23309.158203125,0.9032487273216248
487,48.19904327392578,23305.48828125,0.9031856656074524
488,48.196510314941406,23301.611328125,0.9031243324279785
489,48.194740295410156,23298.4140625,0.9030604362487793
490,48.192420959472656,23294.7578125,0.9029994606971741
491,48.190391540527344,23291.3671875,0.9029378890991211
492,48.18836975097656,23287.9921875,0.9028767943382263
493,48.18665313720703,23284.90234375,0.9028151631355286
494,48.18412399291992,23281.115234375,0.9027573466300964
495,48.182342529296875,23277.99609375,0.9026970863342285
496,48.18043899536133,23274.78125,0.9026378393173218
497,48.178489685058594,23271.5390625,0.9025793075561523
498,48.176856994628906,23268.5859375,0.9025200009346008
499,48.174800872802734,23265.2734375,0.9024629592895508
500,48.1727294921875,23261.96484375,0.9024065732955933
501,48.17033004760742,23258.38671875,0.9023521542549133
502,48.16877746582031,23255.5546875,0.9022946953773499
503,48.166568756103516,23252.166015625,0.9022406339645386
504,48.16484832763672,23249.21484375,0.9021850228309631
505,48.162879943847656,23246.052734375,0.902130663394928
506,48.16092300415039,23242.919921875,0.9020769000053406
507,48.15949630737305,23240.251953125,0.9020212292671204
508,48.15780258178711,23237.37109375,0.9019675254821777
509,48.156070709228516,23234.46484375,0.9019143581390381
510,48.15460968017578,23231.8046875,0.9018604159355164
511,48.15203857421875,23228.19140625,0.9018115997314453
512,48.1497688293457,23224.85546875,0.9017621278762817
513,48.14875411987305,23222.619140625,0.9017078876495361
514,48.14627456665039,23219.1171875,0.9016599655151367
515,48.144805908203125,23216.501953125,0.9016083478927612
516,48.143577575683594,23214.119140625,0.9015564322471619
517,48.14143753051758,23210.943359375,0.9015086889266968
518,48.13996887207031,23208.3671875,0.9014585018157959
519,48.138404846191406,23205.71875,0.9014092087745667
520,48.13608169555664,23202.419921875,0.9013636112213135
521,48.13482666015625,23200.0546875,0.901313841342926
522,48.13297653198242,23197.18359375,0.901266872882843
523,48.13134765625,23194.513671875,0.9012193083763123
524,48.13003921508789,23192.1328125,0.9011709690093994
525,48.128509521484375,23189.56640625,0.9011237621307373
526,48.12683868408203,23186.880859375,0.901077389717102
527,48.12514114379883,23184.189453125,0.9010317921638489
528,48.12335968017578,23181.431640625,0.9009868502616882
529,48.122108459472656,23179.140625,0.9009400010108948
530,48.12009048461914,23176.193359375,0.9008967280387878
531,48.11900329589844,23174.06640625,0.9008499979972839
532,48.11676025390625,23170.939453125,0.9008082747459412
533,48.11593246459961,23169.048828125,0.900761067867279
534,48.11323547363281,23165.548828125,0.9007219672203064
535,48.1131591796875,23164.322265625,0.900672197341919
536,48.110565185546875,23160.923828125,0.9006332755088806
537,48.10988998413086,23159.19140625,0.9005864858627319
538,48.10807418823242,23156.4765625,0.9005447626113892
539,48.10625076293945,23153.767578125,0.9005036354064941
540,48.10565185546875,23152.1328125,0.9004577398300171
541,48.10316848754883,23148.861328125,0.9004198312759399
542,48.102134704589844,23146.86328125,0.9003763198852539
543,48.10073471069336,23144.55078125,0.9003346562385559
544,48.09816360473633,23141.236328125,0.9002983570098877
545,48.09822082519531,23140.21875,0.9002519249916077
546,48.09402084350586,23135.533203125,0.9002240896224976
547,48.096961975097656,23137.046875,0.9001671671867371
548,48.09020233154297,23130.189453125,0.9001518487930298
549,48.09586715698242,23134.07421875,0.9000842571258545
550,48.087379455566406,23125.701171875,0.9000751376152039
551,48.0935173034668,23129.95703125,0.900003969669342
552,48.08494567871094,23121.48046875,0.899993896484375
553,48.08955001831055,23124.3828125,0.8999279737472534
554,48.082801818847656,23117.498046875,0.8999109268188477
555,48.085906982421875,23119.15625,0.8998535871505737
556,48.080284118652344,23113.28515625,0.8998333811759949
557,48.08342742919922,23115.005859375,0.8997770547866821
558,48.07744598388672,23108.84375,0.8997592926025391
559,48.08089828491211,23110.853515625,0.8997026681900024
560,48.0745735168457,23104.396484375,0.8996863961219788
561,48.07809066772461,23106.4609375,0.8996293544769287
562,48.07195281982422,23100.158203125,0.8996120095252991
563,48.07473373413086,23101.587890625,0.8995581269264221
564,48.07024383544922,23096.7265625,0.8995345234870911
565,48.071380615234375,23096.74609375,0.899488091468811
566,48.068145751953125,23092.9921875,0.8994600772857666
567,48.06786346435547,23091.796875,0.8994201421737671
568,48.06657028198242,23089.7421875,0.8993849158287048
569,48.0645637512207,23087.078125,0.8993531465530396
570,48.064796447753906,23086.357421875,0.8993122577667236
571,48.06153106689453,23082.619140625,0.899286150932312
572,48.06232833862305,23082.390625,0.8992431163787842
573,48.058937072753906,23078.544921875,0.8992176651954651
574,48.05918884277344,23077.845703125,0.8991769552230835
575,48.05730438232422,23075.314453125,0.8991456031799316
576,48.055580139160156,23072.923828125,0.8991139531135559
577,48.05546188354492,23071.9375,0.8990760445594788
578,48.052276611328125,23068.31640625,0.8990516662597656
579,48.05448913574219,23069.373046875,0.8990054130554199
580,48.04859161376953,23063.44140625,0.898993730545044
581,48.0533332824707,23066.69140625,0.8989373445510864
582,48.04574203491211,23059.27734375,0.8989319205284119
583,48.050209045410156,23062.228515625,0.8988741040229797
584,48.044410705566406,23056.330078125,0.8988595604896545
585,48.04595184326172,23056.77734375,0.8988149166107178
586,48.04384231567383,23054.09765625,0.8987865447998047
587,48.04140090942383,23051.162109375,0.8987607955932617
588,48.043312072753906,23052.0234375,0.8987185955047607
589,48.03628158569336,23045.2265625,0.8987164497375488
590,48.04363250732422,23050.791015625,0.8986518979072571
591,48.03336715698242,23041.166015625,0.8986616730690002
592,48.040714263916016,23046.55859375,0.8985898494720459
593,48.033817291259766,23039.697265625,0.8985792398452759
594,48.03511428833008,23039.958984375,0.8985366821289062
595,48.03388977050781,23038.091796875,0.8985068202018738
596,48.029701232910156,23033.720703125,0.898491382598877
597,48.03325271606445,23036.009765625,0.8984429836273193
598,48.02670669555664,23029.595703125,0.8984371423721313
599,48.03123474121094,23032.666015625,0.8983818888664246
600,48.02677536010742,23027.98828125,0.8983644843101501
601,48.02588653564453,23026.423828125,0.8983335494995117
602,48.0272102355957,23026.841796875,0.8982967138290405
603,48.02011489868164,23020.078125,0.898298442363739
604,48.028099060058594,23026.203125,0.8982321619987488
605,48.01818084716797,23016.921875,0.8982419967651367
606,48.02431106567383,23021.3046875,0.8981772661209106
607,48.017921447753906,23014.94921875,0.8981671929359436
608,48.01844787597656,23014.611328125,0.8981307148933411
609,48.019073486328125,23014.419921875,0.8980963826179504
610,48.01406478881836,23009.423828125,0.8980879187583923
611,48.01926040649414,23013.177734375,0.8980346918106079
612,48.010704040527344,23005.12109375,0.8980409502983093
613,48.01750183105469,23010.24609375,0.8979805707931519
614,48.00785827636719,23001.201171875,0.8979893326759338
615,48.01510238647461,23006.68359375,0.8979257941246033
616,48.006507873535156,22998.521484375,0.8979290723800659
617,48.01167678833008,23002.193359375,0.8978735208511353
618,48.00454330444336,22995.322265625,0.8978719115257263
619,48.009239196777344,22998.630859375,0.8978203535079956
620,48.00275421142578,22992.34765625,0.8978172540664673
621,48.008087158203125,22996.2578125,0.8977651596069336
622,47.99990463256836,22988.521484375,0.8977697491645813
623,48.00614929199219,22993.189453125,0.8977127075195312
624,47.99734115600586,22984.9375,0.8977206349372864
625,48.004886627197266,22990.716796875,0.8976578712463379
626,47.996402740478516,22982.7421875,0.897664487361908
627,48.00370407104492,22988.3359375,0.8976036310195923
628,47.993404388427734,22978.818359375,0.8976185917854309
629,48.00154495239258,22985.14453125,0.8975549340248108
630,47.990970611572266,22975.443359375,0.8975734114646912
631,48.00103759765625,22983.439453125,0.8975020051002502
632,47.98906707763672,22972.54296875,0.8975263833999634
633,48.00050354003906,22981.791015625,0.8974525928497314
634,47.98520278930664,22968.1328125,0.8974956274032593
635,47.999900817871094,22980.17578125,0.8974076509475708
636,47.9827766418457,22965.05078125,0.8974626660346985
637,47.998226165771484,22977.373046875,0.8973554372787476
638,47.98226547241211,22962.6875,0.8973813056945801
639,47.9892463684082,22967.734375,0.8973102569580078
640,47.9866943359375,22964.818359375,0.8972896933555603
641,47.98229217529297,22960.4921875,0.897284746170044
642,47.99030303955078,22966.8984375,0.8972299695014954
643,47.97886657714844,22956.55078125,0.8972559571266174
644,47.98922348022461,22964.828125,0.8971850872039795
645,47.97645568847656,22953.19140625,0.8972102999687195
646,47.986717224121094,22961.25,0.8971339464187622
647,47.97745132446289,22952.490234375,0.8971384763717651
648,47.97993850708008,22953.90625,0.8970966339111328
649,47.9792366027832,22952.6875,0.8970727920532227
650,47.97410583496094,22947.73828125,0.8970710635185242
651,47.9814453125,22953.60546875,0.8970209360122681
652,47.9703369140625,22943.564453125,0.8970464468002319
653,47.98189163208008,22953.001953125,0.896976113319397
654,47.967044830322266,22939.759765625,0.897017776966095
655,47.97991180419922,22950.05859375,0.896930456161499
656,47.96663284301758,22937.875,0.8969531059265137
657,47.975154876708984,22944.482421875,0.8968860507011414
658,47.9669075012207,22936.634765625,0.8968877792358398
659,47.96908950805664,22937.833984375,0.8968492150306702
660,47.96970748901367,22937.802734375,0.8968220353126526
661,47.96369934082031,22932.16015625,0.8968266248703003
662,47.97185134887695,22938.765625,0.8967748284339905
663,47.95878219604492,22927.171875,0.8968141078948975
664,47.971927642822266,22937.923828125,0.8967351317405701
665,47.956695556640625,22924.22265625,0.8967726230621338
666,47.96889114379883,22933.93359375,0.8966878056526184
667,47.957313537597656,22923.185546875,0.8967018127441406
668,47.9622688293457,22926.701171875,0.8966488242149353
669,47.95988845825195,22924.01171875,0.8966308236122131
670,47.957275390625,22921.236328125,0.896618664264679
671,47.962928771972656,22925.6953125,0.8965776562690735
672,47.95182800292969,22915.8046875,0.8966090083122253
673,47.963748931884766,22925.587890625,0.8965388536453247
674,47.94852066040039,22911.9375,0.8965781927108765
675,47.96139144897461,22922.228515625,0.8964908123016357
676,47.94953536987305,22911.265625,0.8965067863464355
677,47.95451354980469,22914.794921875,0.8964534997940063
678,47.95227813720703,22912.24609375,0.8964354991912842
679,47.94951629638672,22909.32421875,0.8964231014251709
680,47.953704833984375,22912.478515625,0.8963862657546997
681,47.94427490234375,22904.06640625,0.8964123129844666
682,47.95639419555664,22914.076171875,0.8963438272476196
683,47.94036865234375,22899.798828125,0.8963889479637146
684,47.95420455932617,22911.037109375,0.8963028788566589
685,47.938385009765625,22896.75,0.896338701248169
686,47.9486198425293,22904.716796875,0.8962599635124207
687,47.94172668457031,22898.0703125,0.8962573409080505
688,47.942237854003906,22897.873046875,0.8962274789810181
689,47.943634033203125,22898.513671875,0.8961973786354065
690,47.9388427734375,22893.98046875,0.8961992859840393
691,47.94601058959961,22899.705078125,0.8961504101753235
692,47.93348693847656,22888.4921875,0.8961830735206604
693,47.94511795043945,22897.953125,0.8961113095283508
694,47.930824279785156,22885.11328125,0.8961467742919922
695,47.941585540771484,22893.5703125,0.8960674405097961
696,47.93292999267578,22885.462890625,0.8960741758346558
697,47.93446350097656,22886.1171875,0.8960390686988831
698,47.934478759765625,22885.5234375,0.8960126638412476
699,47.932586669921875,22883.44140625,0.8960006237030029
700,47.937252044677734,22887.005859375,0.8959617614746094
701,47.92703628540039,22877.75,0.8959835171699524
702,47.936431884765625,22885.31640625,0.8959225416183472
703,47.922767639160156,22873.134765625,0.8959600329399109
704,47.934242248535156,22882.3203125,0.8958830237388611
705,47.923316955566406,22872.357421875,0.8959033489227295
706,47.93065643310547,22877.970703125,0.8958427906036377
707,47.924564361572266,22872.056640625,0.8958383798599243
708,47.926177978515625,22872.865234375,0.8958066701889038
709,47.92696762084961,22873.048828125,0.8957817554473877
710,47.92193603515625,22868.27734375,0.8957830667495728
711,47.92921447753906,22874.076171875,0.8957330584526062
712,47.91610336303711,22862.46875,0.8957725167274475
713,47.927406311035156,22871.59375,0.895700216293335
714,47.9142951965332,22859.849609375,0.8957335948944092
715,47.92498779296875,22868.388671875,0.8956611156463623
716,47.91514205932617,22859.296875,0.8956742286682129
717,47.92080307006836,22863.4921875,0.8956218361854553
718,47.91679000854492,22859.49609375,0.895614504814148
719,47.91561508178711,22857.984375,0.8955974578857422
720,47.9202766418457,22861.5234375,0.8955578207969666
721,47.91059494018555,22852.86328125,0.8955830931663513
722,47.91981506347656,22860.216796875,0.8955202102661133
723,47.90827941894531,22849.80859375,0.8955462574958801
724,47.916744232177734,22856.53515625,0.8954874277114868
725,47.90766525268555,22848.251953125,0.8955038189888
726,47.91560363769531,22854.48828125,0.895445704460144
727,47.90650939941406,22846.140625,0.8954600095748901
728,47.911380767822266,22849.740234375,0.8954144716262817
729,47.909629821777344,22847.6796875,0.8953973054885864
730,47.90667724609375,22844.6875,0.8953895568847656
731,47.910865783691406,22847.841796875,0.8953530192375183
732,47.90415954589844,22841.55078125,0.8953576683998108
733,47.907718658447266,22844.087890625,0.8953201770782471
734,47.903724670410156,22840.17578125,0.8953157067298889
735,47.90481948852539,22840.591796875,0.8952884674072266
736,47.903385162353516,22838.8515625,0.8952721357345581
737,47.902523040771484,22837.6484375,0.8952555656433105
738,47.90326690673828,22837.8125,0.8952317833900452
739,47.90096664428711,22835.33984375,0.8952197432518005
740,47.9039192199707,22837.41015625,0.8951871395111084
741,47.89769744873047,22831.619140625,0.8951932787895203
742,47.901485443115234,22834.361328125,0.8951553702354431
743,47.897308349609375,22830.306640625,0.89515221118927
744,47.89973831176758,22831.90234375,0.8951207995414734
745,47.89720153808594,22829.23046875,0.8951098322868347
746,47.89697265625,22828.54296875,0.895089328289032
747,47.89653396606445,22827.703125,0.8950709700584412
748,47.89569854736328,22826.529296875,0.8950545191764832
749,47.89659881591797,22826.830078125,0.8950302004814148
750,47.89236831665039,22822.74609375,0.8950279355049133
751,47.89598846435547,22825.41796875,0.8949940800666809
752,47.88873291015625,22818.791015625,0.895006537437439
753,47.896392822265625,22824.93359375,0.894956111907959
754,47.88645553588867,22816.134765625,0.8949853777885437
755,47.89731216430664,22825.111328125,0.894925594329834
756,47.88182830810547,22811.822265625,0.894989550113678
757,47.9019889831543,22828.91796875,0.8948972225189209
758,47.87669372558594,22807.515625,0.8950151205062866
759,47.90523147583008,22831.55078125,0.8948772549629211
760,47.87417221069336,22804.96875,0.8950086832046509
761,47.89973831176758,22825.361328125,0.8948357701301575
762,47.87782287597656,22805.544921875,0.8948822617530823
763,47.888397216796875,22813.515625,0.8947904706001282
764,47.886051177978516,22810.9921875,0.8947778940200806
765,47.8770637512207,22803.318359375,0.8948166370391846
766,47.8962516784668,22819.818359375,0.8947389721870422
767,47.873043060302734,22800.20703125,0.8948479294776917
768,47.89726257324219,22820.134765625,0.8947107791900635
769,47.870628356933594,22796.61328125,0.8947915434837341
770,47.88580322265625,22808.43359375,0.8946766257286072
771,47.87736511230469,22800.419921875,0.8946775794029236
772,47.87664031982422,22799.41015625,0.8946635723114014
773,47.88633728027344,22807.54296875,0.8946155905723572
774,47.87153625488281,22794.697265625,0.8946702480316162
775,47.887001037597656,22807.443359375,0.8945837020874023
776,47.87064743041992,22793.06640625,0.8946359753608704
777,47.88299560546875,22802.953125,0.8945542573928833
778,47.87091064453125,22791.94921875,0.8945762515068054
779,47.87498092651367,22794.873046875,0.8945347666740417
780,47.875675201416016,22795.08203125,0.8945149779319763
781,47.870121002197266,22790.029296875,0.8945252299308777
782,47.88066101074219,22798.7109375,0.8944661021232605
783,47.86723327636719,22786.8828125,0.8945080637931824
784,47.879661560058594,22797.0546875,0.8944355249404907
785,47.86616516113281,22785.173828125,0.8944776654243469
786,47.876766204833984,22793.7265625,0.8944106698036194
787,47.8636360168457,22782.1328125,0.8944501876831055
788,47.874794006347656,22791.150390625,0.8943800330162048
789,47.86332321166992,22780.828125,0.8944061994552612
790,47.8723258972168,22788.00390625,0.894345223903656
791,47.86663055419922,22782.611328125,0.8943465352058411
792,47.86746597290039,22782.88671875,0.8943237662315369
793,47.87026596069336,22784.91796875,0.8942961692810059
794,47.863624572753906,22778.884765625,0.894308865070343
795,47.871673583984375,22785.4296875,0.8942601084709167
796,47.85841751098633,22773.927734375,0.8943087458610535
797,47.87384033203125,22786.97265625,0.8942374587059021
798,47.85286331176758,22769.27734375,0.8943365216255188
799,47.87886428833008,22791.28125,0.8942166566848755
800,47.85042953491211,22767.150390625,0.8943447470664978
801,47.878578186035156,22790.19921875,0.8941813111305237
802,47.85163497924805,22766.5546875,0.8942685723304749
803,47.87112808227539,22782.087890625,0.8941370248794556
804,47.85559844970703,22768.1171875,0.8941721320152283
805,47.86429977416992,22774.9296875,0.8941080570220947
806,47.85911560058594,22770.01171875,0.8941088318824768
807,47.85861587524414,22769.193359375,0.8940938711166382
808,47.861568450927734,22771.34375,0.8940650224685669
809,47.8542366027832,22764.78125,0.8940832614898682
810,47.86481475830078,22773.615234375,0.8940292596817017
811,47.84889602661133,22759.984375,0.8940955400466919
812,47.868797302246094,22776.75390625,0.8940010070800781
813,47.845855712890625,22757.388671875,0.8941084742546082
814,47.87119674682617,22778.712890625,0.893986701965332
815,47.843055725097656,22754.875,0.8941149711608887
816,47.87073516845703,22777.42578125,0.8939497470855713
817,47.84389877319336,22753.640625,0.8940260410308838
818,47.86032485961914,22766.640625,0.8939112424850464
819,47.85118865966797,22758.201171875,0.8939224481582642
820,47.852752685546875,22759.099609375,0.8938965797424316
821,47.85721206665039,22762.6328125,0.893865704536438
822,47.844810485839844,22751.923828125,0.8939132690429688
823,47.86077117919922,22765.4375,0.8938404321670532
824,47.84078598022461,22748.548828125,0.8939329981803894
825,47.86430358886719,22768.275390625,0.8938175439834595
826,47.837928771972656,22745.6484375,0.8939250707626343
827,47.86216735839844,22765.505859375,0.893785297870636
828,47.839759826660156,22745.744140625,0.8938530683517456
829,47.85649871826172,22759.228515625,0.8937467932701111
830,47.84489440917969,22748.71484375,0.8937695026397705
831,47.849693298339844,22752.310546875,0.8937273025512695
832,47.84682846069336,22749.458984375,0.8937218189239502
833,47.84392166137695,22746.63671875,0.8937191367149353
834,47.85034942626953,22751.84375,0.8936795592308044
835,47.840301513671875,22743.01171875,0.8937112092971802
836,47.851287841796875,22752.1328125,0.8936532139778137
837,47.837059020996094,22739.802734375,0.8937055468559265
838,47.854713439941406,22754.65234375,0.8936208486557007
839,47.834476470947266,22737.369140625,0.8937066197395325
840,47.85684585571289,22756.12109375,0.8935965895652771
841,47.83143997192383,22734.41796875,0.893703818321228
842,47.856224060058594,22754.994140625,0.8935731053352356
843,47.83149719238281,22733.517578125,0.8936619162559509
844,47.851871490478516,22750.1640625,0.8935430645942688
845,47.83342742919922,22733.88671875,0.8935979008674622
846,47.84632873535156,22744.169921875,0.8935114145278931
847,47.83582305908203,22734.6875,0.89353346824646
848,47.84016418457031,22737.951171875,0.8934957385063171
849,47.841758728027344,22738.994140625,0.8934749960899353
850,47.835445404052734,22733.294921875,0.8934881091117859
851,47.84379959106445,22740.220703125,0.8934439420700073
852,47.830665588378906,22728.833984375,0.893491804599762
853,47.8469123840332,22742.5,0.8934141993522644
854,47.828369140625,22726.62109375,0.8934905529022217
855,47.848167419433594,22743.255859375,0.8933950662612915
856,47.825435638427734,22723.8203125,0.8934898376464844
857,47.848976135253906,22743.4609375,0.8933703899383545
858,47.8226432800293,22720.896484375,0.8934780359268188
859,47.84827423095703,22742.123046875,0.8933411836624146
860,47.824859619140625,22721.736328125,0.8934229016304016
861,47.84370803833008,22737.0546875,0.8933094143867493
862,47.827144622802734,22722.33984375,0.8933542370796204
863,47.835819244384766,22729.0703125,0.8932880759239197
864,47.8331413269043,22726.388671875,0.8932820558547974
865,47.828369140625,22722.03125,0.8932898640632629
866,47.83677291870117,22729.09375,0.8932494521141052
867,47.82425308227539,22718.30859375,0.8932980298995972
868,47.84109878540039,22732.486328125,0.8932181000709534
869,47.81979751586914,22714.126953125,0.893300473690033
870,47.83991622924805,22730.9453125,0.8931998014450073
871,47.818687438964844,22712.67578125,0.893282949924469
872,47.841041564941406,22731.216796875,0.8931649327278137
873,47.81985855102539,22712.759765625,0.8932379484176636
874,47.836917877197266,22726.763671875,0.8931416869163513
875,47.821556091308594,22713.2109375,0.8931872248649597
876,47.83418655395508,22723.49609375,0.893112301826477
877,47.82157897949219,22712.37890625,0.8931498527526855
878,47.831966400146484,22720.8125,0.8930872678756714
879,47.82208251953125,22711.984375,0.8931118249893188
880,47.82795333862305,22716.599609375,0.8930697441101074
881,47.822120666503906,22711.275390625,0.8930792212486267
882,47.82698059082031,22715.060546875,0.8930428624153137
883,47.82372283935547,22711.97265625,0.8930431008338928
884,47.82590866088867,22713.515625,0.8930197954177856
885,47.81953811645508,22707.826171875,0.8930355310440063
886,47.82920455932617,22715.919921875,0.8929880261421204
887,47.81409454345703,22703.107421875,0.8930553793907166
888,47.83626174926758,22722.287109375,0.8929733037948608
889,47.80528259277344,22696.80859375,0.8931458592414856
890,47.84454345703125,22730.3125,0.8929802179336548
891,47.802345275878906,22695.64453125,0.8932169079780579
892,47.845550537109375,22730.65625,0.8929534554481506
893,47.80556106567383,22695.66796875,0.8930844068527222
894,47.83185577392578,22716.2265625,0.8928913474082947
895,47.81427764892578,22700.197265625,0.8929203748703003
896,47.81837463378906,22703.173828125,0.8928804397583008
897,47.82276916503906,22706.818359375,0.8928573131561279
898,47.80732345581055,22693.9609375,0.8929364681243896
899,47.834163665771484,22717.416015625,0.8928475379943848
900,47.79972839355469,22689.056640625,0.8930371999740601
901,47.83783721923828,22720.59765625,0.8928340673446655
902,47.80221939086914,22689.6171875,0.8929582834243774
903,47.82817459106445,22710.263671875,0.8927834630012512
904,47.808372497558594,22692.443359375,0.8928264379501343
905,47.81617736816406,22698.494140625,0.892767071723938
906,47.81482696533203,22697.00390625,0.8927578926086426
907,47.808837890625,22691.75390625,0.8927770256996155
908,47.823509216308594,22704.44140625,0.8927226662635803
909,47.80044174194336,22685.267578125,0.8928419351577759
910,47.83016586303711,22710.62109375,0.8927165269851685
911,47.79648208618164,22682.42578125,0.8928819894790649
912,47.82939529418945,22709.396484375,0.8926950693130493
913,47.798160552978516,22682.1328125,0.8927993774414062
914,47.821048736572266,22700.59765625,0.8926568031311035
915,47.80353927612305,22685.046875,0.8927037119865417
916,47.81698989868164,22696.083984375,0.8926277756690979
917,47.80341339111328,22684.181640625,0.8926709294319153
918,47.815086364746094,22693.88671875,0.8926107883453369
919,47.801143646240234,22681.78125,0.8926600813865662
920,47.8168830871582,22694.994140625,0.8925846219062805
921,47.798789978027344,22679.611328125,0.8926628828048706
922,47.821048736572266,22698.505859375,0.8925651907920837
923,47.79375076293945,22675.443359375,0.8926899433135986
924,47.82197952270508,22699.0546875,0.8925506472587585
925,47.79328918457031,22674.55078125,0.8926698565483093
926,47.821109771728516,22697.583984375,0.892522394657135
927,47.79398727416992,22674.275390625,0.8926288485527039
928,47.81703567504883,22693.154296875,0.8924978971481323
929,47.794166564941406,22673.2734375,0.892577588558197
930,47.81393051147461,22689.6328125,0.8924727439880371
931,47.795494079589844,22673.5859375,0.8925361037254333
932,47.812294006347656,22687.478515625,0.8924463987350464
933,47.79497146606445,22672.53125,0.8925116062164307
934,47.81352615356445,22688.19921875,0.8924268484115601
935,47.79111099243164,22669.28515625,0.8925298452377319
936,47.8173828125,22691.556640625,0.8924134969711304
937,47.78656768798828,22665.634765625,0.8925588130950928
938,47.818843841552734,22692.634765625,0.8924000263214111
939,47.78611755371094,22664.6484375,0.892534077167511
940,47.81590270996094,22689.19140625,0.8923714756965637
941,47.78810501098633,22665.146484375,0.8924735188484192
942,47.81060791015625,22683.4609375,0.8923406600952148
943,47.79008102416992,22665.51171875,0.8924074172973633
944,47.80708312988281,22679.5703125,0.8923166394233704
945,47.79053497314453,22665.15234375,0.8923727869987488
946,47.80543899536133,22677.5078125,0.892294704914093
947,47.789432525634766,22663.65625,0.8923530578613281
948,47.80644989013672,22678.01953125,0.8922751545906067
949,47.78580856323242,22660.50390625,0.8923656344413757
950,47.81049728393555,22681.5546875,0.8922618627548218
951,47.78044891357422,22656.50390625,0.8924131393432617
952,47.814735412597656,22685.419921875,0.8922551274299622
953,47.77826690673828,22654.81640625,0.892429769039154
954,47.81477355957031,22684.986328125,0.8922346234321594
955,47.77914047241211,22654.373046875,0.8923739790916443
956,47.80815887451172,22677.8671875,0.8921977281570435
957,47.78348922729492,22656.064453125,0.8922674655914307
958,47.79924774169922,22668.751953125,0.8921687006950378
959,47.78950500488281,22659.96875,0.892188549041748
960,47.79244613647461,22662.125,0.892160952091217
961,47.79430389404297,22663.4921875,0.8921435475349426
962,47.7856559753418,22655.970703125,0.8921734690666199
963,47.79840850830078,22666.853515625,0.8921204805374146
964,47.778717041015625,22650.349609375,0.8922153115272522
965,47.8066291809082,22674.43359375,0.8921109437942505
966,47.77304458618164,22646.544921875,0.8922843337059021
967,47.810890197753906,22678.373046875,0.8921064734458923
968,47.772674560546875,22645.943359375,0.8922733068466187
969,47.8070182800293,22673.96875,0.8920743465423584
970,47.775089263916016,22646.083984375,0.8921791315078735
971,47.79841613769531,22664.97265625,0.8920378088951111
972,47.780025482177734,22648.734375,0.8920903205871582
973,47.79131317138672,22657.79296875,0.8920182585716248
974,47.78468322753906,22651.74609375,0.8920287489891052
975,47.78488540649414,22651.619140625,0.8920148611068726
976,47.787757873535156,22653.8515625,0.8919932246208191
977,47.78000259399414,22647.09765625,0.892019510269165
978,47.792110443115234,22657.376953125,0.8919668793678284
979,47.77362823486328,22641.90234375,0.8920565843582153
980,47.80077362060547,22665.365234375,0.8919570446014404
981,47.7667121887207,22637.359375,0.8921449184417725
982,47.80724334716797,22671.6484375,0.8919634819030762
983,47.764522552490234,22635.599609375,0.8921586275100708
984,47.80219650268555,22666.15625,0.8919325470924377
985,47.76932144165039,22637.24609375,0.8920314908027649
986,47.792274475097656,22655.681640625,0.8918859958648682
987,47.77530288696289,22640.65625,0.8919324278831482
988,47.78458786010742,22648.11328125,0.8918735384941101
989,47.77995681762695,22643.802734375,0.8918771147727966
990,47.77775573730469,22641.646484375,0.8918739557266235
991,47.78343963623047,22646.306640625,0.8918421864509583
992,47.77214813232422,22636.66796875,0.8918887972831726
993,47.788963317871094,22651.056640625,0.8918209075927734
994,47.76641082763672,22632.16796875,0.8919299244880676
995,47.79600524902344,22657.5625,0.8918133974075317
996,47.76190948486328,22629.12890625,0.8919836282730103
997,47.799312591552734,22660.64453125,0.8918110132217407
998,47.7605094909668,22627.623046875,0.8919757008552551
999,47.79643249511719,22657.1796875,0.8917789459228516
1000,47.76277160644531,22627.88671875,0.8918933272361755
1001,47.78801345825195,22648.384765625,0.8917434215545654
1002,47.76758575439453,22630.34765625,0.8918012380599976
1003,47.78021240234375,22640.55078125,0.8917239308357239
1004,47.77179718017578,22632.99609375,0.891742467880249
1005,47.77460861206055,22635.109375,0.8917182087898254
1006,47.77293395996094,22633.431640625,0.8917142748832703
1007,47.772483825683594,22632.794921875,0.8917050957679749
1008,47.773712158203125,22633.576171875,0.8916884064674377
1009,47.771427154541016,22631.37109375,0.8916864991188049
1010,47.77299880981445,22632.45703125,0.8916687965393066
1011,47.76980209350586,22629.52734375,0.8916731476783752
1012,47.77680587768555,22635.380859375,0.891638994216919
1013,47.764503479003906,22624.931640625,0.8916919231414795
1014,47.78303909301758,22640.900390625,0.891622006893158
1015,47.756134033203125,22618.828125,0.8917719125747681
1016,47.7945442199707,22652.123046875,0.8916359543800354
1017,47.7499885559082,22615.533203125,0.8918827176094055
1018,47.79645919799805,22653.916015625,0.8916349411010742
1019,47.75115966796875,22614.859375,0.8918043375015259
1020,47.786441802978516,22643.0546875,0.8915751576423645
1021,47.75914001464844,22618.654296875,0.8916394114494324
1022,47.77333068847656,22630.0234375,0.8915485143661499
1023,47.76580047607422,22623.197265625,0.8915620446205139
1024,47.76691436767578,22623.892578125,0.8915463089942932
1025,47.769283294677734,22625.708984375,0.8915274739265442
1026,47.761497497558594,22618.875,0.8915512561798096
1027,47.7734375,22629.072265625,0.8915024995803833
1028,47.75517272949219,22613.943359375,0.8915976285934448
1029,47.78248977661133,22637.423828125,0.891492486000061
1030,47.74932098388672,22609.724609375,0.8916555047035217
1031,47.786624908447266,22641.32421875,0.8914917707443237
1032,47.74848175048828,22609.15234375,0.8916653394699097
1033,47.78512954711914,22639.447265625,0.8914717435836792
1034,47.748592376708984,22607.87109375,0.8916046619415283
1035,47.77940368652344,22633.2265625,0.8914368152618408
1036,47.75188064575195,22609.404296875,0.8915352821350098
1037,47.77368927001953,22627.169921875,0.8914085626602173
1038,47.755699157714844,22611.22265625,0.8914563059806824
1039,47.765235900878906,22618.935546875,0.8913986086845398
1040,47.75895309448242,22613.26953125,0.8914110660552979
1041,47.76164245605469,22615.27734375,0.8913875818252563
1042,47.760684967041016,22614.21875,0.8913807272911072
1043,47.757991790771484,22611.703125,0.8913822174072266
1044,47.76304244995117,22615.814453125,0.8913528323173523
1045,47.75505447387695,22608.859375,0.8913796544075012
1046,47.76728439331055,22619.32421875,0.8913305401802063
1047,47.74748611450195,22602.80859375,0.8914284706115723
1048,47.77747344970703,22628.923828125,0.8913283348083496
1049,47.73931884765625,22598.037109375,0.8915583491325378
1050,47.788658142089844,22640.140625,0.891355574131012
1051,47.736637115478516,22597.072265625,0.8916273713111877
1052,47.785736083984375,22636.822265625,0.8913314938545227
1053,47.74119567871094,22597.427734375,0.8914535641670227
1054,47.768218994140625,22618.689453125,0.891264021396637
1055,47.750953674316406,22603.095703125,0.8912971019744873
1056,47.75509262084961,22606.384765625,0.8912695050239563
1057,47.76259994506836,22612.794921875,0.8912388682365417
1058,47.745941162109375,22598.73046875,0.8913138508796692
1059,47.77139663696289,22620.912109375,0.8912295699119568
1060,47.736663818359375,22592.58203125,0.8914293050765991
1061,47.77845764160156,22627.77734375,0.8912372589111328
1062,47.73512268066406,22591.08203125,0.8914273381233215
1063,47.772499084472656,22621.517578125,0.8912103176116943
1064,47.74201965332031,22594.638671875,0.8912970423698425
1065,47.762290954589844,22610.890625,0.8911682367324829
1066,47.74809646606445,22598.1640625,0.8911994099617004
1067,47.75572204589844,22604.490234375,0.8911601901054382
1068,47.751014709472656,22600.35546875,0.89117431640625
1069,47.753028869628906,22601.603515625,0.8911455273628235
1070,47.748355865478516,22597.3046875,0.8911508917808533
1071,47.752830505371094,22601.009765625,0.8911277055740356
1072,47.74639892578125,22595.318359375,0.8911450505256653
1073,47.75284957885742,22600.5546875,0.8911070227622986
1074,47.74525833129883,22593.876953125,0.8911292552947998
1075,47.7582893371582,22605.025390625,0.8910771608352661
1076,47.73781204223633,22588.216796875,0.8911900520324707
1077,47.76671600341797,22613.02734375,0.8910781741142273
1078,47.72940444946289,22582.458984375,0.8912864923477173
1079,47.775779724121094,22622.2890625,0.891107976436615
1080,47.72634506225586,22581.90234375,0.8913891911506653
1081,47.776145935058594,22622.18359375,0.8910881876945496
1082,47.72882080078125,22581.1484375,0.8912532329559326
1083,47.764320373535156,22609.548828125,0.891025185585022
1084,47.737239837646484,22585.53125,0.8910959362983704
1085,47.749664306640625,22595.16796875,0.8910028338432312
1086,47.74976348876953,22594.994140625,0.8909912705421448
1087,47.73637008666992,22583.93359375,0.8910619616508484
1088,47.76100540161133,22605.55859375,0.8909878730773926
1089,47.7255859375,22577.05078125,0.891207754611969
1090,47.77337646484375,22617.654296875,0.8910046219825745
1091,47.72419738769531,22577.044921875,0.8912651538848877
1092,47.77008819580078,22614.19921875,0.8909896016120911
1093,47.72761917114258,22576.85546875,0.8911145925521851
1094,47.754554748535156,22598.107421875,0.8909287452697754
1095,47.73750305175781,22583.0546875,0.8909763693809509
1096,47.742706298828125,22586.94140625,0.8909308910369873
1097,47.74973678588867,22592.861328125,0.8908987641334534
1098,47.73109817504883,22577.3515625,0.8909919857978821
1099,47.75699234008789,22599.916015625,0.8909069895744324
1100,47.72411346435547,22572.998046875,0.8910908699035645
1101,47.75883102416992,22601.013671875,0.8908787369728088
1102,47.72853469848633,22574.8125,0.8909870386123657
1103,47.74901580810547,22591.58203125,0.8908724784851074
1104,47.7344856262207,22578.56640625,0.8909046649932861
1105,47.74165344238281,22583.91796875,0.8908419013023376
1106,47.74060821533203,22583.0390625,0.8908466696739197
1107,47.738094329833984,22580.7578125,0.8908509612083435
1108,47.741172790527344,22582.94140625,0.8908190727233887
1109,47.73596954345703,22578.328125,0.8908326029777527
1110,47.7406005859375,22582.099609375,0.8908059000968933
1111,47.73275375366211,22575.4921875,0.8908416032791138
1112,47.74238967895508,22583.314453125,0.8907848000526428
1113,47.72725296020508,22570.515625,0.8908515572547913
1114,47.752891540527344,22592.787109375,0.890764594078064
1115,47.719844818115234,22565.7734375,0.8909509778022766
1116,47.76424026489258,22604.23046875,0.8907954096794128
1117,47.7124137878418,22562.169921875,0.8911013603210449
1118,47.76848602294922,22608.580078125,0.8908098340034485
1119,47.71258544921875,22561.52734375,0.8910661339759827
1120,47.75947189331055,22598.91796875,0.8907603621482849
1121,47.72093963623047,22564.55859375,0.890852153301239
1122,47.742523193359375,22581.4765625,0.8906986713409424
1123,47.73133087158203,22571.45703125,0.8907237648963928
1124,47.729225158691406,22569.51171875,0.8907256722450256
1125,47.743438720703125,22581.736328125,0.8906721472740173
1126,47.71991729736328,22562.12109375,0.890787661075592
1127,47.74877166748047,22587.103515625,0.8906862735748291
1128,47.712772369384766,22557.6796875,0.8908893465995789
1129,47.75113296508789,22588.677734375,0.8906573057174683
1130,47.71955871582031,22561.193359375,0.8907617926597595
1131,47.73907470703125,22576.876953125,0.8906399607658386
1132,47.72642517089844,22565.640625,0.8906719088554382
1133,47.732933044433594,22570.6015625,0.8906195759773254
1134,47.732940673828125,22570.716796875,0.8906242847442627
1135,47.72536849975586,22563.98046875,0.8906428217887878
1136,47.7348518371582,22571.736328125,0.8905897736549377
1137,47.72139358520508,22560.61328125,0.8906601071357727
1138,47.73994064331055,22576.412109375,0.8905837535858154
1139,47.71318817138672,22554.333984375,0.8907249569892883
1140,47.745174407958984,22581.052734375,0.8905701041221619
1141,47.712059020996094,22553.5390625,0.8907369375228882
1142,47.751747131347656,22587.275390625,0.8905704021453857
1143,47.708126068115234,22551.357421875,0.8908045887947083
1144,47.755523681640625,22590.791015625,0.8905678391456604
1145,47.70505905151367,22548.8125,0.8908200860023499
1146,47.74776077270508,22582.78125,0.8905386924743652
1147,47.71097183227539,22550.373046875,0.8906431198120117
1148,47.734169006347656,22568.93359375,0.8904950022697449
1149,47.72227096557617,22558.078125,0.8905124664306641
1150,47.72100067138672,22556.875,0.890512228012085
1151,47.73310470581055,22567.353515625,0.8904697895050049
1152,47.71271896362305,22550.4296875,0.8905730247497559
1153,47.74530792236328,22578.849609375,0.8904678821563721
1154,47.703067779541016,22544.912109375,0.8907313346862793
1155,47.74985885620117,22583.40625,0.8904790282249451
1156,47.703208923339844,22543.830078125,0.8906780481338501
1157,47.742767333984375,22576.33984375,0.8904632329940796
1158,47.70923614501953,22546.955078125,0.8905649781227112
1159,47.73530197143555,22568.05078125,0.8904092311859131
1160,47.71314239501953,22548.73828125,0.8904810547828674
1161,47.73015213012695,22563.19140625,0.8904096484184265
1162,47.71527862548828,22550.380859375,0.8904645442962646
1163,47.72718048095703,22559.5625,0.8903737664222717
1164,47.713958740234375,22548.224609375,0.8904247283935547
1165,47.7210693359375,22554.1171875,0.8903883099555969
1166,47.71709442138672,22550.171875,0.8903800249099731
1167,47.718727111816406,22551.26171875,0.8903601169586182
1168,47.72307205200195,22555.005859375,0.8903442025184631
1169,47.71493911743164,22547.99609375,0.8903740644454956
1170,47.7238883972168,22555.150390625,0.8903166055679321
1171,47.713069915771484,22545.900390625,0.8903594613075256
1172,47.725379943847656,22556.5546875,0.8903164267539978
1173,47.704986572265625,22539.744140625,0.8904245495796204
1174,47.73288345336914,22563.16796875,0.8902953863143921
1175,47.699676513671875,22536.1484375,0.890487015247345
1176,47.74744415283203,22577.84765625,0.8903353810310364
1177,47.69284439086914,22534.373046875,0.8906928896903992
1178,47.75615692138672,22586.814453125,0.8903671503067017
1179,47.69131851196289,22532.30859375,0.8906654715538025
1180,47.73968505859375,22569.0390625,0.8902708292007446
1181,47.70368194580078,22536.4765625,0.8903351426124573
1182,47.71394729614258,22544.25,0.8902505040168762
1183,47.724525451660156,22553.482421875,0.8902169466018677
1184,47.698307037353516,22532.814453125,0.890397310256958
1185,47.74863815307617,22577.509765625,0.890271008014679
1186,47.688209533691406,22529.869140625,0.8906874060630798
1187,47.75089645385742,22580.0390625,0.8902881741523743
1188,47.69127655029297,22527.9609375,0.8904760479927063
1189,47.726871490478516,22554.896484375,0.8901817202568054
1190,47.707672119140625,22537.251953125,0.8902037143707275
1191,47.702919006347656,22533.263671875,0.8902256488800049
1192,47.72995376586914,22557.10546875,0.890150785446167
1193,47.69532775878906,22529.625,0.8903810381889343
1194,47.7430419921875,22569.744140625,0.890162467956543
1195,47.689876556396484,22525.212890625,0.8904134035110474
1196,47.733314514160156,22560.484375,0.8901597857475281
1197,47.693809509277344,22525.97265625,0.890283465385437
1198,47.72160339355469,22548.130859375,0.8901032209396362
1199,47.70425033569336,22532.50390625,0.8901370763778687
1200,47.70494842529297,22532.947265625,0.8901275992393494
1201,47.720558166503906,22546.3984375,0.8900704979896545
1202,47.69866180419922,22528.484375,0.890192449092865
1203,47.7318000793457,22557.033203125,0.8900710940361023
1204,47.68865966796875,22521.486328125,0.8903000354766846
1205,47.72945785522461,22554.939453125,0.8900761604309082
1206,47.69221115112305,22522.9140625,0.8902153372764587
1207,47.72151565551758,22546.703125,0.8900442123413086
1208,47.69938659667969,22526.95703125,0.8900951743125916
1209,47.707008361816406,22532.7265625,0.8900323510169983
1210,47.7137451171875,22538.501953125,0.8900065422058105
1211,47.700103759765625,22527.2265625,0.8900773525238037
1212,47.72429656982422,22548.115234375,0.8899907469749451
1213,47.6875114440918,22518.31640625,0.89020836353302
1214,47.73176574707031,22555.80859375,0.8900187611579895
1215,47.68352508544922,22515.48046875,0.8902491927146912
1216,47.727455139160156,22551.123046875,0.8899918794631958
1217,47.691349029541016,22519.65234375,0.8901077508926392
1218,47.7165641784668,22539.857421875,0.8899489045143127
1219,47.70056915283203,22525.3671875,0.8899763226509094
1220,47.70390701293945,22527.96484375,0.8899519443511963
1221,47.71207046508789,22535.02734375,0.8899233341217041
1222,47.69533920288086,22520.7890625,0.8899919986724854
1223,47.71624755859375,22538.6640625,0.8899098038673401
1224,47.68791580200195,22515.548828125,0.8900699615478516
1225,47.721675872802734,22543.8671875,0.8899129629135132
1226,47.685752868652344,22513.5859375,0.8900732398033142
1227,47.7213134765625,22542.958984375,0.8898881077766418
1228,47.68891906738281,22515.470703125,0.8900247812271118
1229,47.7199592590332,22541.318359375,0.8898723125457764
1230,47.689456939697266,22514.8984375,0.8899773955345154
1231,47.714332580566406,22535.458984375,0.8898484706878662
1232,47.690101623535156,22514.888671875,0.8899500370025635
1233,47.710472106933594,22531.5390625,0.8898364305496216
1234,47.69493103027344,22517.7734375,0.8898764252662659
1235,47.701942443847656,22523.310546875,0.8898288607597351
1236,47.69915008544922,22520.796875,0.8898342251777649
1237,47.6958122253418,22517.9453125,0.8898473978042603
1238,47.70716857910156,22527.60546875,0.8898007273674011
1239,47.68663787841797,22510.78515625,0.8899134397506714
1240,47.720619201660156,22540.275390625,0.8897990584373474
1241,47.67774200439453,22505.8828125,0.8900672197341919
1242,47.731895446777344,22552.14453125,0.8898524641990662
1243,47.67279815673828,22503.80859375,0.8901814222335815
1244,47.728904724121094,22548.474609375,0.8898153901100159
1245,47.68014144897461,22505.630859375,0.889956533908844
1246,47.71149444580078,22530.248046875,0.8897373080253601
1247,47.69450378417969,22514.802734375,0.8897636532783508
1248,47.690284729003906,22511.21484375,0.8897809982299805
1249,47.712547302246094,22530.943359375,0.8897241950035095
1250,47.67656707763672,22502.416015625,0.8899635076522827
1251,47.729515075683594,22548.283203125,0.889781653881073
1252,47.66975402832031,22499.578125,0.8901216983795166
1253,47.725284576416016,22543.783203125,0.8897596001625061
1254,47.67744064331055,22501.423828125,0.8898835778236389
1255,47.70526123046875,22523.1328125,0.8896832466125488
1256,47.692649841308594,22511.640625,0.8897014856338501
1257,47.688968658447266,22508.638671875,0.8897222280502319
1258,47.70996856689453,22526.97265625,0.8896567225456238
1259,47.67795181274414,22500.693359375,0.8898301124572754
1260,47.71778869628906,22534.86328125,0.889678955078125
1261,47.67026901245117,22495.708984375,0.8899299502372742
1262,47.71728515625,22534.365234375,0.889677882194519
1263,47.67413330078125,22497.396484375,0.889843761920929
1264,47.708683013916016,22525.201171875,0.8896322250366211
1265,47.685218811035156,22504.095703125,0.8896781802177429
1266,47.69220733642578,22509.41796875,0.889622151851654
1267,47.69819641113281,22514.6875,0.8896053433418274
1268,47.67952346801758,22499.40234375,0.8897082209587097
1269,47.710750579833984,22526.310546875,0.8895952105522156
1270,47.6717529296875,22494.501953125,0.8898152112960815
1271,47.71649169921875,22532.25,0.8896179795265198
1272,47.667640686035156,22491.296875,0.889845073223114
1273,47.710914611816406,22526.216796875,0.8895841240882874
1274,47.67811584472656,22497.357421875,0.8896766304969788
1275,47.697601318359375,22512.884765625,0.8895506858825684
1276,47.685752868652344,22502.169921875,0.8895713686943054
1277,47.686588287353516,22502.77734375,0.8895633816719055
1278,47.698333740234375,22512.869140625,0.8895196914672852
1279,47.67682647705078,22495.015625,0.8896271586418152
1280,47.70502471923828,22519.43359375,0.8895305395126343
1281,47.66884994506836,22489.9296875,0.8897346258163452
1282,47.71195602416992,22525.927734375,0.8895282745361328
1283,47.66754913330078,22488.578125,0.8897292017936707
1284,47.70723342895508,22521.3046875,0.889521062374115
1285,47.67144012451172,22490.416015625,0.8896484375
1286,47.702510833740234,22515.65625,0.8894689083099365
1287,47.67847442626953,22494.599609375,0.8895406126976013
1288,47.69098663330078,22504.77734375,0.8894688487052917
1289,47.68235778808594,22497.2265625,0.889494776725769
1290,47.68522262573242,22499.248046875,0.8894647359848022
1291,47.68634796142578,22499.974609375,0.8894500732421875
1292,47.68029022216797,22494.89453125,0.8894780874252319
1293,47.68959426879883,22503.01171875,0.8894490003585815
1294,47.673065185546875,22489.37890625,0.8895353674888611
1295,47.70281219482422,22514.703125,0.8894144296646118
1296,47.66608428955078,22484.765625,0.8896222114562988
1297,47.710975646972656,22523.53515625,0.8894639015197754
1298,47.65974426269531,22481.744140625,0.8897525072097778
1299,47.714962005615234,22526.8203125,0.8894428014755249
1300,47.662078857421875,22481.21484375,0.8896322250366211
1301,47.69697189331055,22508.62890625,0.8893898725509644
1302,47.67567825317383,22489.337890625,0.8894250392913818
1303,47.683956146240234,22495.90625,0.8893704414367676
1304,47.688873291015625,22500.119140625,0.8893516659736633
1305,47.66776657104492,22482.751953125,0.8894636631011963
1306,47.69880294799805,22509.697265625,0.889360785484314
1307,47.661170959472656,22479.296875,0.8895854353904724
1308,47.710147857666016,22520.87109375,0.8893813490867615
1309,47.657073974609375,22476.72265625,0.8896421790122986
1310,47.70353317260742,22514.162109375,0.889360785484314
1311,47.665245056152344,22480.59765625,0.8894734978675842
1312,47.69123840332031,22501.078125,0.889295756816864
1313,47.678375244140625,22489.630859375,0.8893260955810547
1314,47.66965103149414,22482.298828125,0.8893654346466064
1315,47.69614791870117,22505.697265625,0.8892951011657715
1316,47.659420013427734,22476.353515625,0.8895285725593567
1317,47.707637786865234,22517.322265625,0.8893293142318726
1318,47.65293884277344,22472.3671875,0.889622151851654
1319,47.70464324951172,22514.130859375,0.8893133401870728
1320,47.66095733642578,22476.2578125,0.889460563659668
1321,47.68877410888672,22497.775390625,0.8892528414726257
1322,47.67219161987305,22482.95703125,0.8892889618873596
1323,47.67353057861328,22483.97265625,0.8892781138420105
1324,47.68854522705078,22496.923828125,0.8892247676849365
1325,47.66224670410156,22475.43359375,0.8893706798553467
1326,47.697601318359375,22505.67578125,0.8892338275909424
1327,47.65596389770508,22471.384765625,0.8894532322883606
1328,47.695308685302734,22503.40234375,0.8892289996147156
1329,47.657352447509766,22470.810546875,0.889370322227478
1330,47.68793869018555,22495.796875,0.8892003893852234
1331,47.666439056396484,22476.931640625,0.8892626166343689
1332,47.679290771484375,22487.27734375,0.8891844749450684
1333,47.671512603759766,22480.216796875,0.8891966938972473
1334,47.6729621887207,22481.3671875,0.8891870975494385
1335,47.67741775512695,22485.083984375,0.8891657590866089
1336,47.66534423828125,22474.91796875,0.8892195820808411
1337,47.68241500854492,22489.5390625,0.8891544342041016
1338,47.65673828125,22468.39453125,0.8892896175384521
1339,47.695159912109375,22501.580078125,0.8891552090644836
1340,47.6525764465332,22466.65234375,0.8893856406211853
1341,47.69857406616211,22504.83203125,0.8891563415527344
1342,47.65219497680664,22466.1015625,0.8893771767616272
1343,47.69462966918945,22500.70703125,0.8891387581825256
1344,47.65533447265625,22466.7421875,0.8892749547958374
1345,47.685245513916016,22491.03125,0.8891024589538574
1346,47.65963363647461,22469.21484375,0.8892053961753845
1347,47.67759704589844,22483.72265625,0.8890984654426575
1348,47.66746139526367,22474.49609375,0.8891130685806274
1349,47.671043395996094,22477.18359375,0.8890827298164368
1350,47.66902542114258,22475.560546875,0.8890950083732605
1351,47.665931701660156,22473.0,0.8891106247901917
1352,47.67375564575195,22479.47265625,0.8890707492828369
1353,47.659423828125,22467.244140625,0.8891274333000183
1354,47.68180847167969,22486.423828125,0.8890424966812134
1355,47.65359878540039,22463.380859375,0.8891991376876831
1356,47.69105529785156,22495.6640625,0.8890652656555176
1357,47.64483642578125,22458.09765625,0.8893303871154785
1358,47.700313568115234,22504.84765625,0.8890848755836487
1359,47.6440544128418,22458.10546875,0.8893629908561707
1360,47.693538665771484,22497.1953125,0.8890296220779419
1361,47.65257263183594,22461.083984375,0.8891406059265137
1362,47.67061996459961,22475.111328125,0.8890089392662048
1363,47.66928482055664,22473.6484375,0.8890001177787781
1364,47.655517578125,22462.521484375,0.8890815377235413
1365,47.68656539916992,22489.78515625,0.8889930248260498
1366,47.64326477050781,22455.46484375,0.8892794847488403
1367,47.700103759765625,22503.7421875,0.8890451788902283
1368,47.63920211791992,22453.501953125,0.8893618583679199
1369,47.692787170410156,22495.876953125,0.8890028595924377
1370,47.64727783203125,22455.630859375,0.8891202807426453
1371,47.67216873168945,22475.0078125,0.8889400959014893
1372,47.667869567871094,22470.865234375,0.8889362812042236
1373,47.655147552490234,22460.486328125,0.8890073895454407
1374,47.68229293823242,22484.337890625,0.88893061876297
1375,47.64134979248047,22451.47265625,0.8891831040382385
1376,47.694053649902344,22496.435546875,0.8889749050140381
1377,47.63704299926758,22449.822265625,0.8892893195152283
1378,47.6923828125,22494.748046875,0.8889700174331665
1379,47.64375686645508,22452.10546875,0.8891111016273499
1380,47.67339324951172,22475.021484375,0.8888900279998779
1381,47.65938186645508,22462.42578125,0.8889171481132507
1382,47.65730667114258,22460.83984375,0.8889333009719849
1383,47.67583465576172,22476.796875,0.8888667821884155
1384,47.64370346069336,22450.701171875,0.8890513777732849
1385,47.68647384643555,22487.474609375,0.8888952136039734
1386,47.63563537597656,22445.96484375,0.8891777396202087
1387,47.68789291381836,22488.666015625,0.8888888359069824
1388,47.641883850097656,22449.11328125,0.889056921005249
1389,47.67575454711914,22476.25,0.8888460397720337
1390,47.650672912597656,22453.9453125,0.8889049887657166
1391,47.66224670410156,22463.064453125,0.888826310634613
1392,47.665306091308594,22465.6484375,0.8888130784034729
1393,47.64845657348633,22451.892578125,0.888906717300415
1394,47.67432403564453,22474.228515625,0.8888163566589355
1395,47.63896560668945,22445.431640625,0.8890160918235779
1396,47.68519592285156,22484.88671875,0.8888344168663025
1397,47.6339225769043,22442.5703125,0.8890993595123291
1398,47.68428421020508,22483.646484375,0.8888176083564758
1399,47.64083480834961,22446.025390625,0.8889645338058472
1400,47.672603607177734,22471.33203125,0.888760507106781
1401,47.65113830566406,22452.314453125,0.8888139128684998
1402,47.6552848815918,22455.41015625,0.8887781500816345
1403,47.66238021850586,22461.505859375,0.8887521028518677
1404,47.64250183105469,22445.51171875,0.8888726234436035
1405,47.678714752197266,22477.185546875,0.8887644410133362
1406,47.63222885131836,22440.029296875,0.8890576362609863
1407,47.69042205810547,22489.146484375,0.8888048529624939
1408,47.62946319580078,22438.64453125,0.8891115188598633
1409,47.68288803100586,22480.96484375,0.888757586479187
1410,47.64051055908203,22443.37109375,0.8888610601425171
1411,47.66301345825195,22460.921875,0.8887002468109131
1412,47.65834045410156,22456.671875,0.8887069821357727
1413,47.63999557495117,22442.10546875,0.8888265490531921
1414,47.67914581298828,22476.544921875,0.8887184858322144
1415,47.62831115722656,22436.4296875,0.8890616297721863
1416,47.6910514831543,22488.75390625,0.8887616395950317
1417,47.628150939941406,22435.74609375,0.8890382647514343
1418,47.67640686035156,22473.53515625,0.8886995911598206
1419,47.64234161376953,22442.931640625,0.8887656331062317
1420,47.653038024902344,22450.853515625,0.8886706829071045
1421,47.66267013549805,22459.611328125,0.8886566758155823
1422,47.63422393798828,22437.50390625,0.8888635039329529
1423,47.68418884277344,22480.66015625,0.8886903524398804
1424,47.62453079223633,22432.572265625,0.8890486359596252
1425,47.683837890625,22480.56640625,0.8887007236480713
1426,47.62969207763672,22433.669921875,0.8888826370239258
1427,47.6668586730957,22462.451171875,0.8886079788208008
1428,47.64802169799805,22445.384765625,0.8886380195617676
1429,47.643455505371094,22441.53515625,0.8886579275131226
1430,47.665428161621094,22460.87890625,0.8885979652404785
1431,47.632877349853516,22435.048828125,0.8888112306594849
1432,47.68103790283203,22476.0859375,0.8886196613311768
1433,47.62458801269531,22429.716796875,0.8889203667640686
1434,47.674747467041016,22470.716796875,0.8886443972587585
1435,47.62818908691406,22431.15625,0.8888342976570129
1436,47.670509338378906,22465.078125,0.8885722160339355
1437,47.63610076904297,22434.96484375,0.8886737823486328
1438,47.653587341308594,22449.01171875,0.888566792011261
1439,47.650718688964844,22446.072265625,0.8885563015937805
1440,47.64479446411133,22441.005859375,0.8885789513587952
1441,47.656314849853516,22451.0,0.8885412216186523
1442,47.629573822021484,22429.19140625,0.8886902332305908
1443,47.670570373535156,22464.546875,0.8885461091995239
1444,47.625648498535156,22428.046875,0.888802707195282
1445,47.676151275634766,22470.193359375,0.8885631561279297
1446,47.624969482421875,22427.08984375,0.8887887001037598
1447,47.66854476928711,22462.03125,0.8885194659233093
1448,47.632789611816406,22430.69140625,0.8886227011680603
1449,47.654640197753906,22448.28125,0.8884910345077515
1450,47.64471435546875,22439.40625,0.8885118961334229
1451,47.63931655883789,22434.703125,0.8885287642478943
1452,47.65540313720703,22448.595703125,0.8884732723236084
1453,47.62963104248047,22427.75,0.8886241912841797
1454,47.66767120361328,22460.302734375,0.8884795904159546
1455,47.62421417236328,22424.4765625,0.8887048959732056
1456,47.67129135131836,22463.875,0.8884867429733276
1457,47.623985290527344,22424.6484375,0.8887218832969666
1458,47.668296813964844,22460.8359375,0.888477087020874
1459,47.626129150390625,22424.564453125,0.8886293172836304
1460,47.66019821166992,22452.150390625,0.8884308338165283
1461,47.63185501098633,22427.681640625,0.8885289430618286
1462,47.651371002197266,22443.578125,0.8884193897247314
1463,47.64033126831055,22433.755859375,0.888444721698761
1464,47.640689849853516,22433.724609375,0.8884285092353821
1465,47.64641571044922,22438.603515625,0.8884059190750122
1466,47.63222885131836,22427.068359375,0.8884863257408142
1467,47.66012191772461,22451.220703125,0.8883931040763855
1468,47.62109375,22419.65234375,0.8886216878890991
1469,47.6727294921875,22464.0625,0.8884353041648865
1470,47.6161994934082,22419.138671875,0.8888022303581238
1471,47.67820358276367,22469.919921875,0.8884660601615906
1472,47.61558151245117,22416.62109375,0.8887168169021606
1473,47.665164947509766,22455.818359375,0.8883861899375916
1474,47.62633514404297,22421.853515625,0.8885011672973633
1475,47.647438049316406,22438.359375,0.8883527517318726
1476,47.6444206237793,22435.251953125,0.8883410692214966
1477,47.625858306884766,22420.31640625,0.8884531259536743
1478,47.66133117675781,22451.5546875,0.8883574604988098
1479,47.615623474121094,22415.2890625,0.8886563777923584
1480,47.674930572509766,22465.28515625,0.8883978128433228
1481,47.613197326660156,22415.06640625,0.8887472748756409
1482,47.66991424560547,22460.453125,0.8883931040763855
1483,47.618568420410156,22415.5390625,0.8885451555252075
1484,47.652767181396484,22442.17578125,0.8882998824119568
1485,47.63576889038086,22426.90625,0.8883323669433594
1486,47.628692626953125,22421.26953125,0.8883776068687439
1487,47.65846633911133,22447.416015625,0.8882941603660583
1488,47.61326599121094,22411.8671875,0.8886033892631531
1489,47.67333984375,22462.814453125,0.8883550763130188
1490,47.60957336425781,22409.90234375,0.888670027256012
1491,47.66595458984375,22455.0546875,0.8883199095726013
1492,47.61821365356445,22413.693359375,0.8884784579277039
1493,47.649227142333984,22437.8125,0.8882544040679932
1494,47.63493728637695,22424.62890625,0.8882663249969482
1495,47.62672805786133,22417.962890625,0.8883134126663208
1496,47.65491485595703,22442.845703125,0.8882402181625366
1497,47.61491394042969,22411.130859375,0.8885024785995483
1498,47.66978073120117,22458.19921875,0.8882995843887329
1499,47.60618591308594,22406.240234375,0.8886491656303406
1500,47.66707229614258,22455.353515625,0.8882867097854614
1501,47.613624572753906,22408.701171875,0.88844895362854
1502,47.648799896240234,22436.142578125,0.888198733329773
1503,47.6334342956543,22422.01953125,0.8882138729095459
1504,47.62225341796875,22413.1953125,0.8882889151573181
1505,47.657623291015625,22444.625,0.8882062435150146
1506,47.60823059082031,22405.83203125,0.888546347618103
1507,47.672523498535156,22460.173828125,0.888272762298584
1508,47.60651397705078,22405.419921875,0.8885993957519531
1509,47.6619758605957,22449.3671875,0.8882344961166382
1510,47.61434555053711,22407.15234375,0.8883506655693054
1511,47.64244079589844,22429.23828125,0.8881582021713257
1512,47.636260986328125,22423.48828125,0.8881613612174988
1513,47.61600875854492,22407.4609375,0.8882951736450195
1514,47.658748626708984,22444.859375,0.8881699442863464
1515,47.60697555541992,22403.33984375,0.8884884715080261
1516,47.66327667236328,22449.6015625,0.8881909847259521
1517,47.60673904418945,22401.591796875,0.8884210586547852
1518,47.65334701538086,22439.349609375,0.888151228427887
1519,47.618629455566406,22408.56640625,0.8882352709770203
1520,47.63601303100586,22422.05078125,0.8881083130836487
1521,47.634071350097656,22420.19921875,0.888107180595398
1522,47.6167106628418,22406.4296875,0.8882205486297607
1523,47.651939392089844,22436.830078125,0.8880987763404846
1524,47.60773468017578,22400.736328125,0.888342022895813
1525,47.657344818115234,22442.748046875,0.8881351351737976
1526,47.60401153564453,22398.732421875,0.8884082436561584
1527,47.65935516357422,22444.279296875,0.8881192207336426
1528,47.60780334472656,22400.015625,0.8883073925971985
1529,47.64710235595703,22431.6484375,0.8880711197853088
1530,47.61883544921875,22406.587890625,0.8881393671035767
1531,47.63059616088867,22415.818359375,0.8880583047866821
1532,47.63113021850586,22416.146484375,0.8880505561828613
1533,47.6173210144043,22404.9375,0.8881293535232544
1534,47.64390563964844,22427.755859375,0.8880322575569153
1535,47.60862350463867,22398.69140625,0.8882149457931519
1536,47.65259552001953,22436.65625,0.888063907623291
1537,47.602603912353516,22396.03515625,0.8883476257324219
1538,47.658607482910156,22442.48046875,0.8880710601806641
1539,47.60276412963867,22395.212890625,0.888304591178894
1540,47.65114974975586,22434.75,0.8880398273468018
1541,47.610084533691406,22399.2421875,0.8881785869598389
1542,47.63921356201172,22422.44140625,0.887992799282074
1543,47.61608123779297,22402.09375,0.8880554437637329
1544,47.62770080566406,22411.6171875,0.8879931569099426
1545,47.62554931640625,22409.66015625,0.8879961371421814
1546,47.62024688720703,22405.0390625,0.8880124688148499
1547,47.631385803222656,22414.46875,0.887965977191925
1548,47.610565185546875,22397.318359375,0.888073742389679
1549,47.64277648925781,22425.193359375,0.8879662752151489
1550,47.604331970214844,22393.845703125,0.888179361820221
1551,47.654048919677734,22436.34765625,0.8879900574684143
1552,47.597801208496094,22390.884765625,0.8883197903633118
1553,47.66007995605469,22442.978515625,0.8880319595336914
1554,47.597660064697266,22390.86328125,0.8883246779441833
1555,47.65282440185547,22434.75390625,0.8879706859588623
1556,47.603511810302734,22391.5625,0.888112485408783
1557,47.63153076171875,22413.59765625,0.8879215717315674
1558,47.621604919433594,22404.4765625,0.8879313468933105
1559,47.61366653442383,22397.916015625,0.8879713416099548
1560,47.63809585571289,22419.416015625,0.8879056572914124
1561,47.59895706176758,22388.23046875,0.8881545066833496
1562,47.653804779052734,22435.220703125,0.8879505395889282
1563,47.593658447265625,22386.76953125,0.8883100748062134
1564,47.6585693359375,22440.28515625,0.8879759907722473
1565,47.596168518066406,22387.296875,0.8882291913032532
1566,47.644168853759766,22424.990234375,0.8878995180130005
1567,47.60774612426758,22392.212890625,0.8879653811454773
1568,47.6215705871582,22402.982421875,0.8878667950630188
1569,47.62646484375,22407.23828125,0.8878514170646667
1570,47.60526657104492,22390.283203125,0.8879832029342651
1571,47.64417266845703,22424.11328125,0.8878606557846069
1572,47.59331512451172,22383.2421875,0.8881686329841614
1573,47.654197692871094,22435.0859375,0.8879282474517822
1574,47.590213775634766,22382.703125,0.8882737159729004
1575,47.65257263183594,22432.658203125,0.8878887295722961
1576,47.59931182861328,22385.98828125,0.8880409002304077
1577,47.629791259765625,22409.67578125,0.8878208994865417
1578,47.6140251159668,22395.22265625,0.8878376483917236
1579,47.61293411254883,22394.302734375,0.8878423571586609
1580,47.63153076171875,22410.87890625,0.8878018260002136
1581,47.59735107421875,22383.869140625,0.8880287408828735
1582,47.6538200378418,22433.462890625,0.8878724575042725
1583,47.58524703979492,22379.810546875,0.8883522748947144
1584,47.6567268371582,22437.01171875,0.8879081606864929
1585,47.59166717529297,22380.017578125,0.8880947232246399
1586,47.6340217590332,22412.548828125,0.8877720832824707
1587,47.61272430419922,22392.93359375,0.8877905607223511
1588,47.605224609375,22386.986328125,0.8878394365310669
1589,47.64044952392578,22418.36328125,0.8877617716789246
1590,47.589744567871094,22378.3515625,0.8881009221076965
1591,47.655548095703125,22434.646484375,0.8878529667854309
1592,47.58525848388672,22377.759765625,0.888261079788208
1593,47.65054702758789,22429.224609375,0.887821614742279
1594,47.59120559692383,22376.7265625,0.8879685401916504
1595,47.62495040893555,22402.99609375,0.8877272009849548
1596,47.61381149291992,22392.654296875,0.8877333402633667
1597,47.60482406616211,22385.3671875,0.8877847790718079
1598,47.63424301147461,22411.435546875,0.8877137303352356
1599,47.58987808227539,22375.966796875,0.8879901170730591
1600,47.64771270751953,22425.193359375,0.8877614736557007
1601,47.58597946166992,22373.908203125,0.8880611062049866
1602,47.639434814453125,22416.873046875,0.8877381682395935
1603,47.593971252441406,22376.974609375,0.8878647089004517
1604,47.62398147583008,22400.87890625,0.88767409324646
1605,47.60720443725586,22385.830078125,0.8877063393592834
1606,47.609596252441406,22387.615234375,0.8876858353614807
1607,47.619361877441406,22396.076171875,0.8876538872718811
1608,47.59892654418945,22379.291015625,0.8877612948417664
1609,47.62874221801758,22405.03515625,0.8876597881317139
1610,47.58880615234375,22372.625,0.887887179851532
1611,47.642250061035156,22418.80859375,0.8877066969871521
1612,47.58334732055664,22370.90625,0.8880378603935242
1613,47.64060592651367,22416.677734375,0.8876810669898987
1614,47.59144592285156,22374.046875,0.8878403902053833
1615,47.62834548950195,22404.025390625,0.887631893157959
1616,47.599910736083984,22379.146484375,0.8877140283584595
1617,47.6146240234375,22390.541015625,0.8876062631607056
1618,47.605491638183594,22382.853515625,0.8876460790634155
1619,47.60978698730469,22386.755859375,0.887640118598938
1620,47.61008834838867,22386.419921875,0.8876127004623413
1621,47.60346603393555,22380.341796875,0.8876193165779114
1622,47.61063766479492,22386.4453125,0.8875910639762878
1623,47.602020263671875,22379.60546875,0.8876467347145081
1624,47.62078094482422,22395.69921875,0.8875784873962402
1625,47.59264373779297,22372.1484375,0.8877067565917969
1626,47.63249969482422,22406.890625,0.8875858187675476
1627,47.583553314208984,22368.552734375,0.887925386428833
1628,47.64793395996094,22423.640625,0.8876839876174927
1629,47.57497787475586,22364.974609375,0.8881233930587769
1630,47.64790725708008,22423.22265625,0.887666642665863
1631,47.582557678222656,22366.517578125,0.8878768682479858
1632,47.62309265136719,22396.888671875,0.8875349760055542
1633,47.60388946533203,22379.212890625,0.8875517845153809
1634,47.594512939453125,22371.85546875,0.8876162767410278
1635,47.62916564941406,22402.705078125,0.8875396251678467
1636,47.57992172241211,22364.328125,0.8878894448280334
1637,47.649436950683594,22423.970703125,0.8876361846923828
1638,47.573246002197266,22363.3046875,0.8881215453147888
1639,47.64371871948242,22418.2421875,0.8876208662986755
1640,47.581600189208984,22362.984375,0.887760579586029
1641,47.617431640625,22390.64453125,0.8874945044517517
1642,47.60224914550781,22376.796875,0.887513279914856
1643,47.5943489074707,22370.38671875,0.8875582814216614
1644,47.62841796875,22400.65234375,0.8874800205230713
1645,47.578853607177734,22361.583984375,0.8878126740455627
1646,47.639888763427734,22413.115234375,0.887553870677948
1647,47.57392120361328,22359.193359375,0.8879120945930481
1648,47.63867950439453,22411.775390625,0.8875448703765869
1649,47.57949447631836,22360.890625,0.8877554535865784
1650,47.61775588989258,22390.1328125,0.8874583840370178
1651,47.59682846069336,22370.923828125,0.8874789476394653
1652,47.59564208984375,22370.078125,0.88749098777771
1653,47.61602783203125,22387.84765625,0.8874293565750122
1654,47.58474349975586,22362.529296875,0.8876098990440369
1655,47.629127502441406,22400.685546875,0.887452244758606
1656,47.57294464111328,22355.791015625,0.8878021240234375
1657,47.636051177978516,22408.287109375,0.8875001072883606
1658,47.5757942199707,22357.623046875,0.8877647519111633
1659,47.62669372558594,22397.810546875,0.8874262571334839
1660,47.58491134643555,22360.93359375,0.8875324726104736
1661,47.6062126159668,22377.6953125,0.8873885273933411
1662,47.60245895385742,22374.03515625,0.8873827457427979
1663,47.592750549316406,22366.154296875,0.8874377012252808
1664,47.6120719909668,22382.9140625,0.8873757123947144
1665,47.57908630371094,22356.169921875,0.8875638246536255
1666,47.62970733642578,22400.640625,0.8874261975288391
1667,47.57034683227539,22354.44140625,0.8878504633903503
1668,47.640769958496094,22411.833984375,0.8874608278274536
1669,47.57084655761719,22352.99609375,0.8877657651901245
1670,47.62674331665039,22397.28125,0.8874009847640991
1671,47.579490661621094,22356.06640625,0.8875423669815063
1672,47.612342834472656,22382.16015625,0.8873311877250671
1673,47.58723831176758,22360.248046875,0.8874057531356812
1674,47.600650787353516,22371.3671875,0.8873400688171387
1675,47.59799575805664,22368.7109375,0.8873329758644104
1676,47.59294128417969,22364.11328125,0.8873396515846252
1677,47.60237121582031,22372.416015625,0.8873148560523987
1678,47.58381652832031,22357.2265625,0.8874141573905945
1679,47.6178092956543,22386.7421875,0.8873066902160645
1680,47.57382583618164,22351.251953125,0.8875648975372314
1681,47.631370544433594,22401.076171875,0.8873762488365173
1682,47.56574249267578,22349.603515625,0.8878277540206909
1683,47.642234802246094,22412.51171875,0.88742995262146
1684,47.564849853515625,22347.748046875,0.8877829909324646
1685,47.624088287353516,22393.02734375,0.8873235583305359
1686,47.57980728149414,22353.46875,0.8874147534370422
1687,47.59886169433594,22368.09375,0.8872697353363037
1688,47.6009407043457,22369.53125,0.8872469663619995
1689,47.579349517822266,22352.443359375,0.887388288974762
1690,47.618988037109375,22387.423828125,0.8872877955436707
1691,47.5671272277832,22346.6953125,0.8876417875289917
1692,47.638694763183594,22407.04296875,0.8873357176780701
1693,47.563663482666016,22346.357421875,0.8877707719802856
1694,47.627689361572266,22397.07421875,0.8873525857925415
1695,47.569923400878906,22346.48046875,0.8875161409378052
1696,47.61152267456055,22378.935546875,0.887222945690155
1697,47.5825080871582,22353.390625,0.887299120426178
1698,47.59180450439453,22360.7734375,0.887239396572113
1699,47.602447509765625,22369.66015625,0.8871901631355286
1700,47.57767868041992,22349.439453125,0.8873249888420105
1701,47.61426544189453,22381.609375,0.8872273564338684
1702,47.56729507446289,22343.873046875,0.8875100016593933
1703,47.62452697753906,22391.740234375,0.8872485160827637
1704,47.564876556396484,22342.2421875,0.8875383734703064
1705,47.62123489379883,22388.44921875,0.887239933013916
1706,47.57115173339844,22345.896484375,0.8874394297599792
1707,47.615509033203125,22381.77734375,0.8871830701828003
1708,47.56938171386719,22343.078125,0.8873884081840515
1709,47.60889434814453,22375.435546875,0.8871777057647705
1710,47.577823638916016,22349.171875,0.8873072266578674
1711,47.60411834716797,22370.021484375,0.8871368169784546
1712,47.57582092285156,22346.1484375,0.8872566819190979
1713,47.59675216674805,22363.369140625,0.8871486186981201
1714,47.583885192871094,22352.630859375,0.8872084021568298
1715,47.592742919921875,22359.0859375,0.8871259689331055
1716,47.58308792114258,22350.828125,0.8871617913246155
1717,47.59489059448242,22361.1953125,0.8871299624443054
1718,47.58110809326172,22349.580078125,0.8871890306472778
1719,47.596797943115234,22362.455078125,0.8871065378189087
1720,47.573219299316406,22343.11328125,0.887230634689331
1721,47.615814208984375,22380.796875,0.8871272206306458
1722,47.55949020385742,22337.4140625,0.8875486850738525
1723,47.63615417480469,22403.3125,0.8872766494750977
1724,47.55237579345703,22337.662109375,0.8878552317619324
1725,47.631797790527344,22397.455078125,0.8871989250183105
1726,47.565589904785156,22337.72265625,0.8873090744018555
1727,47.590511322021484,22356.029296875,0.8870834708213806
1728,47.59256362915039,22357.31640625,0.8870551586151123
1729,47.57233428955078,22341.85546875,0.8872117400169373
1730,47.61908721923828,22383.83203125,0.8871252536773682
1731,47.55328369140625,22333.65234375,0.8876402378082275
1732,47.639503479003906,22405.75390625,0.887245237827301
1733,47.550743103027344,22333.06640625,0.8877197504043579
1734,47.61605453491211,22380.794921875,0.8871171474456787
1735,47.56969451904297,22338.203125,0.8871599435806274
1736,47.583885192871094,22348.97265625,0.8870468139648438
1737,47.59859085083008,22361.9609375,0.8870102167129517
1738,47.56292724609375,22334.658203125,0.8872841000556946
1739,47.628082275390625,22392.119140625,0.8871179819107056
1740,47.55049514770508,22332.005859375,0.8876832127571106
1741,47.63096237182617,22396.10546875,0.8871741890907288
1742,47.554447174072266,22329.43359375,0.8874052166938782
1743,47.60073471069336,22364.0,0.8870113492012024
1744,47.5803108215332,22344.826171875,0.8870119452476501
1745,47.567256927490234,22334.88671875,0.8871145844459534
1746,47.61790084838867,22380.837890625,0.8870424032211304
1747,47.551631927490234,22331.625,0.8876190185546875
1748,47.63414001464844,22397.701171875,0.8871127367019653
1749,47.552913665771484,22328.583984375,0.8874314427375793
1750,47.602752685546875,22366.125,0.8870214223861694
1751,47.568809509277344,22335.025390625,0.8870563507080078
1752,47.58366394042969,22346.857421875,0.8869625926017761
1753,47.587669372558594,22350.287109375,0.8869479298591614
1754,47.562522888183594,22330.33203125,0.8871096968650818
1755,47.616455078125,22378.1640625,0.8869845867156982
1756,47.5506477355957,22327.462890625,0.8874759078025818
1757,47.62339401245117,22386.205078125,0.8870513439178467
1758,47.55092239379883,22324.931640625,0.8873526453971863
1759,47.602176666259766,22364.32421875,0.8869659900665283
1760,47.56610107421875,22331.70703125,0.8870220184326172
1761,47.583499908447266,22345.419921875,0.8869059085845947
1762,47.58345413208008,22345.35546875,0.8869048953056335
1763,47.56593322753906,22331.134765625,0.8870036602020264
1764,47.60266876220703,22363.240234375,0.8868977427482605
1765,47.553890228271484,22324.478515625,0.8872092962265015
1766,47.61647415161133,22378.212890625,0.8869859576225281
1767,47.54517364501953,22321.4296875,0.8874365091323853
1768,47.61896514892578,22380.76171875,0.8869949579238892
1769,47.55341720581055,22323.736328125,0.8871959447860718
1770,47.59743118286133,22357.591796875,0.8868655562400818
1771,47.569122314453125,22332.1484375,0.8869161605834961
1772,47.575103759765625,22336.884765625,0.8868772387504578
1773,47.586822509765625,22346.95703125,0.8868359923362732
1774,47.561458587646484,22326.41015625,0.8869805932044983
1775,47.6012077331543,22361.302734375,0.8868727087974548
1776,47.54829788208008,22319.349609375,0.8872146606445312
1777,47.61773681640625,22378.404296875,0.8869419097900391
1778,47.54620361328125,22320.45703125,0.8873506188392639
1779,47.613075256347656,22373.48046875,0.8869180679321289
1780,47.55210494995117,22320.353515625,0.8871009349822998
1781,47.59675979614258,22355.958984375,0.8868213891983032
1782,47.560298919677734,22324.09375,0.8869261741638184
1783,47.582916259765625,22342.60546875,0.8868058323860168
1784,47.57048034667969,22331.51171875,0.8868317008018494
1785,47.57553482055664,22335.466796875,0.8867966532707214
1786,47.571083068847656,22331.52734375,0.8868072628974915
1787,47.57140350341797,22331.65234375,0.8867995142936707
1788,47.57713317871094,22336.529296875,0.8867772221565247
1789,47.56652069091797,22327.5078125,0.8868188858032227
1790,47.58491134643555,22343.353515625,0.8867560625076294
1791,47.55719757080078,22321.033203125,0.8869195580482483
1792,47.604026794433594,22362.599609375,0.8868131041526794
1793,47.54113006591797,22315.12890625,0.8873255848884583
1794,47.63104248046875,22391.89453125,0.8869853019714355
1795,47.53771209716797,22317.349609375,0.8875657916069031
1796,47.61098861694336,22369.951171875,0.8868488073348999
1797,47.554710388183594,22318.078125,0.8868921995162964
1798,47.57046890258789,22329.75390625,0.8867544531822205
1799,47.58785629272461,22345.18359375,0.8867147564888
1800,47.5496826171875,22316.23828125,0.8870194554328918
1801,47.6195182800293,22378.880859375,0.8868891596794128
1802,47.53565979003906,22315.607421875,0.8875740766525269
1803,47.62482452392578,22383.95703125,0.8868929147720337
1804,47.542877197265625,22311.05859375,0.8870729207992554
1805,47.57890319824219,22337.2421875,0.8867353796958923
1806,47.5755729675293,22333.439453125,0.8867055177688599
1807,47.557823181152344,22319.7421875,0.8868366479873657
1808,47.60109329223633,22359.07421875,0.8867790102958679
1809,47.53977966308594,22311.826171875,0.8872354626655579
1810,47.623348236083984,22381.28125,0.8868362903594971
1811,47.53609085083008,22308.16015625,0.8872265815734863
1812,47.59349060058594,22351.193359375,0.8867464661598206
1813,47.56013870239258,22320.0,0.8867518901824951
1814,47.566307067871094,22324.404296875,0.8866907358169556
1815,47.58367919921875,22340.53515625,0.8866826891899109
1816,47.54527282714844,22310.259765625,0.8869381546974182
1817,47.61200714111328,22368.056640625,0.8867231607437134
1818,47.53835678100586,22308.962890625,0.8871679902076721
1819,47.60738754272461,22364.89453125,0.8867750763893127
1820,47.54203796386719,22308.89453125,0.8870120644569397
1821,47.593048095703125,22348.6953125,0.8866545557975769
1822,47.55228042602539,22312.455078125,0.886744499206543
1823,47.56747817993164,22324.265625,0.8866358399391174
1824,47.576873779296875,22332.37890625,0.8866047859191895
1825,47.553104400634766,22312.87890625,0.8867288827896118
1826,47.589263916015625,22345.255859375,0.8866596221923828
1827,47.540130615234375,22306.470703125,0.8869839906692505
1828,47.609928131103516,22365.44921875,0.8866943120956421
1829,47.534915924072266,22304.294921875,0.8871042728424072
1830,47.597896575927734,22354.607421875,0.886714518070221
1831,47.54652404785156,22309.3984375,0.8868480324745178
1832,47.585243225097656,22339.763671875,0.8865837454795837
1833,47.55208206176758,22311.048828125,0.8866904377937317
1834,47.56654357910156,22322.150390625,0.8865811824798584
1835,47.57366943359375,22328.568359375,0.8865693211555481
1836,47.554298400878906,22311.66796875,0.8866257667541504
1837,47.57328796386719,22328.890625,0.8865993022918701
1838,47.54841613769531,22308.134765625,0.8867137432098389
1839,47.595829010009766,22349.5859375,0.8865785598754883
1840,47.53493118286133,22301.349609375,0.8869731426239014
1841,47.60717010498047,22363.255859375,0.8867117166519165
1842,47.53470230102539,22306.55859375,0.8872133493423462
1843,47.61164474487305,22366.107421875,0.8866519927978516
1844,47.53617477416992,22299.685546875,0.8868481516838074
1845,47.57074737548828,22325.759765625,0.8865662813186646
1846,47.56959915161133,22324.708984375,0.8865674734115601
1847,47.55501174926758,22311.416015625,0.8865852355957031
1848,47.581199645996094,22336.693359375,0.8866158723831177
1849,47.53557586669922,22300.2890625,0.8868995904922485
1850,47.61811828613281,22372.443359375,0.8866633176803589
1851,47.524478912353516,22297.775390625,0.8872491717338562
1852,47.601402282714844,22358.1171875,0.8867241144180298
1853,47.54397201538086,22305.837890625,0.8867964148521423
1854,47.5763053894043,22329.53515625,0.8865026831626892
1855,47.56056594848633,22315.712890625,0.8865445852279663
1856,47.542640686035156,22301.419921875,0.8866563439369202
1857,47.60366439819336,22356.140625,0.8865430355072021
1858,47.529571533203125,22299.080078125,0.8870953917503357
1859,47.610897064208984,22366.87890625,0.8867172002792358
1860,47.52726745605469,22296.39453125,0.8870723247528076
1861,47.594818115234375,22347.3984375,0.8865240216255188
1862,47.54652404785156,22302.701171875,0.8865518569946289
1863,47.551597595214844,22306.787109375,0.8865220546722412
1864,47.5814323425293,22332.828125,0.8864356279373169
1865,47.53703308105469,22299.115234375,0.8867871165275574
1866,47.600624084472656,22353.95703125,0.8865727782249451
1867,47.52482986450195,22293.17578125,0.8870310187339783
1868,47.60108184814453,22353.375,0.8865280151367188
1869,47.534767150878906,22295.470703125,0.886719822883606
1870,47.573299407958984,22325.15234375,0.8864337205886841
1871,47.55266571044922,22306.064453125,0.8864457607269287
1872,47.5517692565918,22305.41796875,0.8864543437957764
1873,47.57366943359375,22324.7890625,0.8864023089408875
1874,47.53504180908203,22294.435546875,0.8866626620292664
1875,47.59334945678711,22344.533203125,0.8864583373069763
1876,47.52799606323242,22292.12890625,0.8868531584739685
1877,47.596920013427734,22348.7734375,0.8864974975585938
1878,47.529075622558594,22292.279296875,0.8868150115013123
1879,47.584232330322266,22335.11328125,0.8864202499389648
1880,47.53999328613281,22295.953125,0.8865244388580322
1881,47.564395904541016,22315.689453125,0.8863846659660339
1882,47.553035736083984,22305.24609375,0.8863942623138428
1883,47.55343246459961,22305.412109375,0.8863852024078369
1884,47.563961029052734,22314.134765625,0.8863341212272644
1885,47.54338455200195,22297.197265625,0.88643878698349
1886,47.56956481933594,22319.78515625,0.8863514065742493
1887,47.53481674194336,22291.40625,0.886538028717041
1888,47.58411407470703,22334.09765625,0.8863804340362549
1889,47.52809524536133,22290.2578125,0.886766254901886
1890,47.59708023071289,22347.970703125,0.8864554166793823
1891,47.52220916748047,22287.734375,0.8868988752365112
1892,47.59819412231445,22348.65234375,0.8864393830299377
1893,47.52800750732422,22287.31640625,0.8866397142410278
1894,47.570674896240234,22320.205078125,0.8863239884376526
1895,47.54603958129883,22297.775390625,0.8863541483879089
1896,47.55180740356445,22302.333984375,0.8863164782524109
1897,47.56135940551758,22310.873046875,0.8862978219985962
1898,47.53824996948242,22292.29296875,0.88643479347229
1899,47.581844329833984,22330.564453125,0.8863184452056885
1900,47.521690368652344,22284.515625,0.8867780566215515
1901,47.60181427001953,22352.7421875,0.8864697217941284
1902,47.52009582519531,22286.46484375,0.8869304060935974
1903,47.58896255493164,22337.958984375,0.8863499164581299
1904,47.53221130371094,22287.0703125,0.8864543437957764
1905,47.5560302734375,22305.0859375,0.8862629532814026
1906,47.55971908569336,22308.12890625,0.8862445950508118
1907,47.540313720703125,22292.271484375,0.8863480091094971
1908,47.57432556152344,22322.908203125,0.8862919807434082
1909,47.522674560546875,22282.748046875,0.8866589069366455
1910,47.60115432739258,22350.12890625,0.8863818645477295
1911,47.51604080200195,22281.818359375,0.8868931531906128
1912,47.58747100830078,22336.9609375,0.886367678642273
1913,47.531333923339844,22286.5546875,0.8864678144454956
1914,47.56253433227539,22310.0234375,0.8862115144729614
1915,47.548221588134766,22297.40625,0.8862472772598267
1916,47.5380744934082,22289.330078125,0.8863108158111572
1917,47.580650329589844,22327.265625,0.886222243309021
1918,47.51978302001953,22280.37109375,0.886673629283905
1919,47.600563049316406,22350.609375,0.8864275217056274
1920,47.51325225830078,22281.83984375,0.887009859085083
1921,47.59125518798828,22339.046875,0.8863028883934021
1922,47.53082275390625,22283.310546875,0.886345386505127
1923,47.54567337036133,22294.330078125,0.8862168788909912
1924,47.568885803222656,22314.966796875,0.8861665725708008
1925,47.525421142578125,22281.904296875,0.8865074515342712
1926,47.593082427978516,22341.705078125,0.8863445520401001
1927,47.51211166381836,22277.931640625,0.8868842124938965
1928,47.594173431396484,22341.669921875,0.8862978219985962
1929,47.52259063720703,22277.810546875,0.8864436149597168
1930,47.555389404296875,22302.3203125,0.8861671090126038
1931,47.554779052734375,22301.166015625,0.8861414790153503
1932,47.536258697509766,22286.576171875,0.8862643837928772
1933,47.571468353271484,22317.7265625,0.8861814141273499
1934,47.51736068725586,22275.80859375,0.8865723013877869
1935,47.59134292602539,22338.208984375,0.8862624168395996
1936,47.514427185058594,22275.017578125,0.8866589069366455
1937,47.58046340942383,22326.755859375,0.8862075209617615
1938,47.52802276611328,22280.12890625,0.8863208293914795
1939,47.55818176269531,22303.55078125,0.8861057162284851
1940,47.54079055786133,22288.341796875,0.8861544728279114
1941,47.539249420166016,22286.74609375,0.8861477971076965
1942,47.55711364746094,22302.05078125,0.8860836625099182
1943,47.530696868896484,22280.734375,0.8862366676330566
1944,47.5669059753418,22312.138671875,0.8861236572265625
1945,47.51870346069336,22273.78125,0.8864265084266663
1946,47.58330154418945,22328.560546875,0.8861696720123291
1947,47.5130500793457,22271.732421875,0.8865705728530884
1948,47.58501052856445,22330.806640625,0.8861978650093079
1949,47.51622009277344,22273.2421875,0.8865059614181519
1950,47.57510757446289,22319.28125,0.8860992789268494
1951,47.525230407714844,22275.91015625,0.8862499594688416
1952,47.55534744262695,22299.56640625,0.8860472440719604
1953,47.5406494140625,22286.443359375,0.8860763311386108
1954,47.537845611572266,22284.01171875,0.886085033416748
1955,47.55055236816406,22295.15625,0.8860511183738708
1956,47.528045654296875,22277.09375,0.8861854672431946
1957,47.57033920288086,22314.05078125,0.8860658407211304
1958,47.51369094848633,22269.669921875,0.8864526748657227
1959,47.58787536621094,22333.44921875,0.8861958980560303
1960,47.50801467895508,22270.642578125,0.8867314457893372
1961,47.58720397949219,22331.59765625,0.886141836643219
1962,47.51744842529297,22270.29296875,0.8863241672515869
1963,47.5517463684082,22295.982421875,0.8860381841659546
1964,47.54192352294922,22286.513671875,0.8860266804695129
1965,47.536006927490234,22281.77734375,0.8860624432563782
1966,47.55842590332031,22302.1015625,0.8860317468643188
1967,47.51612854003906,22268.953125,0.8863196969032288
1968,47.58354187011719,22327.376953125,0.8861072659492493
1969,47.50539779663086,22265.8125,0.886626124382019
1970,47.584678649902344,22329.5625,0.8861567378044128
1971,47.51485824584961,22269.123046875,0.8863798379898071
1972,47.561763763427734,22304.09765625,0.885981559753418
1973,47.531246185302734,22276.89453125,0.8860440254211426
1974,47.53493118286133,22279.888671875,0.8860235810279846
1975,47.5579833984375,22299.974609375,0.8859559297561646
1976,47.51694869995117,22267.76171875,0.8862329125404358
1977,47.5792236328125,22322.55078125,0.886073112487793
1978,47.506103515625,22266.107421875,0.8866099119186401
1979,47.58627700805664,22330.109375,0.8861145973205566
1980,47.50769805908203,22262.765625,0.8863956332206726
1981,47.55778121948242,22300.359375,0.8859814405441284
1982,47.53479766845703,22279.140625,0.8859959244728088
1983,47.53347396850586,22277.681640625,0.8859862089157104
1984,47.55842208862305,22300.15234375,0.8859456181526184
1985,47.51106643676758,22264.013671875,0.8863112330436707
1986,47.585994720458984,22328.5390625,0.8860569596290588
1987,47.50283432006836,22262.806640625,0.8865994215011597
1988,47.579891204833984,22323.482421875,0.8860865831375122
1989,47.51305389404297,22264.140625,0.8862341642379761
1990,47.552635192871094,22293.9765625,0.8859124779701233
1991,47.53042221069336,22273.966796875,0.8859485983848572
1992,47.53070068359375,22274.470703125,0.8859591484069824
1993,47.55657958984375,22297.00390625,0.8858828544616699
1994,47.51481628417969,22263.63671875,0.8861386179924011
1995,47.5667724609375,22308.564453125,0.8859712481498718
1996,47.5054931640625,22259.85546875,0.8863582611083984
1997,47.578731536865234,22320.193359375,0.885989248752594
1998,47.507225036621094,22259.099609375,0.8862529397010803
1999,47.56039810180664,22301.20703125,0.8859102725982666
2000,47.52193832397461,22267.126953125,0.8859976530075073
2001,47.54450607299805,22285.037109375,0.8858541250228882
2002,47.530555725097656,22272.9609375,0.8858984708786011
2003,47.52988815307617,22272.171875,0.885891318321228
2004,47.54618453979492,22286.2578125,0.8858385682106018
2005,47.51738357543945,22262.513671875,0.8859822750091553
2006,47.556968688964844,22297.236328125,0.8858769536018372
2007,47.50929260253906,22260.509765625,0.8862295150756836
2008,47.578346252441406,22318.935546875,0.8859497904777527
2009,47.4964714050293,22254.92578125,0.8865144848823547
2010,47.581207275390625,22323.306640625,0.8860242366790771
2011,47.50667953491211,22258.591796875,0.8862529397010803
2012,47.5578498840332,22296.73828125,0.8858184814453125
2013,47.524314880371094,22266.619140625,0.8858765959739685
2014,47.524696350097656,22266.90625,0.885873556137085
2015,47.55450439453125,22293.20703125,0.8858009576797485
2016,47.508270263671875,22256.966796875,0.8861150741577148
2017,47.57563781738281,22316.787109375,0.8859671354293823
2018,47.49729919433594,22257.67578125,0.886601984500885
2019,47.585079193115234,22326.0078125,0.8859831094741821
2020,47.500396728515625,22252.189453125,0.8862302303314209
2021,47.54964828491211,22289.29296875,0.8858292698860168
2022,47.52937698364258,22270.046875,0.8858184218406677
2023,47.525146484375,22266.4453125,0.885834276676178
2024,47.5538330078125,22292.51953125,0.8857982754707336
2025,47.503753662109375,22253.94140625,0.8861685395240784
2026,47.583011627197266,22322.55078125,0.8859161138534546
2027,47.49335861206055,22251.49609375,0.8864917159080505
2028,47.56951141357422,22310.4453125,0.8859407901763916
2029,47.50906753540039,22255.021484375,0.885995626449585
2030,47.53929901123047,22277.6640625,0.8857438564300537
2031,47.537620544433594,22276.12890625,0.885745644569397
2032,47.50863265991211,22254.3984375,0.8859860897064209
2033,47.57770538330078,22315.98828125,0.8858461976051331
2034,47.493961334228516,22251.962890625,0.8864874839782715
2035,47.57854080200195,22318.923828125,0.885941207408905
2036,47.49961471557617,22250.24609375,0.8861765265464783
2037,47.54852294921875,22286.18359375,0.8857383131980896
2038,47.52736282348633,22266.7734375,0.8857569098472595
2039,47.515071868896484,22257.791015625,0.8858692049980164
2040,47.56156921386719,22298.802734375,0.8857553601264954
2041,47.497154235839844,22251.103515625,0.8863165974617004
2042,47.575462341308594,22315.369140625,0.885911762714386
2043,47.495697021484375,22246.943359375,0.886192798614502
2044,47.5528564453125,22290.28125,0.8857399225234985
2045,47.519309997558594,22259.060546875,0.8857495784759521
2046,47.521690368652344,22261.03515625,0.8857382535934448
2047,47.54660415649414,22283.1015625,0.8856815695762634
2048,47.505271911621094,22250.63671875,0.8859588503837585
2049,47.56525421142578,22302.990234375,0.8857879042625427
2050,47.49357986450195,22246.60546875,0.8862656354904175
2051,47.562461853027344,22300.1796875,0.8857793807983398
2052,47.504642486572266,22249.591796875,0.8859387040138245
2053,47.53617477416992,22272.720703125,0.885654866695404
2054,47.53049087524414,22267.421875,0.8856558203697205
2055,47.5120849609375,22253.5390625,0.8858047723770142
2056,47.55495834350586,22290.462890625,0.885660707950592
2057,47.49748992919922,22245.677734375,0.8860621452331543
2058,47.56562423706055,22303.283203125,0.8857854604721069
2059,47.492496490478516,22243.0234375,0.8861519694328308
2060,47.56018829345703,22296.916015625,0.8857293128967285
2061,47.50139617919922,22245.52734375,0.8858932852745056
2062,47.54084396362305,22276.17578125,0.8856139779090881
2063,47.520633697509766,22258.67578125,0.8856775164604187
2064,47.52202606201172,22259.34375,0.8856493830680847
2065,47.52683639526367,22263.021484375,0.8856127262115479
2066,47.51564025878906,22254.30859375,0.8856912851333618
2067,47.539833068847656,22274.990234375,0.8856035470962524
2068,47.5007209777832,22243.33203125,0.8858241438865662
2069,47.55220031738281,22287.84765625,0.8856595158576965
2070,47.494747161865234,22242.68359375,0.8860434293746948
2071,47.5717658996582,22307.9765625,0.8857383131980896
2072,47.48563003540039,22239.84375,0.8862961530685425
2073,47.56551742553711,22302.45703125,0.885753333568573
2074,47.49785232543945,22243.3828125,0.8859455585479736
2075,47.54253005981445,22276.70703125,0.8855675458908081
2076,47.51640701293945,22253.3125,0.8856154084205627
2077,47.514488220214844,22251.916015625,0.885633111000061
2078,47.539791107177734,22273.90625,0.8855572938919067
2079,47.500125885009766,22242.48828125,0.885811448097229
2080,47.55602264404297,22291.7578125,0.8856739401817322
2081,47.48800277709961,22238.8125,0.886151909828186
2082,47.57052230834961,22306.71875,0.8857342004776001
2083,47.48879623413086,22238.517578125,0.8861058354377747
2084,47.54753112792969,22281.7578125,0.885583758354187
2085,47.51240539550781,22250.61328125,0.8856618404388428
2086,47.52192306518555,22257.73046875,0.8855823278427124
2087,47.526466369628906,22261.119140625,0.8855438232421875
2088,47.50651931762695,22245.4453125,0.88567715883255
2089,47.54512023925781,22278.95703125,0.8855597972869873
2090,47.49213409423828,22236.224609375,0.8858656287193298
2091,47.55499267578125,22289.931640625,0.8856359124183655
2092,47.49077606201172,22238.072265625,0.886003851890564
2093,47.56071090698242,22294.6640625,0.8856080770492554
2094,47.49120330810547,22237.033203125,0.8859401345252991
2095,47.541168212890625,22275.23828125,0.8855592012405396
2096,47.50709915161133,22245.529296875,0.8856569528579712
2097,47.529300689697266,22262.87109375,0.8855038285255432
2098,47.51655960083008,22251.650390625,0.8855354189872742
2099,47.51091384887695,22247.40234375,0.8855814337730408
2100,47.5327262878418,22266.447265625,0.8855201005935669
2101,47.502960205078125,22241.0390625,0.8856295943260193
2102,47.5326042175293,22266.10546875,0.8855100274085999
2103,47.499916076660156,22239.67578125,0.8856953978538513
2104,47.546390533447266,22279.35546875,0.8855246305465698
2105,47.48885726928711,22234.146484375,0.8859094977378845
2106,47.553890228271484,22287.4453125,0.8855714797973633
2107,47.49049377441406,22235.42578125,0.8858980536460876
2108,47.555999755859375,22288.90625,0.8855487108230591
2109,47.48756790161133,22232.36328125,0.8858839273452759
2110,47.5400505065918,22272.76171875,0.8854957818984985
2111,47.50355529785156,22241.296875,0.8856163024902344
2112,47.52473449707031,22257.296875,0.8854464292526245
2113,47.51156997680664,22246.564453125,0.8855171203613281
2114,47.50970458984375,22243.984375,0.8854802250862122
2115,47.530975341796875,22262.5546875,0.8854204416275024
2116,47.49750518798828,22235.33984375,0.8856033682823181
2117,47.53984451293945,22272.900390625,0.8855104446411133
2118,47.48781204223633,22233.07421875,0.8859053254127502
2119,47.56280517578125,22295.90625,0.8855761289596558
2120,47.47706985473633,22227.79296875,0.886117160320282
2121,47.550758361816406,22283.892578125,0.8855443596839905
2122,47.4980354309082,22236.88671875,0.8856498599052429
2123,47.528507232666016,22260.078125,0.8854131102561951
2124,47.50986099243164,22244.931640625,0.8855157494544983
2125,47.50715255737305,22241.826171875,0.8854904770851135
2126,47.531002044677734,22262.60546875,0.8854213953018188
2127,47.492820739746094,22230.48046875,0.8855823278427124
2128,47.54316329956055,22276.251953125,0.8855212926864624
2129,47.48407745361328,22231.294921875,0.8859814405441284
2130,47.567562103271484,22300.265625,0.8855716586112976
2131,47.474815368652344,22224.9296875,0.8860837817192078
2132,47.545387268066406,22278.720703125,0.8855382204055786
2133,47.497188568115234,22234.537109375,0.8855809569358826
2134,47.52619171142578,22257.009765625,0.8853732347488403
2135,47.511985778808594,22245.5078125,0.8854530453681946
2136,47.49808883666992,22233.66796875,0.885504961013794
2137,47.53663635253906,22266.6953125,0.8853690028190613
2138,47.49003982543945,22228.583984375,0.8856136202812195
2139,47.54312515258789,22275.52734375,0.8854906558990479
2140,47.4798698425293,22224.73828125,0.8858653903007507
2141,47.56124496459961,22292.8828125,0.8855071663856506
2142,47.47626495361328,22222.953125,0.8859358429908752
2143,47.54157638549805,22273.19140625,0.8854515552520752
2144,47.49441146850586,22230.744140625,0.8855280876159668
2145,47.52505111694336,22255.54296875,0.8853555917739868
2146,47.50373458862305,22236.9375,0.8854156732559204
2147,47.505821228027344,22237.970703125,0.885374903678894
2148,47.51726150512695,22247.60546875,0.885327160358429
2149,47.502315521240234,22235.013671875,0.8853892683982849
2150,47.52239990234375,22252.828125,0.8853452801704407
2151,47.48787307739258,22224.634765625,0.885528564453125
2152,47.5456428527832,22275.328125,0.8853775858879089
2153,47.47396469116211,22219.3984375,0.8858736753463745
2154,47.5548210144043,22287.10546875,0.8855180144309998
2155,47.47535705566406,22222.3828125,0.8859483003616333
2156,47.554500579833984,22284.46875,0.885414719581604
2157,47.47772216796875,22218.677734375,0.8856855630874634
2158,47.52534866333008,22255.28125,0.8853318095207214
2159,47.49884796142578,22231.537109375,0.8853791356086731
2160,47.51306915283203,22242.640625,0.8852811455726624
2161,47.510498046875,22240.5390625,0.8852946162223816
2162,47.49124526977539,22224.669921875,0.8853902220726013
2163,47.536354064941406,22264.79296875,0.8852964043617249
2164,47.47675323486328,22218.453125,0.885715901851654
2165,47.554908752441406,22286.14453125,0.8854719996452332
2166,47.46908187866211,22219.3515625,0.8860744833946228
2167,47.557640075683594,22288.005859375,0.8854410648345947
2168,47.47552490234375,22216.2421875,0.885668933391571
2169,47.523109436035156,22251.921875,0.8852759599685669
2170,47.50175094604492,22232.240234375,0.8852897882461548
2171,47.49998092651367,22230.77734375,0.885298490524292
2172,47.527347564697266,22255.47265625,0.8852572441101074
2173,47.47514343261719,22215.431640625,0.8856488466262817
2174,47.55565643310547,22285.150390625,0.8853970170021057
2175,47.4665412902832,22215.591796875,0.8860132098197937
2176,47.54960250854492,22280.095703125,0.8854242563247681
2177,47.479774475097656,22217.45703125,0.8855462670326233
2178,47.517086029052734,22244.740234375,0.8852077126502991
2179,47.509639739990234,22237.630859375,0.8852014541625977
2180,47.4855842590332,22219.912109375,0.8854140639305115
2181,47.546173095703125,22273.73046875,0.8852849006652832
2182,47.467933654785156,22215.552734375,0.8859534859657288
2183,47.56128692626953,22291.994140625,0.8854660987854004
2184,47.46432113647461,22211.166015625,0.8859090209007263
2185,47.52930450439453,22257.41015625,0.8852619528770447
2186,47.49867630004883,22227.955078125,0.8852274417877197
2187,47.48954772949219,22221.35546875,0.8853136301040649
2188,47.5419807434082,22269.142578125,0.8852556347846985
2189,47.4666633605957,22214.47265625,0.8859584331512451
2190,47.561649322509766,22291.73828125,0.885439932346344
2191,47.465293884277344,22210.6171875,0.8858441114425659
2192,47.52920913696289,22256.779296875,0.885237991809845
2193,47.49262237548828,22222.607421875,0.8852415680885315
2194,47.49322509765625,22222.953125,0.8852318525314331
2195,47.53094482421875,22257.279296875,0.8851881623268127
2196,47.4684944152832,22210.912109375,0.8857243657112122
2197,47.55924606323242,22287.8828125,0.8853690028190613
2198,47.462154388427734,22209.849609375,0.8859405517578125
2199,47.5347900390625,22262.876953125,0.8852763772010803
2200,47.4876823425293,22218.3671875,0.8852584362030029
2201,47.49308776855469,22222.34765625,0.8852106332778931
2202,47.532814025878906,22258.87109375,0.8851810693740845
2203,47.465084075927734,22210.958984375,0.8858681917190552
2204,47.56111526489258,22290.076171875,0.8853884339332581
2205,47.46472930908203,22208.443359375,0.8857711553573608
2206,47.52553176879883,22252.216796875,0.8851885795593262
2207,47.491458892822266,22220.453125,0.8851942420005798
2208,47.487606048583984,22217.7265625,0.8852332830429077
2209,47.53487014770508,22260.498046875,0.8851679563522339
2210,47.46369552612305,22207.939453125,0.8857917189598083
2211,47.55282974243164,22280.34375,0.8853015899658203
2212,47.46336364746094,22206.0078125,0.8857196569442749
2213,47.52426528930664,22250.6328125,0.8851708769798279
2214,47.48963928222656,22218.041015625,0.885162889957428
2215,47.489418029785156,22217.99609375,0.8851699829101562
2216,47.52672576904297,22251.658203125,0.885114312171936
2217,47.46553421020508,22206.275390625,0.8856415152549744
2218,47.54841995239258,22275.45703125,0.8852681517601013
2219,47.462642669677734,22204.380859375,0.8856774568557739
2220,47.52956771850586,22255.033203125,0.8851458430290222
2221,47.47895050048828,22209.478515625,0.8852266669273376
2222,47.49725341796875,22223.4765625,0.8850879073143005
2223,47.50792694091797,22232.595703125,0.8850493431091309
2224,47.4779052734375,22209.59765625,0.8852752447128296
2225,47.53361129760742,22258.2890625,0.8851223587989807
2226,47.46174621582031,22203.03125,0.885654866695404
2227,47.53791046142578,22264.28125,0.885209321975708
2228,47.46720886230469,22202.7109375,0.8854137659072876
2229,47.51389694213867,22238.42578125,0.8850601315498352
2230,47.48676300048828,22213.845703125,0.8850961923599243
2231,47.49130630493164,22217.537109375,0.8850713968276978
2232,47.50886535644531,22232.68359375,0.8850144743919373
2233,47.479278564453125,22209.15234375,0.8851985335350037
2234,47.524620056152344,22248.619140625,0.8850669860839844
2235,47.461483001708984,22199.8046875,0.8855224251747131
2236,47.537452697753906,22263.3671875,0.8851878046989441
2237,47.46208572387695,22200.44921875,0.8855260610580444
2238,47.52324295043945,22247.345703125,0.8850675821304321
2239,47.47378158569336,22203.849609375,0.8851915001869202
2240,47.50558090209961,22229.34765625,0.8850027918815613
2241,47.49097442626953,22216.244140625,0.8850277066230774
2242,47.493892669677734,22218.572265625,0.8850099444389343
2243,47.50013732910156,22224.04296875,0.8849934339523315
2244,47.47922134399414,22206.93359375,0.885102391242981
2245,47.509273529052734,22232.54296875,0.8849912285804749
2246,47.472164154052734,22202.60546875,0.8852033019065857
2247,47.523433685302734,22246.556640625,0.8850248456001282
2248,47.46138381958008,22198.30859375,0.8854601383209229
2249,47.541358947753906,22266.306640625,0.8851559162139893
2250,47.45512771606445,22197.328125,0.885676383972168
2251,47.53185272216797,22255.69921875,0.8850806355476379
2252,47.467777252197266,22199.34375,0.8852408528327942
2253,47.50690841674805,22229.607421875,0.8849592804908752
2254,47.48659896850586,22211.41796875,0.8849953413009644
2255,47.486942291259766,22211.548828125,0.8849868774414062
2256,47.507503509521484,22229.607421875,0.8849345445632935
2257,47.46863555908203,22199.333984375,0.8852046728134155
2258,47.53152084350586,22254.705078125,0.8850502371788025
2259,47.45429611206055,22195.439453125,0.8856271505355835
2260,47.53929138183594,22263.876953125,0.8851341009140015
2261,47.45525360107422,22193.2578125,0.8854905962944031
2262,47.51954650878906,22241.845703125,0.8849773406982422
2263,47.47545623779297,22202.3125,0.8850536942481995
2264,47.49756622314453,22219.72265625,0.8849085569381714
2265,47.4915657043457,22214.458984375,0.884924054145813
2266,47.481178283691406,22205.951171875,0.8849777579307556
2267,47.5048828125,22226.42578125,0.8849022388458252
2268,47.4680061340332,22197.123046875,0.8851326107978821
2269,47.522457122802734,22244.45703125,0.8849722743034363
2270,47.455055236816406,22192.298828125,0.8854561448097229
2271,47.534584045410156,22258.119140625,0.8850744366645813
2272,47.45354080200195,22192.05859375,0.8855085968971252
2273,47.52742004394531,22249.193359375,0.884976327419281
2274,47.46413040161133,22194.212890625,0.8851643204689026
2275,47.50734329223633,22228.4609375,0.8848904371261597
2276,47.474884033203125,22200.3515625,0.8849905133247375
2277,47.498783111572266,22219.94140625,0.8848677277565002
2278,47.47869873046875,22202.88671875,0.8849446773529053
2279,47.49401092529297,22215.541015625,0.8848705887794495
2280,47.47880554199219,22202.681640625,0.8849310874938965
2281,47.498985290527344,22219.728515625,0.8848499655723572
2282,47.47153854370117,22197.21875,0.8849902153015137
2283,47.50874710083008,22229.390625,0.8848733901977539
2284,47.45969009399414,22190.984375,0.8852053880691528
2285,47.52859878540039,22250.302734375,0.8849766850471497
2286,47.44882583618164,22189.025390625,0.8855696320533752
2287,47.53866195678711,22262.009765625,0.885077714920044
2288,47.45040512084961,22189.119140625,0.885508120059967
2289,47.520137786865234,22240.8515625,0.88490891456604
2290,47.46847152709961,22194.5234375,0.8849979043006897
2291,47.491451263427734,22212.4375,0.8848392367362976
2292,47.48844528198242,22209.396484375,0.8848289847373962
2293,47.47826385498047,22201.259765625,0.8848904967308044
2294,47.50485610961914,22224.6796875,0.8848260641098022
2295,47.457237243652344,22188.14453125,0.8851811289787292
2296,47.53175735473633,22253.291015625,0.8849779963493347
2297,47.446754455566406,22188.453125,0.8856302499771118
2298,47.53260803222656,22254.798828125,0.8850093483924866
2299,47.45522689819336,22187.43359375,0.8852331042289734
2300,47.50284957885742,22222.791015625,0.8848254680633545
2301,47.47665786743164,22199.177734375,0.8848647475242615
2302,47.483577728271484,22205.04296875,0.8848378658294678
2303,47.49554443359375,22215.05078125,0.8847852349281311
2304,47.46482467651367,22190.83984375,0.8849858641624451
2305,47.519927978515625,22239.6953125,0.8848663568496704
2306,47.44720458984375,22184.94140625,0.8854554295539856
2307,47.53322982788086,22255.498046875,0.8850145936012268
2308,47.4493408203125,22186.107421875,0.8854185938835144
2309,47.51499938964844,22234.94921875,0.8848602771759033
2310,47.46381378173828,22190.39453125,0.8850080370903015
2311,47.49566650390625,22215.408203125,0.884796142578125
2312,47.48540115356445,22205.228515625,0.8847705125808716
2313,47.47248077392578,22195.853515625,0.8848905563354492
2314,47.50503921508789,22224.001953125,0.8847883939743042
2315,47.453765869140625,22184.1015625,0.8851457834243774
2316,47.52729415893555,22248.51953125,0.884951651096344
2317,47.44441604614258,22183.65625,0.8855142593383789
2318,47.5251579284668,22245.998046875,0.8849285840988159
2319,47.45582962036133,22186.919921875,0.8851851224899292
2320,47.502037048339844,22221.41796875,0.8847983479499817
2321,47.47845458984375,22199.609375,0.8848094940185547
2322,47.47533416748047,22198.8046875,0.8849031925201416
2323,47.49895095825195,22217.482421875,0.8847517967224121
2324,47.45914077758789,22186.5390625,0.8850309252738953
2325,47.51856231689453,22238.7734375,0.8848820328712463
2326,47.44797134399414,22181.306640625,0.8852623105049133
2327,47.52284240722656,22243.412109375,0.8849101066589355
2328,47.44935989379883,22183.408203125,0.885297954082489
2329,47.51062774658203,22230.150390625,0.8848291039466858
2330,47.471771240234375,22195.869140625,0.8849207162857056
2331,47.4804801940918,22202.91796875,0.8848720788955688
2332,47.4882698059082,22207.12890625,0.8847358822822571
2333,47.46234130859375,22189.34765625,0.8850226998329163
2334,47.51678466796875,22236.3203125,0.8848472237586975
2335,47.445552825927734,22178.677734375,0.8852459192276001
2336,47.52806854248047,22248.830078125,0.8849332332611084
2337,47.446067810058594,22180.458984375,0.8853036761283875
2338,47.51511001586914,22234.93359375,0.8848550915718079
2339,47.46519470214844,22191.134765625,0.8849834203720093
2340,47.47915267944336,22200.265625,0.8848096132278442
2341,47.48891830444336,22207.80859375,0.8847390413284302
2342,47.46554946899414,22192.078125,0.8850107192993164
2343,47.511695861816406,22230.25390625,0.8847894668579102
2344,47.44486999511719,22177.435546875,0.8852190375328064
2345,47.52391052246094,22243.333984375,0.8848623037338257
2346,47.4455451965332,22176.7109375,0.8851588368415833
2347,47.51072692871094,22229.431640625,0.8847930431365967
2348,47.45988845825195,22184.244140625,0.8848978281021118
2349,47.48600769042969,22204.05078125,0.8846930265426636
2350,47.473411560058594,22193.39453125,0.8847429156303406
2351,47.4761848449707,22195.92578125,0.8847400546073914
2352,47.485233306884766,22202.583984375,0.8846601247787476
2353,47.46281814575195,22184.140625,0.8847717046737671
2354,47.49077224731445,22208.578125,0.884696364402771
2355,47.457252502441406,22180.15625,0.8848258852958679
2356,47.51063919067383,22227.8671875,0.8847275376319885
2357,47.44251251220703,22174.76171875,0.8851982355117798
2358,47.51823425292969,22237.474609375,0.8848382234573364
2359,47.442893981933594,22177.728515625,0.8853141069412231
2360,47.51708984375,22233.94921875,0.8847295045852661
2361,47.450843811035156,22176.056640625,0.8849098682403564
2362,47.481483459472656,22199.5390625,0.8846806287765503
2363,47.47749328613281,22195.15234375,0.8846515417098999
2364,47.47059631347656,22189.013671875,0.884665310382843
2365,47.49058151245117,22207.662109375,0.8846635818481445
2366,47.44738006591797,22172.921875,0.8849143385887146
2367,47.520294189453125,22237.6953125,0.8847625255584717
2368,47.43596267700195,22174.1640625,0.8854436874389648
2369,47.52573013305664,22244.41796875,0.884834885597229
2370,47.44728088378906,22176.234375,0.8850655555725098
2371,47.49358367919922,22210.802734375,0.8846783638000488
2372,47.46144104003906,22181.548828125,0.8847138285636902
2373,47.47517776489258,22193.021484375,0.8846530914306641
2374,47.488521575927734,22204.255859375,0.884597897529602
2375,47.45174026489258,22174.2265625,0.8847911953926086
2376,47.50434494018555,22220.966796875,0.8846826553344727
2377,47.440895080566406,22172.9296875,0.8851839303970337
2378,47.5300178527832,22247.015625,0.8847722411155701
2379,47.43299865722656,22168.0390625,0.8852946162223816
2380,47.50066375732422,22218.76171875,0.8847376108169556
2381,47.4576301574707,22179.5390625,0.8847826719284058
2382,47.48433303833008,22200.201171875,0.884591817855835
2383,47.4766845703125,22192.98828125,0.8845890760421753
2384,47.44932556152344,22171.9453125,0.8847902417182922
2385,47.51020812988281,22224.90625,0.884614109992981
2386,47.44261932373047,22171.884765625,0.8850657939910889
2387,47.51534652709961,22232.62890625,0.8847432136535645
2388,47.434417724609375,22165.93359375,0.8851422071456909
2389,47.504173278808594,22221.0546875,0.8846936225891113
2390,47.44947052001953,22172.4140625,0.884804904460907
2391,47.48267364501953,22198.267578125,0.8845749497413635
2392,47.47572708129883,22191.79296875,0.8845757842063904
2393,47.45775604248047,22177.046875,0.884666919708252
2394,47.48421859741211,22199.46484375,0.8845639824867249
2395,47.453792572021484,22175.08984375,0.8847445249557495
2396,47.50508117675781,22219.396484375,0.8845826387405396
2397,47.4324951171875,22161.669921875,0.8850324749946594
2398,47.50817108154297,22225.9296875,0.8847439885139465
2399,47.439640045166016,22169.82421875,0.8850981593132019
2400,47.511962890625,22225.5859375,0.8845714926719666
2401,47.44623947143555,22168.8828125,0.8847822546958923
2402,47.475311279296875,22191.2421875,0.8845686316490173
2403,47.46757125854492,22183.849609375,0.8845616579055786
2404,47.47452163696289,22189.779296875,0.8845363855361938
2405,47.470306396484375,22185.880859375,0.8845382928848267
2406,47.4522819519043,22170.63671875,0.8846094012260437
2407,47.4889030456543,22202.568359375,0.8845072388648987
2408,47.44931411743164,22169.9921875,0.8847039341926575
2409,47.49774169921875,22211.966796875,0.8845574855804443
2410,47.435794830322266,22164.25390625,0.8850102424621582
2411,47.51747512817383,22233.755859375,0.8847050070762634
2412,47.43035888671875,22164.3828125,0.8852418661117554
2413,47.50123596191406,22216.318359375,0.8846055865287781
2414,47.45735549926758,22176.00390625,0.8846372365951538
2415,47.46622848510742,22182.92578125,0.8845763206481934
2416,47.4741096496582,22188.861328125,0.8845127820968628
2417,47.454917907714844,22173.740234375,0.8846378922462463
2418,47.499420166015625,22212.337890625,0.8845043182373047
2419,47.43038558959961,22157.98828125,0.8849563598632812
2420,47.509193420410156,22225.96875,0.8847033381462097
2421,47.434043884277344,22165.912109375,0.8851566910743713
2422,47.51255416870117,22225.32421875,0.8845354914665222
2423,47.44268798828125,22164.03125,0.8847141861915588
2424,47.467838287353516,22183.330078125,0.8845274448394775
2425,47.47036361694336,22183.923828125,0.8844491243362427
2426,47.46712112426758,22182.2890625,0.8845109939575195
2427,47.47696304321289,22190.064453125,0.8844477534294128
2428,47.43883514404297,22159.552734375,0.8846750855445862
2429,47.49509811401367,22207.88671875,0.8844863772392273
2430,47.43778991699219,22162.234375,0.8848376274108887
2431,47.50518798828125,22218.888671875,0.8845556378364563
2432,47.43113708496094,22158.884765625,0.8849651217460632
2433,47.503013610839844,22218.0234375,0.8846073150634766
2434,47.432247161865234,22158.09765625,0.8848839402198792
2435,47.49243927001953,22205.8203125,0.8845049738883972
2436,47.45304870605469,22169.546875,0.8845290541648865
2437,47.46572494506836,22181.0625,0.8845143914222717
2438,47.45855712890625,22173.111328125,0.8844588398933411
2439,47.46614074707031,22179.953125,0.8844478726387024
2440,47.4730224609375,22185.517578125,0.8844095468521118
2441,47.45022964477539,22166.279296875,0.884501039981842
2442,47.46727752685547,22180.75,0.8844361901283264
2443,47.45304489135742,22169.107421875,0.8845098614692688
2444,47.489219665527344,22199.8203125,0.8843722343444824
2445,47.436702728271484,22156.51171875,0.8846285343170166
2446,47.49101638793945,22205.02734375,0.8845287561416626
2447,47.431312561035156,22158.337890625,0.884933590888977
2448,47.51824188232422,22230.91015625,0.8845470547676086
2449,47.423072814941406,22151.68359375,0.8849798440933228
2450,47.49141311645508,22206.044921875,0.8845573663711548
2451,47.43839645385742,22158.6328125,0.8846525549888611
2452,47.49295425415039,22203.544921875,0.8843826055526733
2453,47.44133377075195,22159.15625,0.8845537900924683
2454,47.472965240478516,22185.4609375,0.8844093680381775
2455,47.446990966796875,22163.224609375,0.884499728679657
2456,47.480499267578125,22190.716796875,0.884330153465271
2457,47.441131591796875,22158.361328125,0.8845268487930298
2458,47.47651672363281,22187.78125,0.8843650221824646
2459,47.441551208496094,22159.580078125,0.8845635056495667
2460,47.49696350097656,22206.697265625,0.8843561410903931
2461,47.4261360168457,22151.04296875,0.8848240971565247
2462,47.49705123901367,22209.1640625,0.8844619393348694
2463,47.4273681640625,22153.826171875,0.8848966956138611
2464,47.50343704223633,22214.546875,0.884435772895813
2465,47.42715072631836,22152.1328125,0.8848305940628052
2466,47.48392105102539,22194.51171875,0.8843566179275513
2467,47.44938278198242,22164.66796875,0.8844645023345947
2468,47.46552658081055,22176.169921875,0.8843055367469788
2469,47.45627975463867,22169.619140625,0.884398341178894
2470,47.44971466064453,22162.517578125,0.884355366230011
2471,47.481746673583984,22191.720703125,0.8843229413032532
2472,47.42995834350586,22149.2578125,0.884585976600647
2473,47.49833297729492,22211.287109375,0.8845028281211853
2474,47.42106628417969,22153.701171875,0.8851529359817505
2475,47.52099609375,22232.64453125,0.8845097422599792
2476,47.42306137084961,22148.333984375,0.8848313093185425
2477,47.472782135009766,22184.78125,0.8843867182731628
2478,47.4589729309082,22170.71875,0.8843353390693665
2479,47.454376220703125,22167.66796875,0.8843905925750732
2480,47.48054122924805,22191.421875,0.88435959815979
2481,47.419212341308594,22144.048828125,0.8848006725311279
2482,47.51375961303711,22225.01171875,0.884471595287323
2483,47.41862869262695,22149.61328125,0.8850724697113037
2484,47.4943733215332,22205.646484375,0.8844169974327087
2485,47.43544006347656,22152.25,0.8844914436340332
2486,47.46187210083008,22172.27734375,0.8842843770980835
2487,47.46025848388672,22170.02734375,0.8842513561248779
2488,47.4411506652832,22156.048828125,0.8844233155250549
2489,47.48457336425781,22192.70703125,0.8842494487762451
2490,47.42635726928711,22147.994140625,0.88467937707901
2491,47.499263763427734,22208.826171875,0.8843553066253662
2492,47.41904830932617,22145.779296875,0.8848844170570374
2493,47.48871612548828,22198.490234375,0.8843342065811157
2494,47.42951965332031,22146.6015625,0.884486198425293
2495,47.470558166503906,22179.208984375,0.8842318058013916
2496,47.442901611328125,22155.84375,0.8843415975570679
2497,47.462799072265625,22171.1875,0.8841975927352905
2498,47.454383850097656,22163.86328125,0.8842213153839111
2499,47.44768524169922,22158.912109375,0.8842793703079224
2500,47.458072662353516,22166.7578125,0.884196937084198
2501,47.44287872314453,22154.40625,0.8842785954475403
2502,47.47079086303711,22178.75390625,0.8842019438743591
2503,47.425907135009766,22143.486328125,0.8844977021217346
2504,47.492733001708984,22201.7109375,0.8843106031417847
2505,47.416717529296875,22145.001953125,0.8849467635154724
2506,47.508514404296875,22218.02734375,0.8843796253204346
2507,47.417903900146484,22142.97265625,0.8848073482513428
2508,47.47528076171875,22184.521484375,0.8842716217041016
2509,47.437522888183594,22150.583984375,0.8843310475349426
2510,47.463985443115234,22172.482421875,0.8842058181762695
2511,47.45578384399414,22163.921875,0.8841660022735596
2512,47.435157775878906,22147.767578125,0.8843040466308594
2513,47.47941589355469,22186.80859375,0.88420170545578
2514,47.42158126831055,22142.193359375,0.8846197724342346
2515,47.49717712402344,22206.609375,0.8843433260917664
2516,47.41346740722656,22141.341796875,0.8849189877510071
2517,47.494468688964844,22203.861328125,0.8843338489532471
2518,47.42367172241211,22143.537109375,0.8845927715301514
2519,47.474788665771484,22182.205078125,0.8841893672943115
2520,47.44491195678711,22154.50390625,0.8841986656188965
2521,47.442420959472656,22154.244140625,0.8842903971672058
2522,47.463401794433594,22170.56640625,0.8841449618339539
2523,47.4371452331543,22149.826171875,0.8843129873275757
2524,47.478275299072266,22185.357421875,0.8841845393180847
2525,47.417179107666016,22137.49609375,0.8845937848091125
2526,47.48652648925781,22196.130859375,0.8843203186988831
2527,47.41764450073242,22142.083984375,0.8847783803939819
2528,47.49581527709961,22202.970703125,0.8842387199401855
2529,47.42755889892578,22142.7109375,0.8843947052955627
2530,47.45754623413086,22167.625,0.8842571973800659
2531,47.43809509277344,22147.8359375,0.8841851949691772
2532,47.46550369262695,22172.939453125,0.8841632008552551
2533,47.439414978027344,22149.294921875,0.8841952681541443
2534,47.45021438598633,22158.626953125,0.8841618299484253
2535,47.43675231933594,22147.34375,0.8842190504074097
2536,47.459625244140625,22166.208984375,0.8841081261634827
2537,47.44089889526367,22149.607421875,0.8841475248336792
2538,47.45950698852539,22166.162109375,0.8841109871864319
2539,47.42699432373047,22139.396484375,0.8842706680297852
2540,47.474727630615234,22180.24609375,0.8841049671173096
2541,47.41881561279297,22138.09375,0.8845524191856384
2542,47.49744415283203,22204.583984375,0.8842424750328064
2543,47.4051628112793,22134.21875,0.8849470019340515
2544,47.49921798706055,22207.3984375,0.884293794631958
2545,47.41324234008789,22134.1875,0.884610116481781
2546,47.47562789916992,22180.7734375,0.8840909600257874
2547,47.42971420288086,22140.36328125,0.8842008113861084
2548,47.45024490356445,22156.646484375,0.8840725421905518
2549,47.44595718383789,22152.4765625,0.8840651512145996
2550,47.44509506225586,22151.923828125,0.8840763568878174
2551,47.45255661010742,22157.94921875,0.8840345740318298
2552,47.42842483520508,22138.66015625,0.8841786980628967
2553,47.46494674682617,22169.99609375,0.8840555548667908
2554,47.421443939208984,22135.8515625,0.8843436241149902
2555,47.49017333984375,22195.662109375,0.8841484785079956
2556,47.40482711791992,22133.25,0.8849178552627563
2557,47.504981994628906,22213.673828125,0.8843331933021545
2558,47.40717315673828,22132.611328125,0.8847922086715698
2559,47.47651672363281,22181.224609375,0.8840741515159607
2560,47.436405181884766,22144.484375,0.8841063380241394
2561,47.429134368896484,22138.904296875,0.8841598629951477
2562,47.47418212890625,22178.451171875,0.88404780626297
2563,47.41424560546875,22136.173828125,0.8846567869186401
2564,47.500003814697266,22206.029296875,0.8842006325721741
2565,47.4033317565918,22128.41015625,0.8847647309303284
2566,47.483482360839844,22189.80078125,0.8841657042503357
2567,47.41972732543945,22132.755859375,0.8842771053314209
2568,47.45802307128906,22162.6015625,0.8840144276618958
2569,47.445037841796875,22150.564453125,0.8840184211730957
2570,47.426841735839844,22136.439453125,0.8841457366943359
2571,47.46864700317383,22172.5703125,0.8840163350105286
2572,47.414756774902344,22132.765625,0.8844838738441467
2573,47.49192810058594,22196.958984375,0.8841332197189331
2574,47.40119934082031,22125.244140625,0.8847125172615051
2575,47.48273849487305,22189.669921875,0.8841907382011414
2576,47.41449737548828,22129.40625,0.8843452334403992
2577,47.46552658081055,22169.451171875,0.8840073347091675
2578,47.43666458129883,22143.13671875,0.8840357065200806
2579,47.429622650146484,22137.896484375,0.8840950131416321
2580,47.45576477050781,22159.29296875,0.8839612007141113
2581,47.42628860473633,22136.90625,0.884189248085022
2582,47.47475814819336,22178.3046875,0.8840174674987793
2583,47.40301513671875,22122.44921875,0.8845125436782837
2584,47.485233306884766,22192.12109375,0.8841961026191711
2585,47.40757751464844,22128.294921875,0.8845831155776978
2586,47.482521057128906,22186.44921875,0.8840570449829102
2587,47.42094039916992,22131.845703125,0.8841862082481384
2588,47.446990966796875,22152.818359375,0.884037435054779
2589,47.43125534057617,22137.974609375,0.8840307593345642
2590,47.44955825805664,22154.166015625,0.8839908838272095
2591,47.440006256103516,22144.44921875,0.8839552998542786
2592,47.43292236328125,22139.451171875,0.8840271234512329
2593,47.4362907409668,22141.87890625,0.8839953541755676
2594,47.4378662109375,22142.943359375,0.8839771151542664
2595,47.4511833190918,22154.25390625,0.8839272856712341
2596,47.42484664916992,22132.974609375,0.8840744495391846
2597,47.45509719848633,22158.56640625,0.8839565515518188
2598,47.413360595703125,22126.904296875,0.8842810392379761
2599,47.4850959777832,22188.044921875,0.8840211033821106
2600,47.40054702758789,22121.306640625,0.8845642805099487
2601,47.48832321166992,22195.02734375,0.8841969966888428
2602,47.400691986083984,22124.435546875,0.884697437286377
2603,47.482582092285156,22185.650390625,0.8840190172195435
2604,47.41820526123047,22127.396484375,0.884101927280426
2605,47.439476013183594,22144.0,0.8839574456214905
2606,47.44658660888672,22148.919921875,0.8838810920715332
2607,47.42656707763672,22134.083984375,0.8840522766113281
2608,47.46308517456055,22164.712890625,0.8838982582092285
2609,47.40922546386719,22122.1328125,0.8842405676841736
2610,47.47666549682617,22180.40625,0.8840315937995911
2611,47.39867401123047,22121.412109375,0.8846467137336731
2612,47.49329376220703,22197.984375,0.8841220736503601
2613,47.400390625,22119.158203125,0.8844751119613647
2614,47.4671745300293,22170.03125,0.8839646577835083
2615,47.41890335083008,22126.42578125,0.884029746055603
2616,47.445945739746094,22148.412109375,0.8838850259780884
2617,47.44023132324219,22142.517578125,0.8838602304458618
2618,47.426692962646484,22131.66015625,0.8839393258094788
2619,47.4419059753418,22144.408203125,0.8838748335838318
2620,47.42404556274414,22129.75,0.8839641809463501
2621,47.457298278808594,22158.015625,0.883840799331665
2622,47.40987777709961,22119.490234375,0.8840959072113037
2623,47.468040466308594,22170.677734375,0.88395756483078
2624,47.40153503417969,22120.32421875,0.8844795227050781
2625,47.49507141113281,22197.841796875,0.8840420246124268
2626,47.3957405090332,22116.828125,0.8845645785331726
2627,47.471221923828125,22174.89453125,0.8840128183364868
2628,47.40916061401367,22119.953125,0.8841462135314941
2629,47.459800720214844,22160.30859375,0.8838388919830322
2630,47.42390441894531,22128.37890625,0.8839091658592224
2631,47.43010330200195,22133.828125,0.8838940858840942
2632,47.43769454956055,22139.19921875,0.8838180303573608
2633,47.42536163330078,22129.7734375,0.883910596370697
2634,47.454345703125,22155.296875,0.883842408657074
2635,47.405540466308594,22116.982421875,0.8841643929481506
2636,47.4759635925293,22178.228515625,0.8839641809463501
2637,47.39677429199219,22118.142578125,0.8845800757408142
2638,47.49010467529297,22193.46484375,0.8840537667274475
2639,47.402442932128906,22119.0078125,0.8843832612037659
2640,47.46017074584961,22162.9921875,0.8839426636695862
2641,47.41000747680664,22117.80078125,0.8840154409408569
2642,47.451011657714844,22152.17578125,0.8838422298431396
2643,47.428375244140625,22131.033203125,0.8838415741920471
2644,47.42707443237305,22130.12890625,0.8838553428649902
2645,47.43254470825195,22134.814453125,0.8838366866111755
2646,47.423187255859375,22126.955078125,0.8838755488395691
2647,47.45669174194336,22156.13671875,0.8837825059890747
2648,47.40510177612305,22115.40234375,0.8841122984886169
2649,47.4662971496582,22169.107421875,0.8839602470397949
2650,47.394588470458984,22115.03125,0.8845323920249939
2651,47.49501037597656,22196.900390625,0.8840028643608093
2652,47.39482498168945,22110.525390625,0.8843221068382263
2653,47.45722961425781,22159.908203125,0.8839276432991028
2654,47.410770416259766,22117.251953125,0.8839592337608337
2655,47.4540901184082,22153.3359375,0.8837661147117615
2656,47.41835021972656,22121.865234375,0.8838499188423157
2657,47.434539794921875,22135.431640625,0.8837814331054688
2658,47.41969680786133,22122.5390625,0.8838240504264832
2659,47.442298889160156,22141.48828125,0.8837287425994873
2660,47.41555404663086,22119.59375,0.8838649988174438
2661,47.45131301879883,22150.302734375,0.8837465047836304
2662,47.40110397338867,22111.673828125,0.8841124773025513
2663,47.47920227050781,22179.025390625,0.883865237236023
2664,47.390262603759766,22112.55859375,0.8846021294593811
2665,47.48106002807617,22181.96875,0.8839187622070312
2666,47.3964729309082,22109.892578125,0.8842254877090454
2667,47.45691680908203,22155.857421875,0.8837608098983765
2668,47.4118766784668,22116.3984375,0.8838754296302795
2669,47.43456268310547,22133.8515625,0.8837103843688965
2670,47.43586730957031,22134.919921875,0.8837034702301025
2671,47.41135787963867,22115.3203125,0.8838489651679993
2672,47.453941345214844,22152.650390625,0.8837416768074036
2673,47.39826202392578,22109.984375,0.8841551542282104
2674,47.48124694824219,22181.236328125,0.8838786482810974
2675,47.38633728027344,22108.26171875,0.8845738768577576
2676,47.47470474243164,22175.654296875,0.8839021325111389
2677,47.401180267333984,22111.31640625,0.884093165397644
2678,47.45237731933594,22149.787109375,0.8836793303489685
2679,47.42089080810547,22121.962890625,0.8837490081787109
2680,47.41630935668945,22118.568359375,0.883787989616394
2681,47.44481658935547,22142.744140625,0.8836802244186401
2682,47.40631103515625,22113.078125,0.8839587569236755
2683,47.4643440246582,22163.564453125,0.8837950229644775
2684,47.38834762573242,22105.421875,0.8843638300895691
2685,47.48029327392578,22181.01953125,0.8839085698127747
2686,47.38933181762695,22106.80078125,0.8843843936920166
2687,47.46260452270508,22161.748046875,0.8837864995002747
2688,47.41727828979492,22121.212890625,0.8838652968406677
2689,47.423770904541016,22124.587890625,0.8837460875511169
2690,47.435890197753906,22134.412109375,0.8836800456047058
2691,47.40815734863281,22114.30078125,0.8839365243911743
2692,47.46593475341797,22163.80859375,0.8837399482727051
2693,47.386287689208984,22101.00390625,0.8842527270317078
2694,47.471527099609375,22172.69921875,0.8839027285575867
2695,47.391544342041016,22107.44140625,0.8843209147453308
2696,47.46599578857422,22163.287109375,0.8837143182754517
2697,47.41102600097656,22114.53515625,0.883827805519104
2698,47.41582107543945,22117.564453125,0.8837635517120361
2699,47.44363784790039,22140.876953125,0.8836461305618286
2700,47.40647888183594,22114.453125,0.8840128779411316
2701,47.46750259399414,22165.685546875,0.8837582468986511
2702,47.3842658996582,22100.87890625,0.8843312859535217
2703,47.47435760498047,22174.1484375,0.8838497996330261
2704,47.38856506347656,22102.826171875,0.8842392563819885
2705,47.459266662597656,22157.97265625,0.8837573528289795
2706,47.410274505615234,22113.236328125,0.8838012218475342
2707,47.4221076965332,22122.443359375,0.883719801902771
2708,47.42656326293945,22125.2421875,0.8836592435836792
2709,47.418853759765625,22120.748046875,0.8837794065475464
2710,47.444175720214844,22140.29296875,0.883597731590271
2711,47.398681640625,22103.92578125,0.8838681578636169
2712,47.44465255737305,22143.2109375,0.8837076425552368
2713,47.39993667602539,22106.001953125,0.8839083909988403
2714,47.4614143371582,22158.451171875,0.8836895227432251
2715,47.39469528198242,22102.875,0.8839868903160095
2716,47.44887161254883,22148.4921875,0.8837673664093018
2717,47.394161224365234,22102.708984375,0.884001612663269
2718,47.46622085571289,22162.9765625,0.8836910724639893
2719,47.397979736328125,22102.34765625,0.8838269710540771
2720,47.43684005737305,22136.134765625,0.8837172389030457
2721,47.400325775146484,22103.947265625,0.883800745010376
2722,47.44916915893555,22144.97265625,0.8835986256599426
2723,47.402320861816406,22105.662109375,0.8837943077087402
2724,47.435726165771484,22132.37109375,0.8835961222648621
2725,47.40682601928711,22107.619140625,0.8836945295333862
2726,47.43360900878906,22129.4453125,0.8835539817810059
2727,47.411102294921875,22110.61328125,0.8836502432823181
2728,47.430076599121094,22125.984375,0.8835465908050537
2729,47.408870697021484,22108.732421875,0.8836590647697449
2730,47.42689514160156,22122.984375,0.8835451006889343
2731,47.40935134887695,22108.462890625,0.8836272358894348
2732,47.43253707885742,22127.83984375,0.8835271000862122
2733,47.4035530090332,22104.609375,0.883696436882019
2734,47.443504333496094,22138.79296875,0.8835590481758118
2735,47.39003372192383,22097.62890625,0.8839467167854309
2736,47.469181060791016,22165.57421875,0.8836836814880371
2737,47.37858581542969,22097.734375,0.8844271898269653
2738,47.472660064697266,22170.97265625,0.8837791085243225
2739,47.382347106933594,22095.416015625,0.8841676115989685
2740,47.45644760131836,22151.3984375,0.883582353591919
2741,47.402076721191406,22102.640625,0.8836699724197388
2742,47.42265319824219,22118.763671875,0.8835334181785583
2743,47.421661376953125,22117.34765625,0.8835116028785706
2744,47.409759521484375,22108.357421875,0.8836055397987366
2745,47.44158172607422,22135.720703125,0.8835023045539856
2746,47.38703536987305,22092.82421875,0.8838573098182678
2747,47.46095657348633,22157.669921875,0.883673906326294
2748,47.37946319580078,22097.8203125,0.8843945264816284
2749,47.47966384887695,22176.271484375,0.8837239146232605
2750,47.38385009765625,22094.53125,0.8840656876564026
2751,47.444576263427734,22139.99609375,0.8835679292678833
2752,47.40598678588867,22104.556640625,0.8835929036140442
2753,47.42066955566406,22116.439453125,0.8835123777389526
2754,47.428043365478516,22122.642578125,0.8834822773933411
2755,47.3939208984375,22096.0625,0.883715808391571
2756,47.450496673583984,22144.68359375,0.8835306763648987
2757,47.383995056152344,22093.435546875,0.884010910987854
2758,47.46393966674805,22160.265625,0.8836653232574463
2759,47.37983703613281,22092.20703125,0.8841288685798645
2760,47.45752716064453,22153.408203125,0.8836267590522766
2761,47.3897819519043,22095.642578125,0.8838688731193542
2762,47.43853759765625,22133.16015625,0.8835147023200989
2763,47.413848876953125,22110.505859375,0.8835315108299255
2764,47.408695220947266,22107.109375,0.883594274520874
2765,47.427181243896484,22121.75390625,0.883478581905365
2766,47.399635314941406,22100.98828125,0.8836978077888489
2767,47.45174789428711,22145.951171875,0.8835352659225464
2768,47.377262115478516,22087.73828125,0.8840367197990417
2769,47.46152114868164,22159.45703125,0.8837298154830933
2770,47.38172912597656,22095.12109375,0.8841800689697266
2771,47.462181091308594,22156.259765625,0.8835605382919312
2772,47.403907775878906,22103.83203125,0.8836469650268555
2773,47.406227111816406,22105.265625,0.8836145997047424
2774,47.430416107177734,22124.244140625,0.8834551572799683
2775,47.4002685546875,22104.783203125,0.8838405013084412
2776,47.45808029174805,22152.95703125,0.8835837244987488
2777,47.37519836425781,22085.865234375,0.884039044380188
2778,47.45625305175781,22153.3984375,0.8836791515350342
2779,47.381813049316406,22088.951171875,0.8839017152786255
2780,47.451717376708984,22147.154296875,0.8835898041725159
2781,47.39907455444336,22099.8515625,0.8836705684661865
2782,47.42344665527344,22119.69140625,0.8835417032241821
2783,47.40068817138672,22098.390625,0.883538544178009
2784,47.427608489990234,22122.39453125,0.8834893107414246
2785,47.41104507446289,22106.671875,0.8834771513938904
2786,47.410396575927734,22106.033203125,0.883475661277771
2787,47.40489196777344,22101.966796875,0.8835231065750122
2788,47.41474533081055,22108.63671875,0.8834111094474792
2789,47.42237854003906,22115.88671875,0.8834170699119568
2790,47.40375518798828,22100.080078125,0.8834863901138306
2791,47.41722869873047,22111.9296875,0.8834545612335205
2792,47.39590072631836,22093.75390625,0.8835307955741882
2793,47.44525146484375,22137.0,0.8834068179130554
2794,47.3819580078125,22085.86328125,0.8837581872940063
2795,47.45576095581055,22151.15625,0.883600115776062
2796,47.371665954589844,22089.546875,0.8843499422073364
2797,47.471107482910156,22165.453125,0.8835985660552979
2798,47.380088806152344,22088.3125,0.8839449286460876
2799,47.43522262573242,22127.583984375,0.8834043145179749
2800,47.4106559753418,22105.0625,0.883421778678894
2801,47.39832305908203,22095.140625,0.8834918737411499
2802,47.43699264526367,22129.703125,0.8834251165390015
2803,47.38151931762695,22087.064453125,0.8838300108909607
2804,47.47129440307617,22164.76953125,0.8835605978965759
2805,47.36777114868164,22084.498046875,0.8842867612838745
2806,47.45195388793945,22146.9375,0.8835704922676086
2807,47.38582992553711,22087.6796875,0.8836783766746521
2808,47.42609786987305,22117.85546875,0.8833503127098083
2809,47.414031982421875,22107.373046875,0.8833844661712646
2810,47.39064407348633,22088.8359375,0.8835299611091614
2811,47.44810485839844,22139.537109375,0.8834013938903809
2812,47.37843704223633,22085.439453125,0.8838855028152466
2813,47.46223831176758,22157.0234375,0.8835920095443726
2814,47.36951446533203,22083.341796875,0.8841627240180969
2815,47.457496643066406,22150.3046875,0.8834902048110962
2816,47.38124084472656,22082.4375,0.883635401725769
2817,47.421165466308594,22113.45703125,0.8833592534065247
2818,47.41590118408203,22108.265625,0.883346676826477
2819,47.39837646484375,22093.8203125,0.883431077003479
2820,47.43016815185547,22121.861328125,0.8833594918251038
2821,47.38029861450195,22082.03125,0.8836564421653748
2822,47.45405197143555,22145.767578125,0.883431613445282
2823,47.36928176879883,22079.267578125,0.8839908242225647
2824,47.45328140258789,22146.794921875,0.8835090398788452
2825,47.375450134277344,22080.953125,0.8838096857070923
2826,47.43738555908203,22127.41015625,0.8833068013191223
2827,47.39813995361328,22092.05078125,0.8833619952201843
2828,47.39886474609375,22092.626953125,0.8833576440811157
2829,47.42970657348633,22119.6640625,0.8832811117172241
2830,47.38151550292969,22081.955078125,0.8836025595664978
2831,47.4492301940918,22140.564453125,0.8834002614021301
2832,47.36940002441406,22078.798828125,0.8839650750160217
2833,47.459293365478516,22151.068359375,0.8834496140480042
2834,47.370758056640625,22077.3671875,0.8838449120521545
2835,47.43672561645508,22127.353515625,0.8833317756652832
2836,47.39076232910156,22086.279296875,0.8834112286567688
2837,47.41591262817383,22106.099609375,0.8832498788833618
2838,47.414764404296875,22104.873046875,0.8832429051399231
2839,47.384559631347656,22081.24609375,0.8834445476531982
2840,47.43886184692383,22128.5078125,0.8832945823669434
2841,47.37487030029297,22078.466796875,0.8837230801582336
2842,47.45090866088867,22141.8515625,0.8833879828453064
2843,47.37095260620117,22078.19921875,0.8838738799095154
2844,47.44491958618164,22135.458984375,0.8833522796630859
2845,47.37853240966797,22078.833984375,0.8835873603820801
2846,47.431217193603516,22120.4609375,0.8832537531852722
2847,47.39478302001953,22087.5234375,0.883299708366394
2848,47.39925765991211,22091.400390625,0.883286714553833
2849,47.41666793823242,22106.30078125,0.8832275867462158
2850,47.38547897338867,22081.6953125,0.8834264874458313
2851,47.43683624267578,22126.259765625,0.883278489112854
2852,47.371673583984375,22076.244140625,0.8837567567825317
2853,47.449398040771484,22140.5625,0.8833933472633362
2854,47.36892318725586,22076.24609375,0.8838711380958557
2855,47.4514045715332,22140.76171875,0.8833189010620117
2856,47.37965393066406,22077.64453125,0.8834877014160156
2857,47.414676666259766,22105.26953125,0.8832641243934631
2858,47.396236419677734,22087.87109375,0.883254885673523
2859,47.40744400024414,22097.767578125,0.8832305669784546
2860,47.40928268432617,22098.791015625,0.8831996321678162
2861,47.38819885253906,22081.716796875,0.8833144903182983
2862,47.41439437866211,22103.67578125,0.883204996585846
2863,47.38715362548828,22082.0390625,0.8833722472190857
2864,47.431941986083984,22119.953125,0.8832012414932251
2865,47.376346588134766,22074.638671875,0.8834911584854126
2866,47.43663024902344,22126.869140625,0.8833141326904297
2867,47.369380950927734,22074.13671875,0.883758008480072
2868,47.458580017089844,22148.068359375,0.8833460807800293
2869,47.3651123046875,22071.009765625,0.8837960362434387
2870,47.44001007080078,22130.94140625,0.8833549618721008
2871,47.37265396118164,22072.810546875,0.8835631012916565
2872,47.4381217956543,22126.15625,0.8832206726074219
2873,47.38006591796875,22075.916015625,0.8833936452865601
2874,47.42008590698242,22109.07421875,0.8832091093063354
2875,47.383724212646484,22077.248046875,0.8833011984825134
2876,47.41600799560547,22103.91015625,0.8831485509872437
2877,47.3970832824707,22087.24609375,0.8831919431686401
2878,47.398475646972656,22088.302734375,0.8831812739372253
2879,47.39952087402344,22088.982421875,0.8831681609153748
2880,47.39747619628906,22087.189453125,0.8831731677055359
2881,47.411102294921875,22098.84765625,0.8831267952919006
2882,47.38713073730469,22078.828125,0.8832301497459412
2883,47.412322998046875,22100.48828125,0.8831490874290466
2884,47.38056945800781,22074.95703125,0.8833301067352295
2885,47.436302185058594,22123.25390625,0.8831670880317688
2886,47.36520004272461,22068.3125,0.8836721181869507
2887,47.45298767089844,22143.390625,0.883370041847229
2888,47.35945510864258,22072.666015625,0.8841049075126648
2889,47.454833984375,22143.232421875,0.8832865953445435
2890,47.37253952026367,22071.017578125,0.88348788022995
2891,47.418365478515625,22105.880859375,0.8831383585929871
2892,47.392921447753906,22082.642578125,0.8831596970558167
2893,47.39918899536133,22087.76953125,0.8831278681755066
2894,47.41064453125,22097.662109375,0.883092999458313
2895,47.381141662597656,22074.17578125,0.8832715153694153
2896,47.42608642578125,22112.908203125,0.8831307888031006
2897,47.36801528930664,22068.27734375,0.8835537433624268
2898,47.44973373413086,22138.154296875,0.8832723498344421
2899,47.35816192626953,22067.857421875,0.8839442133903503
2900,47.4508056640625,22139.857421875,0.883303701877594
2901,47.367706298828125,22069.24609375,0.8836097717285156
2902,47.433074951171875,22119.529296875,0.8831354379653931
2903,47.38459396362305,22076.19140625,0.883217990398407
2904,47.39852523803711,22087.48828125,0.88314288854599
2905,47.40054702758789,22088.296875,0.8830951452255249
2906,47.3913688659668,22081.88671875,0.8831905126571655
2907,47.41795349121094,22104.033203125,0.8830732107162476
2908,47.368865966796875,22065.16796875,0.8833796381950378
2909,47.4324951171875,22120.146484375,0.8831868171691895
2910,47.36693572998047,22069.548828125,0.8836551308631897
2911,47.45305252075195,22139.81640625,0.8832086324691772
2912,47.365509033203125,22067.09765625,0.8836051821708679
2913,47.42818069458008,22116.736328125,0.8832141160964966
2914,47.37407684326172,22069.078125,0.8833377957344055
2915,47.425201416015625,22111.708984375,0.8831139802932739
2916,47.37923049926758,22070.42578125,0.8831838369369507
2917,47.401554107666016,22090.1015625,0.883133590221405
2918,47.38616943359375,22076.267578125,0.8831560015678406
2919,47.41170883178711,22097.640625,0.883047878742218
2920,47.38471221923828,22074.328125,0.8831301927566528
2921,47.40571594238281,22092.35546875,0.8830612897872925
2922,47.381202697753906,22072.20703125,0.8831813335418701
2923,47.41742706298828,22102.703125,0.8830360174179077
2924,47.37632369995117,22069.033203125,0.8832424879074097
2925,47.426578521728516,22112.2734375,0.8830820322036743
2926,47.35968780517578,22062.142578125,0.8836259841918945
2927,47.450836181640625,22138.2890625,0.8832327127456665
2928,47.35584259033203,22064.53515625,0.8838924765586853
2929,47.44773864746094,22134.138671875,0.8831768035888672
2930,47.367794036865234,22065.509765625,0.8834395408630371
2931,47.416255950927734,22101.724609375,0.8830411434173584
2932,47.384239196777344,22073.0625,0.8830934166908264
2933,47.399208068847656,22085.423828125,0.883022665977478
2934,47.40433120727539,22089.833984375,0.8830065131187439
2935,47.37353515625,22065.34765625,0.8831939101219177
2936,47.419586181640625,22104.92578125,0.8830453157424927
2937,47.36668395996094,22064.17578125,0.8834260702133179
2938,47.447086334228516,22132.43359375,0.8831281065940857
2939,47.35531234741211,22061.779296875,0.8837916254997253
2940,47.4415168762207,22129.318359375,0.8832204937934875
2941,47.36409378051758,22063.283203125,0.8834939002990723
2942,47.43208694458008,22116.4296875,0.8830385804176331
2943,47.37431716918945,22065.064453125,0.8831487894058228
2944,47.39794921875,22084.29296875,0.8830246925354004
2945,47.39384841918945,22079.9609375,0.8830018639564514
2946,47.391990661621094,22078.869140625,0.883030354976654
2947,47.40515899658203,22089.77734375,0.8829696774482727
2948,47.370201110839844,22061.580078125,0.8831644654273987
2949,47.41572570800781,22100.611328125,0.8830134272575378
2950,47.36760330200195,22062.732421875,0.8833236694335938
2951,47.43760681152344,22122.005859375,0.8830576539039612
2952,47.35887908935547,22059.78515625,0.8835545182228088
2953,47.441410064697266,22129.208984375,0.8832199573516846
2954,47.354679107666016,22058.236328125,0.8836600184440613
2955,47.43870544433594,22124.14453125,0.88310706615448
2956,47.367950439453125,22062.05078125,0.8832789063453674
2957,47.40885925292969,22095.22265625,0.883058488368988
2958,47.37620162963867,22065.3984375,0.8830856084823608
2959,47.40243911743164,22087.29296875,0.882972002029419
2960,47.396663665771484,22081.89453125,0.8829712271690369
2961,47.38212203979492,22069.6484375,0.8830291628837585
2962,47.39289093017578,22078.76171875,0.8829882740974426
2963,47.385032653808594,22071.8828125,0.8830078840255737
2964,47.4136962890625,22096.60546875,0.882919430732727
2965,47.37019729614258,22060.90234375,0.8831343650817871
2966,47.414695739746094,22099.98046875,0.8830280900001526
2967,47.36262130737305,22058.96875,0.8833628296852112
2968,47.44835662841797,22132.6328125,0.8830841183662415
2969,47.348934173583984,22055.439453125,0.8837738633155823
2970,47.439735412597656,22127.6328125,0.8832193613052368
2971,47.3575553894043,22058.375,0.8835465908050537
2972,47.43378829956055,22116.921875,0.8829898238182068
2973,47.369789123535156,22060.791015625,0.8831464052200317
2974,47.39512252807617,22080.015625,0.8829514980316162
2975,47.3968620300293,22080.9375,0.8829203248023987
2976,47.38307571411133,22069.373046875,0.8829772472381592
2977,47.40845489501953,22092.19140625,0.882940411567688
2978,47.36455154418945,22056.439453125,0.883169949054718
2979,47.424705505371094,22108.4140625,0.8829882740974426
2980,47.3555793762207,22054.19921875,0.8834425210952759
2981,47.439456939697266,22124.6875,0.8831000924110413
2982,47.35467529296875,22056.203125,0.8835694789886475
2983,47.439613342285156,22124.8203125,0.8830993175506592
2984,47.35597610473633,22053.638671875,0.8834011554718018
2985,47.419822692871094,22104.109375,0.8829993009567261
2986,47.381649017333984,22069.99609375,0.8830642104148865
2987,47.39130783081055,22076.56640625,0.8829562067985535
2988,47.3876953125,22074.263671875,0.8830035328865051
2989,47.37760925292969,22064.98828125,0.8830089569091797
2990,47.42283630371094,22105.251953125,0.8829250931739807
2991,47.358909606933594,22052.154296875,0.8832129836082458
2992,47.42271423339844,22108.64453125,0.8830809593200684
2993,47.35740661621094,22055.783203125,0.8834372758865356
2994,47.448089599609375,22130.818359375,0.8830147981643677
2995,47.35529327392578,22052.771484375,0.8833907842636108
2996,47.41352081298828,22099.30859375,0.8830469250679016
2997,47.368553161621094,22059.1484375,0.8831245303153992
2998,47.416709899902344,22098.3203125,0.8828709125518799
2999,47.375423431396484,22062.5,0.8829886317253113
3000,47.38153076171875,22066.505859375,0.8829137682914734
3001,47.40114212036133,22084.03125,0.882880449295044
3002,47.371646881103516,22059.4453125,0.8830092549324036
3003,47.41721725463867,22100.4453125,0.8829442262649536
3004,47.35298538208008,22049.953125,0.8833609819412231
3005,47.442604064941406,22127.2421875,0.883083164691925
3006,47.346832275390625,22050.791015625,0.8836538791656494
3007,47.43582534790039,22120.716796875,0.883074164390564
3008,47.361507415771484,22054.541015625,0.8832114934921265
3009,47.41019821166992,22093.71484375,0.8829359412193298
3010,47.37188720703125,22059.1953125,0.8829881548881531
3011,47.388004302978516,22072.15625,0.8828967213630676
3012,47.402584075927734,22084.556640625,0.8828440308570862
3013,47.371376037597656,22057.98046875,0.8829553723335266
3014,47.400108337402344,22084.052734375,0.8829244375228882
3015,47.36220169067383,22052.162109375,0.8830767869949341
3016,47.4359016418457,22117.181640625,0.8829138875007629
3017,47.34800338745117,22046.345703125,0.8834069967269897
3018,47.43092346191406,22117.31640625,0.8831263184547424
3019,47.348716735839844,22048.986328125,0.8834952116012573
3020,47.441768646240234,22122.87109375,0.8829236030578613
3021,47.35736083984375,22048.326171875,0.8831067085266113
3022,47.39995574951172,22082.98828125,0.8828833103179932
3023,47.37330627441406,22058.35546875,0.8828918933868408
3024,47.397987365722656,22078.82421875,0.8827794790267944
3025,47.38316345214844,22065.779296875,0.8828136920928955
3026,47.373600006103516,22057.845703125,0.8828570246696472
3027,47.395965576171875,22077.09375,0.8827863931655884
3028,47.36785888671875,22053.9375,0.882921040058136
3029,47.413002014160156,22093.84375,0.882825493812561
3030,47.35134506225586,22045.16015625,0.8832152485847473
3031,47.43745803833008,22119.98046875,0.8829737901687622
3032,47.34315872192383,22047.421875,0.8836562633514404
3033,47.43793869018555,22120.70703125,0.8829862475395203
3034,47.351898193359375,22046.1328125,0.88323575258255
3035,47.41251754760742,22093.20703125,0.8828170895576477
3036,47.364990234375,22050.919921875,0.8829057216644287
3037,47.38778305053711,22069.26953125,0.8827775120735168
3038,47.393348693847656,22073.552734375,0.8827372789382935
3039,47.368343353271484,22053.10546875,0.8828638195991516
3040,47.39936828613281,22080.17578125,0.882782518863678
3041,47.35833740234375,22047.46875,0.8830277919769287
3042,47.429508209228516,22109.421875,0.8828339576721191
3043,47.34474563598633,22044.1640625,0.8834449052810669
3044,47.43302536010742,22116.376953125,0.8829973340034485
3045,47.34642791748047,22045.025390625,0.8834134340286255
3046,47.428314208984375,22107.60546875,0.8828026652336121
3047,47.361812591552734,22048.685546875,0.882938027381897
3048,47.38371658325195,22066.052734375,0.8828028440475464
3049,47.3858528137207,22066.013671875,0.8827124238014221
3050,47.373722076416016,22057.630859375,0.8828423619270325
3051,47.405982971191406,22085.54296875,0.8827471733093262
3052,47.348899841308594,22041.08984375,0.8831353187561035
3053,47.427101135253906,22108.29296875,0.8828834295272827
3054,47.34489440917969,22044.6015625,0.8834582567214966
3055,47.433998107910156,22114.9375,0.8828930258750916
3056,47.35279083251953,22045.77734375,0.8831827640533447
3057,47.40333557128906,22084.501953125,0.8828105330467224
3058,47.36591339111328,22049.994140625,0.8828260898590088
3059,47.3946533203125,22075.48828125,0.8827693462371826
3060,47.381187438964844,22061.900390625,0.882722795009613
3061,47.369842529296875,22053.251953125,0.8828081488609314
3062,47.386844635009766,22067.427734375,0.8827343583106995
3063,47.37070083618164,22053.83984375,0.8827988505363464
3064,47.39922332763672,22078.00390625,0.8826918601989746
3065,47.3628044128418,22048.28515625,0.8828788995742798
3066,47.39828109741211,22078.904296875,0.8827710151672363
3067,47.35603332519531,22044.34765625,0.8829843997955322
3068,47.431697845458984,22110.482421875,0.8827904462814331
3069,47.34113311767578,22038.380859375,0.8833370208740234
3070,47.429420471191406,22112.80859375,0.8829881548881531
3071,47.34027862548828,22042.015625,0.8835347890853882
3072,47.429935455322266,22109.078125,0.8828008770942688
3073,47.35755157470703,22044.240234375,0.8829165697097778
3074,47.389217376708984,22068.609375,0.8826884627342224
3075,47.38039016723633,22059.71484375,0.8826586008071899
3076,47.368465423583984,22051.099609375,0.8827694058418274
3077,47.404815673828125,22082.40234375,0.8826557397842407
3078,47.34978485107422,22038.173828125,0.8829684257507324
3079,47.41386795043945,22093.791015625,0.8827871680259705
3080,47.3416633605957,22039.96875,0.883385956287384
3081,47.436031341552734,22115.7265625,0.8828438520431519
3082,47.341793060302734,22037.34765625,0.8832634687423706
3083,47.416053771972656,22094.703125,0.8827371597290039
3084,47.35768508911133,22043.08203125,0.8828593492507935
3085,47.3940544128418,22071.64453125,0.8826231956481934
3086,47.374996185302734,22054.84765625,0.8826653957366943
3087,47.37023162841797,22051.2109375,0.8827009201049805
3088,47.38786315917969,22066.013671875,0.8826291561126709
3089,47.36111068725586,22044.51171875,0.8827810287475586
3090,47.402687072753906,22079.86328125,0.8826308846473694
3091,47.3479118347168,22036.650390625,0.8829783797264099
3092,47.41463088989258,22093.15625,0.8827272653579712
3093,47.343196868896484,22036.984375,0.8831890225410461
3094,47.42910385131836,22107.099609375,0.88274747133255
3095,47.345211029052734,22038.474609375,0.883171796798706
3096,47.4119873046875,22090.642578125,0.8827251195907593
3097,47.34920120239258,22036.72265625,0.8829279541969299
3098,47.409061431884766,22085.94140625,0.8826372027397156
3099,47.35630798339844,22040.30859375,0.8827928900718689
3100,47.38868713378906,22066.63671875,0.8826227188110352
3101,47.361446380615234,22042.962890625,0.8826979398727417
3102,47.39097595214844,22067.693359375,0.8825749158859253
3103,47.367164611816406,22047.423828125,0.8826595544815063
3104,47.38488006591797,22062.197265625,0.8825829029083252
3105,47.360076904296875,22041.521484375,0.8826904892921448
3106,47.39347839355469,22069.537109375,0.8825531601905823
3107,47.358741760253906,22041.1953125,0.8827312588691711
3108,47.40058898925781,22077.548828125,0.8826149106025696
3109,47.33958435058594,22032.39453125,0.8831343650817871
3110,47.43642044067383,22115.427734375,0.882814347743988
3111,47.3319206237793,22038.806640625,0.8837388753890991
3112,47.431121826171875,22109.57421875,0.8827738761901855
3113,47.346317291259766,22035.041015625,0.8829727172851562
3114,47.39104461669922,22067.390625,0.8825585246086121
3115,47.37865447998047,22055.6484375,0.8825493454933167
3116,47.3589973449707,22040.859375,0.8827056884765625
3117,47.40654373168945,22082.787109375,0.8826011419296265
3118,47.338165283203125,22031.91796875,0.8831718564033508
3119,47.43320846557617,22111.5703125,0.8827760219573975
3120,47.331790924072266,22033.109375,0.8834898471832275
3121,47.422733306884766,22100.125,0.8827012777328491
3122,47.351139068603516,22038.119140625,0.8829097747802734
3123,47.388267517089844,22064.66796875,0.8825523257255554
3124,47.376258850097656,22053.361328125,0.8825468420982361
3125,47.361846923828125,22043.390625,0.8827003836631775
3126,47.40367126464844,22079.015625,0.8825526237487793
3127,47.33960723876953,22029.291015625,0.8829948306083679
3128,47.41820526123047,22095.546875,0.8826854825019836
3129,47.33785629272461,22031.43359375,0.8831630945205688
3130,47.41693115234375,22093.6640625,0.8826544880867004
3131,47.34744644165039,22036.068359375,0.8829715847969055
3132,47.390525817871094,22067.732421875,0.8825953602790833
3133,47.36452102661133,22043.748046875,0.8826054334640503
3134,47.38530731201172,22062.921875,0.8825973868370056
3135,47.37506103515625,22052.099609375,0.8825404047966003
3136,47.356414794921875,22037.03125,0.882642388343811
3137,47.390193939208984,22066.666015625,0.8825616240501404
3138,47.353328704833984,22037.06640625,0.8827719688415527
3139,47.40078353881836,22076.306640625,0.8825516700744629
3140,47.34754180908203,22034.986328125,0.882919430732727
3141,47.40438461303711,22083.0625,0.8827030062675476
3142,47.339935302734375,22030.283203125,0.8830253481864929
3143,47.427730560302734,22104.6796875,0.882696807384491
3144,47.33926010131836,22028.345703125,0.8829670548439026
3145,47.3960075378418,22074.037109375,0.8826485872268677
3146,47.34947204589844,22034.314453125,0.8828092813491821
3147,47.39973449707031,22075.041015625,0.8825387954711914
3148,47.357242584228516,22037.75390625,0.8826402425765991
3149,47.38607406616211,22062.240234375,0.8825353980064392
3150,47.35105895996094,22032.060546875,0.8826428651809692
3151,47.38902282714844,22063.63671875,0.8824751973152161
3152,47.360084533691406,22040.65625,0.882651686668396
3153,47.391178131103516,22066.26171875,0.8825026750564575
3154,47.34053039550781,22025.9375,0.8828068375587463
3155,47.41098403930664,22085.439453125,0.8825351595878601
3156,47.33848571777344,22029.138671875,0.8830347061157227
3157,47.41789245605469,22093.5,0.8826073408126831
3158,47.33342361450195,22026.9921875,0.8831490278244019
3159,47.40693664550781,22081.865234375,0.8825438618659973
3160,47.346466064453125,22030.447265625,0.8827615976333618
3161,47.39634323120117,22070.064453125,0.8824578523635864
3162,47.353355407714844,22032.51953125,0.8825681805610657
3163,47.373374938964844,22048.75,0.8824610710144043
3164,47.370018005371094,22045.58984375,0.8824594020843506
3165,47.36666488647461,22042.869140625,0.8824771046638489
3166,47.372581481933594,22047.169921875,0.8824235796928406
3167,47.36040496826172,22037.552734375,0.8824999332427979
3168,47.377872467041016,22052.037109375,0.8824208974838257
3169,47.35609436035156,22034.482421875,0.8825419545173645
3170,47.39504623413086,22068.060546875,0.8824223279953003
3171,47.335391998291016,22023.08984375,0.8828932642936707
3172,47.42156982421875,22098.146484375,0.8826615810394287
3173,47.32680130004883,22028.40234375,0.8834871649742126
3174,47.429744720458984,22105.84375,0.8826651573181152
3175,47.335811614990234,22024.74609375,0.8829494714736938
3176,47.390655517578125,22064.712890625,0.8824554085731506
3177,47.35868835449219,22035.671875,0.8824872374534607
3178,47.36863327026367,22044.009765625,0.8824464678764343
3179,47.38508224487305,22057.970703125,0.8823862671852112
3180,47.34407043457031,22025.626953125,0.8826460242271423
3181,47.397953033447266,22072.001953125,0.882477343082428
3182,47.334564208984375,22025.013671875,0.8830134272575378
3183,47.42884063720703,22104.126953125,0.8826262950897217
3184,47.325843811035156,22023.95703125,0.8833284378051758
3185,47.41234588623047,22088.32421875,0.882607102394104
3186,47.34341049194336,22027.462890625,0.8827553391456604
3187,47.38976287841797,22062.74609375,0.8824049234390259
3188,47.36568069458008,22040.794921875,0.8824256062507629
3189,47.355533599853516,22034.2578125,0.8825551867485046
3190,47.38511657714844,22058.283203125,0.8823987245559692
3191,47.34904479980469,22029.361328125,0.8826061487197876
3192,47.39855194091797,22072.796875,0.8824878334999084
3193,47.33159637451172,22022.125,0.8830077052116394
3194,47.40945053100586,22085.3671875,0.8825954794883728
3195,47.33503723144531,22023.419921875,0.8829226493835449
3196,47.408477783203125,22082.8984375,0.8825260400772095
3197,47.351009368896484,22031.33984375,0.882612943649292
3198,47.37907409667969,22054.904296875,0.8824988603591919
3199,47.350162506103516,22028.39453125,0.882516622543335
3200,47.38372039794922,22056.984375,0.882398784160614
3201,47.35636901855469,22033.94921875,0.8825067281723022
3202,47.37217712402344,22046.298828125,0.8824014067649841
3203,47.34731674194336,22025.384765625,0.8825005292892456
3204,47.38215637207031,22054.462890625,0.8823513984680176
3205,47.353919982910156,22032.169921875,0.8825290203094482
3206,47.3916015625,22064.03125,0.8823858499526978
3207,47.327674865722656,22015.861328125,0.8828909397125244
3208,47.419586181640625,22093.919921875,0.8825558423995972
3209,47.32720184326172,22024.037109375,0.8832756876945496
3210,47.421566009521484,22095.673828125,0.8825518488883972
3211,47.33097839355469,22018.4375,0.8828688263893127
3212,47.386390686035156,22058.921875,0.8823744058609009
3213,47.358001708984375,22033.1875,0.882405161857605
3214,47.36441421508789,22038.87109375,0.8823924660682678
3215,47.384761810302734,22056.025390625,0.8823128938674927
3216,47.33525466918945,22017.845703125,0.8826647996902466
3217,47.403114318847656,22076.2578125,0.8824527859687805
3218,47.32817459106445,22017.90625,0.8829614520072937
3219,47.41843032836914,22092.2578125,0.8825297951698303
3220,47.331146240234375,22020.625,0.8829594254493713
3221,47.3990592956543,22073.24609375,0.882486879825592
3222,47.33843231201172,22019.595703125,0.8826109766960144
3223,47.388450622558594,22060.775390625,0.8823714852333069
3224,47.35603332519531,22031.0390625,0.8823909163475037
3225,47.365478515625,22039.421875,0.8823728561401367
3226,47.35688400268555,22031.43359375,0.8823733925819397
3227,47.365657806396484,22038.291015625,0.882314920425415
3228,47.36666488647461,22039.287109375,0.8823176622390747
3229,47.35758972167969,22031.56640625,0.8823497891426086
3230,47.360382080078125,22033.958984375,0.8823407292366028
3231,47.35945129394531,22032.66015625,0.8823213577270508
3232,47.37834167480469,22049.08984375,0.8822701573371887
3233,47.3433837890625,22020.234375,0.8824338316917419
3234,47.38276672363281,22054.837890625,0.8823427557945251
3235,47.331321716308594,22017.4453125,0.8828102350234985
3236,47.42649459838867,22099.421875,0.882514238357544
3237,47.31776428222656,22018.599609375,0.8834249973297119
3238,47.41781234741211,22092.2265625,0.8825539946556091
3239,47.331329345703125,22016.44921875,0.8827652931213379
3240,47.386016845703125,22056.2890625,0.8822726607322693
3241,47.36074447631836,22033.56640625,0.8823081851005554
3242,47.34280014038086,22019.5859375,0.882429301738739
3243,47.403560638427734,22074.10546875,0.8823385238647461
3244,47.322265625,22016.115234375,0.8831270337104797
3245,47.42220687866211,22097.193359375,0.8825929164886475
3246,47.3226318359375,22014.81640625,0.8830538392066956
3247,47.4034423828125,22074.4609375,0.8823593258857727
3248,47.33961486816406,22017.80859375,0.8824820518493652
3249,47.36762619018555,22039.404296875,0.8822829127311707
3250,47.375099182128906,22045.68359375,0.8822528123855591
3251,47.341575622558594,22018.634765625,0.8824376463890076
3252,47.39111328125,22062.921875,0.8823566436767578
3253,47.3258171081543,22014.591796875,0.8829115629196167
3254,47.41840362548828,22090.0859375,0.8824343085289001
3255,47.32057571411133,22011.6953125,0.8829999566078186
3256,47.39990997314453,22072.138671875,0.882402241230011
3257,47.34086990356445,22019.37890625,0.8825000524520874
3258,47.379150390625,22048.525390625,0.882211446762085
3259,47.36104202270508,22033.240234375,0.8822812438011169
3260,47.34334182739258,22019.29296875,0.8823935985565186
3261,47.38813018798828,22057.70703125,0.8822481632232666
3262,47.33046340942383,22012.93359375,0.8826444745063782
3263,47.402183532714844,22074.794921875,0.8824263215065002
3264,47.3216438293457,22010.884765625,0.8829192519187927
3265,47.404327392578125,22075.375,0.8823632597923279
3266,47.33229446411133,22013.9375,0.8826132416725159
3267,47.38322830200195,22053.59765625,0.882268488407135
3268,47.35428237915039,22027.373046875,0.8823001384735107
3269,47.359527587890625,22031.6015625,0.8822711110115051
3270,47.3593864440918,22031.109375,0.882254958152771
3271,47.35092544555664,22024.20703125,0.8822982311248779
3272,47.378273010253906,22047.771484375,0.8822141885757446
3273,47.33426284790039,22012.162109375,0.8824522495269775
3274,47.38764572143555,22058.9140625,0.8823220729827881
3275,47.3257942199707,22012.564453125,0.8828219175338745
3276,47.42049789428711,22090.23046875,0.8823540806770325
3277,47.32137680053711,22010.205078125,0.8828999996185303
3278,47.394474029541016,22066.6015625,0.8823810815811157
3279,47.33189392089844,22011.375,0.8825154304504395
3280,47.38731384277344,22056.0859375,0.882209837436676
3281,47.340885162353516,22014.9609375,0.8823022842407227
3282,47.36219787597656,22032.865234375,0.8822166919708252
3283,47.35474395751953,22025.962890625,0.8822179436683655
3284,47.36443328857422,22033.83203125,0.8821669220924377
3285,47.35031509399414,22021.744140625,0.8822135925292969
3286,47.35635757446289,22026.69140625,0.8821835517883301
3287,47.35401916503906,22024.740234375,0.8821936845779419
3288,47.36185836791992,22031.01171875,0.8821481466293335
3289,47.35264587402344,22023.236328125,0.8821834325790405
3290,47.35708999633789,22026.818359375,0.8821590542793274
3291,47.3514404296875,22021.974609375,0.8821772336959839
3292,47.35872268676758,22028.15625,0.8821508884429932
3293,47.3476448059082,22018.787109375,0.8821925520896912
3294,47.37157440185547,22039.57421875,0.8821268081665039
3295,47.33071517944336,22007.78515625,0.882404088973999
3296,47.39945602416992,22069.23046875,0.8822917342185974
3297,47.315711975097656,22012.283203125,0.8832281827926636
3298,47.43242645263672,22105.01171875,0.8825169205665588
3299,47.31239700317383,22008.0859375,0.8831785321235657
3300,47.39410400390625,22063.32421875,0.8822506666183472
3301,47.345645904541016,22018.80078125,0.8822761178016663
3302,47.3549690246582,22025.00390625,0.8821660876274109
3303,47.37813186645508,22046.79296875,0.8821764588356018
3304,47.32169723510742,22004.611328125,0.8826369047164917
3305,47.41905212402344,22088.927734375,0.8823560476303101
3306,47.3117790222168,22009.78125,0.8832799792289734
3307,47.41481018066406,22086.71484375,0.8824333548545837
3308,47.32468795776367,22007.390625,0.8826367259025574
3309,47.37923049926758,22046.849609375,0.8821336030960083
3310,47.349205017089844,22019.98046875,0.8821810483932495
3311,47.34258270263672,22014.697265625,0.8822201490402222
3312,47.3913459777832,22058.083984375,0.8821316361427307
3313,47.32072830200195,22004.32421875,0.8826643824577332
3314,47.40386962890625,22074.853515625,0.8823590278625488
3315,47.313602447509766,22003.02734375,0.8829023838043213
3316,47.402305603027344,22070.787109375,0.8822429180145264
3317,47.321685791015625,22002.171875,0.88252854347229
3318,47.37619400024414,22044.140625,0.8821386694908142
3319,47.3475341796875,22018.40625,0.8821802139282227
3320,47.36140441894531,22029.16796875,0.8820846676826477
3321,47.35552978515625,22024.62109375,0.8821256756782532
3322,47.33858108520508,22010.427734375,0.8821955919265747
3323,47.37921142578125,22045.962890625,0.8820947408676147
3324,47.322425842285156,22001.43359375,0.8824648261070251
3325,47.39687728881836,22066.5625,0.8822798728942871
3326,47.31340408325195,22003.296875,0.8829225897789001
3327,47.412410736083984,22080.98046875,0.88227778673172
3328,47.32101821899414,22003.8125,0.88262939453125
3329,47.3841438293457,22051.537109375,0.8821386098861694
3330,47.33687973022461,22010.60546875,0.8822741508483887
3331,47.366363525390625,22034.11328125,0.8820995688438416
3332,47.34197998046875,22013.98828125,0.8822135329246521
3333,47.34990310668945,22018.9765625,0.8821072578430176
3334,47.368045806884766,22035.07421875,0.8820725679397583
3335,47.335975646972656,22008.33984375,0.8822105526924133
3336,47.370452880859375,22039.31640625,0.8821616768836975
3337,47.32597732543945,22004.27734375,0.8824442028999329
3338,47.404296875,22071.646484375,0.8821986317634583
3339,47.31304168701172,22002.046875,0.8828819394111633
3340,47.4053955078125,22076.419921875,0.8823654651641846
3341,47.31926345825195,22004.37109375,0.882727324962616
3342,47.39337158203125,22059.998046875,0.8821329474449158
3343,47.33449935913086,22009.05859375,0.8823038935661316
3344,47.348365783691406,22018.728515625,0.8821601271629333
3345,47.37092590332031,22037.97265625,0.8820822834968567
3346,47.33417510986328,22007.435546875,0.8822449445724487
3347,47.3824348449707,22052.0625,0.8822329640388489
3348,47.315040588378906,21999.974609375,0.8827062845230103
3349,47.415523529052734,22083.548828125,0.8822628855705261
3350,47.3117790222168,21999.9609375,0.8828412890434265
3351,47.39288330078125,22061.603515625,0.8822245001792908
3352,47.32965087890625,22004.953125,0.8823218941688538
3353,47.37294006347656,22039.58984375,0.8820709586143494
3354,47.34023666381836,22010.560546875,0.882132887840271
3355,47.353389739990234,22021.369140625,0.8820693492889404
3356,47.35497283935547,22022.33203125,0.882046639919281
3357,47.34466552734375,22013.5,0.8820802569389343
3358,47.35296630859375,22020.869140625,0.8820646405220032
3359,47.33407974243164,22005.048828125,0.8821423649787903
3360,47.37739944458008,22042.36328125,0.8820095658302307
3361,47.32096481323242,21998.03515625,0.8823736906051636
3362,47.395042419433594,22063.77734375,0.8822318315505981
3363,47.30966567993164,22001.046875,0.8829776048660278
3364,47.41802215576172,22085.400390625,0.8822417855262756
3365,47.31050491333008,21995.443359375,0.882692277431488
3366,47.37629699707031,22042.998046875,0.8820834755897522
3367,47.33894729614258,22008.19921875,0.8820808529853821
3368,47.350555419921875,22017.529296875,0.8820157647132874
3369,47.366302490234375,22031.47265625,0.8819843530654907
3370,47.3187141418457,21994.888671875,0.882326602935791
3371,47.392704010009766,22058.9765625,0.8821150660514832
3372,47.31242752075195,21999.3359375,0.8827863931655884
3373,47.40744400024414,22075.15234375,0.8822243213653564
3374,47.31096649169922,21994.685546875,0.8826392889022827
3375,47.38462829589844,22050.892578125,0.8820899128913879
3376,47.325836181640625,21998.671875,0.8822000026702881
3377,47.363922119140625,22029.34765625,0.8819883465766907
3378,47.350379943847656,22016.619140625,0.8819823265075684
3379,47.339942932128906,22008.4453125,0.882050633430481
3380,47.35686492919922,22022.443359375,0.881973147392273
3381,47.33003234863281,22001.3046875,0.8821431994438171
3382,47.38008117675781,22044.8828125,0.8820105791091919
3383,47.31352996826172,21994.22265625,0.882512092590332
3384,47.39460372924805,22062.82421875,0.8822077512741089
3385,47.31161880493164,21996.732421875,0.8827035427093506
3386,47.397830963134766,22062.837890625,0.8820745348930359
3387,47.32331848144531,21997.798828125,0.8822654485702515
3388,47.3616828918457,22028.9765625,0.8820646405220032
3389,47.3298454284668,22000.04296875,0.88209468126297
3390,47.36848449707031,22033.015625,0.8819625973701477
3391,47.33345031738281,22002.548828125,0.8820570111274719
3392,47.358741760253906,22024.4375,0.8819842338562012
3393,47.326072692871094,21997.603515625,0.882142186164856
3394,47.379417419433594,22043.37890625,0.8819712400436401
3395,47.31756591796875,21995.49609375,0.8824014663696289
3396,47.39617919921875,22061.982421875,0.8821049332618713
3397,47.30404281616211,21992.326171875,0.8828214406967163
3398,47.39680099487305,22062.720703125,0.8821119666099548
3399,47.32154083251953,21997.986328125,0.882347583770752
3400,47.367801666259766,22032.408203125,0.8819637894630432
3401,47.33791732788086,22004.859375,0.8819746375083923
3402,47.34562301635742,22012.3671875,0.8819901347160339
3403,47.355804443359375,22020.56640625,0.8819334506988525
3404,47.33202362060547,22000.94921875,0.882044792175293
3405,47.36874008178711,22032.666015625,0.8819366097450256
3406,47.31364822387695,21993.404296875,0.8824706077575684
3407,47.38543701171875,22051.029296875,0.8820624351501465
3408,47.31520462036133,21993.306640625,0.8824015855789185
3409,47.39303970336914,22058.4609375,0.8820781707763672
3410,47.310951232910156,21992.017578125,0.8825207352638245
3411,47.389854431152344,22055.46484375,0.8820767402648926
3412,47.31547546386719,21991.6328125,0.8823156952857971
3413,47.36927795410156,22032.875,0.881923496723175
3414,47.33589553833008,22002.875,0.8819699883460999
3415,47.345947265625,22011.265625,0.881927490234375
3416,47.344234466552734,22009.349609375,0.8819130063056946
3417,47.339420318603516,22005.271484375,0.8819307088851929
3418,47.35907745361328,22022.095703125,0.881865918636322
3419,47.324424743652344,21994.283203125,0.8820624947547913
3420,47.37382888793945,22038.306640625,0.881976842880249
3421,47.3093147277832,21990.7109375,0.8825303316116333
3422,47.413719177246094,22079.203125,0.8821443915367126
3423,47.298954010009766,21992.732421875,0.8830510377883911
3424,47.391876220703125,22058.57421875,0.8821314573287964
3425,47.32179641723633,21993.7890625,0.8821493983268738
3426,47.35652542114258,22020.2265625,0.8818883895874023
3427,47.35292434692383,22016.26171875,0.8818610310554504
3428,47.317962646484375,21990.4375,0.8821588754653931
3429,47.38462448120117,22048.482421875,0.881982684135437
3430,47.307064056396484,21990.47265625,0.8826131224632263
3431,47.4059944152832,22071.5625,0.8821245431900024
3432,47.30392074584961,21987.458984375,0.8826090693473816
3433,47.3775520324707,22042.9375,0.8820287585258484
3434,47.325626373291016,21994.21875,0.8820098042488098
3435,47.352081298828125,22016.78515625,0.8819193243980408
3436,47.35245132446289,22015.00390625,0.8818244338035583
3437,47.33047866821289,21998.21484375,0.8819869160652161
3438,47.355743408203125,22019.5390625,0.8818901777267456
3439,47.32311248779297,21993.638671875,0.8820881843566895
3440,47.385948181152344,22049.08984375,0.8819549083709717
3441,47.303035736083984,21985.265625,0.8825477957725525
3442,47.383602142333984,22051.306640625,0.8821507692337036
3443,47.313636779785156,21989.576171875,0.8823001980781555
3444,47.3825798034668,22045.80078125,0.8819478750228882
3445,47.323692321777344,21992.634765625,0.8820194005966187
3446,47.35755157470703,22021.404296875,0.8818984031677246
3447,47.32307434082031,21992.49609375,0.8820387721061707
3448,47.35893630981445,22020.775390625,0.8818128705024719
3449,47.33229064941406,21998.048828125,0.8819042444229126
3450,47.348331451416016,22011.15234375,0.8818234801292419
3451,47.325950622558594,21992.865234375,0.8819358348846436
3452,47.354949951171875,22016.421875,0.8817841410636902
3453,47.32878875732422,21995.41015625,0.8819318413734436
3454,47.366554260253906,22028.017578125,0.881820023059845
3455,47.30939865112305,21985.03125,0.8822729587554932
3456,47.38434600830078,22048.44921875,0.8819925785064697
3457,47.30290985107422,21987.61328125,0.8826578259468079
3458,47.4027099609375,22066.5859375,0.8820391893386841
3459,47.305023193359375,21985.009765625,0.8824536800384521
3460,47.37398910522461,22036.9140625,0.881908118724823
3461,47.32158660888672,21990.03125,0.8819904923439026
3462,47.35054397583008,22013.3359375,0.8818290829658508
3463,47.34706115722656,22009.255859375,0.8817916512489319
3464,47.32780838012695,21993.806640625,0.8819007873535156
3465,47.34883499145508,22011.3828125,0.8818128705024719
3466,47.3250617980957,21992.66015625,0.8819636106491089
3467,47.37883758544922,22039.916015625,0.8818408846855164
3468,47.303733825683594,21983.59375,0.8824442028999329
3469,47.395111083984375,22061.876953125,0.8821444511413574
3470,47.30019760131836,21985.572265625,0.8826794028282166
3471,47.39276885986328,22054.205078125,0.8818999528884888
3472,47.317806243896484,21987.9921875,0.8820562362670898
3473,47.3453369140625,22009.306640625,0.881865382194519
3474,47.340545654296875,22002.845703125,0.8817757964134216
3475,47.33443069458008,21998.609375,0.8818404078483582
3476,47.3593635559082,22020.67578125,0.8817906975746155
3477,47.3110466003418,21982.69921875,0.8821004629135132
3478,47.370635986328125,22033.224609375,0.8818826675415039
3479,47.30912780761719,21984.37890625,0.8822551369667053
3480,47.39060592651367,22053.21875,0.8819457292556763
3481,47.30524444580078,21982.25,0.882321298122406
3482,47.38115692138672,22044.685546875,0.8819573521614075
3483,47.3057975769043,21980.888671875,0.8822376132011414
3484,47.3723258972168,22032.986328125,0.8818022012710571
3485,47.3226318359375,21989.6171875,0.8819284439086914
3486,47.35129165649414,22012.857421875,0.8817768096923828
3487,47.32200241088867,21987.7734375,0.881872296333313
3488,47.351646423339844,22012.1953125,0.8817325234413147
3489,47.32793045043945,21992.84765625,0.8818528056144714
3490,47.357242584228516,22017.720703125,0.8817468285560608
3491,47.308048248291016,21979.443359375,0.8820794224739075
3492,47.37872314453125,22039.69921875,0.8818359971046448
3493,47.30573272705078,21986.6171875,0.8824961185455322
3494,47.398983001708984,22061.560546875,0.8819698691368103
3495,47.29403305053711,21980.60546875,0.8827135562896729
3496,47.38029098510742,22042.04296875,0.8818755149841309
3497,47.32530975341797,21991.0390625,0.8818809390068054
3498,47.338958740234375,22000.970703125,0.8817580342292786
3499,47.35134506225586,22012.2421875,0.8817470669746399
3500,47.30873107910156,21979.90625,0.8820717930793762
3501,47.38587951660156,22046.65234375,0.8818491101264954
3502,47.301082611083984,21982.669921875,0.8825128674507141
3503,47.39397430419922,22057.330078125,0.8819891214370728
3504,47.30006790161133,21980.853515625,0.882473886013031
3505,47.37753677368164,22038.455078125,0.8818297982215881
3506,47.32255554199219,21987.46484375,0.8818356394767761
3507,47.33350372314453,21997.232421875,0.8818174004554749
3508,47.35835266113281,22017.25390625,0.8816801309585571
3509,47.31434631347656,21983.318359375,0.8819912075996399
3510,47.36870574951172,22030.623046875,0.8818468451499939
3511,47.3012809753418,21979.1171875,0.882345974445343
3512,47.3957405090332,22057.111328125,0.8819062113761902
3513,47.2965202331543,21978.533203125,0.8825176358222961
3514,47.372310638427734,22035.212890625,0.8819018006324768
3515,47.32522964477539,21990.01171875,0.881838321685791
3516,47.33634567260742,21999.978515625,0.8818220496177673
3517,47.3566780090332,22016.00390625,0.8816937208175659
3518,47.30473709106445,21978.099609375,0.8821569085121155
3519,47.37980651855469,22041.431640625,0.8818683624267578
3520,47.30613327026367,21981.947265625,0.8822707533836365
3521,47.38307571411133,22044.23046875,0.8818573951721191
3522,47.301673889160156,21977.19921875,0.8822437524795532
3523,47.36589050292969,22027.443359375,0.8818218111991882
3524,47.3191032409668,21983.310546875,0.8817933201789856
3525,47.3434944152832,22004.982421875,0.8817489147186279
3526,47.33730697631836,21997.421875,0.8816681504249573
3527,47.33211135864258,21993.943359375,0.88172847032547
3528,47.33821105957031,21998.53515625,0.8816803097724915
3529,47.32696533203125,21989.8125,0.8817574381828308
3530,47.34994125366211,22009.18359375,0.8816689252853394
3531,47.31272888183594,21978.958984375,0.8818635940551758
3532,47.362159729003906,22022.625,0.8817617297172546
3533,47.300655364990234,21974.82421875,0.8821800351142883
3534,47.39140701293945,22051.4140625,0.8818321228027344
3535,47.29391098022461,21976.9375,0.8825547099113464
3536,47.384979248046875,22046.35546875,0.8818732500076294
3537,47.3061637878418,21976.673828125,0.8820340037345886
3538,47.352813720703125,22011.947265625,0.8816730380058289
3539,47.32878112792969,21989.416015625,0.8816644549369812
3540,47.33003234863281,21991.255859375,0.8816946148872375
3541,47.34458923339844,22003.529296875,0.8816387057304382
3542,47.31464385986328,21980.078125,0.8818339705467224
3543,47.37131118774414,22029.396484375,0.8816841840744019
3544,47.295379638671875,21974.58984375,0.882388710975647
3545,47.38503646850586,22046.625,0.8818827867507935
3546,47.300743103027344,21978.52734375,0.8823419213294983
3547,47.37204360961914,22031.60546875,0.8817523121833801
3548,47.30717849731445,21975.177734375,0.8819250464439392
3549,47.35898208618164,22017.763671875,0.8816767930984497
3550,47.32006072998047,21982.66015625,0.8817245364189148
3551,47.33449935913086,21994.228515625,0.8816420435905457
3552,47.33670425415039,21995.736328125,0.8816178441047668
3553,47.32006072998047,21982.837890625,0.8817325234413147
3554,47.34818649291992,22006.1640625,0.8816069960594177
3555,47.31039810180664,21976.4296875,0.8818473219871521
3556,47.36974334716797,22028.66796875,0.8817166686058044
3557,47.29603958129883,21976.498046875,0.8824464678764343
3558,47.3980827331543,22058.40625,0.8818668723106384
3559,47.29023361206055,21970.9375,0.8824391961097717
3560,47.370819091796875,22029.134765625,0.8816928863525391
3561,47.312007904052734,21976.900390625,0.8818014860153198
3562,47.34467697143555,22002.21484375,0.881576418876648
3563,47.33494567871094,21993.01953125,0.8815696239471436
3564,47.31496047973633,21977.703125,0.8817148208618164
3565,47.35798645019531,22015.048828125,0.8815969228744507
3566,47.298858642578125,21971.68359375,0.8821143507957458
3567,47.383968353271484,22042.9140625,0.8817618489265442
3568,47.28845977783203,21970.05078125,0.8824731707572937
3569,47.38465881347656,22044.189453125,0.881790041923523
3570,47.29765701293945,21971.20703125,0.8821428418159485
3571,47.36514663696289,22021.462890625,0.8815860748291016
3572,47.32048416137695,21981.3046875,0.8816463947296143
3573,47.32839584350586,21987.88671875,0.8816121816635132
3574,47.337791442871094,21995.29296875,0.881553053855896
3575,47.319358825683594,21980.9453125,0.8816772699356079
3576,47.34928894042969,22005.732421875,0.8815419673919678
3577,47.304481506347656,21970.63671875,0.8818339705467224
3578,47.35892105102539,22016.6796875,0.8816309571266174
3579,47.29862594604492,21971.1640625,0.8821007013320923
3580,47.38423538208008,22041.48046875,0.8816869854927063
3581,47.294891357421875,21971.646484375,0.8822773694992065
3582,47.37550354003906,22034.75,0.8817490339279175
3583,47.296974182128906,21968.685546875,0.8820584416389465
3584,47.365726470947266,22022.50390625,0.8816085457801819
3585,47.31321716308594,21975.662109375,0.8816959261894226
3586,47.33334732055664,21992.544921875,0.8816147446632385
3587,47.324684143066406,21983.201171875,0.8815569281578064
3588,47.33679962158203,21994.31640625,0.8815505504608154
3589,47.32785415649414,21985.734375,0.8815385103225708
3590,47.32933807373047,21987.76953125,0.8815677165985107
3591,47.31992721557617,21979.033203125,0.8815680742263794
3592,47.340206146240234,21996.72265625,0.8815167546272278
3593,47.31794357299805,21978.265625,0.8816161155700684
3594,47.350006103515625,22006.982421875,0.8815679550170898
3595,47.29399871826172,21965.89453125,0.8820573091506958
3596,47.3924560546875,22051.205078125,0.8817793726921082
3597,47.2855339050293,21973.205078125,0.8827358484268188
3598,47.38276672363281,22040.396484375,0.8816995024681091
3599,47.29927444458008,21967.46484375,0.8819083571434021
3600,47.34070587158203,21996.845703125,0.8815014362335205
3601,47.337284088134766,21993.20703125,0.8814809918403625
3602,47.31187438964844,21974.34375,0.88169264793396
3603,47.366695404052734,22022.857421875,0.8815840482711792
3604,47.285926818847656,21966.052734375,0.8823996782302856
3605,47.39129638671875,22050.201171875,0.8817826509475708
3606,47.28688049316406,21966.26171875,0.8823693990707397
3607,47.368553161621094,22024.92578125,0.8815993070602417
3608,47.309200286865234,21973.154296875,0.8817507028579712
3609,47.33781433105469,21994.302734375,0.8815078735351562
3610,47.33487319946289,21990.853515625,0.8814759850502014
3611,47.31460952758789,21975.5546875,0.881633460521698
3612,47.35824203491211,22013.658203125,0.8815243244171143
3613,47.291465759277344,21964.142578125,0.8820842504501343
3614,47.37399673461914,22031.681640625,0.8816748261451721
3615,47.29097366333008,21964.990234375,0.8821426033973694
3616,47.36436080932617,22020.5546875,0.8815780878067017
3617,47.30959701538086,21973.0234375,0.8817282915115356
3618,47.338356018066406,21995.724609375,0.8815488815307617
3619,47.32514190673828,21982.4765625,0.88150554895401
3620,47.33028793334961,21987.517578125,0.8815171718597412
3621,47.32927322387695,21986.322265625,0.8815058469772339
3622,47.313865661621094,21973.806640625,0.8815861940383911
3623,47.34194564819336,21997.580078125,0.8814828395843506
3624,47.30849075317383,21970.505859375,0.8816617131233215
3625,47.352447509765625,22007.916015625,0.8815085291862488
3626,47.29810333251953,21964.806640625,0.8818382024765015
3627,47.3710823059082,22029.3671875,0.8816923499107361
3628,47.28859329223633,21965.958984375,0.8822847008705139
3629,47.38360595703125,22040.41015625,0.8816654086112976
3630,47.2920036315918,21963.7734375,0.8820454478263855
3631,47.355690002441406,22011.796875,0.8815470933914185
3632,47.30355453491211,21966.28125,0.8816778063774109
3633,47.339988708496094,21995.447265625,0.8814688324928284
3634,47.32495880126953,21982.0546875,0.8814942240715027
3635,47.32357406616211,21980.140625,0.8814664483070374
3636,47.323707580566406,21980.6171875,0.8814820647239685
3637,47.31869888305664,21976.306640625,0.8814972639083862
3638,47.348472595214844,22002.69921875,0.8814406394958496
3639,47.29243087768555,21959.41796875,0.8818327784538269
3640,47.37044906616211,22028.986328125,0.8817017078399658
3641,47.285606384277344,21967.32421875,0.8824698328971863
3642,47.38730239868164,22042.326171875,0.8815974593162537
3643,47.29591751098633,21962.611328125,0.8818307518959045
3644,47.33695983886719,21993.45703125,0.88150554895401
3645,47.32524490356445,21982.1484375,0.8814865350723267
3646,47.32476043701172,21981.142578125,0.8814618587493896
3647,47.33290481567383,21989.083984375,0.8814784288406372
3648,47.30005645751953,21962.923828125,0.8816730380058289
3649,47.36517333984375,22019.751953125,0.8815088868141174
3650,47.28728103637695,21960.46484375,0.882093608379364
3651,47.38010025024414,22038.07421875,0.8817066550254822
3652,47.29039764404297,21964.3125,0.8821361660957336
3653,47.370304107666016,22025.85546875,0.881568193435669
3654,47.297096252441406,21962.146484375,0.8817611336708069
3655,47.3388557434082,21994.947265625,0.8814935088157654
3656,47.32543182373047,21982.08203125,0.8814758658409119
3657,47.31919479370117,21976.568359375,0.8814884424209595
3658,47.328182220458984,21985.01171875,0.8814926743507385
3659,47.30504608154297,21965.669921875,0.8815886378288269
3660,47.36060333251953,22014.42578125,0.8814605474472046
3661,47.29140853881836,21960.43359375,0.8819207549095154
3662,47.36811065673828,22026.421875,0.8816841840744019
3663,47.287357330322266,21961.849609375,0.8821523785591125
3664,47.37663650512695,22030.326171875,0.8815049529075623
3665,47.29745101928711,21960.791015625,0.8816857933998108
3666,47.32851791381836,21986.0859375,0.8815266489982605
3667,47.32082748413086,21976.6015625,0.8814221024513245
3668,47.32954025268555,21984.748046875,0.8814244270324707
3669,47.32423782348633,21979.751953125,0.8814213871955872
3670,47.31077575683594,21969.072265625,0.8815029859542847
3671,47.33375549316406,21987.97265625,0.8813937306404114
3672,47.30954360961914,21967.66796875,0.8814911842346191
3673,47.3465576171875,22000.580078125,0.8814254403114319
3674,47.29008102416992,21955.73828125,0.8817658424377441
3675,47.37382125854492,22030.185546875,0.8816152215003967
3676,47.281654357910156,21962.392578125,0.8824135065078735
3677,47.37901306152344,22035.328125,0.8816292881965637
3678,47.2966194152832,21960.873046875,0.881723940372467
3679,47.34041976928711,21995.203125,0.8814401030540466
3680,47.3060302734375,21964.0859375,0.8814771175384521
3681,47.3275146484375,21982.55078125,0.8814104795455933
3682,47.32984924316406,21983.35546875,0.8813494443893433
3683,47.3099250793457,21967.431640625,0.881464958190918
3684,47.331146240234375,21984.931640625,0.8813660740852356
3685,47.30036544799805,21961.654296875,0.881603479385376
3686,47.36139678955078,22014.5,0.8814311623573303
3687,47.28515625,21957.287109375,0.8820396661758423
3688,47.37495803833008,22032.21484375,0.8816586136817932
3689,47.28384017944336,21961.982421875,0.882304310798645
3690,47.367191314697266,22020.64453125,0.8814650177955627
3691,47.3129997253418,21971.24609375,0.8815078139305115
3692,47.303592681884766,21966.8046875,0.8816995620727539
3693,47.353233337402344,22005.19921875,0.881354808807373
3694,47.29292678833008,21962.775390625,0.8819623589515686
3695,47.3688850402832,22025.130859375,0.8815945982933044
3696,47.290061950683594,21957.923828125,0.8818644285202026
3697,47.34850311279297,22003.150390625,0.8814594745635986
3698,47.307865142822266,21969.4921875,0.8816423416137695
3699,47.329002380371094,21986.197265625,0.8815115690231323
3700,47.333805084228516,21985.908203125,0.8812995553016663
3701,47.29188919067383,21958.5703125,0.8818174600601196
3702,47.36335372924805,22016.384765625,0.8814341425895691
3703,47.28995895385742,21960.884765625,0.8820011615753174
3704,47.373104095458984,22029.583984375,0.8816182613372803
3705,47.29441452026367,21960.7890625,0.8818117380142212
3706,47.333614349365234,21990.28125,0.8815026879310608
3707,47.306129455566406,21965.3046875,0.8815273642539978
3708,47.333152770996094,21990.82421875,0.8815458416938782
3709,47.32217025756836,21975.296875,0.8813081979751587
3710,47.31056213378906,21969.318359375,0.8815227746963501
3711,47.3246955871582,21979.66796875,0.8813987374305725
3712,47.319461822509766,21974.08203125,0.8813663125038147
3713,47.325252532958984,21979.548828125,0.8813702464103699
3714,47.30974578857422,21967.265625,0.8814650177955627
3715,47.327247619628906,21982.775390625,0.881431519985199
3716,47.29657745361328,21957.416015625,0.8815710544586182
3717,47.37451171875,22027.296875,0.8814581036567688
3718,47.27740478515625,21950.12890625,0.8820415735244751
3719,47.36489486694336,22022.001953125,0.8816205263137817
3720,47.28427505493164,21956.89453125,0.8820586800575256
3721,47.362152099609375,22013.830078125,0.881369948387146
3722,47.303653717041016,21960.640625,0.8814215660095215
3723,47.317020416259766,21972.611328125,0.8814019560813904
3724,47.32676315307617,21978.810546875,0.8812746405601501
3725,47.300628662109375,21959.373046875,0.8814905285835266
3726,47.35599899291992,22007.203125,0.8813295364379883
3727,47.28071594238281,21947.53515625,0.8817878365516663
3728,47.357120513916016,22012.42578125,0.8815158009529114
3729,47.28245544433594,21953.51171875,0.8819829225540161
3730,47.366973876953125,22020.052734375,0.8814475536346436
3731,47.29024124145508,21951.615234375,0.881574809551239
3732,47.33935546875,21992.505859375,0.8813638687133789
3733,47.2964973449707,21954.712890625,0.8814536333084106
3734,47.338497161865234,21989.37890625,0.8812597990036011
3735,47.30550765991211,21961.87109375,0.8813997507095337
3736,47.327518463134766,21980.154296875,0.8813032507896423
3737,47.293853759765625,21951.515625,0.8814204335212708
3738,47.342559814453125,21993.283203125,0.8812656402587891
3739,47.290157318115234,21951.419921875,0.8815696239471436
3740,47.35711669921875,22008.09375,0.8813228607177734
3741,47.27907180786133,21948.5,0.881899356842041
3742,47.36971664428711,22022.990234375,0.8814648389816284
3743,47.278377532958984,21948.748046875,0.8819392919540405
3744,47.35648727416992,22006.90234375,0.881295919418335
3745,47.291690826416016,21950.607421875,0.8814695477485657
3746,47.329185485839844,21979.8671875,0.8812214732170105
3747,47.31376266479492,21965.86328125,0.8812357187271118
3748,47.30921173095703,21962.513671875,0.8812746405601501
3749,47.325889587402344,21976.603515625,0.8812123537063599
3750,47.297122955322266,21953.271484375,0.8813632726669312
3751,47.34309768676758,21993.482421875,0.8812522292137146
3752,47.28251647949219,21948.09765625,0.8817381858825684
3753,47.36344909667969,22016.51171875,0.8814358115196228
3754,47.27396774291992,21948.630859375,0.8821172118186951
3755,47.369754791259766,22020.708984375,0.8813614845275879
3756,47.284000396728516,21946.37109375,0.881599485874176
3757,47.33269500732422,21983.521484375,0.8812389969825745
3758,47.30916976928711,21962.033203125,0.881255030632019
3759,47.31737518310547,21968.484375,0.8812029957771301
3760,47.317630767822266,21968.39453125,0.8811883926391602
3761,47.298316955566406,21953.482421875,0.8813231587409973
3762,47.33872985839844,21988.119140625,0.881193995475769
3763,47.28398513793945,21947.01171875,0.8816286325454712
3764,47.3654899597168,22017.21484375,0.881382405757904
3765,47.2696418762207,21944.7890625,0.8821250200271606
3766,47.368038177490234,22020.255859375,0.8814123868942261
3767,47.2811393737793,21946.1953125,0.881710410118103
3768,47.34487533569336,21994.748046875,0.8812350630760193
3769,47.30031967163086,21954.6875,0.8812939524650574
3770,47.319801330566406,21971.18359375,0.8812227249145508
3771,47.30500793457031,21957.77734375,0.8812375068664551
3772,47.31595993041992,21966.99609375,0.881195068359375
3773,47.31525421142578,21965.74609375,0.88116854429245
3774,47.30770492553711,21959.841796875,0.8812179565429688
3775,47.30989074707031,21961.73828125,0.881212055683136
3776,47.31415557861328,21964.943359375,0.8811782598495483
3777,47.31562805175781,21965.90625,0.8811602592468262
3778,47.31122589111328,21961.900390625,0.8811638951301575
3779,47.3082389831543,21959.89453125,0.8811981081962585
3780,47.309749603271484,21960.697265625,0.8811712265014648
3781,47.324066162109375,21973.08984375,0.8811309337615967
3782,47.28963088989258,21945.703125,0.8813357353210449
3783,47.34502029418945,21995.541015625,0.8812643885612488
3784,47.27398681640625,21947.55859375,0.8820684552192688
3785,47.386165618896484,22037.76171875,0.8814412355422974
3786,47.269752502441406,21944.6015625,0.8821120858192444
3787,47.34918212890625,21999.57421875,0.8812717199325562
3788,47.298851013183594,21953.66015625,0.8813089728355408
3789,47.32023620605469,21969.626953125,0.8811351656913757
3790,47.322418212890625,21972.33984375,0.8811658024787903
3791,47.28342819213867,21942.3671875,0.8814440965652466
3792,47.36768341064453,22017.595703125,0.8813086748123169
3793,47.26696014404297,21946.546875,0.8823150992393494
3794,47.37570571899414,22029.591796875,0.8815107941627502
3795,47.27892303466797,21945.2578125,0.8817604184150696
3796,47.337093353271484,21986.04296875,0.8811690807342529
3797,47.30548095703125,21957.220703125,0.8811930418014526
3798,47.30060958862305,21954.783203125,0.8812861442565918
3799,47.3430290222168,21990.6875,0.8811303377151489
3800,47.27655792236328,21939.962890625,0.881621778011322
3801,47.35425567626953,22005.841796875,0.8813410401344299
3802,47.27079772949219,21941.62109375,0.8819352984428406
3803,47.364723205566406,22014.2734375,0.8812832236289978
3804,47.28278350830078,21945.015625,0.8815892338752747
3805,47.32980728149414,21979.587890625,0.8811831474304199
3806,47.300045013427734,21952.2109375,0.8811944723129272
3807,47.318233489990234,21967.845703125,0.8811386227607727
3808,47.31612777709961,21965.369140625,0.8811153769493103
3809,47.29289245605469,21947.0234375,0.881259560585022
3810,47.332061767578125,21979.740234375,0.881096363067627
3811,47.28586959838867,21943.443359375,0.8813909888267517
3812,47.34529113769531,21994.2109375,0.8811938762664795
3813,47.27376174926758,21939.6328125,0.8817231059074402
3814,47.356929779052734,22007.595703125,0.8813083171844482
3815,47.274208068847656,21940.326171875,0.881735622882843
3816,47.351749420166016,22000.421875,0.8812031745910645
3817,47.28443908691406,21942.001953125,0.8813857436180115
3818,47.33156967163086,21980.94921875,0.8811708688735962
3819,47.290557861328125,21945.01171875,0.8812664747238159
3820,47.32636642456055,21974.39453125,0.8810939192771912
3821,47.29738998413086,21949.51953125,0.8811845183372498
3822,47.32313537597656,21971.609375,0.8811036944389343
3823,47.28471755981445,21940.08203125,0.8812883496284485
3824,47.33970260620117,21987.30859375,0.8811174631118774
3825,47.27834701538086,21941.26171875,0.8816055655479431
3826,47.36337661743164,22013.248046875,0.8812932372093201
3827,47.26346969604492,21938.953125,0.8821203112602234
3828,47.361358642578125,22011.36328125,0.8812929391860962
3829,47.285770416259766,21944.419921875,0.881438672542572
3830,47.32306671142578,21971.24609375,0.8810901641845703
3831,47.30765914916992,21957.26953125,0.8811048865318298
3832,47.29469299316406,21948.333984375,0.8812434673309326
3833,47.342430114746094,21989.1640625,0.8810872435569763
3834,47.27212905883789,21935.037109375,0.8815852999687195
3835,47.356388092041016,22007.06640625,0.8813073039054871
3836,47.269004821777344,21940.85546875,0.8819754123687744
3837,47.35859680175781,22006.525390625,0.881191611289978
3838,47.2891845703125,21945.201171875,0.8813319206237793
3839,47.31150817871094,21961.958984375,0.8811547160148621
3840,47.3153190612793,21962.87890625,0.8810378313064575
3841,47.30263137817383,21954.75,0.8812007904052734
3842,47.32027816772461,21969.392578125,0.8811230063438416
3843,47.28119659423828,21938.8046875,0.8813772797584534
3844,47.35649490356445,22003.73046875,0.8811541795730591
3845,47.26734161376953,21939.091796875,0.8819656372070312
3846,47.34614944458008,21996.95703125,0.8812807202339172
3847,47.293792724609375,21950.591796875,0.881381630897522
3848,47.31195068359375,21963.390625,0.8812003135681152
3849,47.31815719604492,21965.0234375,0.8810158371925354
3850,47.28565979003906,21944.19921875,0.881433367729187
3851,47.339881896972656,21987.45703125,0.8811166882514954
3852,47.2786750793457,21939.166015625,0.8814982771873474
3853,47.353885650634766,22001.810546875,0.8811765909194946
3854,47.26958084106445,21937.04296875,0.8817808628082275
3855,47.33501434326172,21984.4609375,0.8811848163604736
3856,47.30328369140625,21957.01953125,0.8812751173973083
3857,47.29939270019531,21954.77734375,0.8813363909721375
3858,47.32598876953125,21972.287109375,0.8810154795646667
3859,47.29243850708008,21953.583984375,0.8815717697143555
3860,47.32477569580078,21974.82421875,0.8811790347099304
3861,47.2979736328125,21948.603515625,0.8811193108558655
3862,47.31978225708008,21969.294921875,0.8811392784118652
3863,47.30109786987305,21953.208984375,0.881195604801178
3864,47.301475524902344,21952.04296875,0.8811277747154236
3865,47.30353546142578,21953.19921875,0.8810939192771912
3866,47.30598449707031,21958.40234375,0.8812249302864075
3867,47.30527877807617,21953.56640625,0.8810380697250366
3868,47.316917419433594,21964.013671875,0.8810221552848816
3869,47.28947830200195,21944.400390625,0.8812838196754456
3870,47.3151741027832,21961.79296875,0.8809953331947327
3871,47.296478271484375,21946.310546875,0.881078839302063
3872,47.31702423095703,21964.498046875,0.8810394406318665
3873,47.28499221801758,21938.80859375,0.8812198638916016
3874,47.32878112792969,21975.203125,0.8810298442840576
3875,47.273555755615234,21934.904296875,0.88152015209198
3876,47.363956451416016,22011.064453125,0.8811718225479126
3877,47.26376724243164,21931.658203125,0.8817814588546753
3878,47.346248626708984,21996.470703125,0.8812549114227295
3879,47.27363967895508,21931.83984375,0.8813795447349548
3880,47.33551025390625,21981.537109375,0.8810336589813232
3881,47.28778839111328,21939.181640625,0.8811206817626953
3882,47.311981201171875,21959.36328125,0.8810190558433533
3883,47.29157638549805,21940.76953125,0.8810344338417053
3884,47.31804275512695,21964.21875,0.8809846043586731
3885,47.286869049072266,21938.69140625,0.881136953830719
3886,47.33388900756836,21980.04296875,0.881034255027771
3887,47.26292419433594,21928.62890625,0.8816807270050049
3888,47.360023498535156,22007.3671875,0.8811700344085693
3889,47.2637939453125,21931.33984375,0.8817660808563232
3890,47.350711822509766,21996.63671875,0.8810774087905884
3891,47.27277755737305,21930.5390625,0.8813572525978088
3892,47.32752227783203,21972.05859375,0.8809416890144348
3893,47.29011917114258,21939.865234375,0.8810545206069946
3894,47.30729293823242,21953.21484375,0.8809387683868408
3895,47.305397033691406,21951.17578125,0.8809263706207275
3896,47.28431701660156,21934.654296875,0.8810622096061707
3897,47.32562255859375,21970.279296875,0.8809410333633423
3898,47.26919937133789,21927.9921875,0.8813917636871338
3899,47.357566833496094,22004.203125,0.8811306953430176
3900,47.259117126464844,21932.462890625,0.8820106387138367
3901,47.36083221435547,22008.384765625,0.8811817765235901
3902,47.26572799682617,21927.095703125,0.8814957737922668
3903,47.3288688659668,21973.09375,0.8809321522712708
3904,47.29557800292969,21942.67578125,0.8809537887573242
3905,47.29499816894531,21942.42578125,0.8809666633605957
3906,47.31630325317383,21960.865234375,0.8809071183204651
3907,47.27564239501953,21929.845703125,0.8812071681022644
3908,47.34557342529297,21990.69140625,0.8810251355171204
3909,47.259979248046875,21928.47265625,0.88179612159729
3910,47.35141372680664,22000.009765625,0.8811987638473511
3911,47.266578674316406,21926.939453125,0.8814533352851868
3912,47.3365364074707,21981.248046875,0.8809781670570374
3913,47.28207015991211,21932.849609375,0.8810747265815735
3914,47.313148498535156,21958.955078125,0.8809525370597839
3915,47.28785705566406,21936.60546875,0.8810026049613953
3916,47.31922149658203,21963.728515625,0.8809137940406799
3917,47.27979278564453,21931.216796875,0.8810962438583374
3918,47.32592010498047,21971.265625,0.8809728026390076
3919,47.26373291015625,21923.544921875,0.8814195394515991
3920,47.3537712097168,21998.671875,0.881041407585144
3921,47.26038360595703,21926.77734375,0.8817034363746643
3922,47.351200103759766,21996.37890625,0.8810455799102783
3923,47.26838684082031,21927.087890625,0.8813848495483398
3924,47.32823944091797,21971.447265625,0.8808847069740295
3925,47.28759765625,21935.642578125,0.8809702396392822
3926,47.3017692565918,21946.837890625,0.8808829188346863
3927,47.30479049682617,21949.4609375,0.8808748126029968
3928,47.2806282043457,21930.384765625,0.8810243606567383
3929,47.33194351196289,21975.478515625,0.8809111714363098
3930,47.259437561035156,21922.421875,0.8815476298332214
3931,47.3552360534668,22001.802734375,0.8811203241348267
3932,47.25918960571289,21928.046875,0.8818099498748779
3933,47.3502082824707,21994.37890625,0.8809975385665894
3934,47.26995086669922,21925.0234375,0.8812275528907776
3935,47.31721115112305,21960.6328125,0.8808590173721313
3936,47.29459762573242,21940.30078125,0.8808881640434265
3937,47.292171478271484,21938.171875,0.8808935880661011
3938,47.31199645996094,21955.70703125,0.880855143070221
3939,47.271156311035156,21924.390625,0.8811492323875427
3940,47.34437942504883,21988.392578125,0.8809720873832703
3941,47.25639724731445,21924.3359375,0.8817596435546875
3942,47.35420227050781,22000.802734375,0.8811185956001282
3943,47.263126373291016,21924.34765625,0.8814807534217834
3944,47.334625244140625,21977.251953125,0.8808791637420654
3945,47.28047561645508,21929.34765625,0.8809843063354492
3946,47.30120849609375,21945.806640625,0.8808601498603821
3947,47.30190658569336,21945.7578125,0.8808289170265198
3948,47.29034423828125,21936.7265625,0.8809047937393188
3949,47.311485290527344,21954.607421875,0.8808272480964661
3950,47.27031707763672,21922.681640625,0.8811076283454895
3951,47.331695556640625,21975.712890625,0.8809319734573364
3952,47.2617073059082,21922.91015625,0.8814753293991089
3953,47.357662200927734,22002.78125,0.8810634016990662
3954,47.25716781616211,21923.03125,0.881669282913208
3955,47.3424072265625,21986.767578125,0.8809813261032104
3956,47.271522521972656,21923.6484375,0.8811008930206299
3957,47.31370162963867,21957.201171875,0.8808513283729553
3958,47.2906608581543,21936.3671875,0.8808756470680237
3959,47.29603958129883,21941.25,0.8808706998825073
3960,47.29098129272461,21935.96875,0.8808445334434509
3961,47.296791076660156,21941.09375,0.8808326125144958
3962,47.297813415527344,21941.65625,0.880815327167511
3963,47.295265197753906,21939.302734375,0.8808159828186035
3964,47.28998565673828,21935.08984375,0.8808465600013733
3965,47.29805374145508,21941.40625,0.8807944059371948
3966,47.295223236083984,21939.294921875,0.8808172941207886
3967,47.29542541503906,21939.00390625,0.8807958364486694
3968,47.28647232055664,21932.029296875,0.8808553814888
3969,47.30592727661133,21948.26171875,0.8807741403579712
3970,47.278038024902344,21926.31640625,0.8809497952461243
3971,47.32744598388672,21970.087890625,0.880856990814209
3972,47.25313186645508,21919.642578125,0.881685197353363
3973,47.364749908447266,22011.84765625,0.881173849105835
3974,47.253150939941406,21922.8984375,0.8818302750587463
3975,47.34558868408203,21989.04296875,0.880950927734375
3976,47.27750015258789,21926.810546875,0.8809942603111267
3977,47.302127838134766,21946.26953125,0.8808427453041077
3978,47.294830322265625,21938.63671875,0.8808041214942932
3979,47.28535079956055,21932.072265625,0.8809038400650024
3980,47.320518493652344,21961.92578125,0.8807796835899353
3981,47.26156997680664,21916.763671875,0.8812057971954346
3982,47.33517837524414,21981.046875,0.8810255527496338
3983,47.25594711303711,21920.521484375,0.8816075921058655
3984,47.36140441894531,22006.03125,0.8810532093048096
3985,47.256568908691406,21916.98828125,0.8814235329627991
3986,47.324615478515625,21970.234375,0.8809807896614075
3987,47.27480697631836,21923.984375,0.880979597568512
3988,47.315521240234375,21957.951171875,0.8808093070983887
3989,47.280311584472656,21926.64453125,0.8808702230453491
3990,47.30037307739258,21944.47265625,0.880835235118866
3991,47.27943420410156,21927.7109375,0.880954384803772
3992,47.32006072998047,21961.623046875,0.8807850480079651
3993,47.263614654541016,21916.998046875,0.8811314702033997
3994,47.3364143371582,21979.642578125,0.8809117078781128
3995,47.25581359863281,21920.34375,0.8816052079200745
3996,47.348873138427734,21991.2109375,0.8809115290641785
3997,47.26377868652344,21919.640625,0.8812429308891296
3998,47.318641662597656,21961.509765625,0.8808388113975525
3999,47.28169631958008,21929.580078125,0.880944013595581
4000,47.305091857910156,21947.173828125,0.8807601928710938
4001,47.28156280517578,21927.90234375,0.880874514579773
4002,47.29323959350586,21937.19140625,0.8808055520057678
4003,47.30115509033203,21943.51171875,0.8807598352432251
4004,47.28364181518555,21928.2265625,0.8808028101921082
4005,47.300994873046875,21944.087890625,0.8807922005653381
4006,47.27486801147461,21923.42578125,0.8809520602226257
4007,47.32919692993164,21970.009765625,0.8807808756828308
4008,47.25704574584961,21915.16796875,0.8813222646713257
4009,47.34013366699219,21986.25390625,0.8810526728630066
4010,47.25431442260742,21918.43359375,0.8815819621086121
4011,47.35162353515625,21993.59375,0.880903959274292
4012,47.25823211669922,21915.431640625,0.881284773349762
4013,47.308937072753906,21951.892578125,0.8808115720748901
4014,47.297115325927734,21940.849609375,0.8808082342147827
4015,47.28496170043945,21930.96875,0.8808706402778625
4016,47.3118896484375,21954.83203125,0.8808204531669617
4017,47.2563362121582,21912.14453125,0.8812163472175598
4018,47.35141372680664,21995.50390625,0.8809978365898132
4019,47.25060272216797,21918.11328125,0.8817219138145447
4020,47.34540939331055,21989.462890625,0.8809771537780762
4021,47.2640266418457,21920.080078125,0.8812522888183594
4022,47.31995391845703,21960.59765625,0.8807438015937805
4023,47.291114807128906,21933.7265625,0.8807386755943298
4024,47.267616271972656,21917.0625,0.8809682726860046
4025,47.33345413208008,21974.1640625,0.8807897567749023
4026,47.25287628173828,21914.134765625,0.881449282169342
4027,47.342288970947266,21987.453125,0.8810166120529175
4028,47.25351333618164,21915.1796875,0.8814695477485657
4029,47.32890319824219,21968.822265625,0.8807400465011597
4030,47.27824020385742,21923.849609375,0.8808310031890869
4031,47.28864288330078,21932.1484375,0.8807708024978638
4032,47.3026237487793,21943.3046875,0.8806896805763245
4033,47.26685333251953,21916.56640625,0.8809776902198792
4034,47.338356018066406,21979.380859375,0.88081955909729
4035,47.245967864990234,21910.4609375,0.8815715909004211
4036,47.341670989990234,21985.673828125,0.8809630274772644
4037,47.25698471069336,21915.279296875,0.8813298344612122
4038,47.32675552368164,21967.228515625,0.8807578086853027
4039,47.27281951904297,21918.70703125,0.8808258771896362
4040,47.29412841796875,21936.12109375,0.8807207942008972
4041,47.29038619995117,21931.82421875,0.8806838393211365
4042,47.28682327270508,21929.46875,0.8807262778282166
4043,47.30197525024414,21942.083984375,0.8806619644165039
4044,47.264644622802734,21912.65625,0.8808943629264832
4045,47.31648635864258,21957.66015625,0.8807563185691833
4046,47.254364013671875,21910.263671875,0.8812141418457031
4047,47.34785079956055,21990.611328125,0.8809272646903992
4048,47.25002670288086,21912.251953125,0.8814831972122192
4049,47.33366775512695,21976.263671875,0.8808746933937073
4050,47.26051712036133,21910.794921875,0.8809822797775269
4051,47.309425354003906,21949.966796875,0.8807052373886108
4052,47.279205322265625,21922.86328125,0.8807468414306641
4053,47.29560852050781,21937.5703125,0.8807241320610046
4054,47.27144241333008,21916.6328125,0.880790114402771
4055,47.30524826049805,21945.365234375,0.8806727528572083
4056,47.26504135131836,21913.658203125,0.8809227347373962
4057,47.32974624633789,21969.904296875,0.8807532787322998
4058,47.24735641479492,21907.6875,0.8813897371292114
4059,47.34018325805664,21981.728515625,0.8808485865592957
4060,47.25446319580078,21912.54296875,0.8813120126724243
4061,47.330474853515625,21969.7109375,0.8807145953178406
4062,47.2590217590332,21908.97265625,0.8809628486633301
4063,47.305015563964844,21944.552734375,0.880646288394928
4064,47.282554626464844,21924.857421875,0.8806971311569214
4065,47.28445816040039,21925.609375,0.8806517720222473
4066,47.29509353637695,21935.3359375,0.8806455731391907
4067,47.2626953125,21910.228515625,0.880866527557373
4068,47.327301025390625,21966.8984375,0.8807206153869629
4069,47.247440338134766,21907.201171875,0.8813645243644714
4070,47.34825897216797,21991.462890625,0.8809482455253601
4071,47.246578216552734,21910.62890625,0.8815537691116333
4072,47.333030700683594,21972.126953125,0.8807164430618286
4073,47.26848220825195,21913.99609375,0.8807951211929321
4074,47.283145904541016,21924.498046875,0.8806565999984741
4075,47.31044006347656,21948.630859375,0.8806036114692688
4076,47.25597381591797,21907.595703125,0.8810276985168457
4077,47.3311653137207,21972.5390625,0.8808121681213379
4078,47.24502182006836,21909.083984375,0.8815493583679199
4079,47.34919738769531,21989.84765625,0.8808373212814331
4080,47.247920989990234,21905.83984375,0.8812834024429321
4081,47.311920166015625,21951.697265625,0.8806791305541992
4082,47.28269958496094,21924.478515625,0.8806740641593933
4083,47.27873992919922,21921.154296875,0.8806896805763245
4084,47.311275482177734,21950.4296875,0.8806491494178772
4085,47.248008728027344,21904.30859375,0.8812112808227539
4086,47.34149932861328,21981.357421875,0.8807774782180786
4087,47.247161865234375,21907.12890625,0.8813728094100952
4088,47.33098602294922,21971.193359375,0.8807594776153564
4089,47.256980895996094,21907.26171875,0.88097083568573
4090,47.30314636230469,21941.60546875,0.8805919885635376
4091,47.28037643432617,21921.359375,0.880631148815155
4092,47.275047302246094,21917.556640625,0.880682110786438
4093,47.31149673461914,21949.0859375,0.8805801272392273
4094,47.25263977050781,21903.984375,0.8810043931007385
4095,47.327823638916016,21967.98046875,0.8807471394538879
4096,47.24535369873047,21905.369140625,0.8813691735267639
4097,47.342857360839844,21982.896484375,0.8807899355888367
4098,47.24723434448242,21902.822265625,0.8811768293380737
4099,47.30552291870117,21945.296875,0.8806583881378174
4100,47.27806854248047,21919.33203125,0.8806360960006714
4101,47.285152435302734,21925.455078125,0.8806161880493164
4102,47.299415588378906,21937.748046875,0.8805743455886841
4103,47.25386047363281,21903.2421875,0.8809204697608948
4104,47.327877044677734,21967.431640625,0.8807204365730286
4105,47.24603271484375,21905.267578125,0.8813363313674927
4106,47.341590881347656,21982.658203125,0.8808317184448242
4107,47.247772216796875,21902.59375,0.8811442852020264
4108,47.311946868896484,21952.212890625,0.8807011246681213
4109,47.27075958251953,21912.67578125,0.8806414604187012
4110,47.29118347167969,21931.11328125,0.8806190490722656
4111,47.28364181518555,21922.912109375,0.8805651068687439
4112,47.280113220214844,21921.00390625,0.8806260824203491
4113,47.273681640625,21914.658203125,0.8806089162826538
4114,47.292354583740234,21930.849609375,0.8805586695671082
4115,47.26540756225586,21909.26953125,0.8807110786437988
4116,47.309696197509766,21947.625,0.880589485168457
4117,47.24813461303711,21901.265625,0.8810696601867676
4118,47.33505630493164,21973.75,0.8807049989700317
4119,47.24486541748047,21903.8828125,0.8813229203224182
4120,47.33504867553711,21973.609375,0.8806989192962646
4121,47.24620056152344,21899.896484375,0.8810887336730957
4122,47.31080627441406,21948.5625,0.8805853128433228
4123,47.26519775390625,21908.88671875,0.880702555179596
4124,47.29326629638672,21930.962890625,0.8805258870124817
4125,47.27845001220703,21917.396484375,0.8805335760116577
4126,47.27248764038086,21913.029296875,0.8805856704711914
4127,47.29621505737305,21933.107421875,0.880499541759491
4128,47.261959075927734,21906.337890625,0.8807228803634644
4129,47.3162727355957,21953.873046875,0.880595862865448
4130,47.24116516113281,21899.34765625,0.8812732696533203
4131,47.33823013305664,21979.36328125,0.8808239102363586
4132,47.24205780029297,21901.634765625,0.8813385963439941
4133,47.3300895690918,21968.3515625,0.8806699514389038
4134,47.25828552246094,21904.12109375,0.8807761669158936
4135,47.296043395996094,21934.62890625,0.8805745840072632
4136,47.272552490234375,21912.515625,0.8805598020553589
4137,47.281314849853516,21920.435546875,0.880550742149353
4138,47.28371810913086,21921.509765625,0.8804991245269775
4139,47.273216247558594,21913.052734375,0.8805563449859619
4140,47.27934646606445,21917.767578125,0.880513072013855
4141,47.27446365356445,21913.62890625,0.8805304169654846
4142,47.291656494140625,21928.419921875,0.8804790377616882
4143,47.263031005859375,21905.52734375,0.8806422352790833
4144,47.30767059326172,21945.962890625,0.8805991411209106
4145,47.245155334472656,21900.1171875,0.8811419606208801
4146,47.35062026977539,21990.017578125,0.8807858824729919
4147,47.2341423034668,21899.078125,0.8815529942512512
4148,47.323997497558594,21963.578125,0.8807092308998108
4149,47.258026123046875,21903.16796875,0.8807442784309387
4150,47.29258346557617,21929.7109375,0.8804983496665955
4151,47.28404235839844,21921.525390625,0.8804864883422852
4152,47.26026153564453,21903.380859375,0.8806609511375427
4153,47.309783935546875,21945.869140625,0.8805074095726013
4154,47.247596740722656,21898.5234375,0.8809691071510315
4155,47.33374786376953,21972.953125,0.8807236552238464
4156,47.23577880859375,21896.67578125,0.8813773989677429
4157,47.324615478515625,21964.259765625,0.8807140588760376
4158,47.255672454833984,21900.6484375,0.8807291388511658
4159,47.292869567871094,21930.74609375,0.8805327415466309
4160,47.277099609375,21914.796875,0.8804733157157898
4161,47.27497482299805,21914.841796875,0.8805633783340454
4162,47.276771545410156,21914.703125,0.8804828524589539
4163,47.27857208251953,21916.4609375,0.8804866671562195
4164,47.27226638793945,21910.595703125,0.8804858326911926
4165,47.28425216674805,21920.927734375,0.880450963973999
4166,47.258270263671875,21900.21484375,0.8806019425392151
4167,47.30595016479492,21941.12890625,0.8804545402526855
4168,47.24848175048828,21898.6796875,0.8809394836425781
4169,47.338653564453125,21976.6484375,0.8806852698326111
4170,47.23166275024414,21896.5078125,0.8815407752990723
4171,47.327632904052734,21966.2421875,0.8806775808334351
4172,47.2508659362793,21898.41015625,0.8808284401893616
4173,47.299278259277344,21934.890625,0.8804522752761841
4174,47.27287292480469,21911.1015625,0.8804832696914673
4175,47.26829147338867,21908.86328125,0.8805733323097229
4176,47.29142761230469,21926.7578125,0.8804143071174622
4177,47.26239013671875,21903.7421875,0.880588948726654
4178,47.301631927490234,21937.4453125,0.8804688453674316
4179,47.24419021606445,21895.431640625,0.8809720873832703
4180,47.31963348388672,21958.314453125,0.88065505027771
4181,47.24276351928711,21895.15625,0.8810190558433533
4182,47.32630920410156,21963.8515625,0.8806256055831909
4183,47.246524810791016,21895.173828125,0.880863606929779
4184,47.3116340637207,21949.455078125,0.8805907964706421
4185,47.24728775024414,21894.083984375,0.8807831406593323
4186,47.304542541503906,21940.734375,0.8804951906204224
4187,47.259544372558594,21901.53125,0.8806079030036926
4188,47.293128967285156,21929.232421875,0.8804543018341064
4189,47.252262115478516,21895.0390625,0.8806195259094238
4190,47.29941940307617,21934.189453125,0.8804150223731995
4191,47.2546501159668,21898.8046875,0.8806890249252319
4192,47.31254959106445,21947.544921875,0.8804676532745361
4193,47.237632751464844,21890.443359375,0.8810209035873413
4194,47.32340621948242,21960.2421875,0.8805847764015198
4195,47.24284744262695,21897.048828125,0.8811003565788269
4196,47.32371139526367,21958.47265625,0.8804931640625
4197,47.24312973022461,21891.1875,0.8808260560035706
4198,47.29115676879883,21926.884765625,0.8804311156272888
4199,47.274261474609375,21912.166015625,0.8804733753204346
4200,47.26810073852539,21906.02734375,0.8804543018341064
4201,47.293155670166016,21929.3828125,0.8804599046707153
4202,47.241310119628906,21891.0234375,0.8808943629264832
4203,47.336368560791016,21973.2578125,0.8806286454200745
4204,47.231468200683594,21892.63671875,0.8813753724098206
4205,47.328739166259766,21967.03515625,0.880666971206665
4206,47.24730682373047,21895.720703125,0.8808557987213135
4207,47.30146789550781,21936.43359375,0.8804305195808411
4208,47.27053451538086,21908.255859375,0.8804529309272766
4209,47.25730895996094,21898.2109375,0.8805521130561829
4210,47.3149299621582,21949.12890625,0.8804396390914917
4211,47.238040924072266,21889.7578125,0.8809733986854553
4212,47.318870544433594,21957.783203125,0.8806627988815308
4213,47.23594665527344,21891.224609375,0.8811261057853699
4214,47.32901382446289,21964.048828125,0.8805224299430847
4215,47.24415969848633,21889.5546875,0.880710244178772
4216,47.287418365478516,21924.1796875,0.8804650902748108
4217,47.262325286865234,21900.478515625,0.8804454803466797
4218,47.28510284423828,21919.994140625,0.8803738951683044
4219,47.270912170410156,21906.95703125,0.8803792595863342
4220,47.266082763671875,21903.6015625,0.8804294466972351
4221,47.275901794433594,21911.64453125,0.8803819417953491
4222,47.26923370361328,21905.62109375,0.8803890347480774
4223,47.270633697509766,21906.68359375,0.8803785443305969
4224,47.27010726928711,21905.783203125,0.8803600072860718
4225,47.27599334716797,21911.17578125,0.8803572058677673
4226,47.26662063598633,21902.94140625,0.8803776502609253
4227,47.286190032958984,21920.455078125,0.8803495168685913
4228,47.24713897705078,21891.341796875,0.8806664347648621
4229,47.32313537597656,21959.537109375,0.8805644512176514
4230,47.22747039794922,21889.6015625,0.8814055323600769
4231,47.33685302734375,21974.642578125,0.8806703686714172
4232,47.23866271972656,21889.67578125,0.880943775177002
4233,47.303497314453125,21937.7421875,0.8804047703742981
4234,47.259254455566406,21897.525390625,0.8804405927658081
4235,47.267173767089844,21903.990234375,0.880401611328125
4236,47.291011810302734,21924.533203125,0.8803319334983826
4237,47.24852752685547,21890.28125,0.8805612921714783
4238,47.301937103271484,21937.486328125,0.8804581165313721
4239,47.23500442504883,21888.54296875,0.8810449838638306
4240,47.342750549316406,21979.46484375,0.8806412816047668
4241,47.2291145324707,21886.541015625,0.8812000155448914
4242,47.306732177734375,21944.16796875,0.8805579543113708
4243,47.25410079956055,21895.86328125,0.8805801272392273
4244,47.28975296020508,21924.0703125,0.8803634643554688
4245,47.268157958984375,21904.533203125,0.8803848624229431
4246,47.256813049316406,21896.40625,0.8804916739463806
4247,47.29448318481445,21928.208984375,0.8803523182868958
4248,47.250553131103516,21891.392578125,0.8805270195007324
4249,47.29706954956055,21932.666015625,0.8804442882537842
4250,47.239261627197266,21887.56640625,0.8808245062828064
4251,47.31456756591797,21950.7578125,0.8805275559425354
4252,47.23872756958008,21885.890625,0.8807715177536011
4253,47.31504440307617,21950.3046875,0.8804875612258911
4254,47.240943908691406,21888.501953125,0.880796492099762
4255,47.31516647338867,21949.7734375,0.8804587125778198
4256,47.23857116699219,21885.482421875,0.8807597160339355
4257,47.296817779541016,21931.68359375,0.88041090965271
4258,47.25419616699219,21894.544921875,0.8805171251296997
4259,47.289573669433594,21922.62109375,0.8803061246871948
4260,47.252220153808594,21891.52734375,0.8804639577865601
4261,47.2732048034668,21907.54296875,0.8803103566169739
4262,47.2746467590332,21909.4140625,0.880334198474884
4263,47.261512756347656,21897.076171875,0.8803268074989319
4264,47.28119659423828,21915.974609375,0.8803560733795166
4265,47.240089416503906,21884.357421875,0.8806461691856384
4266,47.334346771240234,21968.841796875,0.8805153965950012
4267,47.22337341308594,21885.876953125,0.8814088702201843
4268,47.32089614868164,21959.2890625,0.8806461095809937
4269,47.240787506103516,21886.556640625,0.8807159066200256
4270,47.296024322509766,21928.541015625,0.8803032040596008
4271,47.26209259033203,21898.087890625,0.8803481459617615
4272,47.25627136230469,21894.236328125,0.8804172277450562
4273,47.29328918457031,21925.634765625,0.8802868723869324
4274,47.24455642700195,21886.544921875,0.8805588483810425
4275,47.3072509765625,21942.0234375,0.8804404139518738
4276,47.228546142578125,21882.0703125,0.8810232281684875
4277,47.320430755615234,21955.638671875,0.8805025219917297
4278,47.23698806762695,21883.80859375,0.8807504773139954
4279,47.301116943359375,21934.5390625,0.8803603053092957
4280,47.24600601196289,21886.541015625,0.880498468875885
4281,47.293739318847656,21926.79296875,0.8803199529647827
4282,47.2462158203125,21885.9453125,0.8804630637168884
4283,47.289939880371094,21922.91796875,0.880304217338562
4284,47.24709701538086,21888.056640625,0.8805209994316101
4285,47.2963752746582,21929.251953125,0.8803204894065857
4286,47.233463287353516,21879.142578125,0.8806877136230469
4287,47.31106185913086,21943.626953125,0.8803542256355286
4288,47.23314666748047,21883.15625,0.8808806538581848
4289,47.31741714477539,21950.30859375,0.8803893327713013
4290,47.23167037963867,21880.14453125,0.8808071613311768
4291,47.30046463012695,21932.94921875,0.8803163170814514
4292,47.246734619140625,21887.6953125,0.8805199861526489
4293,47.29096221923828,21922.064453125,0.8802235126495361
4294,47.24861526489258,21886.69140625,0.8803969025611877
4295,47.26859664916992,21901.4609375,0.8802292943000793
4296,47.27345657348633,21906.3046875,0.8802444934844971
4297,47.25318908691406,21888.9609375,0.8803088665008545
4298,47.2829475402832,21916.134765625,0.8802905678749084
4299,47.23464584350586,21880.060546875,0.880679726600647
4300,47.332706451416016,21966.751953125,0.8804900050163269
4301,47.22196960449219,21883.83984375,0.881375789642334
4302,47.31261444091797,21947.9453125,0.8804826736450195
4303,47.24488830566406,21886.369140625,0.8805370926856995
4304,47.28456497192383,21916.796875,0.880253255367279
4305,47.267066955566406,21901.392578125,0.880289614200592
4306,47.24558639526367,21884.537109375,0.8804262280464172
4307,47.310123443603516,21941.3515625,0.8802914023399353
4308,47.22935485839844,21879.521484375,0.880875289440155
4309,47.32017135620117,21955.537109375,0.8805087208747864
4310,47.224342346191406,21879.154296875,0.8810670971870422
4311,47.31073760986328,21942.583984375,0.8803210258483887
4312,47.24269104003906,21881.884765625,0.8804274797439575
4313,47.27324676513672,21905.3203125,0.88020920753479
4314,47.26498794555664,21897.462890625,0.8802000880241394
4315,47.25932693481445,21893.578125,0.8802608251571655
4316,47.27848434448242,21909.939453125,0.88019859790802
4317,47.23553466796875,21877.015625,0.8805063366889954
4318,47.30849838256836,21940.115234375,0.8803035616874695
4319,47.22667694091797,21878.74609375,0.8809516429901123
4320,47.3111457824707,21943.697265625,0.8803538680076599
4321,47.23199462890625,21876.982421875,0.8806518316268921
4322,47.293357849121094,21923.8203125,0.8802027106285095
4323,47.24896240234375,21885.19921875,0.8803156018257141
4324,47.27439880371094,21905.87890625,0.8801863789558411
4325,47.256500244140625,21890.54296875,0.8802422285079956
4326,47.268043518066406,21899.994140625,0.8801866173744202
4327,47.254981994628906,21888.787109375,0.8802266120910645
4328,47.26915740966797,21900.9921875,0.8801850080490112
4329,47.248451232910156,21883.97265625,0.880281925201416
4330,47.28782272338867,21917.93359375,0.8801689743995667
4331,47.23314666748047,21876.27734375,0.880572497844696
4332,47.31616973876953,21949.328125,0.8803972005844116
4333,47.22065353393555,21880.78125,0.8812932968139648
4334,47.324283599853516,21956.4609375,0.8803796172142029
4335,47.231483459472656,21877.677734375,0.8807042837142944
4336,47.28615188598633,21916.388671875,0.8801692128181458
4337,47.259037017822266,21892.0390625,0.8802040815353394
4338,47.24861145019531,21884.267578125,0.8802884817123413
4339,47.29486846923828,21925.25390625,0.8802042007446289
4340,47.22316360473633,21874.408203125,0.8809031844139099
4341,47.32686233520508,21960.240234375,0.8804414868354797
4342,47.221824645996094,21877.68359375,0.8811057806015015
4343,47.3042106628418,21934.74609375,0.8802412152290344
4344,47.24342346191406,21880.59765625,0.8803394436836243
4345,47.26778793334961,21898.7734375,0.8801425099372864
4346,47.2701301574707,21900.884765625,0.8801398873329163
4347,47.24114990234375,21878.78515625,0.8803524971008301
4348,47.299232482910156,21929.71875,0.8802230954170227
4349,47.221073150634766,21872.90234375,0.8809225559234619
4350,47.3190803527832,21951.248046875,0.8803623914718628
4351,47.2227783203125,21873.349609375,0.8808716535568237
4352,47.29612350463867,21926.583984375,0.8802116513252258
4353,47.24687194824219,21882.0625,0.8802619576454163
4354,47.265586853027344,21895.9921875,0.8801093697547913
4355,47.272945404052734,21902.98828125,0.8801171779632568
4356,47.23739242553711,21877.072265625,0.8804317116737366
4357,47.30449676513672,21935.15234375,0.8802477121353149
4358,47.219303131103516,21873.171875,0.8810082077980042
4359,47.31977844238281,21951.8359375,0.8803597092628479
4360,47.223323822021484,21871.03125,0.8807451128959656
4361,47.28972244262695,21919.490234375,0.8801597952842712
4362,47.24969482421875,21883.1015625,0.8801913857460022
4363,47.25902557373047,21890.48046875,0.880134642124176
4364,47.27670669555664,21906.013671875,0.8800966143608093
4365,47.233238220214844,21873.18359375,0.8804299235343933
4366,47.302268981933594,21932.53515625,0.8802230358123779
4367,47.221458435058594,21873.12109375,0.8809163570404053
4368,47.31657791137695,21948.04296875,0.8803228735923767
4369,47.223670959472656,21869.38671875,0.8806569576263428
4370,47.28624725341797,21916.95703125,0.8801905512809753
4371,47.24435043334961,21879.203125,0.8802383542060852
4372,47.27546310424805,21905.28125,0.8801156282424927
4373,47.24887466430664,21881.884765625,0.8801707625389099
4374,47.263423919677734,21895.056640625,0.8801571130752563
4375,47.24761962890625,21881.158203125,0.880190372467041
4376,47.27983474731445,21909.548828125,0.8801251649856567
4377,47.23393630981445,21872.0625,0.880350649356842
4378,47.29671096801758,21927.71875,0.8802380561828613
4379,47.22004699707031,21868.818359375,0.8807821273803711
4380,47.314788818359375,21945.634765625,0.8802894353866577
4381,47.22523498535156,21872.6171875,0.8807368874549866
4382,47.30080795288086,21930.638671875,0.8801987767219543
4383,47.22908020019531,21869.87109375,0.8804541230201721
4384,47.28551483154297,21914.41796875,0.8801074624061584
4385,47.23844528198242,21873.869140625,0.8802445530891418
4386,47.270320892333984,21899.58984375,0.8800739645957947
4387,47.248146057128906,21880.419921875,0.8801355957984924
4388,47.26140213012695,21891.232421875,0.8800697326660156
4389,47.25564193725586,21886.13671875,0.8800805807113647
4390,47.25864791870117,21888.634765625,0.8800678253173828
4391,47.25023651123047,21881.83203125,0.8801121115684509
4392,47.267581939697266,21896.65234375,0.8800560832023621
4393,47.23748016357422,21873.15625,0.8802525401115417
4394,47.29308319091797,21922.07421875,0.8801360726356506
4395,47.218196868896484,21868.556640625,0.8808470368385315
4396,47.322998046875,21954.943359375,0.8803650736808777
4397,47.21628952026367,21869.87890625,0.8809857368469238
4398,47.30242156982422,21931.01953125,0.8801488876342773
4399,47.23577880859375,21872.244140625,0.8802824020385742
4400,47.26625442504883,21894.908203125,0.8800330758094788
4401,47.26168441772461,21890.80078125,0.8800387978553772
4402,47.237884521484375,21872.673828125,0.8802142143249512
4403,47.29126739501953,21919.798828125,0.8801095485687256
4404,47.219627380371094,21868.14453125,0.8807692527770996
4405,47.3206901550293,21952.201171875,0.880338191986084
4406,47.21278381347656,21868.107421875,0.8810519576072693
4407,47.303497314453125,21932.45703125,0.8801685571670532
4408,47.234798431396484,21870.728515625,0.8802550435066223
4409,47.26408386230469,21892.47265625,0.8800140619277954
4410,47.2627067565918,21891.197265625,0.8800141215324402
4411,47.23415756225586,21869.62109375,0.880232036113739
4412,47.292999267578125,21921.27734375,0.8801038861274719
4413,47.21685028076172,21866.5078125,0.8808111548423767
4414,47.320892333984375,21951.634765625,0.8803045153617859
4415,47.214595794677734,21866.76171875,0.8809162378311157
4416,47.290557861328125,21918.78515625,0.8800938129425049
4417,47.24625015258789,21877.6171875,0.8800885081291199
4418,47.24650573730469,21877.759765625,0.8800842761993408
4419,47.28654098510742,21913.955078125,0.8800442814826965
4420,47.21757507324219,21864.78125,0.8807036280632019
4421,47.31473159790039,21945.45703125,0.8802838921546936
4422,47.212955474853516,21866.693359375,0.8809812664985657
4423,47.30244827270508,21930.560546875,0.8801273107528687
4424,47.2333869934082,21868.693359375,0.8802224397659302
4425,47.25679016113281,21885.986328125,0.8800261616706848
4426,47.26808166503906,21895.48828125,0.8799833655357361
4427,47.231895446777344,21868.423828125,0.8802723288536072
4428,47.296363830566406,21924.572265625,0.880111813545227
4429,47.214630126953125,21863.23828125,0.8807567358016968
4430,47.30607604980469,21935.791015625,0.8802106380462646
4431,47.22164535522461,21865.0390625,0.8805460929870605
4432,47.288753509521484,21916.94921875,0.8800863027572632
4433,47.235679626464844,21869.623046875,0.8801690340042114
4434,47.263710021972656,21892.4453125,0.8800283670425415
4435,47.245426177978516,21875.869140625,0.8800445199012756
4436,47.2602424621582,21888.810546875,0.8800094723701477
4437,47.248287200927734,21878.37109375,0.8800379037857056
4438,47.254844665527344,21884.40234375,0.8800358772277832
4439,47.2384147644043,21871.1015625,0.8801217675209045
4440,47.27988052368164,21907.107421875,0.8800141215324402
4441,47.22765350341797,21865.689453125,0.8803257346153259
4442,47.297447204589844,21926.150390625,0.8801374435424805
4443,47.21284866333008,21861.294921875,0.8807436227798462
4444,47.306610107421875,21935.64453125,0.8801819086074829
4445,47.22118377685547,21865.4140625,0.8805822134017944
4446,47.290611267089844,21918.720703125,0.8800885677337646
4447,47.22659683227539,21863.490234375,0.8802711367607117
4448,47.27556610107422,21902.6640625,0.87999427318573
4449,47.238956451416016,21871.134765625,0.8801007270812988
4450,47.26223373413086,21889.837890625,0.8799728751182556
4451,47.2446174621582,21874.3828125,0.8800113797187805
4452,47.255645751953125,21883.619140625,0.8799676299095154
4453,47.246559143066406,21876.1953125,0.8800121545791626
4454,47.25872039794922,21886.60546875,0.8799739480018616
4455,47.234474182128906,21867.666015625,0.8801312446594238
4456,47.28118133544922,21907.98046875,0.8799992799758911
4457,47.216514587402344,21859.83203125,0.880525529384613
4458,47.31187057495117,21941.359375,0.8802194595336914
4459,47.209320068359375,21863.96484375,0.8810099363327026
4460,47.30337905883789,21931.494140625,0.8801305294036865
4461,47.23093032836914,21867.70703125,0.8802803158760071
4462,47.25971221923828,21888.296875,0.8800085186958313
4463,47.259639739990234,21886.576171875,0.8799344897270203
4464,47.234832763671875,21867.931640625,0.8801283836364746
4465,47.28455352783203,21911.572265625,0.8800200819969177
4466,47.21510314941406,21861.8203125,0.8806735277175903
4467,47.305335998535156,21934.28125,0.880173921585083
4468,47.21405029296875,21861.0390625,0.8806822299957275
4469,47.29064178466797,21917.458984375,0.8800309896469116
4470,47.230926513671875,21864.412109375,0.880132794380188
4471,47.25996017456055,21887.228515625,0.8799503445625305
4472,47.25105285644531,21878.982421875,0.8799505233764648
4473,47.243568420410156,21872.892578125,0.8799880743026733
4474,47.26325607299805,21889.5703125,0.8799184560775757
4475,47.225914001464844,21861.078125,0.8801912069320679
4476,47.288230895996094,21915.0546875,0.8800234198570251
4477,47.213462829589844,21859.421875,0.8806340098381042
4478,47.308204650878906,21936.232421875,0.8801422715187073
4479,47.21238327026367,21857.751953125,0.8806038498878479
4480,47.287925720214844,21915.1875,0.8800418376922607
4481,47.22508239746094,21860.109375,0.8801822662353516
4482,47.27079772949219,21897.12109375,0.8799437880516052
4483,47.23626708984375,21866.87109375,0.8800212740898132
4484,47.255615234375,21883.439453125,0.8799608945846558
4485,47.2400016784668,21869.037109375,0.8799634575843811
4486,47.25878143310547,21885.71484375,0.8799313902854919
4487,47.23426818847656,21864.8125,0.8800119161605835
4488,47.27156066894531,21898.25390625,0.8799628615379333
4489,47.21832275390625,21856.94921875,0.8803213238716125
4490,47.30805587768555,21936.025390625,0.8801392316818237
4491,47.20783615112305,21858.845703125,0.8808419108390808
4492,47.30128479003906,21929.7421875,0.8801390528678894
4493,47.21763229370117,21856.5625,0.8803326487541199
4494,47.276771545410156,21902.119140625,0.8799197673797607
4495,47.23646926879883,21866.384765625,0.8799911141395569
4496,47.249595642089844,21876.875,0.8799164295196533
4497,47.246070861816406,21873.283203125,0.8799018859863281
4498,47.24396514892578,21871.6875,0.8799177408218384
4499,47.261497497558594,21886.572265625,0.8798571825027466
4500,47.226463317871094,21858.890625,0.8800703287124634
4501,47.27670669555664,21903.2578125,0.8799734115600586
4502,47.211692810058594,21856.892578125,0.88059401512146
4503,47.321800231933594,21950.705078125,0.8802253603935242
4504,47.20446014404297,21856.828125,0.8808916211128235
4505,47.28807830810547,21916.28515625,0.8800846934318542
4506,47.231109619140625,21863.4375,0.8800814747810364
4507,47.25940704345703,21885.607421875,0.8799006938934326
4508,47.25114059448242,21877.716796875,0.8798902034759521
4509,47.22866439819336,21861.111328125,0.8800785541534424
4510,47.273006439208984,21897.98046875,0.8798905611038208
4511,47.225433349609375,21859.828125,0.8801550269126892
4512,47.27741241455078,21903.701171875,0.8799639940261841
4513,47.21614074707031,21856.25,0.8803806304931641
4514,47.288631439208984,21917.49609375,0.880115807056427
4515,47.213836669921875,21854.525390625,0.8803988695144653
4516,47.29841995239258,21925.94921875,0.880088210105896
4517,47.21940231323242,21858.75390625,0.8803573250770569
4518,47.283390045166016,21911.146484375,0.8800492286682129
4519,47.219390869140625,21854.32421875,0.8801591992378235
4520,47.26809310913086,21894.8671875,0.8799550533294678
4521,47.23915100097656,21868.71484375,0.8799842596054077
4522,47.25166702270508,21878.21875,0.8798906803131104
4523,47.2347526550293,21864.01953125,0.8799563050270081
4524,47.2499885559082,21876.3515625,0.8798769116401672
4525,47.24800109863281,21875.10546875,0.8799035549163818
4526,47.246517181396484,21872.6796875,0.8798562288284302
4527,47.2347412109375,21863.708984375,0.8799428343772888
4528,47.25392532348633,21878.9921875,0.879831850528717
4529,47.239688873291016,21867.875,0.8799243569374084
4530,47.258819580078125,21883.68359375,0.8798388838768005
4531,47.2193717956543,21853.2109375,0.8801100850105286
4532,47.28782272338867,21913.26171875,0.8799600601196289
4533,47.20811080932617,21853.408203125,0.8805866241455078
4534,47.309898376464844,21937.443359375,0.8801262378692627
4535,47.20600128173828,21852.328125,0.8806257843971252
4536,47.28187561035156,21908.37109375,0.8799877166748047
4537,47.22594451904297,21856.876953125,0.8800016641616821
4538,47.25680160522461,21882.572265625,0.8798728585243225
4539,47.243568420410156,21869.51171875,0.8798367381095886
4540,47.24113845825195,21868.62890625,0.8798978328704834
4541,47.24067687988281,21866.798828125,0.8798350691795349
4542,47.24615478515625,21872.0625,0.8798437118530273
4543,47.241539001464844,21867.666015625,0.8798380494117737
4544,47.25077819824219,21876.01953125,0.8798291683197021
4545,47.21956253051758,21851.708984375,0.8800346851348877
4546,47.29105758666992,21915.8515625,0.8799418807029724
4547,47.20439529418945,21854.80078125,0.8808034062385559
4548,47.310630798339844,21938.3125,0.8801347613334656
4549,47.203819274902344,21849.4140625,0.8805856704711914
4550,47.278953552246094,21902.912109375,0.8798648715019226
4551,47.22990036010742,21859.9453125,0.879974901676178
4552,47.25184631347656,21876.482421875,0.8798056244850159
4553,47.24972915649414,21874.388671875,0.8797996044158936
4554,47.22013473510742,21851.724609375,0.880011796951294
4555,47.28732681274414,21911.91015625,0.8799201250076294
4556,47.20167922973633,21851.810546875,0.8807821273803711
4557,47.30555725097656,21933.396484375,0.880125105381012
4558,47.207183837890625,21853.068359375,0.8806098103523254
4559,47.28076171875,21904.318359375,0.8798527121543884
4560,47.229698181152344,21858.970703125,0.8799396753311157
4561,47.244056701660156,21870.787109375,0.8798736333847046
4562,47.2607536315918,21884.396484375,0.8797906637191772
4563,47.21521759033203,21849.40234375,0.880111575126648
4564,47.284706115722656,21909.556640625,0.8799235224723816
4565,47.20413589477539,21849.869140625,0.8805928826332092
4566,47.29085159301758,21915.69140625,0.8799431920051575
4567,47.21723175048828,21854.56640625,0.8802598118782043
4568,47.264461517333984,21888.669921875,0.879828155040741
4569,47.2335090637207,21860.236328125,0.8798384070396423
4570,47.24647521972656,21872.8125,0.8798640966415405
4571,47.2442512512207,21870.5078125,0.8798529505729675
4572,47.23530578613281,21862.662109375,0.8798725605010986
4573,47.249359130859375,21873.197265625,0.8797615766525269
4574,47.233280181884766,21861.103515625,0.8798868060112
4575,47.24188995361328,21867.09375,0.8797979950904846
4576,47.24203872680664,21866.798828125,0.8797786235809326
4577,47.23844909667969,21863.388671875,0.8797746896743774
4578,47.2502555847168,21874.47265625,0.8797816038131714
4579,47.22857666015625,21856.38671875,0.8798702955245972
4580,47.26059341430664,21883.556640625,0.879759669303894
4581,47.21318817138672,21847.26953125,0.8801002502441406
4582,47.29026412963867,21916.552734375,0.8800060153007507
4583,47.19790267944336,21850.59765625,0.8808846473693848
4584,47.30755615234375,21933.125,0.8800302743911743
4585,47.20578384399414,21847.2265625,0.880405843257904
4586,47.26820755004883,21890.75,0.879766047000885
4587,47.237430572509766,21862.95703125,0.879797637462616
4588,47.23355484008789,21860.52734375,0.8798495531082153
4589,47.25949478149414,21883.015625,0.8797811269760132
4590,47.20793914794922,21844.248046875,0.880182683467865
4591,47.29973602294922,21924.9296875,0.8799879550933838
4592,47.20035171508789,21853.07421875,0.8808940649032593
4593,47.293113708496094,21918.416015625,0.8799713253974915
4594,47.21337890625,21849.04296875,0.8801718354225159
4595,47.25706100463867,21880.005859375,0.8797470331192017
4596,47.24650192260742,21870.306640625,0.8797506093978882
4597,47.21485900878906,21848.4765625,0.8800850510597229
4598,47.29323196411133,21916.861328125,0.879896879196167
4599,47.19681930541992,21845.49609375,0.8807006478309631
4600,47.29390335083008,21920.158203125,0.8800165057182312
4601,47.211116790771484,21848.83984375,0.8802567720413208
4602,47.2608642578125,21883.47265625,0.8797445893287659
4603,47.23952102661133,21864.7265625,0.879790186882019
4604,47.22181701660156,21853.521484375,0.880022406578064
4605,47.27830123901367,21900.431640625,0.8797807693481445
4606,47.20405960083008,21845.6796875,0.8804081678390503
4607,47.2923583984375,21917.865234375,0.8799780011177063
4608,47.205963134765625,21846.072265625,0.8803465366363525
4609,47.271297454833984,21894.658203125,0.8798128366470337
4610,47.22519302368164,21854.662109375,0.8799335956573486
4611,47.23920822143555,21864.953125,0.8798131942749023
4612,47.25197982788086,21874.494140625,0.8797110319137573
4613,47.22429656982422,21853.80078125,0.8799319863319397
4614,47.26178741455078,21885.318359375,0.8797891139984131
4615,47.21227264404297,21845.650390625,0.8800657391548157
4616,47.278202056884766,21900.8125,0.8798019289970398
4617,47.20457077026367,21841.92578125,0.8802183270454407
4618,47.2640380859375,21888.78125,0.8798506855964661
4619,47.21698760986328,21848.712890625,0.8800072073936462
4620,47.27016830444336,21893.681640625,0.879815936088562
4621,47.21521759033203,21845.1484375,0.8799209594726562
4622,47.262935638427734,21887.638671875,0.8798453211784363
4623,47.21543502807617,21846.810546875,0.8799864053726196
4624,47.26807403564453,21891.11328125,0.879787802696228
4625,47.21179962158203,21842.8046875,0.8799577355384827
4626,47.26396942138672,21888.638671875,0.8798472285270691
4627,47.209712982177734,21842.849609375,0.8800461888313293
4628,47.28052520751953,21903.25390625,0.8798149228096008
4629,47.201820373535156,21840.78515625,0.880281388759613
4630,47.27872085571289,21902.00390625,0.8798337578773499
4631,47.208648681640625,21844.83203125,0.8801794052124023
4632,47.278770446777344,21900.6171875,0.8797697424888611
4633,47.208221435546875,21840.69921875,0.8800116777420044
4634,47.260860443115234,21882.70703125,0.8797106146812439
4635,47.215736389160156,21845.716796875,0.8799247741699219
4636,47.25673294067383,21877.73046875,0.8796587586402893
4637,47.21723175048828,21844.27734375,0.8797982931137085
4638,47.248355865478516,21870.02734375,0.8796612024307251
4639,47.22216796875,21848.873046875,0.8797994256019592
4640,47.252803802490234,21873.8671875,0.8796488046646118
4641,47.211708068847656,21841.365234375,0.879896879196167
4642,47.270381927490234,21892.21484375,0.8797414898872375
4643,47.19917678833008,21840.0859375,0.8803598880767822
4644,47.29237747192383,21915.4921875,0.8798711895942688
4645,47.19877243041992,21841.810546875,0.8804539442062378
4646,47.280723571777344,21901.91796875,0.8797469735145569
4647,47.21167755126953,21843.2109375,0.8799809217453003
4648,47.252933502197266,21873.974609375,0.8796482086181641
4649,47.23164749145508,21854.79296875,0.879671573638916
4650,47.22602462768555,21850.14453125,0.8796965479850769
4651,47.25005340576172,21871.3125,0.8796483278274536
4652,47.208805084228516,21839.580078125,0.8799372911453247
4653,47.27298355102539,21894.712890625,0.8797454833984375
4654,47.199989318847656,21841.35546875,0.8803829550743103
4655,47.290306091308594,21913.861328125,0.8798840045928955
4656,47.19524383544922,21838.52734375,0.88045334815979
4657,47.2863655090332,21907.572265625,0.8797661066055298
4658,47.206642150878906,21838.857421875,0.8799946904182434
4659,47.2500114440918,21871.44140625,0.8796559572219849
4660,47.225067138671875,21849.462890625,0.8797056078910828
4661,47.23767852783203,21860.076171875,0.8796581625938416
4662,47.23658752441406,21857.919921875,0.8796068429946899
4663,47.22511291503906,21849.28515625,0.8796957731246948
4664,47.23858642578125,21860.3046875,0.8796307444572449
4665,47.224788665771484,21849.76953125,0.8797309994697571
4666,47.24669647216797,21867.0078125,0.8795948028564453
4667,47.21036148071289,21838.728515625,0.8798343539237976
4668,47.26089096069336,21882.384765625,0.8796948790550232
4669,47.20358657836914,21839.611328125,0.8801554441452026
4670,47.29695129394531,21919.46484375,0.8798590302467346
4671,47.1943359375,21837.92578125,0.8804640769958496
4672,47.27810287475586,21903.052734375,0.8799063563346863
4673,47.20513916015625,21837.28515625,0.8799864649772644
4674,47.26139831542969,21883.00390625,0.8797016143798828
4675,47.22201156616211,21846.31640625,0.8796913623809814
4676,47.23761749267578,21861.482421875,0.8797237277030945
4677,47.2245979309082,21848.353515625,0.8796753883361816
4678,47.24409484863281,21865.767578125,0.8796470761299133
4679,47.21809005737305,21843.12890625,0.8797110319137573
4680,47.25485610961914,21876.189453125,0.8796676397323608
4681,47.1987190246582,21832.85546875,0.8800542950630188
4682,47.283939361572266,21905.810546875,0.8797876834869385
4683,47.19612503051758,21839.326171875,0.8804523944854736
4684,47.29301071166992,21914.654296875,0.8798073530197144
4685,47.19540786743164,21832.49609375,0.8801756501197815
4686,47.25809860229492,21878.197265625,0.8796231150627136
4687,47.21961975097656,21844.580078125,0.8797126412391663
4688,47.23920822143555,21859.33203125,0.8795614242553711
4689,47.22955322265625,21851.40234375,0.8796063661575317
4690,47.216941833496094,21841.052734375,0.8796656131744385
4691,47.25455856323242,21873.70703125,0.8795689940452576
4692,47.202842712402344,21834.1484375,0.8799410462379456
4693,47.2778205871582,21899.88671875,0.8797764182090759
4694,47.18992233276367,21835.8671875,0.8805548548698425
4695,47.2974853515625,21919.869140625,0.8798549771308899
4696,47.19420623779297,21832.6953125,0.8802344799041748
4697,47.263973236083984,21884.181640625,0.8796475529670715
4698,47.21867370605469,21844.3984375,0.879743754863739
4699,47.240543365478516,21860.7890625,0.879571259021759
4700,47.2257194519043,21848.8515625,0.8796511292457581
4701,47.225990295410156,21848.033203125,0.8796031475067139
4702,47.24929428100586,21868.7109375,0.8795632719993591
4703,47.205360412597656,21832.763671875,0.8797744512557983
4704,47.25997543334961,21882.150390625,0.8797224164009094
4705,47.194366455078125,21835.025390625,0.880332350730896
4706,47.30569839477539,21928.03515625,0.8798797130584717
4707,47.18821716308594,21833.287109375,0.8805099129676819
4708,47.267555236816406,21891.541015625,0.8798283934593201
4709,47.21794128417969,21845.740234375,0.8798344135284424
4710,47.244441986083984,21865.001953125,0.8795984387397766
4711,47.237342834472656,21860.658203125,0.8796982765197754
4712,47.2000617980957,21831.173828125,0.8799231052398682
4713,47.28959274291992,21911.234375,0.8797959685325623
4714,47.191383361816406,21833.291015625,0.8803785443305969
4715,47.28512954711914,21908.986328125,0.8798804879188538
4716,47.19719314575195,21832.08984375,0.8800831437110901
4717,47.260711669921875,21881.162109375,0.8796476721763611
4718,47.2153205871582,21839.84765625,0.8796786665916443
4719,47.23143768310547,21854.302734375,0.8796582818031311
4720,47.240230560302734,21860.044921875,0.8795509338378906
4721,47.21438980102539,21839.017578125,0.8796802163124084
4722,47.24227523803711,21863.029296875,0.8795999884605408
4723,47.205162048339844,21834.85546875,0.879876434803009
4724,47.27259826660156,21891.83203125,0.8796324729919434
4725,47.19834899902344,21832.58203125,0.8800573945045471
4726,47.26199722290039,21884.2734375,0.8797335624694824
4727,47.199195861816406,21831.3046875,0.8799649477005005
4728,47.27173614501953,21890.7890625,0.8796215057373047
4729,47.2017707824707,21830.443359375,0.8798191547393799
4730,47.2437744140625,21865.046875,0.8796281218528748
4731,47.213016510009766,21838.826171875,0.8797286748886108
4732,47.25362014770508,21873.529296875,0.8795997500419617
4733,47.21122741699219,21836.05078125,0.8796782493591309
4734,47.24078369140625,21860.818359375,0.8795626759529114
4735,47.20948791503906,21835.34375,0.8797187209129333
4736,47.258636474609375,21876.640625,0.8795311450958252
4737,47.19759750366211,21827.861328125,0.8798766136169434
4738,47.26483917236328,21885.029296875,0.8796496391296387
4739,47.19240951538086,21829.62890625,0.8801714777946472
4740,47.285621643066406,21905.70703125,0.8797134757041931
4741,47.19124221801758,21829.0234375,0.8801926970481873
4742,47.26337432861328,21881.9296875,0.8795715570449829
4743,47.20601272583008,21832.41015625,0.8797313570976257
4744,47.24076461791992,21859.451171875,0.8795022368431091
4745,47.22151184082031,21842.140625,0.8795247077941895
4746,47.2218132019043,21842.0703125,0.8795090913772583
4747,47.23638153076172,21854.654296875,0.8794689774513245
4748,47.20752716064453,21832.46875,0.8796710968017578
4749,47.259056091308594,21877.158203125,0.8795369863510132
4750,47.189598083496094,21825.869140625,0.8801194429397583
4751,47.28776931762695,21909.451171875,0.8797919154167175
4752,47.18495559692383,21831.103515625,0.8805474042892456
4753,47.278499603271484,21897.48828125,0.8796409368515015
4754,47.20121383666992,21829.0078125,0.8797778487205505
4755,47.24106979370117,21859.109375,0.8794741630554199
4756,47.228023529052734,21847.365234375,0.8794888854026794
4757,47.215362548828125,21837.3359375,0.8795642852783203
4758,47.24687576293945,21864.5546875,0.8794773817062378
4759,47.19369888305664,21824.95703125,0.8799082636833191
4760,47.27408981323242,21892.95703125,0.8796209096908569
4761,47.186798095703125,21826.453125,0.8802619576454163
4762,47.28224563598633,21902.720703125,0.8797196745872498
4763,47.194149017333984,21828.49609375,0.8800482749938965
4764,47.25762939453125,21875.67578125,0.8795297145843506
4765,47.205387115478516,21830.53125,0.8796731233596802
4766,47.24002456665039,21858.771484375,0.8795024752616882
4767,47.213775634765625,21835.12109375,0.8795309066772461
4768,47.234649658203125,21853.45703125,0.8794870376586914
4769,47.210472106933594,21833.341796875,0.87958824634552
4770,47.24631118774414,21864.9609375,0.8795190453529358
4771,47.200416564941406,21827.80859375,0.8797572255134583
4772,47.26345443725586,21882.58203125,0.8795974850654602
4773,47.18775939941406,21823.2265625,0.880077064037323
4774,47.2776985168457,21897.955078125,0.879694938659668
4775,47.192138671875,21826.376953125,0.8800367712974548
4776,47.26594161987305,21885.380859375,0.8796197175979614
4777,47.19437026977539,21825.51953125,0.8799054622650146
4778,47.2546501159668,21872.623046875,0.8795164823532104
4779,47.20822525024414,21831.583984375,0.8796025514602661
4780,47.23497009277344,21853.51171875,0.8794762492179871
4781,47.21619415283203,21837.46484375,0.8795357346534729
4782,47.22391891479492,21843.791015625,0.8794989585876465
4783,47.22978210449219,21848.451171875,0.8794646859169006
4784,47.208282470703125,21830.26171875,0.8795408010482788
4785,47.242183685302734,21860.298828125,0.879481315612793
4786,47.19905090332031,21828.0703125,0.87982577085495
4787,47.27986145019531,21898.466796875,0.8796283602714539
4788,47.179988861083984,21821.072265625,0.8803032040596008
4789,47.26881790161133,21891.970703125,0.8797953724861145
4790,47.19595718383789,21825.93359375,0.8798582553863525
4791,47.256317138671875,21873.732421875,0.8794969916343689
4792,47.210506439208984,21831.5234375,0.8795052170753479
4793,47.219886779785156,21840.951171875,0.8795389533042908
4794,47.22520446777344,21843.869140625,0.8794490694999695
4795,47.220760345458984,21841.228515625,0.8795151114463806
4796,47.228599548339844,21846.427734375,0.8794229626655579
4797,47.21169662475586,21832.5,0.879499614238739
4798,47.23259353637695,21850.044921875,0.8794195055961609
4799,47.20557403564453,21828.76171875,0.8795859217643738
4800,47.253196716308594,21870.673828125,0.8794893622398376
4801,47.19065475463867,21823.53125,0.8799705505371094
4802,47.27706527709961,21897.552734375,0.8797032833099365
4803,47.18290710449219,21821.71875,0.8802109956741333
4804,47.276100158691406,21896.390625,0.8796913027763367
4805,47.19860076904297,21826.501953125,0.8797740340232849
4806,47.244384765625,21864.099609375,0.8795603513717651
4807,47.20538330078125,21827.416015625,0.8795333504676819
4808,47.23124694824219,21850.04296875,0.8794752359390259
4809,47.21920394897461,21837.84765625,0.879427969455719
4810,47.22517776489258,21843.6015625,0.8794383406639099
4811,47.20458221435547,21826.12890625,0.879508912563324
4812,47.23835372924805,21855.41015625,0.8794211149215698
4813,47.2018928527832,21826.68359375,0.8796454071998596
4814,47.2615966796875,21878.693359375,0.8795003294944763
4815,47.18161392211914,21818.669921875,0.8801277279853821
4816,47.27680587768555,21895.5390625,0.8796238899230957
4817,47.18799591064453,21824.599609375,0.8801289796829224
4818,47.26943588256836,21885.93359375,0.8794995546340942
4819,47.18846130371094,21817.5859375,0.8797945976257324
4820,47.238712310791016,21855.8359375,0.8794252872467041
4821,47.21338653564453,21833.1953125,0.8794606328010559
4822,47.22496032714844,21841.99609375,0.8793752193450928
4823,47.2260856628418,21843.267578125,0.8793855905532837
4824,47.19931411743164,21821.8203125,0.8795342445373535
4825,47.252197265625,21868.619140625,0.8794388771057129
4826,47.18510055541992,21817.6953125,0.8799391984939575
4827,47.28060531616211,21900.478515625,0.8796874284744263
4828,47.179100036621094,21823.19140625,0.8804354071617126
4829,47.27629089355469,21893.634765625,0.879560112953186
4830,47.193023681640625,21819.02734375,0.8796699643135071
4831,47.23023986816406,21846.77734375,0.8793706297874451
4832,47.22722244262695,21843.595703125,0.8793531656265259
4833,47.19900894165039,21821.53125,0.8795338869094849
4834,47.24834442138672,21865.67578125,0.8794667720794678
4835,47.183162689208984,21819.4921875,0.8801003098487854
4836,47.29582214355469,21914.36328125,0.879677951335907
4837,47.17667770385742,21820.904296875,0.8804333209991455
4838,47.25814437866211,21876.876953125,0.879562258720398
4839,47.20338439941406,21825.626953125,0.8795360922813416
4840,47.22801971435547,21844.701171875,0.8793695569038391
4841,47.23025894165039,21847.3828125,0.8793969750404358
4842,47.18746566772461,21815.65234375,0.8797491788864136
4843,47.27400588989258,21891.046875,0.879538893699646
4844,47.18001937866211,21819.048828125,0.8802109956741333
4845,47.27122497558594,21889.884765625,0.879602313041687
4846,47.189327239990234,21817.4609375,0.8797531723976135
4847,47.23719024658203,21854.509765625,0.8794289231300354
4848,47.211326599121094,21829.982421875,0.8794019818305969
4849,47.21628952026367,21835.8359375,0.8794587254524231
4850,47.232723236083984,21848.1328125,0.8793284893035889
4851,47.19709014892578,21819.8203125,0.8795366287231445
4852,47.23699188232422,21853.705078125,0.8794012069702148
4853,47.191497802734375,21819.88671875,0.879771888256073
4854,47.26668930053711,21882.509765625,0.8794601559638977
4855,47.18445587158203,21817.412109375,0.8799532055854797
4856,47.25102996826172,21869.625,0.8795322775840759
4857,47.19189453125,21818.55078125,0.8796954154968262
4858,47.257022857666016,21871.951171875,0.8793880939483643
4859,47.19289779663086,21816.294921875,0.8795524835586548
4860,47.23040008544922,21848.265625,0.8794306516647339
4861,47.20322799682617,21826.5078125,0.8795821070671082
4862,47.23984146118164,21856.2578125,0.879397451877594
4863,47.201072692871094,21821.662109375,0.8794541358947754
4864,47.22910690307617,21845.171875,0.8793455958366394
4865,47.2034912109375,21824.6953125,0.8794898390769958
4866,47.23979568481445,21854.0,0.8792980909347534
4867,47.19612503051758,21818.611328125,0.8795225024223328
4868,47.23912811279297,21854.83984375,0.879363477230072
4869,47.18876647949219,21815.271484375,0.8796781301498413
4870,47.262962341308594,21878.8046875,0.8794488310813904
4871,47.17919158935547,21816.8515625,0.8801466822624207
4872,47.262611389160156,21877.92578125,0.8794240355491638
4873,47.18971252441406,21817.044921875,0.8797183036804199
4874,47.23466110229492,21849.314453125,0.8793009519577026
4875,47.212215423583984,21828.65234375,0.8793054223060608
4876,47.209259033203125,21827.068359375,0.8793570399284363
4877,47.235015869140625,21849.447265625,0.8792923092842102
4878,47.186073303222656,21812.087890625,0.8796469569206238
4879,47.262359619140625,21878.314453125,0.8794518113136292
4880,47.175540924072266,21813.65625,0.8801549077033997
4881,47.26727294921875,21884.162109375,0.8795098662376404
4882,47.18818664550781,21818.19140625,0.8798332810401917
4883,47.242271423339844,21856.515625,0.8793082237243652
4884,47.20462417602539,21823.724609375,0.8793992400169373
4885,47.22284698486328,21839.84375,0.879366397857666
4886,47.2155647277832,21831.46875,0.879292905330658
4887,47.20468521118164,21822.357421875,0.8793352842330933
4888,47.22630310058594,21841.279296875,0.8792873620986938
4889,47.19633483886719,21817.998046875,0.8794862627983093
4890,47.23480987548828,21848.546875,0.8792604207992554
4891,47.190181732177734,21815.11328125,0.879612147808075
4892,47.26137161254883,21876.572265625,0.8794147968292236
4893,47.174713134765625,21811.455078125,0.8800903558731079
4894,47.26936340332031,21887.43359375,0.8795697689056396
4895,47.178977966308594,21811.58203125,0.8799189329147339
4896,47.25135803222656,21865.96875,0.8793548345565796
4897,47.19815444946289,21818.052734375,0.8794131875038147
4898,47.21808624267578,21834.603515625,0.8793288469314575
4899,47.212303161621094,21827.8828125,0.8792672157287598
4900,47.21194076538086,21829.875,0.8793715834617615
4901,47.217838287353516,21833.251953125,0.8792785406112671
4902,47.20777130126953,21824.986328125,0.879325270652771
4903,47.2133674621582,21828.349609375,0.8792441487312317
4904,47.213096618652344,21829.125,0.8792900443077087
4905,47.20938491821289,21824.892578125,0.8792541027069092
4906,47.22529602050781,21838.91796875,0.8792232871055603
4907,47.19020080566406,21811.46484375,0.8794476389884949
4908,47.251197814941406,21865.685546875,0.8793489336967468
4909,47.173194885253906,21809.591796875,0.8800696730613708
4910,47.28067398071289,21898.94921875,0.8796162009239197
4911,47.171043395996094,21812.1328125,0.8802732825279236
4912,47.2574348449707,21871.619140625,0.8793560862541199
4913,47.19337844848633,21815.091796875,0.8794785141944885
4914,47.221343994140625,21835.0625,0.8792142868041992
4915,47.22001266479492,21833.564453125,0.8792022466659546
4916,47.18674087524414,21809.0703125,0.8794835805892944
4917,47.25510787963867,21869.294921875,0.8793485164642334
4918,47.171974182128906,21808.259765625,0.8800605535507202
4919,47.27400588989258,21890.9609375,0.8795350790023804
4920,47.17618179321289,21811.99609375,0.8800536394119263
4921,47.25615692138672,21869.4765625,0.879313051700592
4922,47.18918991088867,21811.220703125,0.8794785737991333
4923,47.21562194824219,21830.326171875,0.8792392611503601
4924,47.22440719604492,21837.2890625,0.8791870474815369
4925,47.187564849853516,21809.72265625,0.8794788122177124
4926,47.247459411621094,21861.734375,0.8793269991874695
4927,47.174415588378906,21809.080078125,0.8799958825111389
4928,47.27095031738281,21886.40234375,0.8794577121734619
4929,47.176841735839844,21808.6640625,0.879876434803009
4930,47.2456169128418,21860.19921875,0.879334568977356
4931,47.195037841796875,21815.24609375,0.8794165849685669
4932,47.217857360839844,21833.4140625,0.8792849779129028
4933,47.208152770996094,21823.193359375,0.8792291283607483
4934,47.20084762573242,21818.626953125,0.8793271780014038
4935,47.22575759887695,21838.408203125,0.8791813254356384
4936,47.194454193115234,21813.59375,0.8793666362762451
4937,47.22454833984375,21837.55078125,0.8791930079460144
4938,47.192848205566406,21812.78125,0.8793966770172119
4939,47.23797607421875,21850.056640625,0.8791967630386353
4940,47.181941986083984,21806.07421875,0.8795483112335205
4941,47.244598388671875,21859.328125,0.8793377876281738
4942,47.1783561706543,21808.34765625,0.8797994256019592
4943,47.270442962646484,21885.26171875,0.8794279098510742
4944,47.17239761352539,21803.435546875,0.8798261880874634
4945,47.24486541748047,21861.41015625,0.8794199228286743
4946,47.1864013671875,21808.02734375,0.8794509172439575
4947,47.2358512878418,21849.95703125,0.8792805075645447
4948,47.19182586669922,21810.466796875,0.879335343837738
4949,47.220211029052734,21836.01953125,0.8793042302131653
4950,47.199283599853516,21816.255859375,0.8792857527732849
4951,47.22669219970703,21840.009765625,0.8792142868041992
4952,47.18743896484375,21806.5859375,0.8793430328369141
4953,47.23497009277344,21848.46484375,0.8792500495910645
4954,47.1783447265625,21804.703125,0.8796361088752747
4955,47.26478958129883,21878.451171875,0.8793572187423706
4956,47.168216705322266,21803.955078125,0.8800232410430908
4957,47.262115478515625,21877.1875,0.879411518573761
4958,47.178958892822266,21807.767578125,0.8797482848167419
4959,47.23973083496094,21851.029296875,0.8791676759719849
4960,47.19345474243164,21811.626953125,0.8793197274208069
4961,47.20758819580078,21821.921875,0.8791953921318054
4962,47.224037170410156,21836.51953125,0.879167914390564
4963,47.1832389831543,21804.669921875,0.8794313669204712
4964,47.24835968017578,21862.8125,0.8793378472328186
4965,47.167911529541016,21803.146484375,0.879999577999115
4966,47.27093505859375,21885.14453125,0.8794021606445312
4967,47.17293930053711,21804.66796875,0.8798590898513794
4968,47.24037170410156,21853.23828125,0.8792401552200317
4969,47.19377899169922,21813.00390625,0.879368007183075
4970,47.219879150390625,21832.169921875,0.8791453242301941
4971,47.207489013671875,21822.673828125,0.8792333602905273
4972,47.187721252441406,21807.76953125,0.8793843984603882
4973,47.25169372558594,21864.453125,0.8792731761932373
4974,47.168975830078125,21799.595703125,0.8797957897186279
4975,47.25645446777344,21872.912109375,0.8794546127319336
4976,47.174476623535156,21806.962890625,0.8798983097076416
4977,47.2546501159668,21866.544921875,0.879244327545166
4978,47.18697738647461,21807.849609375,0.8794189691543579
4979,47.20304870605469,21820.572265625,0.8793232440948486
4980,47.230125427246094,21844.21875,0.8792605996131897
4981,47.189796447753906,21810.76171875,0.8794327974319458
4982,47.234867095947266,21849.765625,0.8793126344680786
4983,47.17569351196289,21807.1875,0.8798579573631287
4984,47.26136016845703,21876.296875,0.879402756690979
4985,47.18086242675781,21805.21875,0.879554808139801
4986,47.233055114746094,21847.369140625,0.8792803287506104
4987,47.19039535522461,21809.943359375,0.8793710470199585
4988,47.22480010986328,21838.0703125,0.8792058229446411
4989,47.19388961791992,21809.103515625,0.8791884183883667
4990,47.20665740966797,21821.474609375,0.8792139291763306
4991,47.20365905761719,21820.099609375,0.8792765736579895
4992,47.21709060668945,21830.404296875,0.8791818618774414
4993,47.186588287353516,21804.34765625,0.8792778253555298
4994,47.231327056884766,21842.6640625,0.879141092300415
4995,47.177467346191406,21803.103515625,0.8796007037162781
4996,47.25745391845703,21870.01953125,0.879283607006073
4997,47.16533279418945,21799.728515625,0.8799530863761902
4998,47.25293731689453,21867.021484375,0.8793366551399231
4999,47.18561553955078,21810.900390625,0.8796126246452332
5000,47.22967529296875,21840.375,0.8791069984436035
