profile,family,spring_00,spring_01,spring_02,spring_03,spring_04,spring_05,spring_06,spring_07,spring_08,spring_09,spring_10,spring_11,spring_12,spring_13,spring_14,spring_15,spring_16,spring_17,spring_18,spring_19
low_roughness_0367,low_roughness,117.35600280761719,46.9010009765625,449.5781555175781,610.2954711914062,6.968728172296323e-08,185.7918701171875,661.3069458007812,487.1058349609375,967.2466430664062,7.740074181583623e-08,1.5621919313701937e-09,1.6354776422033979e-09,86.7951889038086,7.040669824931456e-09,5.161400622455403e-05,1.7801397023120558e-09,235.16661071777344,1.5846424616938748e-07,1075.7384033203125,1.8470222684641158e-08
medium_roughness_0070,medium_roughness,117.35600280761719,46.9010009765625,320.9010314941406,871.6937866210938,215.07012939453125,3.0600415534820513e-09,4.9638497756632205e-09,2.46103026846356e-10,2.0329688155129588e-08,1.582731279370364e-08,2.5780211299064604e-10,2.5392635216725523e-10,2.0564216995921925e-09,1.6185031093129965e-09,1.4543485860052385e-10,4.19478590751865e-10,6.749335312861149e-09,3.2823706419549126e-08,2.0432821656868327e-08,3.98858057693019e-09
low_roughness_0116,low_roughness,117.35600280761719,46.9010009765625,509.0350036621094,0.001212544972077012,0.002128453692421317,1.6103570033010328e-07,450.2940368652344,0.0006711755995638669,7.079009378685441e-08,936.6359252929688,3.8879877095610027e-10,5.045355244703842e-10,4.926959285000976e-09,9.053854910234804e-07,4.5664955150570563e-10,4.1226294600349433e-10,1.7985016143029497e-08,7.270849522456047e-08,6.354182602308356e-08,808.501953125
high_roughness_0145,high_roughness,117.35600280761719,46.9010009765625,577.153564453125,851.996337890625,4.644876128168107e-07,251.9522705078125,6.096995974758102e-08,1.0082124646260127e-07,9.007269596850165e-08,1.851307551703485e-08,3.4471492327270425e-10,3.603923548478605e-10,3.4110478885907014e-09,1.7023770171320507e-09,2.3998195097796327e-10,4.606209857982435e-10,1.2180463748734383e-08,4.406949116741998e-08,1.181069251288136e-07,4.2692174240244185e-09
low_roughness_0148,low_roughness,117.35600280761719,46.9010009765625,124.059814453125,75.11231994628906,8.717216815057327e-08,165.35397338867188,3.366943120956421,77.6532211303711,156.63796997070312,5.062930199528637e-07,6.449225509186363e-08,9.63434914069694e-08,2.4646351448609494e-05,2.831691325866359e-08,4.083996145709534e-07,1.3665404807738923e-08,2.6740373868960887e-05,2.330720917598228e-06,0.013486702926456928,1.189186562555733e-07
medium_roughness_0300,medium_roughness,117.35600280761719,46.9010009765625,445.2232666015625,601.884033203125,6.299288202171738e-08,575.6426391601562,698.2702026367188,828.7777709960938,1112.328125,1.0330117561352381e-07,2.267195320371229e-09,2.360529549605417e-09,101.9114990234375,9.963880387431345e-09,6.084894994273782e-05,2.584043201636632e-09,228.8985137939453,2.0242831055838906e-07,1148.5218505859375,2.5822807003805792e-08
high_roughness_0175,high_roughness,117.35600280761719,46.9010009765625,188.09266662597656,269.09124755859375,5.648670864388805e-08,233.2132568359375,7.251349387615846e-08,353.3348083496094,749.9345703125,1.5976360145941726e-07,1.1042518011095126e-09,1.0907936776050065e-09,1.4220780109042153e-08,1.1056939364095797e-08,5.339008124494171e-10,2.388518716145427e-09,4.461125513444131e-08,2.994841850068042e-07,3.4317667996219825e-07,3.2653048265274265e-08
low_roughness_0328,low_roughness,117.35600280761719,46.9010009765625,458.89581298828125,540.2615966796875,8.151310026960346e-08,315.314453125,662.8001098632812,462.2215270996094,996.1364135742188,1.0747995560222989e-07,2.8026367893119186e-09,3.013076899094358e-09,177.0196533203125,1.067829202838766e-08,0.0008732171845622361,2.9231661535789044e-09,231.3421173095703,2.0149072099684417e-07,1058.8699951171875,2.841874469083905e-08
medium_roughness_0231,medium_roughness,117.35600280761719,46.9010009765625,574.3572998046875,0.004933753050863743,452.3105773925781,1.9057983635661913e-08,0.0015605650842189789,6.019917009325582e-07,126.3736801147461,4.117054430707867e-08,0.00015511443780269474,0.00042521909927017987,21.393688201904297,4.712209289436942e-09,0.0008453231421299279,4.672233990277164e-05,90.71623992919922,1.0826531138263817e-07,275.3309326171875,9.372580045408085e-09
low_roughness_0094,low_roughness,117.35600280761719,46.9010009765625,429.7317810058594,0.0010736488038673997,88.19506072998047,6.304625088660032e-08,267.1279296875,0.004362487234175205,1.525205135521901e-07,1150.0008544921875,6.7780394630290175e-09,1.3823395761392021e-09,1.2417196160185995e-08,3.2024106979370117,1.1296301671848141e-09,4.0062007045094106e-09,4.541363196608472e-08,0.01473962515592575,1.3433239587357093e-07,1105.1470947265625
low_roughness_0081,low_roughness,117.35600280761719,46.9010009765625,10.268567085266113,449.8507995605469,1.0004180239775451e-07,205.65695190429688,0.8422968983650208,163.20594787597656,9.449731826782227,3.1062104000056934e-08,6.672952190811543e-10,5.644766321033501e-10,20.636205673217773,3.288924244060354e-09,0.0002703857608139515,9.444409698744494e-10,130.03648376464844,6.954572739914511e-08,257.064697265625,7.987091876771046e-09
medium_roughness_0210,medium_roughness,117.35600280761719,46.9010009765625,364.73773193359375,944.5111083984375,1.3309896296220813e-08,580.0875854492188,262.7704772949219,1.7119599071691027e-09,152.00819396972656,0.002357438439503312,0.0032287081703543663,0.002994417678564787,138.1111297607422,0.00036803469993174076,7.845429420471191,0.00048734733718447387,147.3939666748047,1.519027108543014e-07,172.93008422851562,0.007640252821147442
low_roughness_0109,low_roughness,117.35600280761719,46.9010009765625,470.2205810546875,129.59649658203125,298.51055908203125,1.900005841548591e-08,596.953369140625,315.931396484375,2.7186814577362384e-07,888.1937255859375,2.3651354208453768e-09,1.184036424461965e-09,2.128282972080342e-08,0.00021254831517580897,1.3666388021249531e-09,1.7598568158305739e-09,7.191721351773595e-08,560.1101684570312,2.3405831939271593e-07,480.9332275390625
medium_roughness_0331,medium_roughness,117.35600280761719,46.9010009765625,338.363525390625,745.6151733398438,9.546888612987914e-09,9.855295246552487e-09,8.128777650995289e-09,9.250651356040862e-10,2.7791470458282674e-08,2.6452930512732564e-08,3.6466069053275874e-10,3.6483741028270344e-10,2.330128978655921e-09,2.280962529965791e-09,2.2808352428960177e-10,5.408210546065106e-10,8.028973041973586e-09,5.478880638065675e-08,2.5928571290023683e-08,6.151062326154033e-09
medium_roughness_0095,medium_roughness,117.35600280761719,46.9010009765625,62.669307708740234,773.099609375,2.0962103164379187e-08,4.6972257194966005e-08,2.9062560358283918e-08,6.711120104085921e-09,7.511515320857143e-08,6.242915873144739e-08,6.146638198423204e-10,6.447508638096622e-10,6.297759203022224e-09,5.590381935149935e-09,1.8785819566602413e-09,1.218919520873385e-09,1.8986000327458896e-08,1.1905039087878322e-07,7.108491928420335e-08,1.430203067087632e-08
high_roughness_0194,high_roughness,117.35600280761719,46.9010009765625,282.0254821777344,0.0008022869005799294,23.27349090576172,5.149779624957773e-08,0.004685254767537117,9.518053411738947e-05,1.0030968411456342e-07,1383.214599609375,1.7386042605593843e-09,1.8700949677707968e-09,8.95068197337423e-09,32.99956512451172,1.0881152645580983e-09,7.850506356099629e-10,3.2088490087289756e-08,1.064239881998219e-06,9.106928899882405e-08,1383.9239501953125
medium_roughness_0061,medium_roughness,117.35600280761719,46.9010009765625,146.30502319335938,2.781081548164366e-06,233.46145629882812,2.718753933095286e-07,291.93011474609375,231.2052764892578,3.017587246745279e-08,96.6233901977539,0.0038748967926949263,0.039694566279649734,0.009441324509680271,100.52916717529297,7.313381189533175e-08,77.358154296875,0.015927903354167938,43.49378967285156,2.0754034935066556e-08,103.11800384521484
high_roughness_0209,high_roughness,117.35600280761719,46.9010009765625,935.1964721679688,80.20356750488281,437.8366394042969,0.0005796944024041295,5.763789886259474e-06,185.01353454589844,1.5249600693323373e-08,0.13766711950302124,4.3023132278996457e-10,2.6474203385085104e-10,1.6363015387099722e-09,36.831851959228516,1.5701251410149553e-10,0.000294390571070835,5.555347293295654e-09,0.0002429884043522179,1.3947108357115212e-08,306.2413635253906
high_roughness_0178,high_roughness,117.35600280761719,46.9010009765625,230.21412658691406,319.03466796875,0.0001227615721290931,16.334489822387695,2.2975738048553467,370.5718994140625,76.29771423339844,3.745476107042123e-08,6.924124051899128e-10,7.443662908279691e-10,0.0005798836937174201,3.700771911141487e-09,3.7697682273574173e-05,1.1683328748901545e-09,0.001339921960607171,9.482287310902393e-08,313.0756530761719,8.588533439990442e-09
medium_roughness_0173,medium_roughness,117.35600280761719,46.9010009765625,362.2646789550781,753.7189331054688,221.0900115966797,375.3819885253906,0.00020342807692941278,4.726762314888333e-10,3.0422069130509044e-07,2.2630189278061152e-08,4.243043139062763e-10,5.188640073150452e-10,8.975817422651744e-08,2.534865872760861e-09,2.745075944332598e-09,7.771426835390116e-10,4.564633400150342e-07,5.198303654196934e-08,1.5542176470262348e-06,5.535251368371519e-09
low_roughness_0127,low_roughness,117.35600280761719,46.9010009765625,208.01255798339844,467.03204345703125,4.3792816484256036e-08,488.59100341796875,555.1035766601562,431.026123046875,1340.2962646484375,1.3361587036797573e-07,3.163742157141769e-09,3.304007956117516e-09,176.9773406982422,1.3468433479602027e-08,6.892416877235519e-07,3.4970439877213266e-09,461.6793212890625,2.3969022322489764e-07,1340.673583984375,3.5301585654679e-08
low_roughness_0249,low_roughness,117.35600280761719,46.9010009765625,496.3558349609375,432.1785583496094,3.912137813699701e-08,1.2159757645235914e-08,353.08587646484375,181.46339416503906,8.868911294257487e-08,0.0022334568202495575,6.447730682701547e-10,6.304474720053577e-10,6.0452438610525405e-09,2.297998591416217e-08,3.8237404909047257e-10,2.366141504950292e-09,1.9643644932898496e-08,1.2165017437837378e-07,7.555268410897042e-08,0.0014341751812025905
medium_roughness_0053,medium_roughness,117.35600280761719,46.9010009765625,539.4568481445312,551.7554321289062,1.406090035516172e-07,529.8434448242188,382.3515930175781,942.0433349609375,187.4785919189453,5.5802747311872736e-08,1.3496816997360384e-09,1.3936092280175671e-09,0.0008550057536922395,5.886796827780927e-09,5.21357956806412e-10,1.6107455369507306e-09,0.005305415019392967,1.1694609725054761e-07,416.3597412109375,1.4336607456755246e-08
high_roughness_0251,high_roughness,117.35600280761719,46.9010009765625,31.09064292907715,495.8409423828125,406.3644714355469,388.6915283203125,3.8174610139662946e-09,2.4067595139065645e-10,7.566199400343976e-08,2.9836375148306615e-08,7.122259448877344e-10,1.8145954738812975e-09,54.45869064331055,3.4415863492398557e-09,2.0768202713128403e-09,1.0225328361812558e-09,335.5323181152344,5.963875793213447e-08,7.48351247636947e-09,8.34347790856782e-09
medium_roughness_0339,medium_roughness,117.35600280761719,46.9010009765625,945.3932495117188,67.31134796142578,425.8612060546875,74.58954620361328,15.518012046813965,0.14319808781147003,0.03889540582895279,0.0005218820879235864,4.428004984902145e-08,3.0180586691130884e-05,74.96853637695312,2.423408140828087e-09,0.00021821488917339593,1.2217872269459917e-09,189.57757568359375,0.0006230339058674872,341.7023010253906,8.163207887434965e-09
high_roughness_0260,high_roughness,117.35600280761719,46.9010009765625,851.3572387695312,704.936279296875,3.755562616447605e-08,739.8551025390625,1.5598525138216246e-08,2.662248421714253e-09,1.238683893234338e-07,1.1441171210435641e-07,1.0490202040358554e-09,1.0679854778317122e-09,7.322925377195588e-09,7.43034656025543e-09,7.111237709800378e-10,1.5706861367092984e-09,2.562224210578279e-08,2.2319306935969507e-07,1.0422223795103491e-07,2.2584782044532403e-08
high_roughness_0036,high_roughness,117.35600280761719,46.9010009765625,398.0039367675781,427.3045349121094,1.2157141782154213e-07,401.29962158203125,300.0176696777344,795.0289916992188,307.0478820800781,4.0923460176145454e-08,6.792090778695581e-10,6.01151628476515e-10,84.92961120605469,3.82248099839444e-09,0.00038388706161640584,1.036458585623734e-09,177.78225708007812,9.077135842971984e-08,381.09844970703125,9.83719061764532e-09
low_roughness_0124,low_roughness,117.35600280761719,46.9010009765625,323.5646057128906,292.9642639160156,2.3975653107299877e-07,536.7538452148438,119.57492065429688,409.2200012207031,285.329833984375,5.45784288874529e-08,1.387178261147426e-09,1.4617412835704613e-09,122.76887512207031,5.454457774334287e-09,0.0006778122042305768,1.5717049883789969e-09,190.25083923339844,1.2256523973519506e-07,347.5985412597656,1.3641055396362844e-08
high_roughness_0263,high_roughness,117.35600280761719,46.9010009765625,0.09311220049858093,582.9443969726562,1.4932385994370634e-08,3.011916271944415e-09,4.91553855397342e-08,174.54539489746094,4.5360305733765927e-08,3.341279963819943e-08,4.75222750040416e-10,4.753777926858049e-10,3.72343622601079e-09,2.945626631500886e-09,2.842863722207767e-10,7.119814737777119e-10,1.2536564675258433e-08,7.037383653596407e-08,4.494297201063091e-08,7.806342239291553e-09
high_roughness_0174,high_roughness,117.35600280761719,46.9010009765625,960.2509765625,5.131431066729419e-07,511.2020263671875,246.2706756591797,4.93795596412383e-07,22.897815704345703,7.479677321953204e-08,1.308201262872899e-07,4.6466780423415344e-10,4.676927178870471e-10,4.8680819375590545e-09,7.140966484797673e-09,3.0912425397211507e-10,1.255151205192817e-09,1.5954064735979046e-08,1.8287228442659398e-07,6.310267508524703e-08,2.4971770429260687e-08
high_roughness_0041,high_roughness,117.35600280761719,46.9010009765625,3.2430577903141966e-06,4.4023300915796426e-07,511.70123291015625,163.443115234375,483.5484924316406,275.0545654296875,0.013606706634163857,8.790495485300198e-06,0.005470598116517067,64.2074203491211,36.267982482910156,0.0007540621445514262,0.07213953137397766,0.0018760368693619967,59.434696197509766,7.055086371110519e-06,90.1253433227539,0.0004900890053249896
medium_roughness_0083,medium_roughness,117.35600280761719,46.9010009765625,0.0001931054866872728,402.82373046875,272.6142578125,444.335205078125,8.752904534503614e-08,3.945905646673964e-08,1.3836664436439605e-07,1.0425763008470312e-07,117.6197738647461,133.4442901611328,0.008691983297467232,7.54908491273909e-09,0.0005133778904564679,9.351718972538947e-07,0.0002783139352686703,2.014465252386799e-07,1.2744500565986527e-07,1.525384796252638e-08
low_roughness_0150,low_roughness,117.35600280761719,46.9010009765625,379.3099060058594,311.77276611328125,4.7905643896228867e-08,371.580810546875,234.60421752929688,0.026207586750388145,196.22132873535156,0.0033628467936068773,0.0008299964247271419,0.0007053037988953292,169.276611328125,0.002686999272555113,7.972870349884033,6.897938931160752e-08,177.22439575195312,2.8594485002031433e-07,204.19143676757812,0.005849799606949091
medium_roughness_0043,medium_roughness,117.35600280761719,46.9010009765625,288.4527893066406,591.3460693359375,3.549908100808352e-08,551.128173828125,254.4813995361328,357.5057678222656,1186.651123046875,1.516318945959938e-07,3.428168859898051e-09,3.606841048053866e-09,25.674333572387695,1.5819887622114948e-08,2.150082112351015e-09,4.079726334538236e-09,248.16680908203125,2.6642013040145684e-07,1175.482421875,4.0074564111591826e-08
medium_roughness_0091,medium_roughness,117.35600280761719,46.9010009765625,553.78271484375,912.8550415039062,2.8385265693486872e-08,159.66600036621094,1.1755759032894275e-08,7.896916009997312e-09,8.42481426843733e-08,9.589542315779909e-08,8.38413727333176e-10,8.4650259024599e-10,5.407584602323823e-09,6.097028215634737e-09,5.477098774520073e-10,1.2657798142967636e-09,1.8977059923486195e-08,1.8467500240149093e-07,7.180496197634056e-08,1.8920895072938038e-08
medium_roughness_0276,medium_roughness,117.35600280761719,46.9010009765625,513.9580688476562,0.001553016947582364,426.965576171875,9.904993447662491e-08,249.3747100830078,0.0012560171307995915,1.1610587336008393e-07,0.0001070013822754845,59.35659408569336,1.1321278634568444e-06,1.3293684375526027e-08,216.98995971679688,2.7417688119868444e-09,1.794311970115814e-07,4.469966796705194e-08,9.798713307418438e-08,1.0836757269316877e-07,0.011282593943178654
medium_roughness_0127,medium_roughness,117.35600280761719,46.9010009765625,257.2760009765625,267.9645690917969,1.9450212107585685e-07,351.29486083984375,81.37081909179688,130.6382293701172,339.435302734375,4.737354331041388e-08,6.861596846263751e-10,1.2086138667655177e-05,28.459510803222656,4.627267014001291e-09,0.00035449478309601545,1.5213539317215918e-09,151.5635528564453,1.1560403834209865e-07,371.8403015136719,1.0736804334499084e-08
medium_roughness_0314,medium_roughness,117.35600280761719,46.9010009765625,973.9116821289062,3.507827628368432e-08,1.3879543736550204e-08,6.235834604240154e-08,3.9179897726171475e-07,405.0740051269531,4.275266007880418e-08,8.684158814276088e-08,5.578151829332967e-10,5.591808127647369e-10,3.48942164052346e-09,5.903358690773075e-09,3.4862668307766853e-10,1.0075713596791047e-09,1.2252160175307836e-08,1.1194217108823068e-07,3.8533080726210756e-08,2.361606910028513e-08
medium_roughness_0289,medium_roughness,117.35600280761719,46.9010009765625,493.2024230957031,113.74502563476562,350.5463562011719,3.0251538163383884e-08,489.87738037109375,339.4212646484375,3.249394922022475e-07,1139.6591796875,1.586217823756897e-09,2.0093520181063695e-09,2.990924841128617e-08,0.001260956283658743,2.8572764154688457e-09,2.335495130623144e-09,1.0575109143928785e-07,1054.491455078125,2.858030825336755e-07,885.0652465820312
low_roughness_0092,low_roughness,117.35600280761719,46.9010009765625,310.39544677734375,295.4109802246094,2.8033333876464894e-08,522.4992065429688,319.00909423828125,0.013790964148938656,1213.6695556640625,1.376694171995041e-07,2.689538369793354e-09,2.683973265860118e-09,167.08766174316406,1.3555052191804862e-08,2.839299684254115e-09,3.5244447360582853e-09,285.59796142578125,2.3888239297775726e-07,1216.9373779296875,3.679384619204029e-08
high_roughness_0388,high_roughness,117.35600280761719,46.9010009765625,191.5214080810547,716.502685546875,7.325611051101077e-08,0.008191466331481934,5.4077627709148146e-08,170.2843475341797,1.588537088537123e-07,3.9431522935728935e-08,4.4731948700693636e-10,4.2825579193994656e-10,8.433153730891263e-09,3.5704272871583953e-09,3.624742728192132e-10,8.801596118601651e-10,2.740233107090262e-08,8.265252660066835e-08,3.5152771715729614e-07,9.312546289663715e-09
low_roughness_0206,low_roughness,117.35600280761719,46.9010009765625,376.9450988769531,421.0308837890625,1.9218239799556613e-07,757.10400390625,374.0640869140625,165.59597778320312,286.6414489746094,3.662943726112644e-08,6.287470544208418e-10,5.675804826132946e-10,28.180757522583008,3.4730807119132123e-09,0.00028578643104992807,9.692527891402847e-10,160.49119567871094,8.520449767956961e-08,357.77496337890625,8.663210593340409e-09
medium_roughness_0176,medium_roughness,117.35600280761719,46.9010009765625,620.3866577148438,0.0007743309251964092,282.4661560058594,1.6573810057707306e-07,375.5014953613281,0.0006241266382858157,1.0550348150673017e-07,1278.8970947265625,9.027746328271746e-10,1.0622159818396426e-09,7.835296855773777e-09,0.0003522297483868897,8.236334392286437e-10,6.154756149179264e-10,2.8471859536693955e-08,463.8829040527344,9.334547712569474e-08,1219.9088134765625
low_roughness_0169,low_roughness,117.35600280761719,46.9010009765625,687.133544921875,416.3733825683594,2.7745798547584855e-07,242.1492156982422,225.60743713378906,68.45039367675781,281.73974609375,4.613970361333486e-08,1.1524154963638011e-09,1.2218734912750051e-09,120.76073455810547,4.64720306680988e-09,0.0004978234064765275,1.2852716668732e-09,195.15145874023438,1.0193189581286788e-07,341.5473937988281,1.1524006637841921e-08
high_roughness_0051,high_roughness,117.35600280761719,46.9010009765625,495.1334228515625,0.0011024110717698932,215.4995574951172,8.635861803441003e-08,608.1537475585938,0.0006354509387165308,6.198043678296017e-08,1120.634033203125,1.4438850115539026e-09,1.4148913152212117e-09,5.063105046332339e-09,0.0016922600334510207,7.081568109690295e-10,1.6056537210928923e-09,1.836213847639101e-08,714.21826171875,5.435175864931807e-08,958.35302734375
medium_roughness_0240,medium_roughness,117.35600280761719,46.9010009765625,941.5918579101562,0.0019045292865484953,47.649932861328125,1.0582151332982903e-07,4.6590521378675476e-06,0.0018853942165151238,3.510839974296687e-08,650.5280151367188,1.9472186085778276e-09,5.332962960125087e-10,2.874626536808478e-09,1.7759766990366188e-07,2.5822582960799423e-10,3.9022167719338086e-09,9.659258282113115e-09,1.635653887888111e-07,3.080968014046448e-08,334.7258605957031
medium_roughness_0149,medium_roughness,117.35600280761719,46.9010009765625,754.4901123046875,967.3129272460938,2.1910684822046278e-08,0.007292012684047222,3.053571262512378e-08,1.7557539422341506e-08,8.926169670075979e-08,9.60871204824798e-08,6.137020336360877e-10,6.141926411906695e-10,5.101744804392183e-09,5.574527062179868e-09,3.7451794443477127e-10,1.1435585811625515e-09,1.7215779024581934e-08,1.9425854702603829e-07,7.433170878812234e-08,1.734931487362701e-08
low_roughness_0238,low_roughness,117.35600280761719,46.9010009765625,424.0055236816406,503.3930969238281,611.2652587890625,3.120831237879429e-08,123.5220718383789,2.0830095309065655e-05,2.168053185869212e-07,1349.539794921875,6.333971125371818e-09,6.609039981952947e-09,2.3409192806411738e-08,219.52127075195312,3.441514184743255e-09,1.4123380243091788e-09,8.405697826674441e-08,1282.5849609375,1.9496251013606525e-07,1299.53564453125
high_roughness_0323,high_roughness,117.35600280761719,46.9010009765625,540.5206298828125,396.92657470703125,4.031190670161777e-08,304.1949157714844,219.68348693847656,202.10501098632812,573.9197998046875,4.1442195453100794e-08,0.0002592583477962762,7.141869718907401e-05,204.90142822265625,6.667243646063525e-09,0.0011697987793013453,5.362034816158712e-09,286.8731994628906,1.8945458180041896e-07,589.6856079101562,1.9146483509757672e-08
medium_roughness_0387,medium_roughness,117.35600280761719,46.9010009765625,1.579334457346704e-05,303.2471923828125,301.561767578125,424.0773620605469,6.010407282985852e-09,2.3726956399627852e-08,9.957938118532184e-08,7.972286653057381e-08,0.0029522618278861046,134.9066162109375,6.530239460289522e-08,1.607119060054174e-08,0.00011576035467442125,8.136439966222042e-09,6.932469176490486e-08,1.431179157407314e-07,1.010628807307512e-07,2.6260192242943958e-08
medium_roughness_0015,medium_roughness,117.35600280761719,46.9010009765625,487.90155029296875,225.92861938476562,3.2105816671901266e-08,1.4359266664598636e-08,2.1926516158288223e-09,52.39924621582031,4.480072490764542e-08,3.117505897876072e-08,2.922267150484714e-10,2.9225624698092645e-10,3.1696250069046528e-09,2.676417532043729e-09,1.8881327057407304e-10,6.367059657286234e-10,1.0413098827655176e-08,7.241701638349696e-08,4.0664591693939656e-08,6.608825486864589e-09
low_roughness_0274,low_roughness,117.35600280761719,46.9010009765625,304.51727294921875,677.1353149414062,6.849884215398561e-09,7.088544418110132e-09,5.180711415420092e-09,7.964952031258576e-10,2.2694248258403604e-08,2.1112331438644105e-08,3.213390387113435e-10,3.2164934604672624e-10,2.0432771030698405e-09,1.9481958268841026e-09,1.9943187379301008e-10,4.755836280345704e-10,6.9873045127621936e-09,4.350550497633776e-08,2.1537319483400097e-08,5.0920139216259486e-09
high_roughness_0064,high_roughness,117.35600280761719,46.9010009765625,561.508544921875,767.7340087890625,3.584922936283874e-08,109.75970458984375,5.711188411083867e-09,3.5655338592732733e-07,8.172668941597294e-08,6.651585238159896e-08,8.328289724524041e-10,8.818467622795367e-10,4.183003277091757e-09,4.053811064608226e-09,1.6869750041337284e-09,8.378222560168069e-10,1.274227123815308e-08,1.5725581192782556e-07,6.70655566636924e-08,1.1719177628322086e-08
low_roughness_0095,low_roughness,117.35600280761719,46.9010009765625,473.6165466308594,93.47125244140625,386.1020812988281,2.666589615785142e-08,901.3973388671875,389.35235595703125,2.8008037133986363e-07,1265.3238525390625,4.073497983370089e-09,4.576603984673966e-09,2.6866480595799658e-08,0.0013774947728961706,3.2595413035352294e-09,1.1919808473592752e-09,9.530500477694659e-08,1212.4307861328125,2.482929915004206e-07,1118.4171142578125
high_roughness_0184,high_roughness,117.35600280761719,46.9010009765625,0.00030142339528538287,839.2030029296875,346.7294006347656,4.1988410970361656e-08,3.0340279177920593e-09,7.607364516104553e-09,2.7246086276022652e-08,4.076259330076937e-08,3.2815472561509296e-10,3.2370803260128866e-10,2.6583211187869438e-09,3.933624981300454e-09,1.7839831001342787e-10,7.718145011992306e-10,8.770197013063807e-09,6.687063347499134e-08,2.518255826089444e-08,1.105168934145695e-08
medium_roughness_0035,medium_roughness,117.35600280761719,46.9010009765625,0.000451741274446249,384.79510498046875,627.0271606445312,2.315598202073943e-08,718.8401489257812,86.99478149414062,138.33502197265625,3.797513770109617e-08,0.00022819569858256727,0.002528588753193617,97.78703308105469,2.3191337277239654e-06,0.0007428265525959432,1.5858122424106114e-05,114.60108184814453,1.0861672450346305e-07,348.44818115234375,8.566598097559108e-08
high_roughness_0281,high_roughness,117.35600280761719,46.9010009765625,562.5798950195312,605.8575439453125,1.5399722386177928e-08,1.3391126429951328e-08,5.775623090897852e-09,7.888741215822392e-09,4.0606540352428055e-08,4.313690027402117e-08,4.929410213350138e-10,4.957952381978714e-10,2.9966451542406958e-09,3.224787992195388e-09,3.2011801542886076e-10,7.145146141418479e-10,1.0479308087951722e-08,8.787949923316773e-08,3.632775147366374e-08,9.268334544287882e-09
low_roughness_0352,low_roughness,117.35600280761719,46.9010009765625,378.0664367675781,383.8754577636719,1.5334498471020197e-07,283.7725524902344,204.3008270263672,471.2170104980469,0.0019764439202845097,1.9124537686820986e-07,28.299867630004883,77.31129455566406,189.68064880371094,2.6045151813036682e-08,46.06386947631836,1.2111464457120746e-05,190.71763610839844,2.8936707963111985e-07,0.008598563261330128,7.115382771871737e-08
low_roughness_0005,low_roughness,117.35600280761719,46.9010009765625,257.6767883300781,336.17254638671875,223.2035675048828,0.0007942907395772636,442.4964904785156,0.00675716670230031,1.8710199611859935e-08,114.51166534423828,0.003515103831887245,0.013164665549993515,2.5643569756539364e-07,103.72859954833984,0.00023252780374605209,36.556705474853516,0.007937886752188206,33.51953125,0.0025070318952202797,119.69503021240234
high_roughness_0050,high_roughness,117.35600280761719,46.9010009765625,359.4663391113281,123.02523040771484,6.77946516702832e-08,379.7469787597656,51.40170669555664,307.07159423828125,295.80169677734375,3.82738534199234e-08,5.087467669362411e-10,8.562234870623797e-05,62.39310073852539,3.3830311885196807e-09,0.0005177215789444745,9.033050973883405e-10,160.25534057617188,8.612963853238398e-08,347.8311767578125,8.77374439767209e-09
medium_roughness_0274,medium_roughness,117.35600280761719,46.9010009765625,368.22662353515625,0.024924781173467636,379.726318359375,1.6680663961210485e-08,641.1229248046875,307.3363952636719,1.9165089781836286e-07,675.037841796875,2.1069479494428833e-09,7.95115528973156e-10,1.2208188238105322e-08,0.00017338550242129713,6.879169456297518e-10,1.0358400803767154e-09,4.167595690773851e-08,269.6769104003906,1.613716023030065e-07,328.43743896484375
high_roughness_0223,high_roughness,117.35600280761719,46.9010009765625,0.09380397945642471,345.9646301269531,695.5004272460938,605.55126953125,5.4475261634934213e-08,4.267909048394358e-08,3.7441264311155464e-08,9.616706364568017e-08,97.69428253173828,1.8274651125693708e-08,3.5810190368579242e-09,25.604581832885742,4.941591580376326e-10,2.6718729451147283e-09,1.2391667247868554e-08,1.0713365838910249e-07,3.358857725288544e-08,2.33087238399321e-08
high_roughness_0104,high_roughness,117.35600280761719,46.9010009765625,440.8074035644531,0.0007105957483872771,541.799072265625,3.181224883519462e-08,203.51760864257812,0.0026117716915905476,2.4089445105346385e-07,1302.873291015625,3.312204288619114e-09,4.1396908123658704e-09,2.450068592452226e-08,241.24923706054688,3.2175566655467946e-09,2.1471313615961662e-09,9.128736877528354e-08,1256.2933349609375,2.1484912338110007e-07,1246.0906982421875
high_roughness_0277,high_roughness,117.35600280761719,46.9010009765625,574.99853515625,0.0034948179963976145,487.49676513671875,1.0859227472792554e-07,268.99407958984375,0.001245649647898972,6.022447962550359e-08,317.01446533203125,3.120399771905369e-10,4.719455937163275e-10,4.732782166172456e-09,8.857330868750068e-08,4.43300285368764e-10,3.365479006589567e-10,1.735606680597357e-08,4.581497492495146e-08,5.590139551259199e-08,883.7132568359375
high_roughness_0330,high_roughness,117.35600280761719,46.9010009765625,437.402587890625,572.9500732421875,4.6569748946012623e-08,496.8792724609375,426.62640380859375,689.4755249023438,761.8145751953125,6.71933406692915e-08,8.921906546888181e-10,7.75513875339584e-10,35.425559997558594,6.262089069508647e-09,3.838942211586982e-05,1.8388099931598845e-09,205.719482421875,1.478894233741812e-07,759.5394897460938,1.546810679542432e-08
medium_roughness_0211,medium_roughness,117.35600280761719,46.9010009765625,304.1245422363281,567.2092895507812,1.1380654996173689e-07,271.60833740234375,93.13058471679688,0.005223625339567661,1.1540014099864493e-07,1.181481508183424e-07,8.691243280622984e-10,8.847191867999982e-10,6.2204952300248806e-09,6.677539410304689e-09,5.954765569526899e-10,1.3538506982158083e-09,2.1164867192169368e-08,2.332679116534564e-07,9.411887447186018e-08,2.0954589174948524e-08
high_roughness_0340,high_roughness,117.35600280761719,46.9010009765625,237.47186279296875,831.4024047851562,3.671106085789688e-08,424.96014404296875,261.28375244140625,4.283246202163582e-09,26.588972091674805,1.2945469052283443e-07,1.7097702142976345e-09,1.7549227626645347e-09,2.2113466613404853e-08,1.1131933597141597e-08,1.1731137172787953e-09,2.681235899970602e-09,7.340423024970733e-08,2.524501496736775e-07,1.9417204555338685e-07,2.985407832056808e-08
high_roughness_0228,high_roughness,117.35600280761719,46.9010009765625,576.2017211914062,2.5750566123861063e-07,475.0388488769531,260.6769714355469,460.50848388671875,201.621337890625,1.473527504458616e-07,1135.9154052734375,6.451580936150947e-10,7.086649045362492e-10,8.585208988165505e-09,2.0392048050155154e-09,6.217040771083759e-10,1.337366106746174e-09,2.8846239175095434e-08,0.016893604770302773,1.2334029975136218e-07,0.0029692689422518015
medium_roughness_0203,medium_roughness,117.35600280761719,46.9010009765625,1.8447644833941013e-07,50.167137145996094,411.317138671875,7.363377818592198e-08,0.007061268202960491,9.186285510054404e-09,9.150737412255694e-08,8.0109117561733e-08,38.65816116333008,186.63401794433594,1.585598674580524e-08,1.173071773052925e-08,1.5006222042757145e-08,3.979659268793512e-09,4.5445521124065635e-08,1.5237323225392174e-07,8.757029945627437e-08,2.322135195242936e-08
low_roughness_0106,low_roughness,117.35600280761719,46.9010009765625,590.4096069335938,598.5153198242188,1.646872682670164e-08,4.856442803458094e-09,2.471446158835988e-09,5.141728820490243e-09,2.4727960123982484e-08,2.2961936352317025e-08,4.062207237254256e-10,4.103612727401895e-10,2.3132353810240147e-09,2.2127295551399584e-09,2.584140401662438e-10,5.415106141271053e-10,8.12871547850591e-09,4.670478048751647e-08,2.3549768357611356e-08,5.719615003840772e-09
low_roughness_0168,low_roughness,117.35600280761719,46.9010009765625,147.09426879882812,197.76217651367188,3.895577904700076e-08,159.31063842773438,26.34983253479004,2.1505712766156648e-08,618.21826171875,3.206736494121287e-07,1.5274412362487055e-05,2.99635485134786e-05,0.001745178597047925,2.1092731117278163e-08,0.00014675655984319746,1.0204214362374842e-08,0.006102554500102997,1.5482012258871691e-06,594.1517944335938,8.19019234654661e-08
low_roughness_0028,low_roughness,117.35600280761719,46.9010009765625,508.8354187011719,0.0009155143052339554,214.3494415283203,3.526712433199464e-08,145.3433380126953,0.0024650448467582464,1.9783961135999562e-07,1282.029296875,1.0981209275229276e-09,1.683211348080249e-09,1.7192382628650194e-08,107.51233673095703,1.7703877253083533e-09,1.9183796773347694e-09,6.305491240254923e-08,1222.779296875,1.7213224623446877e-07,1219.9119873046875
low_roughness_0183,low_roughness,117.35600280761719,46.9010009765625,632.1194458007812,221.24734497070312,473.2431640625,0.00039522265433333814,0.005473176948726177,444.66668701171875,2.4571960466346354e-08,21.571378707885742,4.512472150963731e-05,5.6544324777974e-10,2.6088093907361554e-09,69.0542221069336,3.236123591321416e-10,0.00047359350719489157,9.2419787378617e-09,0.00029837360489182174,2.2863211768253677e-08,304.5517883300781
high_roughness_0127,high_roughness,117.35600280761719,46.9010009765625,571.9400024414062,966.0285034179688,2.460816972416069e-08,115.83899688720703,4.183402513291412e-09,7.055798505462008e-07,4.646230777893834e-08,3.688034055926437e-08,4.1390726956969104e-10,4.215093551973581e-10,2.794683373608109e-09,2.5799753444744056e-09,2.8573401977816104e-10,5.97648708300369e-10,9.886774954281918e-09,8.341493895613894e-08,4.0656214395085044e-08,7.344102659345708e-09
low_roughness_0198,low_roughness,117.35600280761719,46.9010009765625,80.64567565917969,758.2737426757812,404.4074401855469,215.68299865722656,166.65892028808594,3.0107503157239535e-09,199.6202850341797,2.6750509363182573e-08,88.6635971069336,0.00021313081379048526,165.0509033203125,0.00037019531009718776,22.517805099487305,5.863770638825372e-06,178.06057739257812,1.029204241831394e-07,181.84725952148438,0.005652825813740492
medium_roughness_0194,medium_roughness,117.35600280761719,46.9010009765625,378.7003479003906,380.65484619140625,9.006445367276683e-08,681.7718505859375,415.70947265625,202.73834228515625,903.2020263671875,8.971520770728603e-08,2.1374637615423353e-09,2.2344313066469113e-09,162.7308807373047,8.57411386334661e-09,0.0006515918648801744,2.343232052837152e-09,224.96620178222656,1.7826759801664593e-07,989.2993774414062,2.2797763676862814e-08
low_roughness_0265,low_roughness,117.35600280761719,46.9010009765625,0.01224471814930439,39.372867584228516,1.0460141908197329e-07,7.349343800200359e-09,0.0012670012656599283,9.096791586671316e-07,7.893380171708486e-08,3.000370085715076e-08,3.072239129764398e-10,3.1464750249732276e-10,4.324487878903938e-09,2.4381519025951093e-09,2.0855205062897397e-10,6.28139318337162e-10,1.442820352082208e-08,7.5817439437742e-08,7.513693844884983e-08,6.00881433499012e-09
medium_roughness_0380,medium_roughness,117.35600280761719,46.9010009765625,25.66168975830078,830.1448364257812,456.82550048828125,421.3883361816406,5.6739248854853486e-09,3.3763787321561267e-09,3.218067590182727e-08,6.424327381182593e-08,4.5813353111157085e-10,4.4219486405872033e-10,3.1964779712012614e-09,5.6612012855339344e-09,2.334754611865719e-10,1.0058412991398313e-09,1.0608438572035084e-08,9.223492014598378e-08,2.9433589787686287e-08,1.8434393567190455e-08
low_roughness_0031,low_roughness,117.35600280761719,46.9010009765625,598.9169921875,3.263679815290743e-08,736.8353271484375,3.341821397384592e-08,25.83625602722168,492.69647216796875,1.9737169054678816e-07,1439.4095458984375,8.229570802598118e-09,7.834056958699875e-09,2.322626890816082e-08,231.4343719482422,3.3553024803012477e-09,4.4949954869366593e-10,7.762694309576545e-08,1407.838134765625,1.7813130170907243e-07,1406.5469970703125
high_roughness_0110,high_roughness,117.35600280761719,46.9010009765625,836.0198974609375,580.4100952148438,29.944162368774414,318.6196594238281,7.091551879057079e-07,217.36099243164062,1.432012819435613e-08,640.5031127929688,3.4327604647721444e-10,3.1724176063896437e-10,1.2442011865232416e-09,5.979811135148339e-08,2.170729290762452e-10,5.787695323000719e-10,4.174164569548111e-09,110.78618621826172,1.2370248825277486e-08,328.58392333984375
high_roughness_0350,high_roughness,117.35600280761719,46.9010009765625,552.1929931640625,338.9875183105469,364.9510803222656,422.5385437011719,0.019275091588497162,302.2048034667969,947.40869140625,2.1790413029521005e-07,3.3085481845773757e-05,7.423038186971098e-05,167.48941040039062,1.6766467325624035e-08,0.00028452585684135556,3.961816208430946e-09,380.2748107910156,3.553516876309004e-07,975.3988037109375,5.302580774468879e-08
high_roughness_0090,high_roughness,117.35600280761719,46.9010009765625,397.2689514160156,1.9150691343838844e-07,217.30996704101562,2.2785622277865514e-09,0.016383685171604156,382.3370666503906,1.7724505596561357e-07,1242.1954345703125,1.2347141087332147e-09,1.3443223201292653e-09,1.2273842386889555e-08,9.449622417889714e-09,1.0814117379354116e-09,1.690882545091199e-09,4.169002920662024e-08,965.4654541015625,1.5267885089542688e-07,680.6943359375
low_roughness_0062,low_roughness,117.35600280761719,46.9010009765625,577.828369140625,0.0007312909001484513,705.9628295898438,6.121489803945224e-08,219.87811279296875,0.0004072435840498656,1.488179464104178e-07,1429.87646484375,3.3317069103588892e-09,3.4363716316931914e-09,1.5122415319979154e-08,108.9145278930664,1.90179205716845e-09,1.4057964792257849e-09,5.2685056317614e-08,1384.2021484375,1.3391093034442747e-07,1424.780029296875
low_roughness_0382,low_roughness,117.35600280761719,46.9010009765625,184.07925415039062,307.1087951660156,6.02679151029406e-08,465.4892578125,172.90538024902344,387.6067810058594,529.3087158203125,6.987294653981735e-08,9.4743779488482e-10,8.820064678616291e-10,44.60151290893555,6.7037002615677466e-09,0.00015456133405677974,2.001037335830347e-09,196.8009490966797,1.557453970235656e-07,597.2071533203125,1.659229198480716e-08
medium_roughness_0108,medium_roughness,117.35600280761719,46.9010009765625,489.2754211425781,105.38092041015625,494.5028991699219,0.0009118583984673023,0.011682834476232529,194.66697692871094,5.7451008395048575e-09,159.064697265625,1.3224314976412188e-08,4.247152673997334e-08,7.827868908627522e-10,124.33893585205078,2.1499917401968105e-09,0.0009686534176580608,4.47743042641946e-09,0.0017521316185593605,3.465999931506758e-09,251.81494140625
low_roughness_0187,low_roughness,117.35600280761719,46.9010009765625,53.07247543334961,41.82072448730469,1.72432919498533e-07,613.7506713867188,84.92472839355469,454.44195556640625,606.3886108398438,5.6132606118808326e-08,1.433206220369243e-09,1.5526593344361572e-09,146.1563262939453,5.4309037267330496e-09,0.0002764980017673224,1.5241217177219823e-09,227.14492797851562,1.244055169991043e-07,802.8309936523438,1.3651778374423884e-08
low_roughness_0055,low_roughness,117.35600280761719,46.9010009765625,253.71450805664062,632.5031127929688,229.53738403320312,5.532169833344369e-09,5.749927467491034e-08,1.3321101732799434e-07,3.603253517781013e-08,2.796454623421596e-08,5.401407099370203e-10,5.299096716981921e-10,4.011843746098975e-09,2.897813544677774e-09,2.9319480177036894e-10,7.292827453042605e-10,1.382102965408194e-08,5.5220834127567286e-08,3.8914265587663976e-08,7.442999550022478e-09
low_roughness_0107,low_roughness,117.35600280761719,46.9010009765625,0.019388021901249886,731.3011474609375,0.07798215001821518,503.5727844238281,0.00015160025213845074,1.8701875603710505e-09,2.3492711420658452e-07,1.18846543273321e-07,7.763753274048213e-06,158.0567626953125,88.92776489257812,1.6495166121899274e-08,3.933724656235427e-06,5.027921634592758e-09,13.43374252319336,2.029072589948555e-07,7.607905416762151e-08,3.739851095474478e-08
high_roughness_0071,high_roughness,117.35600280761719,46.9010009765625,173.85569763183594,315.62738037109375,0.0008968128822743893,666.0936889648438,279.71929931640625,317.8414306640625,1177.5279541015625,8.298107445625647e-08,1.0144245443655109e-09,1.0150206231074321e-09,0.003288812702521682,6.309602618159715e-09,6.270739483227317e-10,1.5125320995679203e-09,268.0192565917969,1.6871470620571927e-07,1194.4620361328125,1.7535585428163358e-08
high_roughness_0095,high_roughness,117.35600280761719,46.9010009765625,0.005920453928411007,747.8729858398438,8.599200782555272e-07,568.3169555664062,149.1434783935547,4.882494852864738e-09,1.278939123494638e-07,0.02006431296467781,3.091143298661336e-05,1.0220023796136957e-05,1.7568527965750036e-08,0.00032205984462052584,6.100636710471008e-06,2.468787170073483e-05,5.158686633421894e-08,5.8364003052702174e-05,1.1264189936355251e-07,333.8561706542969
medium_roughness_0388,medium_roughness,117.35600280761719,46.9010009765625,240.15524291992188,4.718257969216211e-06,440.4533996582031,1.245287251094851e-07,107.22067260742188,447.483642578125,5.874335240463324e-09,0.004802463576197624,8.896951476344839e-05,1.3083840677552416e-08,6.349450965004166e-10,23.17822265625,1.6197795105199475e-08,0.00037799819256179035,4.466342407027923e-09,0.0003016511327587068,4.401679909449285e-09,257.0384521484375
low_roughness_0115,low_roughness,117.35600280761719,46.9010009765625,267.2052917480469,812.5661010742188,3.542278648183128e-08,212.3437042236328,295.9679260253906,1.4574189890481648e-06,248.89988708496094,1.036505068441329e-07,1.5014686161052282e-09,1.5007872722350157e-09,3.313589758136004e-08,1.0210658096809766e-08,3.7542696729175873e-10,2.8168654075955146e-09,0.0001269675267394632,2.193806096784101e-07,250.3517608642578,2.4408469911918473e-08
low_roughness_0217,low_roughness,117.35600280761719,46.9010009765625,50.8402214050293,209.0873260498047,8.061770273570801e-08,564.3296508789062,137.9058074951172,168.75189208984375,953.3794555664062,8.317027777593466e-08,1.9175345755684248e-09,1.9964816466711e-09,114.42098999023438,8.098460568817245e-09,0.00011045939027098939,2.1550541351444963e-09,223.37025451660156,1.7020524012423266e-07,1040.5274658203125,2.0846913528771438e-08
high_roughness_0189,high_roughness,117.35600280761719,46.9010009765625,385.7578430175781,708.1740112304688,323.7178649902344,389.2334899902344,312.4807434082031,1.8160496439989515e-09,213.2841033935547,7.376422672678018e-08,0.0017298883758485317,0.002245828043669462,240.01968383789062,2.8799993742723018e-05,0.07103276252746582,0.0005438369116745889,290.71160888671875,1.5716136658738833e-07,294.50048828125,1.665307003406724e-08
medium_roughness_0171,medium_roughness,117.35600280761719,46.9010009765625,431.72625732421875,2.1172527908674965e-07,524.1705322265625,5.981259931786553e-08,666.7179565429688,0.005523045547306538,2.4761042993759474e-08,0.007459115702658892,0.0005509022157639265,85.44568634033203,9.314168892160524e-06,58.546817779541016,0.0001720154978102073,0.005462261848151684,1.537518073746469e-05,0.0006923758774064481,9.229753850092948e-09,70.39273071289062
medium_roughness_0028,medium_roughness,117.35600280761719,46.9010009765625,238.50918579101562,223.8535919189453,9.951767054872107e-08,484.3076171875,204.8890380859375,596.3264770507812,5.63578987121582,2.9405926582626307e-08,0.0021335247438400984,2.1292818175311368e-08,140.2166748046875,3.2025557761272694e-09,0.0014119937550276518,2.5112614210343054e-09,153.9435577392578,1.0774022030091146e-07,97.62786102294922,8.314501975803523e-09
low_roughness_0039,low_roughness,117.35600280761719,46.9010009765625,205.3798828125,59.377925872802734,0.0006061398307792842,190.96994018554688,0.016029439866542816,0.00816968735307455,174.43905639648438,2.5695948480120023e-08,4.3128051130381095e-10,3.7139866182478443e-10,0.010465793311595917,2.5635573663862488e-09,9.526308713248e-05,7.697767978598336e-10,146.18621826171875,6.155830334364509e-08,366.50738525390625,6.130939311788097e-09
low_roughness_0049,low_roughness,117.35600280761719,46.9010009765625,261.1474914550781,0.001613518688827753,392.08807373046875,9.352279306540368e-08,435.41253662109375,0.005888530984520912,1.0244878467347007e-05,325.7003479003906,9.568582026986405e-05,124.59844207763672,2.5476421797065996e-05,95.50389099121094,16.687255859375,29.652748107910156,1.1144837117171846e-05,385.2588806152344,5.842174687131774e-06,186.80259704589844
medium_roughness_0118,medium_roughness,117.35600280761719,46.9010009765625,278.7576904296875,636.5718383789062,0.00010319990542484447,409.1116027832031,0.026365945115685463,880.0358276367188,228.40293884277344,3.808648330050346e-08,8.660034356289259e-10,9.007381507331047e-10,0.0012800204567611217,3.816470695028329e-09,1.3249646144686267e-05,1.1135771194048516e-09,0.008052079007029533,8.832296316541033e-08,380.8167724609375,9.323138705497058e-09
medium_roughness_0086,medium_roughness,117.35600280761719,46.9010009765625,944.5448608398438,213.2432861328125,2.4477564863900625e-08,1.1095114160752928e-08,9.108301668447893e-08,353.8572692871094,3.3416814204656475e-08,2.7425233639633007e-08,4.0552164404239477e-10,4.141378906474813e-10,2.5445636708809616e-09,2.4444986035376814e-09,2.731667114730385e-10,5.820752213558933e-10,8.893740854887255e-09,6.194108692625377e-08,3.030542217175025e-08,6.237473204606658e-09
low_roughness_0017,low_roughness,117.35600280761719,46.9010009765625,353.6791687011719,1120.082763671875,1.2268856153241359e-08,1.062859045219966e-08,4.5050057018158896e-09,2.1666310967560776e-09,3.320416297469819e-08,3.572867868228968e-08,3.660418912421193e-10,3.670444226333558e-10,2.392252618221846e-09,2.5883246657087966e-09,2.344379967933463e-10,5.762371690920531e-10,8.213560498404604e-09,7.429882487031136e-08,2.959464318053051e-08,7.43736539021711e-09
low_roughness_0010,low_roughness,117.35600280761719,46.9010009765625,360.13275146484375,501.91839599609375,2.533890608447109e-08,457.3776550292969,214.23167419433594,463.4248046875,1225.1988525390625,1.6791918255876226e-07,3.9451664157752475e-09,3.957707495061413e-09,190.86268615722656,1.8121129485848542e-08,0.00030943748424761,4.721493418458067e-09,272.091064453125,2.701520145365066e-07,1223.8563232421875,4.869114889061166e-08
low_roughness_0098,low_roughness,117.35600280761719,46.9010009765625,0.000789014040492475,959.7810668945312,6.577691635811789e-08,410.39923095703125,0.0011218952713534236,6.598775144084357e-06,7.724691641897152e-08,6.375609018505202e-08,5.83076364968349e-10,5.93381288549466e-10,4.227075578455697e-09,4.043625434491105e-09,4.033655631729971e-10,8.878922042043769e-10,1.4781772250671565e-08,1.4320666252842784e-07,6.482535752638796e-08,1.1880591621604708e-08
low_roughness_0242,low_roughness,117.35600280761719,46.9010009765625,248.32754516601562,526.94091796875,2.9572978732517186e-08,462.265625,149.4705047607422,259.7843933105469,1230.8492431640625,2.0824209912007063e-07,6.0351057484808734e-09,6.925408342794981e-06,204.76882934570312,2.5780828138977085e-08,0.0009851210052147508,6.580486822116427e-09,257.3809509277344,3.0326421551762905e-07,1236.6669921875,6.585035805528605e-08
medium_roughness_0239,medium_roughness,117.35600280761719,46.9010009765625,586.1860961914062,103.45874786376953,373.39300537109375,0.0001124770860769786,473.37890625,408.0185852050781,2.048675362686936e-08,131.78744506835938,2.718573699489468e-10,2.385735498044994e-10,1.9517587546147297e-09,37.102508544921875,1.7724784140416006e-10,0.0004039054038003087,6.699341081883858e-09,0.0005583029123954475,1.857355513834591e-08,313.2189025878906
high_roughness_0158,high_roughness,117.35600280761719,46.9010009765625,672.2691650390625,497.6354064941406,5.0965926590151867e-08,267.76568603515625,3.947650206725939e-09,548.9954833984375,665.6626586914062,5.188041996007087e-08,4.605314185557319e-10,4.6285003607593467e-10,4.5698698158957995e-09,3.2667051286239257e-09,2.8729146839268083e-10,7.444883598495267e-10,1.5402335407088685e-08,1.2054691467255907e-07,0.0010579663794487715,9.619104623936892e-09
low_roughness_0308,low_roughness,117.35600280761719,46.9010009765625,268.781494140625,225.27879333496094,447.2865295410156,458.2807922363281,333.6663513183594,2.9494974569388432e-06,5.073172360425815e-06,275.7644958496094,0.0015411879867315292,119.44391632080078,3.218143683625385e-05,83.53988647460938,0.004113302566111088,0.014314073137938976,5.0816830480471253e-05,76.8387451171875,1.0743471648311242e-05,206.23992919921875
low_roughness_0317,low_roughness,117.35600280761719,46.9010009765625,358.4956970214844,595.3720703125,184.05828857421875,8.605000090255999e-08,0.020498216152191162,463.75604248046875,8.142374952058162e-08,585.6019897460938,7.34893312870355e-10,9.295735847736353e-10,7.957333458818994e-09,6.70706358505413e-05,8.222851288763877e-10,2.259981091157215e-09,2.944560506534799e-08,9.729155436843939e-08,7.548656810740795e-08,837.4472045898438
high_roughness_0165,high_roughness,117.35600280761719,46.9010009765625,162.50047302246094,501.248046875,297.2364196777344,494.5106201171875,1.6643440403640852e-07,2.646089001245855e-07,8.426325592836292e-08,3.839508266878511e-08,0.0006964887725189328,9.241859544317776e-08,6.84964884811734e-09,222.5775604248047,7.573338622890446e-10,2.76503513418902e-08,2.47919498264082e-08,1.2310762542711018e-07,7.602175600140981e-08,16.51797866821289
high_roughness_0250,high_roughness,117.35600280761719,46.9010009765625,579.6181030273438,0.0004979668301530182,730.0068969726562,4.782320672802598e-08,64.76074981689453,0.00030492068617604673,1.463247514266186e-07,1465.3582763671875,3.753434008046952e-09,3.741968512827043e-09,1.5078663651024726e-08,165.54840087890625,1.89123317007045e-09,7.862733797381338e-10,5.1170772508157825e-08,1451.570068359375,1.3210718918799103e-07,1467.19677734375
medium_roughness_0305,medium_roughness,117.35600280761719,46.9010009765625,908.6510009765625,0.01207428053021431,3.285352079274162e-08,1.4510666446199139e-08,7.450572780953735e-08,0.0009646503021940589,3.59714888986673e-08,4.289412913749402e-08,3.4700264883724685e-10,3.4924629854771183e-10,2.5076380971711387e-09,2.9830387049400997e-09,2.2785177911099908e-10,6.237731442482186e-10,8.567345943788496e-09,8.324312261720479e-08,3.149234117927335e-08,8.775450588416334e-09
high_roughness_0356,high_roughness,117.35600280761719,46.9010009765625,0.00025562228984199464,529.941162109375,27.49395751953125,4.357195280135784e-07,0.015913188457489014,3.1043666126606695e-07,1.716722550781924e-07,1.6350456633063004e-07,294.8259582519531,4.1384112137166085e-07,1.6384323231477538e-08,2.1762451396512006e-08,1.0462092525642674e-08,1.1319816195509702e-08,6.444122391258134e-08,2.890427310831001e-07,1.5134281738937716e-07,2.995572501163224e-08
low_roughness_0176,low_roughness,117.35600280761719,46.9010009765625,553.613037109375,365.8255920410156,2.9416302282925244e-08,651.8631591796875,694.3186645507812,128.57582092285156,1259.3641357421875,1.684192483253355e-07,4.107256312835261e-09,4.3130703453186925e-09,110.88569641113281,1.7561324838766268e-08,0.0001088804128812626,4.56255389025273e-09,231.009765625,2.7806567004518e-07,1258.6317138671875,4.5683297145160395e-08
medium_roughness_0358,medium_roughness,117.35600280761719,46.9010009765625,227.9178924560547,353.4142761230469,3.0402976136656434e-08,424.1380920410156,333.0390930175781,663.4078369140625,33.8333854675293,3.2033760533067834e-08,20.4844970703125,3.697683936820795e-08,86.78583526611328,0.039684075862169266,53.85493087768555,2.6590767365775037e-09,86.17206573486328,1.454253748534029e-07,48.88163375854492,69.1491470336914
medium_roughness_0256,medium_roughness,117.35600280761719,46.9010009765625,695.9683837890625,1080.218505859375,2.838299195673244e-08,271.1064147949219,3.750308508188027e-08,1.5113823081946975e-08,1.2793746861916588e-07,1.2688073525168875e-07,1.0058067712037655e-09,1.0233386360525287e-09,7.188043493755458e-09,7.59528795413189e-09,6.833242860437849e-10,1.5556920196502233e-09,2.4649789764907837e-08,2.4608436888229335e-07,1.0572365738426015e-07,2.3585100095147027e-08
low_roughness_0131,low_roughness,117.35600280761719,46.9010009765625,589.1083984375,256.97869873046875,350.5522155761719,0.0003626852121669799,151.64715576171875,421.2142639160156,2.422813238922572e-08,3.0440287590026855,3.3113792596850544e-05,3.533165982005926e-10,2.4709274626388833e-09,64.3775405883789,2.6354599058642236e-10,0.0005656600696966052,8.696554587572791e-09,0.0004668218025472015,2.2551121858782608e-08,289.8919677734375
medium_roughness_0280,medium_roughness,117.35600280761719,46.9010009765625,287.6723937988281,688.4354248046875,2.0789377330743264e-08,317.061279296875,254.7080078125,1.62734081765592e-09,468.8499755859375,1.655307073633594e-07,4.181703427974526e-09,4.45003323079618e-09,0.00531044602394104,1.9016045627040512e-08,4.904131492367014e-05,5.7128879404899635e-09,138.82049560546875,2.9655708999598573e-07,457.41461181640625,4.4185558323306395e-08
high_roughness_0317,high_roughness,117.35600280761719,46.9010009765625,97.10657501220703,431.749267578125,175.73179626464844,429.427490234375,0.000412351218983531,0.8461199998855591,0.0001424853253411129,2.2147995437649115e-08,5.1861043175449595e-06,2.3165111997514032e-05,12.890996932983398,2.039084012750436e-09,0.00014161784201860428,5.921398926744814e-10,187.9055633544922,5.495710198033521e-08,0.007935237139463425,4.8309996003581546e-09
low_roughness_0121,low_roughness,117.35600280761719,46.9010009765625,300.650390625,55.60255813598633,732.3545532226562,8.52859205480172e-09,0.0017614536918699741,9.452056026759692e-09,2.4265268905310222e-08,3.303335560644882e-08,5.080466602969125e-10,5.043748196875697e-10,2.4550070865103635e-09,3.1936133737531236e-09,2.976364710249868e-10,7.013110092657371e-10,8.521404915029507e-09,5.878608888565395e-08,2.2717374648095756e-08,8.84648798660237e-09
high_roughness_0351,high_roughness,117.35600280761719,46.9010009765625,574.9636840820312,0.011282599531114101,224.68223571777344,6.315131884093717e-08,170.8305206298828,0.008709555491805077,3.2973929364743526e-08,0.011309867724776268,3.119709213184052e-10,2.3959867423428705e-10,2.6360644778122833e-09,5.184358542464906e-06,1.9864868083807607e-10,3.5121425212558677e-10,9.153630742275709e-09,3.6696569338801055e-08,3.0206219747697105e-08,516.46923828125
high_roughness_0324,high_roughness,117.35600280761719,46.9010009765625,0.0033190976828336716,315.15069580078125,198.8480224609375,1.0801888704299927,1.6585700279847515e-07,9.710821151733398,7.304292637400067e-08,0.0007195285870693624,109.16592407226562,1.6348039366675948e-07,5.7900169103675125e-09,8.190296173095703,1.3465330539474962e-07,0.00012684785178862512,4.440107659320347e-08,0.0001823086349759251,5.50972210078271e-08,28.10021209716797
high_roughness_0206,high_roughness,117.35600280761719,46.9010009765625,447.3296203613281,873.5255126953125,2.0814253431922225e-08,124.05087280273438,1.0620079038403674e-08,6.52106324494639e-09,6.315613632068562e-08,6.645473149546888e-08,6.556879483810008e-10,6.617904557693066e-10,4.217668880812653e-09,4.5421146843693805e-09,4.2849923609367124e-10,9.773057918494032e-10,1.4868270170609321e-08,1.3387021624566842e-07,5.4962654871815175e-08,1.354771050898762e-08
high_roughness_0168,high_roughness,117.35600280761719,46.9010009765625,502.12738037109375,953.3087158203125,1.428049678509069e-08,1.3519703578879216e-08,6.043814337886033e-09,3.4733855791557744e-09,3.972547446551289e-08,4.6020350197295556e-08,6.298861432441072e-10,6.237458327618128e-10,3.494436962014902e-09,3.994671260443283e-09,3.862097031070988e-10,8.779766358379959e-10,1.218636569433329e-08,8.713443122587705e-08,3.652576552326536e-08,1.1160315338543114e-08
high_roughness_0329,high_roughness,117.35600280761719,46.9010009765625,560.3051147460938,0.0008844605763442814,363.9181823730469,4.515959517448209e-08,356.7707214355469,0.0014568540500476956,2.1297802277331357e-07,1296.38134765625,1.3682036614781623e-09,2.10968220670793e-09,2.0164211633755258e-08,77.38064575195312,2.1467096988914136e-09,3.1201572436856395e-09,7.317232331160994e-08,1194.7828369140625,1.8808118795732298e-07,1231.35205078125
high_roughness_0300,high_roughness,117.35600280761719,46.9010009765625,892.644287109375,283.1783142089844,582.9512329101562,2.0011604817682382e-08,2.4534458020752936e-07,269.4415283203125,1.4629497613327658e-08,141.90872192382812,2.5078855658833277e-10,2.4273671961339005e-10,1.4150478566676838e-09,3.749103416339494e-05,1.4422547878201186e-10,8.703685550059959e-10,4.694894251144888e-09,5.102340949747486e-08,1.2748591515787666e-08,208.97669982910156
high_roughness_0153,high_roughness,117.35600280761719,46.9010009765625,719.1904907226562,0.0004051056457683444,198.03427124023438,3.518891489306952e-08,388.8819274902344,0.0008054825011640787,2.0580169746153842e-07,1419.1298828125,1.8590744943480786e-08,1.5292680899392508e-08,3.593562425407981e-08,389.8656005859375,4.6650718843466166e-09,1.8051231620574981e-09,9.507043330359011e-08,1407.0859375,1.886904215098184e-07,1405.2657470703125
high_roughness_0198,high_roughness,117.35600280761719,46.9010009765625,693.349853515625,0.00038078633951954544,249.15830993652344,1.7499456816949532e-07,4.184585478128611e-08,1.9100554709439166e-05,2.0628970531788582e-08,1.73268936976001e-08,7.77000863649846e-09,6.859414813931153e-09,1.886355294189457e-09,0.00014459891826845706,4.909929685048553e-10,1.2525348536129854e-09,6.024317933395196e-09,7.479876273919217e-08,1.8464445972199428e-08,219.53024291992188
medium_roughness_0133,medium_roughness,117.35600280761719,46.9010009765625,953.927490234375,795.5997314453125,2.4061744596792778e-08,65.2255630493164,1.0497272384668577e-08,3.3000114285641757e-07,7.772072052603107e-08,6.925306195171288e-08,6.302731114793403e-10,6.421294607150685e-10,4.3700500995669245e-09,4.341959680687069e-09,4.341708936816957e-10,9.35282407077409e-10,1.5229282723794313e-08,1.4964952299578727e-07,6.58066596770368e-08,1.293330864626796e-08
medium_roughness_0039,medium_roughness,117.35600280761719,46.9010009765625,420.12310791015625,447.5755310058594,4.095211636467866e-08,218.0663299560547,99.81818389892578,141.8177947998047,341.955810546875,14.938918113708496,6.83224129716109e-07,3.959607784054242e-05,178.26356506347656,5.263834879087881e-08,4.178371906280518,2.592491199493452e-08,185.14022827148438,45.26677322387695,300.25665283203125,0.015603750944137573
high_roughness_0280,high_roughness,117.35600280761719,46.9010009765625,173.32655334472656,414.9151611328125,7.374354993316956e-08,378.9570007324219,215.91786193847656,520.8699340820312,273.63238525390625,0.0022831179667264223,9.165013761958107e-05,5.522208084585145e-05,133.63644409179688,1.6540746550219865e-09,0.0012186699314042926,6.213495828966131e-10,172.11097717285156,0.002258229535073042,287.7822265625,0.0021621661726385355
high_roughness_0307,high_roughness,117.35600280761719,46.9010009765625,302.2536315917969,0.003086287062615156,210.4757843017578,4.4520305664264015e-08,0.00395906763151288,0.001688420190475881,3.750995247742139e-08,9.208958363160491e-05,5.83176451574019e-10,5.771005895383041e-10,3.3383413811094442e-09,1.6095947685812462e-08,3.4631700285281397e-10,1.2296377249754187e-09,1.1781910558283926e-08,1.3359102979393356e-07,3.364250034110228e-08,30.248300552368164
medium_roughness_0370,medium_roughness,117.35600280761719,46.9010009765625,434.7287292480469,304.89044189453125,3.664348113829874e-08,474.4449157714844,705.9439697265625,730.8739624023438,1290.2073974609375,1.3955495603568124e-07,2.9984861260601292e-09,3.102271772803533e-09,111.1224136352539,1.3967794032510028e-08,0.00010898087202804163,3.4636999934889445e-09,430.5035705566406,2.4700486278561584e-07,1296.96923828125,3.65684265091204e-08
low_roughness_0027,low_roughness,117.35600280761719,46.9010009765625,371.46087646484375,425.2364501953125,219.32760620117188,2.5622439281391962e-08,0.023506134748458862,0.0011728432727977633,1.251574701655045e-07,1203.7630615234375,6.826482157329394e-10,8.258783101844358e-10,8.486352953696041e-09,0.00014311882841866463,7.361166121100382e-10,9.75406311276572e-10,3.020443273271667e-08,688.6229858398438,1.0737668532101452e-07,993.2327880859375
low_roughness_0275,low_roughness,117.35600280761719,46.9010009765625,668.469970703125,576.9666137695312,2.9612937879619494e-08,483.3765563964844,7.116441480548019e-08,5.267731495450789e-08,1.451702615895556e-07,1.356333285684741e-07,1.050555864523517e-09,1.0647738246660765e-09,8.173147492129829e-09,8.398609807613866e-09,6.870567448302722e-10,1.7443338995448698e-09,2.806082832762513e-08,2.5988046559177747e-07,1.1968856483690615e-07,2.5990464891378906e-08
medium_roughness_0119,medium_roughness,117.35600280761719,46.9010009765625,810.0505981445312,0.0015240731881931424,2.0538013245641196e-07,4.036291656461799e-08,2.0597819627710123e-07,91.49126434326172,4.268446218702593e-08,0.0012988209491595626,1.201063914990641e-09,1.8606166607426644e-09,3.5831779765516103e-09,6.371402605509502e-08,6.155968623744457e-09,6.754809156461761e-09,1.0818743234608519e-08,1.5825597188268148e-07,3.682361793266864e-08,0.0012434812961146235
high_roughness_0371,high_roughness,117.35600280761719,46.9010009765625,717.9765625,22.933670043945312,1.399024677084526e-05,4.3963686024994786e-09,0.0008729800465516746,2.447787608161889e-07,4.518963692135003e-07,2.0077056461786924e-08,3.045285690284061e-10,3.0886845858724143e-10,1.3780965701926107e-08,1.9049797295167537e-09,2.818621169797808e-10,5.494562027585914e-10,5.3624972906618495e-08,4.970275568894067e-08,72.96643829345703,4.542868303758496e-09
medium_roughness_0273,medium_roughness,117.35600280761719,46.9010009765625,514.0695190429688,0.001084621180780232,423.341064453125,4.162471611834917e-08,336.0447082519531,0.002077637007459998,1.6974438210581866e-07,1218.4168701171875,9.873408757243851e-10,8.723312627800794e-10,1.3673565391059128e-08,0.00015284820983652025,1.074157096603301e-09,1.0163845320931841e-09,4.849882628832347e-08,866.90576171875,1.4776367152080638e-07,1091.5731201171875
low_roughness_0060,low_roughness,117.35600280761719,46.9010009765625,234.1107940673828,0.009148377925157547,3.005564863656218e-08,71.18759155273438,0.004758521914482117,594.94091796875,9.690911184634388e-08,4.118947316555932e-08,6.731513124691446e-10,6.797715168538332e-10,6.877507008340444e-09,3.773518386651631e-09,4.2026984670151535e-10,9.383110954885865e-10,2.3930342152311823e-08,8.625804071016319e-08,1.293277165359541e-07,9.883663665277709e-09
high_roughness_0309,high_roughness,117.35600280761719,46.9010009765625,334.2261657714844,175.80087280273438,2.6022841659312235e-09,1.041750351760129e-06,1.3833549861175243e-09,2.3933297566003375e-09,5.462321084337418e-08,7.638279697630423e-08,1.590480422919427e-07,1.3301293400047598e-08,6.907283189860891e-09,74.07827758789062,6.463815260815409e-09,1.3688125299893272e-08,2.0112857157528197e-08,1.822615161017893e-07,4.8957954135175896e-08,2.5857144692054135e-07
low_roughness_0070,low_roughness,117.35600280761719,46.9010009765625,879.239501953125,3.2428042686660774e-06,470.630859375,5.704626460101281e-08,1.469072458348819e-06,482.2783508300781,1.610620437020316e-08,0.0046690343879163265,1.2489517198233102e-09,1.09767694933538e-09,1.669418159266911e-09,0.0027611723635345697,8.286791253198089e-10,7.109714351827279e-05,5.1537565326498225e-09,0.00010842234769370407,1.3540813803558649e-08,303.0577697753906
low_roughness_0103,low_roughness,117.35600280761719,46.9010009765625,428.1518249511719,4.44910313035507e-07,425.6009216308594,444.5598449707031,727.1063842773438,407.03082275390625,1.301172432022213e-07,640.4965209960938,6.374192285107938e-10,6.570073929346165e-10,7.808070634496289e-09,3.607054432919199e-09,4.717674029208752e-10,2.432072099267657e-09,2.576170743395778e-08,0.0031398823484778404,1.0696091834461185e-07,0.0014841522788628936
medium_roughness_0285,medium_roughness,117.35600280761719,46.9010009765625,0.0014853670727461576,423.8473205566406,114.49440002441406,4.088146265956993e-09,0.003643353469669819,9.164719538823363e-10,1.8586064243208966e-08,1.9868904743702842e-08,3.052746944121054e-10,2.9950836255565605e-10,1.7778899463749553e-09,1.9025758746238353e-09,1.7874027258280023e-10,4.556689747747811e-10,6.0256160061555875e-09,3.8960681791877505e-08,1.7562161502837625e-08,4.993582436441102e-09
low_roughness_0076,low_roughness,117.35600280761719,46.9010009765625,775.876220703125,797.9310913085938,1.7026279053311555e-08,75.01689147949219,9.826089275577488e-09,6.50335074681152e-09,5.355076737600939e-08,5.481357945313903e-08,4.66546967725634e-10,4.676284914850726e-10,3.501829715091276e-09,3.7044938228092406e-09,2.911890450985055e-10,8.008733676234669e-10,1.2002904448138452e-08,1.1380654996173689e-07,4.668518727157789e-08,1.089139445298315e-08
medium_roughness_0142,medium_roughness,117.35600280761719,46.9010009765625,387.0014343261719,349.4521179199219,9.174593174066104e-08,533.9370727539062,272.04278564453125,334.9908447265625,386.04498291015625,5.744939457485998e-08,8.913300098001287e-10,8.337938117719546e-10,0.0016965999966487288,6.098679783406169e-09,0.0001039121052599512,2.0385164667402478e-09,0.007890453562140465,1.3610485893877922e-07,401.2696838378906,1.3585956359918328e-08
low_roughness_0102,low_roughness,117.35600280761719,46.9010009765625,252.28009033203125,784.8785400390625,419.5714416503906,453.5282897949219,6.762727622344755e-08,6.384778261647739e-10,5.731936880692956e-08,2.6818918641424716e-08,3.277600413298387e-10,3.581304142130648e-10,6.486193360188963e-09,2.8405453544877446e-09,4.940093334404594e-10,7.489305287045056e-10,2.030012424825145e-08,5.632060506854941e-08,6.749326075805584e-08,6.634401028549064e-09
high_roughness_0063,high_roughness,117.35600280761719,46.9010009765625,513.73486328125,0.0038560021203011274,0.0023823047522455454,8.495977965594648e-08,122.10447692871094,0.0025728633627295494,5.649716072753108e-08,965.3333129882812,3.8828446013994267e-10,5.568223104823744e-10,4.46602710368893e-09,0.00015632495342288166,4.657396690532778e-10,2.5918062140917186e-10,1.6515629752689165e-08,6.221519299742795e-08,5.2098176439585586e-08,1050.6441650390625
high_roughness_0049,high_roughness,117.35600280761719,46.9010009765625,111.00138092041016,602.58056640625,6.353499948374974e-09,477.35748291015625,0.016286076977849007,0.045996230095624924,0.0004290043725632131,2.6435177602479598e-08,4.970810985049923e-10,5.26975629799864e-10,0.00012487350613810122,2.6604007885566716e-09,3.907257017932153e-10,8.016100006003057e-10,0.00048492991481907666,6.393717910668784e-08,224.11163330078125,6.3629594926339905e-09
low_roughness_0263,low_roughness,117.35600280761719,46.9010009765625,551.9191284179688,0.0012108462397009134,280.8571472167969,1.3459322190101375e-07,682.1036376953125,0.0004911480937153101,6.617847958523271e-08,721.0506591796875,4.006733278494323e-10,5.370055511377814e-10,5.068824915355208e-09,4.9347807362210006e-05,4.957120269821758e-10,3.5100730655379664e-10,1.8876448848459404e-08,8.479561586227646e-08,6.061075197294485e-08,857.3441772460938
low_roughness_0358,low_roughness,117.35600280761719,46.9010009765625,565.7479248046875,404.56353759765625,440.2586364746094,0.0009293018374592066,146.71768188476562,441.75128173828125,2.034396295869101e-08,31.589597702026367,0.0002014267520280555,2.9099361809059587e-10,2.1887613943505357e-09,138.2568817138672,2.53356918777925e-10,0.0008465949213132262,7.663608414532064e-09,0.0005747746909037232,1.869104515606068e-08,272.8054504394531
medium_roughness_0156,medium_roughness,117.35600280761719,46.9010009765625,576.7998046875,0.0011360117932781577,52.0446662902832,1.1858919890528341e-07,270.12908935546875,0.0013899696059525013,1.483098799326399e-07,1260.4638671875,1.05021336072042e-09,1.5901133743057017e-09,1.2861845810618888e-08,45.38071060180664,1.3789240860262453e-09,3.5757223848520425e-09,4.822458876674318e-08,993.940673828125,1.311770461143169e-07,1230.0140380859375
high_roughness_0003,high_roughness,117.35600280761719,46.9010009765625,635.5203247070312,2.6987621026819397e-07,514.413330078125,6.825187170989011e-08,484.88372802734375,381.3478698730469,3.2289017326547764e-07,1411.378662109375,9.87228432336451e-09,1.1257847987167224e-08,6.45916031771776e-08,407.06976318359375,8.003057772043576e-09,1.6458427509746798e-08,1.7161119103548117e-07,1466.3555908203125,2.9720064276261837e-07,1476.0528564453125
medium_roughness_0395,medium_roughness,117.35600280761719,46.9010009765625,1.32326922752668e-08,443.40460205078125,346.02386474609375,7.576882232740445e-09,445.00775146484375,6.899629201306823e-10,6.124525953055127e-08,2.1682817319401693e-08,1.4768070100146247e-09,8.098846926429815e-09,0.0007043677032925189,2.597875470300437e-09,4.660509311804617e-09,8.68837612966189e-10,38.93893051147461,4.966939926021041e-08,0.00011871688184328377,5.482965637071402e-09
medium_roughness_0253,medium_roughness,117.35600280761719,46.9010009765625,463.5544128417969,980.8582763671875,3.9735706280907834e-08,3.7807467379025184e-08,3.1962443802768803e-10,8.221264579333365e-05,4.43213679091059e-08,5.156080007395758e-08,4.890097771159674e-10,4.902639960668864e-10,3.0455367117099286e-09,3.458089370411699e-09,3.156555572481068e-10,7.454617478863668e-10,1.0691784346761324e-08,1.04438541370655e-07,3.857735109136229e-08,1.0432859021136665e-08
medium_roughness_0261,medium_roughness,117.35600280761719,46.9010009765625,4.225895736453822e-06,726.2927856445312,466.67987060546875,471.7117004394531,0.005583137273788452,8.509775106801953e-09,140.29214477539062,8.237059319071705e-07,138.5325164794922,0.0010627307929098606,32.60752868652344,8.887560397852212e-06,0.021520819514989853,0.00036612487747333944,39.9838752746582,0.00017901480896398425,95.89109802246094,0.004341352265328169
low_roughness_0327,low_roughness,117.35600280761719,46.9010009765625,443.024169921875,465.6278381347656,6.059052992668512e-08,616.7055053710938,362.4734802246094,450.4400329589844,806.16845703125,4.014195909007867e-08,1.4858911526971497e-05,2.0717723600682802e-05,126.63863372802734,3.2910139058373034e-09,0.0005728639662265778,8.879498247793549e-10,203.33535766601562,8.818980745672889e-08,848.6740112304688,9.087300689714084e-09
low_roughness_0363,low_roughness,117.35600280761719,46.9010009765625,0.0039309123530983925,535.9077758789062,9.072324047565417e-08,1.1569987634629797e-07,0.0028965568635612726,3.057774620174314e-06,2.0980451154173352e-07,1.7860743639630527e-07,1.2432059293132625e-06,148.4860076904297,4.078497409820557,4.468151004743959e-08,1.4950161641991144e-07,1.5647334095092447e-08,8.199654257623479e-05,2.696446870231739e-07,2.094626410098499e-07,7.01347886433723e-08
low_roughness_0289,low_roughness,117.35600280761719,46.9010009765625,479.3021240234375,9.040136887961125e-07,210.12973022460938,0.00024770639720372856,2.7783002565229253e-07,415.48345947265625,1.6400768743096705e-08,0.004376986995339394,2.6534732189276156e-09,3.538866755192771e-09,1.8452889216646895e-09,0.0010355019476264715,2.5043698670401682e-08,8.799283968130567e-09,7.360243081677709e-09,0.0002336406469112262,1.4112454316261847e-08,142.66656494140625
low_roughness_0299,low_roughness,117.35600280761719,46.9010009765625,838.1856689453125,649.4780883789062,1.0385924120726031e-08,5.968071814521636e-09,2.36330466307777e-09,2.178361935278872e-09,2.382804886735812e-08,2.55851286823372e-08,3.138587445494778e-10,3.137857196300331e-10,1.9146437768569058e-09,2.061873338732312e-09,2.0010973433848278e-10,4.75069594774169e-10,6.55485710154835e-09,5.233960820305583e-08,2.1754981816002328e-08,5.702436745025352e-09
low_roughness_0222,low_roughness,117.35600280761719,46.9010009765625,420.0447998046875,1017.171875,2.7011584080582907e-08,432.60235595703125,276.8218688964844,5.03499419934883e-09,9.95244249679672e-07,1.2584868613885192e-07,1.68908054209993e-09,1.7304688793018386e-09,2.5673314141272385e-08,1.1045451664415395e-08,1.1666182464509234e-09,2.7047402095803363e-09,8.382994565181434e-08,2.5020767679961864e-07,9.534446689940523e-07,2.8728848633363668e-08
high_roughness_0244,high_roughness,117.35600280761719,46.9010009765625,550.4823608398438,1.2833314144700125e-07,1.164341938419966e-05,4.6189981617317244e-08,159.82608032226562,502.7047424316406,1.0596309607535659e-07,238.820068359375,3.0782763005277047e-09,7.192963447089085e-10,7.862708706340982e-09,1.7856903511415112e-08,4.469680736640669e-10,1.9976889031880773e-09,2.7838208183084134e-08,1.1533864352486489e-07,9.401912137718682e-08,500.1271667480469
high_roughness_0304,high_roughness,117.35600280761719,46.9010009765625,733.4115600585938,496.0753479003906,4.0913000987075065e-08,3.0425815200629813e-09,4.805176700983793e-09,249.1709442138672,4.283640464564087e-08,2.996812398237125e-08,4.0625555697282323e-10,4.1470701872547977e-10,2.8788182948602525e-09,2.3945032623373663e-09,2.718651692656948e-10,5.821495507873919e-10,1.0150540852293943e-08,6.750716607939466e-08,3.947780058410899e-08,6.470587177176412e-09
medium_roughness_0224,medium_roughness,117.35600280761719,46.9010009765625,406.0483703613281,0.0005469925235956907,0.01955919899046421,3.9485104963432605e-08,250.3855438232422,0.0002774834574665874,1.2451388897716242e-07,1457.9713134765625,3.724665020854445e-09,3.548714877510406e-09,1.3261369780082077e-08,143.26254272460938,1.6846823935878774e-09,3.891528432831137e-09,4.4237335572461234e-08,1420.1640625,1.1172417657689948e-07,1459.8365478515625
high_roughness_0246,high_roughness,117.35600280761719,46.9010009765625,501.7332458496094,637.1734619140625,2.396542342353314e-08,0.007267022039741278,2.2288988432705992e-08,4.690696275844175e-09,8.046362154345843e-08,7.870875151638757e-08,7.975198279552842e-10,8.0776924038517e-10,5.224423116345633e-09,5.409627412689133e-09,5.312384421252148e-10,1.1616712036754961e-09,1.840502328320781e-08,1.5773869677104813e-07,6.990520518002086e-08,1.6053972373697434e-08
low_roughness_0395,low_roughness,117.35600280761719,46.9010009765625,179.13043212890625,243.7598114013672,6.802015661833138e-08,126.08363342285156,179.40220642089844,364.4989013671875,0.0005996644613333046,6.09960224551287e-08,0.0019816504791378975,0.0016196542419493198,92.12580108642578,6.183021650230103e-09,0.0025107001420110464,1.9594050172599964e-05,92.67784118652344,1.388819583780787e-07,0.001981541980057955,1.4292540484461824e-08
high_roughness_0173,high_roughness,117.35600280761719,46.9010009765625,547.3361206054688,442.0083923339844,5.43677245445906e-08,730.397216796875,276.3607177734375,418.9631042480469,1339.1456298828125,1.6033477834298537e-07,5.8307776384936005e-09,6.324639922894448e-09,217.0972900390625,1.999031873367585e-08,0.00039684961666353047,5.772681888061015e-09,736.677978515625,2.692101759294019e-07,1330.8831787109375,4.884453730369387e-08
low_roughness_0162,low_roughness,117.35600280761719,46.9010009765625,551.9638061523438,1.0837149488907016e-07,320.962646484375,1.0944392947465076e-08,179.24725341796875,730.3192138671875,2.171848478838001e-07,1298.5286865234375,2.006456556458147e-09,2.3564854512159172e-09,1.8911151755673927e-08,57.624351501464844,1.914497671506865e-09,4.097498784716436e-09,6.555835341259808e-08,1236.503173828125,1.8881516439250845e-07,1190.9024658203125
low_roughness_0100,low_roughness,117.35600280761719,46.9010009765625,928.7935791015625,953.3851928710938,1.937235971638529e-08,397.11181640625,4.207207915385425e-09,9.748269036435886e-08,4.305560352690918e-08,4.7781995249351894e-08,4.423880428650051e-10,4.455967539396255e-10,2.7978885874802017e-09,3.088203248680088e-09,2.92369434218287e-10,6.677102759589104e-10,9.721638605242333e-09,1.0058268884449717e-07,3.730646014332706e-08,9.25314402877575e-09
medium_roughness_0236,medium_roughness,117.35600280761719,46.9010009765625,599.5216064453125,1.8505333798657375e-07,276.50567626953125,144.7023162841797,550.0745849609375,63.488250732421875,1.606588000413467e-07,848.4783325195312,1.122385961949135e-09,1.1213011630317737e-09,1.309058106357952e-08,6.509729644221807e-09,6.782562289586735e-10,6.577387523520883e-09,4.077822168824241e-08,525.2708129882812,1.3492621064870036e-07,55.30396270751953
medium_roughness_0195,medium_roughness,117.35600280761719,46.9010009765625,413.0849609375,316.0262451171875,8.652068572700955e-08,520.3132934570312,333.3556213378906,478.7966003417969,420.9928283691406,6.219146087005356e-08,1.1445296932421911e-09,1.12097187088267e-09,92.09101104736328,5.495162103130724e-09,0.0002577640116214752,1.5498131666902282e-09,205.41189575195312,1.3654505437443731e-07,546.2125244140625,1.4648483315227168e-08
medium_roughness_0371,medium_roughness,117.35600280761719,46.9010009765625,427.4689636230469,863.992919921875,4.822559773742796e-08,0.035624321550130844,320.1533203125,274.1429748535156,3.8407031865972385e-07,1.3670663179254916e-07,207.35821533203125,53.91081237792969,0.0009818922262638807,1.9494998455047607,0.0038822065107524395,0.009083783254027367,0.0005224324413575232,2.7863399054695037e-07,4.029354840895394e-07,0.0030429833568632603
high_roughness_0113,high_roughness,117.35600280761719,46.9010009765625,383.49737548828125,482.4593811035156,2.2396763554866084e-08,346.5750732421875,389.15777587890625,205.66184997558594,1078.4365234375,1.3295426981585479e-07,1.6515966372310231e-09,1.8787145172893815e-09,131.0530548095703,1.1739872185501099e-08,0.000259371823631227,2.8615250169394812e-09,220.10882568359375,2.2480530503798946e-07,1081.73974609375,3.396118231080436e-08
high_roughness_0177,high_roughness,117.35600280761719,46.9010009765625,0.0013253135839477181,528.0607299804688,3.385550328971476e-08,169.12464904785156,0.0009361389675177634,294.4223327636719,4.239455719812213e-08,4.290010124918808e-08,3.408658910686313e-10,3.433421880139065e-10,2.3954627170752474e-09,2.5321691410340463e-09,2.268340654199008e-10,5.56103774140837e-10,8.289593012023033e-09,9.651306953628591e-08,3.553993366267605e-08,7.669677337673875e-09
medium_roughness_0071,medium_roughness,117.35600280761719,46.9010009765625,275.1089172363281,0.0037894758861511946,194.84027099609375,2.3226054679525987e-07,191.7974853515625,0.0032859190832823515,2.6114392426279665e-08,587.4625244140625,4.960877930670904e-09,2.0093837704848738e-08,2.0491353058815776e-09,0.0005990010686218739,2.372029239694484e-09,1.4511142865103466e-07,1.1646823061539635e-08,0.0004469350096769631,2.1760167001616537e-08,507.50396728515625
medium_roughness_0216,medium_roughness,117.35600280761719,46.9010009765625,117.29139709472656,0.011228712275624275,0.000800974084995687,41.77880096435547,0.005750313401222229,337.779052734375,38.938167572021484,4.073391579595409e-08,9.348258833696832e-10,0.00014310612459667027,124.55882263183594,4.287946442360635e-09,0.0008939182735048234,1.1776737363078382e-09,181.36842346191406,8.557257302754806e-08,234.0498809814453,1.0946042294790459e-08
low_roughness_0156,low_roughness,117.35600280761719,46.9010009765625,304.3961181640625,140.2711944580078,7.594537976274296e-08,543.5779418945312,307.2030944824219,238.38035583496094,651.439697265625,1.3154429545636503e-08,8.173954291201824e-10,2.332593496134905e-08,164.7605743408203,9.284059077074858e-10,0.0007317389827221632,4.2858752657970456e-10,263.440673828125,3.540043280736427e-08,715.4630737304688,2.58812238307371e-09
low_roughness_0186,low_roughness,117.35600280761719,46.9010009765625,413.68157958984375,0.02072972245514393,510.4866943359375,2.451504599321197e-07,473.1860046386719,0.002974966075271368,3.788109950164653e-07,3.0653483867645264,6.501798566205252e-07,212.3464813232422,0.011581429280340672,39.15288162231445,1.8545268176239915e-05,3.1101276363187935e-06,0.014103831723332405,0.002001549117267132,2.877358156183618e-07,48.58228302001953
medium_roughness_0007,medium_roughness,117.35600280761719,46.9010009765625,544.9890747070312,182.0674285888672,396.6709289550781,2.7793007006948756e-08,356.91717529296875,403.57916259765625,2.6019418442047026e-07,1202.64404296875,3.7140308606353756e-09,4.119353747000787e-09,2.526270570513134e-08,0.0004160050884820521,2.904392726321703e-09,9.312222104540524e-10,8.558399855473908e-08,995.9820556640625,2.3349559796770336e-07,956.6119995117188
medium_roughness_0134,medium_roughness,117.35600280761719,46.9010009765625,504.53857421875,694.2611083984375,2.1585064402529497e-08,311.160400390625,7.679719082887004e-09,5.521069379454957e-09,6.256373552560035e-08,6.734460811230747e-08,6.401776886377775e-10,6.461013946079674e-10,4.126061270426362e-09,4.498891925663884e-09,4.200639003304474e-10,9.588911886737606e-10,1.4424350602837421e-08,1.3569854218076216e-07,5.425967586347724e-08,1.3491264105880418e-08
high_roughness_0367,high_roughness,117.35600280761719,46.9010009765625,520.8695678710938,825.220947265625,1.7127936402516752e-08,5.28524068954539e-09,5.717923912129663e-09,4.017334021000352e-09,4.697324484936871e-08,4.8430603527549465e-08,5.2317794541068e-10,5.258480872960547e-10,3.3468654514479113e-09,3.5436014123035875e-09,3.374291124291773e-10,7.824271786027737e-10,1.1750961981249475e-08,9.916126941789116e-08,4.16936885017094e-08,1.0253379478797342e-08
medium_roughness_0051,medium_roughness,117.35600280761719,46.9010009765625,32.47640609741211,553.7465209960938,4.585833579540122e-08,617.8417358398438,577.324462890625,843.3624267578125,1254.05322265625,1.1872408833824011e-07,3.0209952317505895e-09,3.205091969604723e-09,72.9985580444336,1.2265674698141993e-08,3.349763574078679e-05,3.3556608602935967e-09,241.27003479003906,2.2392394782855263e-07,1271.77783203125,3.1262167965451226e-08
high_roughness_0288,high_roughness,117.35600280761719,46.9010009765625,262.13372802734375,203.32994079589844,178.51390075683594,331.2731628417969,0.00013754836982116103,301.0078430175781,0.00023614185920450836,1.5452801704896046e-08,6.449821232656916e-10,7.159551840274503e-10,3.1690404284745455e-05,1.187793530199599e-09,3.876260645796492e-09,3.2793698312438835e-10,5.8893809182336554e-05,3.98926722766646e-08,213.68246459960938,3.0536220219090637e-09
medium_roughness_0089,medium_roughness,117.35600280761719,46.9010009765625,223.11892700195312,0.008118893019855022,2.454718028843672e-08,128.3885955810547,164.455322265625,0.0026686228811740875,368.3602294921875,1.3726197778396454e-07,1.735638743838308e-09,1.8568198090207488e-09,6.961295730434358e-05,1.4858518859739434e-08,2.2781259758630767e-05,3.6388065893788735e-09,1.2454678710582812e-07,2.5508734324830584e-07,349.4732666015625,3.3999942417040074e-08
medium_roughness_0372,medium_roughness,117.35600280761719,46.9010009765625,728.8604736328125,218.15890502929688,1.696216500590708e-08,7.114632882831984e-09,3.4064382425924578e-09,116.87386322021484,3.434814033198563e-08,3.154915617642473e-08,3.661291547718548e-10,3.6810868242476147e-10,2.6241953055006206e-09,2.5576722961773157e-09,2.2895657592059138e-10,5.927240920300392e-10,9.000551415283553e-09,6.601420921015233e-08,3.148345584236267e-08,6.963077670008033e-09
low_roughness_0033,low_roughness,117.35600280761719,46.9010009765625,44.31868362426758,212.1652374267578,121.00054168701172,23.489830017089844,162.5665283203125,2.5033773454197217e-07,1.7716066622597282e-06,0.0010353518882766366,86.34246826171875,1.6863819837453775e-05,3.5809947007692244e-07,218.25146484375,2.9292750696185976e-06,0.014820652082562447,2.51170740739326e-06,1.802722727006767e-05,1.1662178849292104e-06,117.40534210205078
medium_roughness_0398,medium_roughness,117.35600280761719,46.9010009765625,264.1899719238281,631.8466186523438,9.151208502089503e-08,1.238483804399948e-08,0.0012763956328853965,1.6174425354620325e-08,4.633239569784564e-08,1.0911153225379167e-07,9.992251470691826e-10,9.712015636154092e-10,4.5276697946405875e-09,8.225648606696723e-09,5.493053234495449e-10,1.517840964027073e-09,1.56680304286283e-08,1.5713558809693495e-07,4.098603056945649e-08,2.7499613253212374e-08
high_roughness_0160,high_roughness,117.35600280761719,46.9010009765625,364.5330810546875,0.008170855231583118,601.1665649414062,2.862141634807358e-09,266.44720458984375,2.998428669798159e-07,0.0007496302714571357,2.6865507152251666e-08,0.0004143792612012476,4.752267837524414,111.55339050292969,2.5502144840316987e-09,0.0030582190956920385,7.007320279583951e-10,118.08203887939453,6.207567793126145e-08,0.001831498579122126,6.437326227626272e-09
high_roughness_0391,high_roughness,117.35600280761719,46.9010009765625,196.65188598632812,43.188331604003906,0.0003527931112330407,366.2767333984375,172.6941680908203,221.54934692382812,243.4604949951172,3.437815720985782e-08,5.568849825721145e-10,7.681678071413955e-10,0.0022401015739887953,3.202897946863459e-09,0.00011629023356363177,9.757895602646727e-10,0.013775965198874474,8.564441600356076e-08,350.4805908203125,7.917049238415075e-09
medium_roughness_0284,medium_roughness,117.35600280761719,46.9010009765625,903.0062866210938,5.45799446105957,498.4593200683594,4.1412487661318664e-08,0.00021021899010520428,0.00363452872261405,2.7729415208455066e-08,0.00021823860879521817,47.787841796875,1.4869637254832924e-07,3.504535772691497e-09,157.28460693359375,1.5608724313054267e-09,6.1002050642855465e-05,1.133424820665141e-08,2.6430033273072695e-08,2.6683041554065312e-08,0.01232180930674076
medium_roughness_0047,medium_roughness,117.35600280761719,46.9010009765625,523.4014282226562,13.088215827941895,33.84819412231445,6.292251697459506e-08,3.2024460860924364e-09,42.27950668334961,1.2288569450902287e-07,9.598582551006984e-08,2.4495625527976017e-09,2.8394078199767137e-09,1.0518457216335264e-08,9.944040257892084e-09,7.677991575860688e-09,2.096437246024152e-09,3.17418837880723e-08,1.937813465247018e-07,1.1667818711202926e-07,2.48317508777518e-08
medium_roughness_0032,medium_roughness,117.35600280761719,46.9010009765625,968.423583984375,393.38018798828125,1.626060175397015e-08,1.549102393028079e-07,4.881572408521606e-07,46.7332878112793,4.5111988811186166e-08,3.4274975746484415e-08,3.617808275180323e-10,3.7658953733199496e-10,3.3060001403129036e-09,3.2810107963854307e-09,2.602858761857618e-10,7.09460101777637e-10,1.1505711938752938e-08,7.828145953681087e-08,4.040612822109324e-08,8.220284009041734e-09
low_roughness_0219,low_roughness,117.35600280761719,46.9010009765625,1.361009481115616e-06,763.9132080078125,222.28665161132812,424.366455078125,0.0004723916936200112,3.035423246089408e-09,3.19729764441945e-07,9.373727749562022e-08,123.71881866455078,6.754953574272804e-08,24.71950912475586,1.6101604671803216e-07,0.0006275036139413714,3.443820872917058e-08,23.554676055908203,2.461604253767291e-07,3.8711289107595803e-07,1.3545430022077198e-07
low_roughness_0330,low_roughness,117.35600280761719,46.9010009765625,964.642578125,131.0771484375,216.12779235839844,3.096159550963762e-09,9.217619663104415e-07,64.80485534667969,9.418155144658158e-08,730.6581420898438,4.598432745694936e-10,6.001514840647815e-10,5.520816692694552e-09,5.856020948158402e-07,2.3640200907948383e-10,1.7492616244396686e-09,1.770449564730825e-08,60.729732513427734,7.507934896011648e-08,0.006523313000798225
low_roughness_0086,low_roughness,117.35600280761719,46.9010009765625,382.8292236328125,832.5552368164062,2.8227184145634965e-08,212.2208251953125,180.98956298828125,2.196129944564973e-09,427.3434143066406,9.966660030613639e-08,1.8265337020650918e-09,2.088722084181427e-09,0.005794470198452473,1.2656840020497384e-08,0.0001743945322232321,4.45734738008241e-09,71.13996887207031,1.9883660229425004e-07,428.3029479980469,2.573396074012635e-08
high_roughness_0392,high_roughness,117.35600280761719,46.9010009765625,498.50836181640625,451.5365905761719,3.915392809972218e-08,230.9350128173828,487.021484375,528.8663940429688,554.1868286132812,7.628393206005057e-08,1.6680686831804792e-09,1.6688260773278785e-09,18.1097412109375,8.205026880148125e-09,0.00014373293379321694,2.5736106579188345e-09,211.20252990722656,1.5939744457682536e-07,564.3871459960938,1.9524188488162508e-08
low_roughness_0084,low_roughness,117.35600280761719,46.9010009765625,539.0039672851562,617.0244140625,663.1439208984375,4.996821623137748e-09,2.1202877231729644e-09,1.3365882844951216e-09,1.6897196530862857e-08,1.6814954761912304e-08,2.5044008533647855e-10,2.4852811475462033e-10,1.616941802673466e-09,1.6333268071377915e-09,1.5123466368116567e-10,3.998724962261946e-10,5.410979220243917e-09,3.3584544922860005e-08,1.605072696975185e-08,4.161008870795513e-09
high_roughness_0020,high_roughness,117.35600280761719,46.9010009765625,752.9302368164062,294.3673095703125,553.1552124023438,1.3189754177744817e-08,5.585151541254163e-08,0.41749659180641174,7.324182593748674e-09,248.33322143554688,2.372467222677699e-10,2.0951609891461942e-10,7.420655756540384e-10,1.3845541602108824e-08,1.6603829422479066e-10,3.763353240149314e-10,2.3396549142518097e-09,2.865883175218187e-07,6.4850183001397e-09,108.03485870361328
high_roughness_0061,high_roughness,117.35600280761719,46.9010009765625,792.7097778320312,607.6376953125,625.3867797851562,6.679415065491412e-08,5.0609419304237235e-06,96.86410522460938,1.3676245202987047e-07,0.00016882564523257315,1.7495429105451876e-08,5.7232346534729,7.644327837397213e-08,0.0003212758747395128,1.1618329835982877e-06,9.804311957850587e-06,3.8310895433824044e-07,4.209919097775128e-06,1.9319732302847115e-07,0.0007989169680513442
low_roughness_0313,low_roughness,117.35600280761719,46.9010009765625,413.3067626953125,1.582997413152043e-07,601.6997680664062,1.0908047798352527e-08,356.3529968261719,314.75579833984375,1.9776283011196938e-07,1169.7239990234375,9.2076285485021e-10,8.305874876768371e-10,1.5285797516639832e-08,0.00026976846856996417,1.0359171298546244e-09,3.4228768708288726e-09,5.24162331316802e-08,848.2860717773438,1.703954097820315e-07,953.0736083984375
high_roughness_0332,high_roughness,117.35600280761719,46.9010009765625,59.35820388793945,2.710547960305121e-06,392.4706115722656,29.194515228271484,11.241589546203613,30.666040420532227,3.395068779354915e-05,58.25257873535156,0.0011881116079166532,71.85238647460938,6.496960122603923e-05,25.94133758544922,2.201099157333374,22.532323837280273,0.0001378202869091183,33.20436477661133,2.492845305823721e-05,29.19100570678711
medium_roughness_0012,medium_roughness,117.35600280761719,46.9010009765625,452.12652587890625,923.968994140625,5.349748022354106e-08,214.212646484375,151.15928649902344,2.549666078266455e-08,401.5267639160156,8.549247354494582e-08,2.9405125587800285e-06,1.879223964351695e-05,13.282347679138184,1.0202404254755493e-08,0.00020536055671982467,3.605926224281575e-09,172.9266357421875,1.8546606384006736e-07,412.670166015625,2.076983740550986e-08
low_roughness_0262,low_roughness,117.35600280761719,46.9010009765625,816.079833984375,205.10317993164062,205.5618438720703,0.0002862352994270623,0.0002707554667722434,234.64622497558594,9.471707862473977e-09,379.88311767578125,5.153625859399824e-10,5.361949773075025e-10,8.881987922926271e-10,0.5703852772712708,4.438561740371938e-10,9.763187699718401e-05,2.7705664429333865e-09,125.80885314941406,7.963528503296402e-09,389.31695556640625
low_roughness_0165,low_roughness,117.35600280761719,46.9010009765625,411.93450927734375,879.5673217773438,1.9456196653777624e-08,343.59228515625,301.7997131347656,1.3171093105057707e-09,934.6488647460938,1.126716639987535e-07,2.400003751290569e-09,2.823578704180818e-09,111.88137817382812,1.1072366135067568e-08,4.2810923332581297e-05,3.161263029127781e-09,227.967529296875,2.0074709539130708e-07,918.4183349609375,2.8632621607016517e-08
high_roughness_0004,high_roughness,117.35600280761719,46.9010009765625,225.9664306640625,475.8703918457031,0.0006925798952579498,363.8583068847656,0.09278912842273712,509.14862060546875,257.49658203125,3.846346885438834e-08,7.393163303781591e-10,6.992900147828607e-10,24.593074798583984,3.764431877328889e-09,0.0002298447216162458,1.0892469148870987e-09,178.97299194335938,8.857415423335624e-08,359.36920166015625,9.33142896286654e-09
low_roughness_0314,low_roughness,117.35600280761719,46.9010009765625,452.7500915527344,662.2523193359375,45.849510192871094,4.163867028950108e-09,0.0003489297814667225,1.2512073599424411e-09,1.7138493291213308e-08,1.817148920224554e-08,3.0270266848653193e-10,3.0253988203554627e-10,1.6417691650616462e-09,1.7391516005105245e-09,1.8980406135682415e-10,4.2135259170628103e-10,5.6342277510168515e-09,3.598905706780897e-08,1.6180596418280402e-08,4.531064412560681e-09
high_roughness_0364,high_roughness,117.35600280761719,46.9010009765625,367.61004638671875,92.7619400024414,128.75433349609375,0.00045522922300733626,118.24139404296875,355.112548828125,2.0882133355826227e-08,192.54013061523438,0.00018408754840493202,2.371886330365669e-05,1.7715700018072766e-09,171.67153930664062,2.0377768916723937e-10,0.001112451427616179,6.198466628859478e-09,0.001013194676488638,1.7797500362348728e-08,300.3890380859375
low_roughness_0185,low_roughness,117.35600280761719,46.9010009765625,314.8138427734375,0.0010290909558534622,226.1797637939453,6.623758252999323e-08,0.0030491959769278765,0.00016726389003451914,1.1918250919507045e-07,1359.922607421875,2.02546313055052e-09,2.1412340789339623e-09,1.1026402013669667e-08,0.0015535239363089204,1.3045260427446692e-09,1.6176298078818263e-09,3.9060612522234806e-08,846.2196655273438,1.0671048755739321e-07,1341.901611328125
high_roughness_0346,high_roughness,117.35600280761719,46.9010009765625,335.7810974121094,486.9222106933594,209.1398162841797,425.2626953125,0.004118455108255148,2.2411750233430894e-09,2.7799194413091755e-07,483.6801452636719,1.3548878996516578e-07,6.460589219159374e-08,3.4297666928750914e-08,63.68452835083008,5.253390611414943e-09,1.6577254200456082e-06,1.0831673336042513e-07,0.0018545804778113961,2.5064207420655293e-07,704.569580078125
low_roughness_0315,low_roughness,117.35600280761719,46.9010009765625,0.005441942717880011,454.5968017578125,2.0001262868163394e-08,5.125582180909305e-09,67.14022064208984,1.5855101676010008e-09,2.2367562024783183e-08,2.4490780958785763e-08,3.991067198949594e-10,3.976675100325622e-10,2.1477701839245356e-09,2.338664373269239e-09,2.444590641026423e-10,5.505240707748271e-10,7.465107643156443e-09,4.762685890113971e-08,2.1027174668120097e-08,6.190644885606389e-09
medium_roughness_0117,medium_roughness,117.35600280761719,46.9010009765625,379.2524719238281,350.0919189453125,5.813302195178949e-08,503.9649963378906,153.25816345214844,442.6016845703125,819.6245727539062,8.78563781725461e-08,1.6855051798714271e-09,1.7338719349169196e-09,46.878780364990234,7.935524237723257e-09,2.5804714823607355e-05,2.0491626173679833e-09,228.508056640625,1.7922511119650153e-07,891.1575317382812,2.088627404361887e-08
medium_roughness_0112,medium_roughness,117.35600280761719,46.9010009765625,379.36279296875,0.0006205828976817429,568.0592651367188,6.166724375589183e-08,0.0092313876375556,0.0003058160364162177,1.1506145369821752e-07,1369.8662109375,2.1285984086460985e-09,2.271896670791307e-09,1.0767319480464721e-08,22.704748153686523,1.3377589036522863e-09,1.2621419465119743e-09,3.88207830326337e-08,7.084818776093016e-07,1.0433601005388482e-07,1367.9708251953125
medium_roughness_0238,medium_roughness,117.35600280761719,46.9010009765625,570.7471313476562,560.7259521484375,1.0795615956737947e-08,1.1697554924694487e-07,7.4024231189184775e-09,1.5180089008026698e-07,6.673213448493698e-08,1.6456897355965339e-07,6.848691613825508e-10,6.798065443902601e-10,4.918442986223681e-09,7.775315502556168e-09,4.039784062825902e-10,1.377714720085521e-09,1.6822140125327678e-08,2.0718212567771843e-07,5.72792586694959e-08,2.9178757188219606e-08
medium_roughness_0241,medium_roughness,117.35600280761719,46.9010009765625,1.1640288903436158e-05,414.1396179199219,1.5149870691288925e-08,221.7545166015625,0.000535233470145613,322.5214538574219,8.029444416024489e-07,4.837982814365205e-08,0.00012084127229172736,5.878426634353673e-09,142.13418579101562,7.94262611236718e-09,0.0007820521132089198,2.8956477216013354e-09,7.63852040108759e-06,1.7235385030289763e-07,9.675775345385773e-07,0.0005250215181149542
low_roughness_0025,low_roughness,117.35600280761719,46.9010009765625,393.54925537109375,8.348521873813297e-07,331.6876525878906,5.7654339968848944e-08,177.97711181640625,506.30731201171875,2.6191512958462226e-08,0.0004446847306098789,3.5827935063181826e-10,3.789579483548522e-10,2.39966069237596e-09,8.677331788931042e-05,2.440774804490786e-10,1.0215893686549293e-09,8.231219261745082e-09,9.650570831354344e-08,2.367095142119524e-08,102.7831039428711
low_roughness_0332,low_roughness,117.35600280761719,46.9010009765625,488.1751708984375,366.625732421875,360.667724609375,2.1293386609499976e-08,301.99560546875,272.63897705078125,1.6621471843336622e-07,547.6416625976562,4.037621792463142e-09,1.4910975787429948e-09,9.975974712972402e-09,0.00023086107103154063,5.126890023632313e-10,2.6826272314650623e-09,3.4225781320174065e-08,0.01567339152097702,1.3934111109392688e-07,231.08367919921875
high_roughness_0094,high_roughness,117.35600280761719,46.9010009765625,467.63580322265625,276.357421875,225.19522094726562,560.1604614257812,356.6907653808594,0.007109391503036022,759.3635864257812,3.4102363599686214e-08,3.454850294737355e-10,2.901943685351682e-10,0.0023652175441384315,2.64454524945279e-09,3.449308132985607e-05,6.545009534342228e-10,0.05140559375286102,7.893395093105937e-08,937.5709228515625,7.257032308416456e-09
high_roughness_0226,high_roughness,117.35600280761719,46.9010009765625,552.4942016601562,523.248046875,2.9358625752706757e-08,0.03855079039931297,302.19793701171875,0.021459469571709633,321.45965576171875,8.710352972229884e-08,8.386056848941337e-10,8.52665160699928e-10,9.43903000205637e-09,5.943352920922962e-09,5.527389101978031e-10,1.3481534777426418e-09,3.1925736720950226e-08,1.8675925161915075e-07,0.005590245593339205,1.706142072066541e-08
low_roughness_0269,low_roughness,117.35600280761719,46.9010009765625,301.27752685546875,1.1882999473300515e-07,709.0991821289062,8.005378582254252e-09,0.004036718979477882,434.1575927734375,1.9532893702489673e-07,1441.3515625,2.7681312797511737e-09,2.90794033297459e-09,1.6755183906980164e-08,50.39211654663086,1.894887358133701e-09,2.2959121270815785e-09,5.742419872944993e-08,1414.758056640625,1.7226147974724881e-07,1386.56787109375
low_roughness_0364,low_roughness,117.35600280761719,46.9010009765625,0.0015886147739365697,425.35064697265625,5.758960597290752e-08,164.97763061523438,0.005510105285793543,419.2567443847656,4.109562112830645e-08,2.874211268988347e-08,2.1946254535887277e-10,2.1953498741122957e-10,2.1260180282922647e-09,1.923699866068773e-09,1.7527676532402836e-10,4.4787265562895584e-10,7.04933622586168e-09,7.665045131943771e-08,3.411713223044899e-08,5.213900866607446e-09
medium_roughness_0343,medium_roughness,117.35600280761719,46.9010009765625,396.511474609375,0.0005963355652056634,501.3293151855469,5.686874970933786e-08,55.584346771240234,0.0010452071437612176,2.524557203287259e-07,1382.1439208984375,2.9524226619059846e-08,2.4242279295094704e-08,5.0925503813914474e-08,373.873779296875,7.489566300478145e-09,2.569485735293142e-09,1.3127429099313304e-07,1365.7647705078125,2.3392664161292487e-07,1368.56201171875
low_roughness_0386,low_roughness,117.35600280761719,46.9010009765625,2.266643974735416e-07,142.71890258789062,4.256656666257186e-06,3.168080411342089e-07,92.60881042480469,91.9920425415039,3.570239641703665e-07,2.727399248669826e-07,41.96957778930664,278.35992431640625,36.061893463134766,3.960616723475141e-08,2.973664834371448e-07,1.0652192905524771e-08,14.56938648223877,3.7429566646096646e-07,3.545866320564528e-07,1.1403012933897116e-07
high_roughness_0241,high_roughness,117.35600280761719,46.9010009765625,446.2178955078125,475.8256530761719,314.47381591796875,2.733447068692385e-08,420.6962585449219,6.188062980072573e-05,1.0613320711172491e-07,76.94050598144531,0.0003975815197918564,51.207550048828125,3.3543889003340155e-05,0.007699792739003897,0.0006643864908255637,0.002498283516615629,2.0530325855361298e-05,0.0022241941187530756,1.1231023222535441e-07,4.306548595428467
low_roughness_0355,low_roughness,117.35600280761719,46.9010009765625,223.35350036621094,1.3513979268964249e-08,160.5687255859375,6.870128999025837e-08,256.6006164550781,261.4420166015625,4.5413980132025245e-08,2.1509843861622358e-07,0.0012344768038019538,6.908574157193925e-09,4.571151457355427e-09,4.1195497146873095e-07,2.68786148893696e-09,8.783522353894568e-09,1.3691232148005383e-08,1.739984298865238e-07,3.966483319572944e-08,5.571694374084473
medium_roughness_0126,medium_roughness,117.35600280761719,46.9010009765625,842.8665771484375,6.604733471249347e-08,2.5468033015840774e-08,0.06208818405866623,1.8716482372838072e-06,257.6690368652344,3.342554322216529e-08,785.96337890625,4.335388936738127e-09,5.541124448171786e-09,2.6053732504749405e-09,0.0001405812508892268,2.158860468171042e-08,6.387766315896215e-09,1.168623242620015e-08,0.0006818411638960242,2.7770381549885315e-08,121.28787231445312
low_roughness_0048,low_roughness,117.35600280761719,46.9010009765625,0.07941332459449768,226.46975708007812,9.936096390106286e-09,6.1153948571757155e-09,9.638664977273947e-09,193.92337036132812,2.880484117895321e-08,2.4654209340724265e-08,3.6719846607802253e-10,3.6741001907536486e-10,2.4356419103810367e-09,2.1838448827082857e-09,2.3015010730542684e-10,5.316733164839604e-10,8.389212879933439e-09,5.194844732159254e-08,2.740813442869694e-08,5.79221515195627e-09
medium_roughness_0234,medium_roughness,117.35600280761719,46.9010009765625,455.0506591796875,737.791748046875,1.8186366190775516e-08,62.98061752319336,5.77236605181497e-08,9.599091299605789e-09,6.792214435336064e-08,6.637176142021417e-08,5.681567438742263e-10,5.721586537887902e-10,4.171418765963608e-09,4.31038138515305e-09,3.642512680368526e-10,9.23820242526574e-10,1.4324771591134322e-08,1.3896423922687973e-07,5.8450776663221404e-08,1.2843631047587678e-08
high_roughness_0005,high_roughness,117.35600280761719,46.9010009765625,444.30828857421875,235.48951721191406,391.68743896484375,291.6484680175781,1.8231480325425764e-08,514.3451538085938,1050.97802734375,437.04541015625,0.0008062030537985265,0.0010307308984920382,267.2467346191406,0.001786203240044415,0.002671104623004794,0.00020318555471021682,343.2050476074219,865.982177734375,1006.0706176757812,220.3765106201172
high_roughness_0032,high_roughness,117.35600280761719,46.9010009765625,77.18647003173828,0.02900579199194908,7.325513706746278e-08,330.22015380859375,222.6756134033203,692.3162841796875,0.004824635107070208,4.1482291379679737e-08,2.7371904850006104,0.00037349582999013364,106.10482025146484,3.0606601697513725e-09,0.020522136241197586,3.788670710491715e-09,106.669189453125,1.2068115040619887e-07,0.01330646499991417,9.070226347773769e-09
low_roughness_0341,low_roughness,117.35600280761719,46.9010009765625,826.2547607421875,524.8568115234375,69.44364929199219,130.4052276611328,1.0138955275351691e-07,132.5697021484375,3.511288682034319e-08,796.9655151367188,4.545986365123156e-10,4.500692041276011e-10,2.4093742556630104e-09,7.07847913616888e-09,3.319399755064012e-10,4.568231126711453e-09,7.719105354908606e-09,546.5594482421875,2.8685919417625882e-08,247.9300994873047
low_roughness_0012,low_roughness,117.35600280761719,46.9010009765625,446.5093688964844,0.0016607375582680106,170.5382537841797,1.2060441179073678e-07,267.00958251953125,0.0018205107189714909,1.2670068372244714e-07,1163.4019775390625,5.009685555279475e-09,1.009086814107718e-09,1.0547788420467441e-08,9.22280216217041,8.878075496987492e-10,2.4339004145446097e-09,3.8755011644298065e-08,0.001153511111624539,1.1177554171126758e-07,1117.490234375
medium_roughness_0180,medium_roughness,117.35600280761719,46.9010009765625,401.5185241699219,1.1544813105501817e-07,2.2657571818740507e-08,4.931154862219955e-08,4.839604272888209e-09,339.0553283691406,7.380644717613905e-08,517.3468017578125,8.251827665617384e-09,1.0611514333902505e-08,4.408351017559653e-09,3.9484802982769907e-08,3.943956627949774e-08,3.859543795670106e-09,3.6112759005391126e-08,1.8163868844567332e-06,4.008610332562057e-08,0.0008778354385867715
high_roughness_0275,high_roughness,117.35600280761719,46.9010009765625,498.5893859863281,249.1363525390625,5.789787493881704e-08,583.4671630859375,179.65133666992188,333.0786437988281,436.2300109863281,1.3118743424911372e-07,3.3840443780519536e-09,3.5743246140640395e-09,0.007309810724109411,1.5108605921909657e-08,0.00015530582459177822,4.468319492190176e-09,120.02521514892578,2.5553438831593667e-07,437.9903564453125,3.491880207207032e-08
medium_roughness_0122,medium_roughness,117.35600280761719,46.9010009765625,563.2107543945312,0.0021422356367111206,95.14478302001953,4.9388731326871493e-08,644.0196533203125,0.0006137227755971253,5.879416065113219e-08,0.0016391911776736379,6.87676333654963e-08,0.9290633201599121,6.112374606459525e-09,96.17028045654297,2.338075733021583e-09,3.300842479347921e-07,1.9453523236734327e-08,1.3943443377684162e-07,5.229620114732825e-08,118.73194885253906
low_roughness_0139,low_roughness,117.35600280761719,46.9010009765625,35.884010314941406,705.5562133789062,4.951304788392008e-08,393.7458190917969,0.01992528885602951,1.7289316645019426e-09,69.54354095458984,5.611355291534892e-08,4.7288900532294065e-05,6.100855898694135e-05,0.0005894417408853769,6.8277743459077556e-09,0.0001828539534471929,2.2014350342658418e-09,0.0011062071425840259,1.362938490956367e-07,220.987060546875,1.3214457084131936e-08
low_roughness_0147,low_roughness,117.35600280761719,46.9010009765625,461.3204040527344,230.12680053710938,6.975350430593608e-08,730.9365234375,581.0319213867188,369.3401184082031,1243.6859130859375,1.2080492695076828e-07,3.9877132707033525e-09,4.3701420260333634e-09,211.81915283203125,1.375578140283551e-08,0.0005709580145776272,3.9589833633613125e-09,416.51190185546875,2.2288635648237687e-07,1256.00927734375,3.408948501260056e-08
medium_roughness_0168,medium_roughness,117.35600280761719,46.9010009765625,0.0009512588731013238,407.1569519042969,325.61785888671875,5.209248588045057e-09,0.003231162205338478,1.5819185961163384e-09,2.0082955742850572e-08,1.9982159926712484e-08,3.152885175161657e-10,3.1564112434878666e-10,1.966605323033832e-09,1.9815116214516593e-09,1.9186531530213102e-10,4.801930519882092e-10,6.6979102264497214e-09,3.9536576679211066e-08,1.9152656349774588e-08,5.039827222219628e-09
high_roughness_0272,high_roughness,117.35600280761719,46.9010009765625,609.6334228515625,388.2961120605469,517.0119018554688,0.000445694342488423,266.1539001464844,0.031926751136779785,3.287433258947203e-08,270.9530944824219,9.466339542996138e-05,7.06729175181664e-10,3.1702296343638636e-09,214.9631805419922,4.227420080660238e-10,0.0010116506600752473,1.1581872350063804e-08,0.003119110129773617,2.946296540073945e-08,420.1912841796875
medium_roughness_0183,medium_roughness,117.35600280761719,46.9010009765625,579.8488159179688,691.0682373046875,356.718017578125,4.659336028112193e-09,2.2756795559075726e-08,1.4221640531886237e-09,1.5733224500991128e-08,1.7080241221378856e-08,2.8271607277474686e-10,2.8074825797475e-10,1.5909720207929468e-09,1.7202147484240982e-09,1.7280538111563715e-10,4.172857337447766e-10,5.40661471148951e-09,3.315986063512355e-08,1.4939878667519224e-08,4.400051434316765e-09
high_roughness_0085,high_roughness,117.35600280761719,46.9010009765625,341.04736328125,450.8774719238281,3.994270798557409e-07,503.93878173828125,455.7675476074219,0.006101841107010841,1.578649602151927e-07,1.5463348290722934e-07,1.3951038102533175e-09,1.4223078270703127e-09,9.973976311528077e-09,1.0480887269181949e-08,9.46195344297962e-10,2.142982680197747e-09,3.3585376257860844e-08,2.7229367560721585e-07,1.329008938455445e-07,3.197022024892249e-08
high_roughness_0363,high_roughness,117.35600280761719,46.9010009765625,485.03460693359375,325.2506408691406,3.4044393970589226e-08,34.14459228515625,3.132364767566287e-08,4.459560187797251e-08,1.417965762584572e-07,1.4496785638584697e-07,8.892651059966283e-10,8.957952712940198e-10,7.655603262435307e-09,8.227233116997468e-09,5.548239090380491e-10,1.6621393150728636e-09,2.5780630963367912e-08,2.7753529252549924e-07,1.1502185515155361e-07,2.6029358224377575e-08
low_roughness_0158,low_roughness,117.35600280761719,46.9010009765625,464.8766784667969,0.0009494783007539809,461.1000671386719,8.176675692084245e-08,0.004540321417152882,0.0004029445117339492,1.0637599245910678e-07,1258.445068359375,1.3551347821660897e-09,1.445643160735699e-09,8.750963509385201e-09,3.871561057167128e-05,9.59125334709654e-10,1.323639642336616e-09,3.073349930104996e-08,150.97068786621094,9.455900595867206e-08,1158.738037109375
low_roughness_0011,low_roughness,117.35600280761719,46.9010009765625,90.58906555175781,1069.245361328125,3.619350863459658e-08,219.70767211914062,192.25494384765625,9.386099675268156e-10,1403.65625,1.9978624266059342e-07,1.37507178976648e-08,1.599504528826401e-08,406.9200439453125,3.471718557079839e-08,8.255738794105127e-05,1.2551255146320273e-08,585.1498413085938,3.239567547552724e-07,1387.2403564453125,6.87918983999225e-08
high_roughness_0337,high_roughness,117.35600280761719,46.9010009765625,275.5754089355469,0.00025115031166933477,550.8837280273438,5.100015698644711e-08,172.94033813476562,0.0006589163676835597,1.5302454414722888e-08,1.2059978871548083e-05,0.00018229994748253375,1.0391437399448478e-07,1.3383408825617948e-09,230.461669921875,2.3079763100675166e-10,1.4086666851653717e-05,4.755675853118646e-09,2.721777825342997e-08,1.3739262172407507e-08,151.63534545898438
high_roughness_0227,high_roughness,117.35600280761719,46.9010009765625,483.12298583984375,399.8065490722656,359.54608154296875,164.8557891845703,0.0010731618385761976,4.461942637590255e-08,2.1471926459071256e-07,779.5640258789062,2.0644861375984647e-09,2.0745478668260375e-09,1.732970211776319e-08,4.276481035958568e-08,1.3030215795239997e-09,5.0078803326414345e-09,5.6493387745604196e-08,154.01869201660156,1.8545827629168343e-07,4.041213742311811e-06
medium_roughness_0055,medium_roughness,117.35600280761719,46.9010009765625,442.17333984375,0.0013448826503008604,482.540283203125,9.375302312264466e-08,317.4058837890625,0.0036378740333020687,2.211265410778651e-07,0.0002353819872951135,135.77801513671875,2.1042360458523035e-06,2.441876212344596e-08,156.5622100830078,1.5294553179501236e-07,1.1994646911261952e-06,7.8315657958683e-08,5.833335308125243e-07,1.9521125693700014e-07,25.281967163085938
low_roughness_0356,low_roughness,117.35600280761719,46.9010009765625,579.403564453125,366.90618896484375,0.00033039681147783995,432.2768859863281,51.19744110107422,0.0233454629778862,426.50518798828125,2.357223749527293e-08,2.6161878219355117e-10,2.359375750327075e-10,0.00010506255785003304,1.856872877681326e-09,7.316415806535304e-10,4.838170974963418e-10,0.00018849164189305156,5.9069886759743895e-08,609.8211669921875,4.993296887079168e-09
medium_roughness_0200,medium_roughness,117.35600280761719,46.9010009765625,406.7513122558594,0.0026092021726071835,107.04397583007812,7.633851595301167e-08,602.6598510742188,0.00047760549932718277,5.7075215664781354e-08,269.2115173339844,2.8376183536238386e-07,13.795372009277344,6.053620271728732e-09,162.334716796875,1.0386240312243444e-08,4.594043730321573e-06,2.98900886264164e-08,2.600039806566201e-06,4.444496326527769e-08,360.4234313964844
medium_roughness_0113,medium_roughness,117.35600280761719,46.9010009765625,565.7233276367188,0.0007655881927348673,201.63397216796875,4.802778263979235e-08,95.94584655761719,0.0005045983125455678,1.633343913454155e-07,1428.802001953125,7.623240705356693e-09,6.931183627045812e-09,2.0341596851380928e-08,210.8444061279297,2.8026636567091145e-09,8.515259053432089e-10,6.513259620533063e-08,1397.622802734375,1.4782399659907242e-07,1422.90283203125
low_roughness_0001,low_roughness,117.35600280761719,46.9010009765625,357.6842346191406,573.8626708984375,2.5046229978897827e-08,195.2703399658203,298.1004638671875,468.3316345214844,900.5897827148438,1.0911526970858176e-07,1.4790648705798048e-09,1.7085119985438268e-09,54.790103912353516,1.0045304144057354e-08,0.00013921715435571969,2.7216779940886227e-09,202.60650634765625,2.0048653937010386e-07,895.3314208984375,2.6667574815064654e-08
low_roughness_0213,low_roughness,117.35600280761719,46.9010009765625,974.8156127929688,263.7771911621094,2.6290172172593884e-07,22.083065032958984,6.374667691488867e-07,0.20863983035087585,6.20962836705985e-08,4.437533362988688e-08,4.89931206715255e-10,4.983132795288725e-10,3.5328171499315886e-09,3.4695915029914204e-09,3.403831938530999e-10,7.715966199306479e-10,1.2237749480448201e-08,1.2290537654280342e-07,5.1798647149325916e-08,9.30432531021097e-09
medium_roughness_0267,medium_roughness,117.35600280761719,46.9010009765625,280.7674255371094,2.1367309273045976e-06,368.07916259765625,1.8195766671169622e-08,0.0018673342419788241,0.0021454431116580963,0.0035758670419454575,0.001407557399943471,0.00018649475532583892,50.666934967041016,0.007679502014070749,0.0007543810643255711,0.0008666431531310081,0.0008340755593962967,6.008807182312012,5.947139243289712e-07,339.1355895996094,0.0007072931621223688
low_roughness_0125,low_roughness,117.35600280761719,46.9010009765625,393.1578369140625,568.0219116210938,1.1159915658254249e-07,674.6825561523438,487.9452819824219,459.8851013183594,351.41094970703125,7.313730066016433e-08,0.000264233211055398,0.0005168331554159522,189.51109313964844,7.988493422317333e-09,0.0035358164459466934,2.584013669704177e-09,218.18014526367188,1.7171531396797945e-07,465.3970947265625,1.8690865744019902e-08
medium_roughness_0268,medium_roughness,117.35600280761719,46.9010009765625,316.4287109375,162.25694274902344,0.00021463514713104814,0.10708604007959366,179.7808074951172,160.38308715820312,207.41903686523438,2.553009181838206e-08,3.667708081689369e-10,3.590640007544721e-10,0.0002631063398439437,2.5594388830540993e-09,9.802002750802785e-06,8.061531997505256e-10,0.000610876944847405,7.103815136133562e-08,291.48504638671875,5.755366849768961e-09
high_roughness_0144,high_roughness,117.35600280761719,46.9010009765625,444.6183166503906,9.824867447605357e-05,169.3531036376953,6.034763089246553e-08,107.72075653076172,3.554643990355544e-05,4.183619850550713e-08,6.232344458112493e-05,0.0012397104874253273,4.0201655338023556e-07,3.5951372989728725e-09,110.33663940429688,9.669982592441784e-10,1.8392283251955632e-08,1.2065911825231979e-08,7.050173422840089e-08,3.749142862830013e-08,113.50787353515625
low_roughness_0015,low_roughness,117.35600280761719,46.9010009765625,384.889892578125,422.342041015625,4.74691468355104e-08,597.8814697265625,444.35748291015625,639.5120239257812,776.6753540039062,7.828234771523057e-08,1.0903111746785044e-09,1.0074061584930405e-09,57.28942108154297,6.725536128016074e-09,9.790884178073611e-06,1.7923023065691268e-09,221.01858520507812,1.6586000128882006e-07,817.8671875,1.7924365991461855e-08
low_roughness_0226,low_roughness,117.35600280761719,46.9010009765625,238.91513061523438,808.4411010742188,1.6038516292837812e-08,150.0171356201172,216.1403350830078,1.5338006278398097e-06,758.8193969726562,6.193470625248665e-08,0.00032940314849838614,0.0003905019839294255,123.247802734375,9.51200895826787e-09,0.0017170800128951669,0.0001078276036423631,175.87957763671875,1.1442393343941148e-07,740.7933959960938,1.9400278716830144e-08
low_roughness_0223,low_roughness,117.35600280761719,46.9010009765625,164.5428924560547,410.427490234375,1.6573629579852422e-08,227.14022827148438,2.9921270083832496e-07,369.653564453125,5.96358020743537e-08,4.0417457825014935e-08,4.868924707857047e-10,4.861213098728001e-10,4.290498623049643e-09,3.2981397612985575e-09,2.889571915076772e-10,7.805877055844235e-10,1.4391346780939784e-08,8.615461410954595e-08,5.90304694014776e-08,8.959785802176157e-09
medium_roughness_0251,medium_roughness,117.35600280761719,46.9010009765625,458.18914794921875,0.0012473020469769835,192.2600555419922,9.408083201378759e-08,397.2642517089844,0.00159654940944165,1.5914044126930094e-07,1241.6802978515625,1.2666250270854107e-09,1.5499609373748058e-09,1.3220658345858283e-08,0.00019519940542522818,1.3355995198693904e-09,9.13168929361774e-10,4.758754101885643e-08,0.0006178572657518089,1.4224598032797076e-07,1163.3052978515625
high_roughness_0360,high_roughness,117.35600280761719,46.9010009765625,297.473876953125,723.1820678710938,2.4560105060800197e-08,48.10806655883789,3.3062789839277684e-08,1.1466103622126411e-08,6.109685557476041e-08,4.780834217399388e-08,5.055353913263616e-10,5.046240092454468e-10,3.833944717257509e-09,3.547571125750437e-09,3.0569013986792015e-10,8.050406452575487e-10,1.3137880117142231e-08,1.0137930672726725e-07,5.5178514202225415e-08,1.0121058657830417e-08
high_roughness_0219,high_roughness,117.35600280761719,46.9010009765625,958.49658203125,0.001411953242495656,180.6173858642578,2.056584520460092e-07,2.0289305666665314e-06,0.0008399244979955256,5.673689784657654e-08,373.1416931152344,4.1557739471898e-09,5.89396143002574e-10,4.118788421436648e-09,6.993215606598824e-07,2.3297366813501696e-10,5.988639029119724e-10,1.4508978019023289e-08,9.590164751216435e-08,5.126435453917111e-08,595.7547607421875
medium_roughness_0263,medium_roughness,117.35600280761719,46.9010009765625,555.8490600585938,0.00279460777528584,216.6907501220703,5.6703143513914256e-08,0.010206046514213085,0.00020087510347366333,8.111744875805016e-08,1215.5303955078125,7.803808155237846e-10,9.004170187232319e-10,6.5233396462360815e-09,9.461737499805167e-05,6.557291931663656e-10,8.331452194809685e-10,2.3619492139914655e-08,79.56184387207031,7.15505450443743e-08,1138.467041015625
low_roughness_0006,low_roughness,117.35600280761719,46.9010009765625,73.80042266845703,546.8814697265625,4.142757603631253e-08,495.3118896484375,303.56097412109375,78.81060028076172,2.328300610088263e-07,3.1540313472078196e-08,5.573695394112121e-10,5.698726490699357e-10,1.7332677515469186e-08,3.0450431065531802e-09,3.094038358852913e-10,8.15686962418738e-10,6.600703272852115e-08,6.939507812830925e-08,2.5703302526380867e-05,7.59520002446834e-09
high_roughness_0220,high_roughness,117.35600280761719,46.9010009765625,518.2748413085938,0.002054696436971426,147.9980010986328,1.395365956113892e-07,503.4115295410156,0.0027677821926772594,1.3249783137325721e-07,1010.4149169921875,1.0674402695087792e-08,1.4691174943237684e-09,1.0847753806331184e-08,33.45119094848633,9.249574994818488e-10,4.879264547952289e-09,3.952850846644651e-08,5.564667731050577e-07,1.1611195560590204e-07,1067.849365234375
medium_roughness_0049,medium_roughness,117.35600280761719,46.9010009765625,339.5592041015625,456.0483093261719,2.712406512728194e-07,362.0514831542969,182.2978973388672,357.73876953125,0.0043196058832108974,6.403945462807314e-08,7.441463822033256e-06,3.4245556889800355e-05,291.85858154296875,5.710524053625932e-09,0.0003225161926820874,1.4593788399963614e-09,489.20367431640625,1.3610873850211647e-07,258.1372985839844,1.5965266442208303e-08
high_roughness_0076,high_roughness,117.35600280761719,46.9010009765625,436.4228820800781,337.01470947265625,765.9556274414062,0.00015875184908509254,134.93356323242188,0.009959942661225796,2.930234721532088e-08,194.5249786376953,4.4877995764025513e-10,5.570134908872149e-10,2.9201068230122473e-09,87.46649932861328,3.500005008039153e-10,0.0004946296103298664,1.029781060424284e-08,0.0007393766427412629,2.6629148663914748e-08,323.7212829589844
medium_roughness_0291,medium_roughness,117.35600280761719,46.9010009765625,311.2751770019531,407.1593322753906,0.0014121417189016938,433.6114501953125,191.8728790283203,135.8905792236328,495.1342468261719,3.1227010310885817e-08,4.89384865964837e-10,5.837351158000104e-10,32.19451141357422,2.8232609583511703e-09,0.0001405648945365101,8.453683308928817e-10,185.82936096191406,7.873682505987745e-08,603.5603637695312,6.984000489040909e-09
medium_roughness_0158,medium_roughness,117.35600280761719,46.9010009765625,1.456529901133763e-07,1.2446231266949326e-05,144.00143432617188,2.6860689672503213e-08,614.2036743164062,2.627582418313068e-08,8.614080826419013e-08,8.262777129175447e-08,4.014724197531905e-08,115.1796875,46.721858978271484,1.0079255652328811e-08,6.8536346589098684e-06,3.259740477545847e-09,70.2149887084961,1.6480220210723928e-07,2.547115229845076e-07,1.9763227498970082e-08
low_roughness_0256,low_roughness,117.35600280761719,46.9010009765625,443.223876953125,558.2294921875,1.947780603472893e-08,155.68618774414062,380.8979797363281,0.021493617445230484,982.9639282226562,1.380807219675262e-07,1.3316897584658705e-09,1.4922242330683844e-09,35.73832321166992,1.282967510007893e-08,0.00019169514416716993,3.2103657510162975e-09,201.94598388671875,2.3816652117147896e-07,965.5114135742188,3.450270469329553e-08
low_roughness_0096,low_roughness,117.35600280761719,46.9010009765625,500.06402587890625,0.00614045187830925,231.68324279785156,1.0523578453103255e-07,573.9964599609375,0.0011893754126504064,5.92963260714896e-08,720.768798828125,2.02824054440498e-07,91.13326263427734,6.545037845029356e-09,99.75733947753906,1.8663079970338003e-08,1.64551977377414e-06,3.852859720154811e-08,49.95927429199219,3.4954720007362994e-08,443.29327392578125
high_roughness_0395,high_roughness,117.35600280761719,46.9010009765625,9.26083157537505e-06,704.572509765625,351.3542785644531,465.5792541503906,3.021663586011414e-09,9.351513341471218e-08,3.7315142975558047e-08,8.939307463151636e-07,14.56680965423584,1.725783533856884e-07,4.741094183913219e-09,58.783626556396484,8.103022963723561e-08,1.2237787814228795e-06,2.2379255781856955e-08,1.840859482626911e-07,3.210085708360566e-08,34.362823486328125
medium_roughness_0026,medium_roughness,117.35600280761719,46.9010009765625,179.19146728515625,822.053466796875,1.8501037146734234e-08,172.8528289794922,3.064698006483013e-08,3.14410861790293e-08,6.594260781866979e-08,5.766753830016569e-08,5.656384804986203e-10,5.736655595001139e-10,3.9774890048249745e-09,3.874812026793961e-09,3.773092116521326e-10,8.573635135178392e-10,1.3947240695699747e-08,1.2480668942771445e-07,5.706160521867787e-08,1.1349781559033545e-08
medium_roughness_0111,medium_roughness,117.35600280761719,46.9010009765625,233.42222595214844,737.1575317382812,6.372800953613478e-08,32.910728454589844,92.34291076660156,3.468787213023461e-07,0.0009972377447411418,5.7468685810135867e-08,8.292277420274274e-10,8.710660526212166e-10,3.822862026936491e-08,4.835571942862771e-09,5.376492029363078e-10,1.312122077656852e-09,1.4882078858136083e-07,1.4321459218535892e-07,38.23099136352539,1.2091969203709141e-08
low_roughness_0383,low_roughness,117.35600280761719,46.9010009765625,538.3173217773438,489.3525390625,461.9563293457031,246.84005737304688,5.736558819080528e-07,6.211733794003749e-09,5.967926597350015e-08,7.177333571917188e-08,0.00034409688669256866,8.598585310437556e-08,4.568275091543228e-09,152.82200622558594,7.664262557938173e-10,1.8224874054340034e-08,1.707783070514779e-08,6.10352373087153e-08,5.437374284156249e-08,366.07470703125
low_roughness_0326,low_roughness,117.35600280761719,46.9010009765625,386.4460144042969,997.943115234375,2.2932523435770236e-08,696.5869750976562,641.4031982421875,7.657570133545732e-10,1262.047119140625,1.961635831548847e-07,6.7352794452801845e-09,7.068873042470614e-09,239.51763916015625,2.451877811893155e-08,0.000866162939928472,6.818885456283397e-09,358.2430114746094,2.9633656595251523e-07,1259.5244140625,6.30503436127583e-08
medium_roughness_0050,medium_roughness,117.35600280761719,46.9010009765625,430.1659240722656,285.9302673339844,4.6231054540157857e-08,399.47210693359375,280.84912109375,140.09800720214844,402.8260803222656,6.88924828295967e-08,7.036893845402403e-10,8.033579912414268e-10,39.98356628417969,6.1656040273305734e-09,0.00026508772862143815,1.779925651312908e-09,176.97293090820312,1.498487591788944e-07,443.1285400390625,1.557001994001439e-08
high_roughness_0001,high_roughness,117.35600280761719,46.9010009765625,0.07145488262176514,817.5018310546875,270.87841796875,6.993597700954979e-09,9.254573996031468e-09,5.395651148099034e-10,3.3517668640570264e-08,2.707290924774952e-08,3.7150421627885066e-10,3.6394220970237257e-10,3.3169140767341787e-09,2.7069646524324753e-09,1.942165872570456e-10,6.631639681842216e-10,1.0831441521474972e-08,5.480918474631835e-08,3.320283425978232e-08,6.782397754534486e-09
high_roughness_0322,high_roughness,117.35600280761719,46.9010009765625,921.3696899414062,41.012882232666016,389.36083984375,4.470256698141384e-08,0.00021106161875650287,290.5610046386719,3.644198187657821e-08,0.00025368406204506755,1.217562606292688e-09,4.781978146795041e-10,2.9960736114276187e-09,64.8718032836914,3.0060606781567856e-10,5.189946805650436e-10,1.1383190390290565e-08,4.881407988932551e-08,3.310993079708169e-08,825.8621826171875
low_roughness_0281,low_roughness,117.35600280761719,46.9010009765625,473.6852722167969,508.2289123535156,600.3643188476562,6.009883435353913e-08,211.43359375,8.789648563833907e-05,1.3521822950224305e-07,1100.599853515625,9.148860558028105e-10,1.0724027221797883e-09,1.0317549481442256e-08,1.0420807328159754e-08,9.404593770412362e-10,1.2780480007634765e-09,3.761362066256879e-08,0.0012723134132102132,1.18588296516009e-07,700.0929565429688
medium_roughness_0213,medium_roughness,117.35600280761719,46.9010009765625,974.7976684570312,0.1079169511795044,456.4497375488281,0.00017690358799882233,1.4908172261129948e-06,0.005419008433818817,2.2772729479925147e-08,60.087890625,5.0943785936397035e-06,3.279207461126532e-10,2.2240438379839134e-09,120.17789459228516,2.437392787602022e-10,0.00027234613662585616,7.921324041149091e-09,0.00014721207844559103,2.090791717535012e-08,329.68463134765625
low_roughness_0244,low_roughness,117.35600280761719,46.9010009765625,426.2853698730469,391.8603515625,4.5344044963258057e-08,535.4315795898438,335.3405456542969,575.9287719726562,881.3397216796875,6.059399026980827e-08,1.2328479348511223e-09,1.2786666047759354e-05,151.5185089111328,4.832833688794835e-09,0.0009531163377687335,1.2534550064557948e-09,292.7936706542969,1.2488813183608727e-07,915.3075561523438,1.4034584161493058e-08
low_roughness_0135,low_roughness,117.35600280761719,46.9010009765625,6.347448348999023,642.3770141601562,9.91298332309043e-09,1.3510783603010168e-08,1.058727416847205e-08,3.4668976023333187e-10,3.2998340060430564e-08,2.8623560410778737e-08,3.0538416240233346e-10,3.013626848069606e-10,2.8079660818747243e-09,2.5521997848443334e-09,1.6111380285455112e-10,6.034504007601527e-10,9.137163914374469e-09,5.900536237390952e-08,3.129784786892742e-08,6.656963869033916e-09
low_roughness_0390,low_roughness,117.35600280761719,46.9010009765625,599.9940185546875,0.006810165010392666,348.1234436035156,9.46365901199897e-08,187.8482666015625,0.0011966394959017634,9.872947970279711e-08,1179.42919921875,1.0314966658597768e-09,1.5470575931431085e-09,9.39608124639335e-09,0.0010934291640296578,1.0959553264910937e-09,1.951360628638099e-09,3.561607186952642e-08,1.4354796462612285e-07,9.115426991002096e-08,1229.6253662109375
low_roughness_0298,low_roughness,117.35600280761719,46.9010009765625,823.2044677734375,6.796336151637661e-07,90.58193969726562,1.8146040758892923e-07,7.5026605372841e-07,428.9433898925781,1.2981476338325137e-08,629.2240600585938,6.306194455518721e-10,5.929445823227297e-10,1.4251402280507364e-09,0.0010073210578411818,4.987088519925464e-10,2.0071620383532718e-05,4.492795024901852e-09,562.8021850585938,1.1288294743394545e-08,336.0609130859375
high_roughness_0270,high_roughness,117.35600280761719,46.9010009765625,600.0173950195312,510.9365234375,265.00347900390625,281.1666259765625,503.5575866699219,1.7525119133665612e-08,668.4166870117188,3.203119547379174e-08,0.0008038459345698357,0.0006105677457526326,302.7509460449219,0.0009293895564042032,0.019721416756510735,0.00016163234249688685,323.3218078613281,1.5954999810219306e-07,654.99853515625,0.0015270729782059789
high_roughness_0259,high_roughness,117.35600280761719,46.9010009765625,902.7279663085938,0.0017565679736435413,681.70166015625,5.012861592490481e-08,8.187817002180964e-06,27.714275360107422,3.2119537252128794e-08,5.2505786385381725e-08,7.74201946995845e-09,5.652652790288926e-10,3.4196334652847327e-09,74.68067169189453,3.7671593622334854e-10,1.145119221668267e-09,1.2679938876658525e-08,2.816426381002657e-08,3.0923601457288896e-08,716.5276489257812
medium_roughness_0218,medium_roughness,117.35600280761719,46.9010009765625,510.6886291503906,0.0018514104885980487,404.3543395996094,6.241153727160054e-08,20.802488327026367,0.0013589889276772738,3.5016977761870294e-08,571.602783203125,1.4946797133319478e-09,7.217935138470466e-10,2.8067721480340424e-09,3.846336937840533e-07,3.7632669203091496e-10,7.871257534652898e-10,9.206001294614907e-09,1.726774598864722e-07,3.0176273924098496e-08,411.139404296875
low_roughness_0324,low_roughness,117.35600280761719,46.9010009765625,360.45709228515625,436.1285400390625,3.1443967429822806e-08,525.194091796875,179.93075561523438,144.096923828125,642.6993408203125,4.199257475079321e-08,0.0002449848398100585,6.750827742507681e-05,290.2482604980469,0.0006789494655095041,0.0023816137108951807,7.134350443749327e-09,344.1347351074219,2.010941102525976e-07,652.2012329101562,0.0011983338044956326
medium_roughness_0297,medium_roughness,117.35600280761719,46.9010009765625,401.90069580078125,1.928521555782936e-07,719.0606079101562,7.1056684980419504e-09,341.88970947265625,720.8580322265625,2.876644771276915e-07,1317.78369140625,2.983488123220468e-09,3.6916072421178114e-09,3.235454215655409e-08,39.78689956665039,3.335961062944648e-09,6.73321522981496e-08,1.0543368489379645e-07,1264.70703125,2.5863408836812596e-07,1218.71044921875
high_roughness_0092,high_roughness,117.35600280761719,46.9010009765625,852.761474609375,528.4443969726562,208.8711395263672,1.2316381692301093e-08,8.768845560780392e-08,9.89814281463623,1.1812963052193481e-08,6.162797205888637e-08,3.6014702331499393e-10,3.4201341758688386e-10,1.5121398577733203e-09,4.135240150304753e-09,1.9098829462382838e-10,6.107453431880572e-10,5.2306750042419026e-09,4.264987296664913e-08,1.1217701434418359e-08,2.375403518328767e-08
low_roughness_0235,low_roughness,117.35600280761719,46.9010009765625,233.63067626953125,1.4663109482171421e-07,384.48834228515625,5.324146457041934e-08,728.5982666015625,0.014562019146978855,5.317722440167927e-08,0.05295655503869057,0.0006255381158553064,129.4553680419922,0.00030606603831984103,89.46467590332031,1.12772333693556e-08,0.011973911896348,0.0023352904245257378,0.00034144980600103736,2.31345698153973e-08,97.5687026977539
high_roughness_0016,high_roughness,117.35600280761719,46.9010009765625,367.8876037597656,527.7943725585938,2.2806418087384372e-08,362.465087890625,6.650925854501111e-08,3.581348551051633e-08,9.897627961663602e-08,9.063814587761954e-08,7.407928159786081e-10,7.522677480942264e-10,5.380629275464344e-09,5.450516482596868e-09,4.972062761510188e-10,1.1563723312235652e-09,1.874960275927151e-08,1.9044711052629282e-07,8.218172098395371e-08,1.6694828630647862e-08
high_roughness_0302,high_roughness,117.35600280761719,46.9010009765625,444.0179138183594,989.265625,1.978231090049576e-08,302.06982421875,106.78607940673828,3.5477182303012e-10,1145.626708984375,1.4758620636712294e-07,2.980991009593481e-09,3.0413225271530564e-09,134.2393341064453,1.4646360568804084e-08,1.5548377030327742e-09,3.85879239672704e-09,316.31072998046875,2.6243077400067705e-07,1113.47802734375,3.776479928774279e-08
low_roughness_0197,low_roughness,117.35600280761719,46.9010009765625,358.62799072265625,793.3682861328125,91.60787200927734,3.5282650134860205e-09,7.503832555322276e-10,9.874896456096849e-10,1.5074409276394363e-08,1.364394375258371e-08,2.6206678493956304e-10,2.649284402966856e-10,1.5165446676235206e-09,1.4063623599014363e-09,1.6736577401754715e-10,3.631420442129496e-10,5.187009932683395e-09,2.7737085517287596e-08,1.459839005235608e-08,3.472385490255192e-09
high_roughness_0385,high_roughness,117.35600280761719,46.9010009765625,883.108154296875,510.8874816894531,1.5107330941788177e-09,508.09796142578125,5.658936785835067e-08,0.02367810532450676,6.720756573486142e-08,759.9908447265625,5.494226740232477e-10,5.587319495958809e-10,3.982673746349974e-09,6.56081100558481e-09,3.7067468539042636e-10,1.0227532154516439e-09,1.379514102950452e-08,321.9383239746094,5.6134211945391144e-08,1.2391140558065672e-07
high_roughness_0238,high_roughness,117.35600280761719,46.9010009765625,463.4846496582031,0.04951588809490204,308.6952209472656,2.5219955901434332e-08,9.11738295972242e-10,4.4831476309070695e-09,4.255342389569705e-08,2.985151681400566e-08,4.044943864300876e-07,36.18718719482422,1.513202363412347e-08,4.585551049984815e-09,1.4407495640966772e-08,1.7228876103558832e-09,4.1667291839075915e-08,6.052953693824747e-08,4.592494562416505e-08,8.603781687099854e-09
low_roughness_0294,low_roughness,117.35600280761719,46.9010009765625,0.028958957642316818,446.2149963378906,0.0019068779656663537,169.8994903564453,105.88896942138672,162.1842803955078,1.305775612081561e-07,1.7737381341476066e-08,1.105921132449339e-09,3.685513005891039e-10,1.5815784237815933e-08,6.886853309850949e-09,3.0621241653427944e-10,1.9456631861203277e-09,4.612571302686774e-08,5.3295824642418665e-08,1.4142963777885598e-07,1.8229767695387977e-09
low_roughness_0397,low_roughness,117.35600280761719,46.9010009765625,423.03607177734375,362.3819580078125,287.3934326171875,1.7501969651334548e-08,708.2086791992188,10.705777168273926,78.34102630615234,1.3352007499634055e-07,1.4895352933308459e-06,2.1060643121018074e-05,0.000688470434397459,1.5639278316825767e-08,0.00011342549260007218,6.585936240810497e-09,0.0013054298469796777,2.740717945926008e-07,221.3144073486328,3.2570383723395935e-08
medium_roughness_0353,medium_roughness,117.35600280761719,46.9010009765625,920.817138671875,424.8051452636719,339.26171875,0.002620179671794176,5.24226948073192e-07,281.5687561035156,3.183707519838208e-08,96.23500061035156,9.571209375280887e-05,2.6385885143476173e-10,2.738852478145759e-09,54.61391830444336,2.510335550542919e-10,0.00038127717562019825,9.878612594604874e-09,0.0002531563222873956,2.8935454920997472e-08,379.0160217285156
low_roughness_0101,low_roughness,117.35600280761719,46.9010009765625,572.8544311523438,5.322785767702953e-08,1.32121380502781e-08,3.6991156804333514e-08,1.161390361659187e-08,235.2058868408203,2.606239668523358e-08,5.2246150517021306e-08,3.40612454907685e-10,3.3643171581942966e-10,2.3871569165834217e-09,4.591984126278703e-09,2.2414434197592925e-10,7.870761820072403e-10,7.765400766857056e-09,7.362423559698072e-08,2.363026219143194e-08,1.4998008168731758e-08
medium_roughness_0293,medium_roughness,117.35600280761719,46.9010009765625,904.6062622070312,320.4674072265625,314.4737854003906,0.00020950299222022295,0.0005907557206228375,64.73115539550781,3.376341695116025e-08,0.0017478428781032562,0.0004682176513597369,0.00014460842066910118,3.431603667891636e-09,132.98544311523438,3.957645045016278e-10,0.0008567047771066427,1.2845248420489952e-08,8.918205196550844e-08,3.1159601121544256e-08,697.119873046875
medium_roughness_0157,medium_roughness,117.35600280761719,46.9010009765625,340.1233825683594,170.33474731445312,7.551565772700997e-08,654.8130493164062,35.98344039916992,118.9949722290039,526.494873046875,8.765334769123001e-08,8.547037522177447e-10,8.577658583419634e-10,2.2928411169687024e-08,6.27129281838279e-09,4.4190401338184415e-10,1.457553966410785e-09,8.974122778226956e-08,1.8842534643681574e-07,361.6410217285156,1.787073777848036e-08
high_roughness_0352,high_roughness,117.35600280761719,46.9010009765625,0.016075728461146355,3.326686737636919e-06,323.36309814453125,105.83358764648438,0.015853017568588257,123.42272186279297,0.0005548613844439387,14.878595352172852,0.3426061272621155,27.816816329956055,0.35132092237472534,27.886903762817383,10.562738418579102,23.37189292907715,8.646286010742188,0.29369765520095825,37.01721954345703,23.24069595336914
medium_roughness_0161,medium_roughness,117.35600280761719,46.9010009765625,677.5842895507812,2.708318902477913e-08,68.27215576171875,5.250305967763325e-09,6.017740616925948e-08,302.8957824707031,3.374693235969062e-08,0.012194373644888401,4.7783976775406245e-09,3.0005915530040284e-09,3.330931752643096e-09,1.7432131471650791e-07,1.2004048421943025e-08,7.567264148633512e-09,1.058410425969214e-08,3.0833177788736066e-07,2.867722059818334e-08,297.2500305175781
high_roughness_0217,high_roughness,117.35600280761719,46.9010009765625,613.1818237304688,0.001025708974339068,145.7485809326172,1.3998057113440154e-07,0.09390784800052643,0.0010314773535355926,1.0539829276012824e-07,1105.546630859375,7.901326259940333e-10,9.274236378864487e-10,7.995916817549187e-09,1.9908735993112714e-08,7.552610203909182e-10,9.999592265330648e-10,2.8881805391733906e-08,1.1553228063121423e-07,9.405552958696717e-08,573.445068359375
medium_roughness_0073,medium_roughness,117.35600280761719,46.9010009765625,76.89801025390625,402.54364013671875,4.2755434748187326e-08,349.781982421875,0.006533751264214516,432.26666259765625,7.80940808908781e-07,7.186799422242984e-08,7.542474977917379e-10,7.451745331898962e-10,3.2673607819333483e-08,6.726895929176635e-09,4.6343923143510324e-10,1.7914342231861724e-09,1.0577388565025103e-07,1.605887973710196e-07,5.192896842956543,1.615977751612263e-08
low_roughness_0104,low_roughness,117.35600280761719,46.9010009765625,656.0285034179688,0.0007920564385131001,0.04016634821891785,1.0307581987945014e-07,579.578369140625,0.0007525867549702525,1.2030653806505143e-07,1290.8792724609375,9.242678844501029e-10,1.0964925634127098e-09,8.889398550593341e-09,0.00027742498787119985,8.971803855395422e-10,7.69593277993863e-10,3.206505994057807e-08,684.5061645507812,1.0516836113083627e-07,1226.677978515625
high_roughness_0089,high_roughness,117.35600280761719,46.9010009765625,528.1642456054688,8.97059440612793,1.8803323342808653e-08,7.871877372167546e-09,2.7419663761740765e-10,1.3664836160387495e-06,2.6289958654501788e-08,2.7794968104899453e-08,3.2658373227967274e-10,3.271535820026372e-10,2.1588471010858257e-09,2.32472641137349e-09,2.0497245567518974e-10,5.317676299299023e-10,7.347016772740744e-09,5.664033508878674e-08,2.40284503405519e-08,6.2845124659816065e-09
medium_roughness_0099,medium_roughness,117.35600280761719,46.9010009765625,231.33206176757812,922.5731811523438,0.0017268358496949077,0.004662264604121447,447.3087463378906,7.43072007480805e-07,255.69403076171875,1.5552151566566863e-08,2.1095927782432966e-10,2.0930200628210827e-10,0.0001926142576849088,1.2886788303134722e-09,9.242728110647747e-11,3.5536168452310335e-10,0.0003690834855660796,4.190064473164057e-08,313.4178161621094,3.310095086916931e-09
high_roughness_0232,high_roughness,117.35600280761719,46.9010009765625,252.67877197265625,0.061240751296281815,2.4415325583504455e-07,113.94393920898438,199.9828643798828,0.010829856619238853,26.679643630981445,1.7056638768053745e-08,6.428334745578468e-05,0.00024862217833288014,109.58195495605469,1.3483359984078902e-09,0.0013302305014804006,1.106670310946356e-06,155.81832885742188,4.236214579123043e-08,199.950439453125,3.709301976684287e-09
low_roughness_0246,low_roughness,117.35600280761719,46.9010009765625,546.0547485351562,2.2263037635639193e-07,512.8961791992188,2.6667155150761346e-09,505.3408508300781,240.24566650390625,9.784705667925664e-08,0.0013282073196023703,8.396491835149789e-10,8.507741733332352e-10,6.570328281441107e-09,9.080197038713322e-09,5.534668279238986e-10,1.640210522957375e-09,2.2480305617023078e-08,2.0609336104371323e-07,8.354103187002693e-08,3.09397059083949e-08
medium_roughness_0076,medium_roughness,117.35600280761719,46.9010009765625,507.1267395019531,241.14450073242188,148.75491333007812,173.92672729492188,8.294563258459675e-08,442.953369140625,1.4662199987469648e-07,3.8326817275446956e-08,149.96548461914062,0.0020648513454943895,30.94142723083496,2.2143055389278743e-08,6.488328835985158e-06,2.148361488707451e-08,0.015014849603176117,2.6967578037329076e-07,1.352894258843662e-07,4.365845640563748e-08
medium_roughness_0377,medium_roughness,117.35600280761719,46.9010009765625,319.4776306152344,356.6209716796875,15.555364608764648,0.0005367911071516573,0.11405434459447861,390.0267028808594,2.0793422095266578e-08,139.57281494140625,1.5759480447741225e-05,3.571808127045273e-10,2.1340214040321825e-09,170.71923828125,2.543708299551639e-10,0.0005761781358160079,7.394294954110592e-09,0.0005568877677433193,1.9415343999185097e-08,315.8071594238281
low_roughness_0388,low_roughness,117.35600280761719,46.9010009765625,317.174560546875,585.29443359375,1.740029063057591e-07,27.065038681030273,0.0038255692925304174,721.6490478515625,313.25262451171875,4.85183448972748e-08,9.746419227241176e-10,9.764672403989039e-10,0.006218379363417625,4.747175097463696e-09,0.00017501426918897778,1.3148178101829444e-09,64.88679504394531,1.0840747677320905e-07,374.6388244628906,1.1763362728345328e-08
high_roughness_0285,high_roughness,117.35600280761719,46.9010009765625,780.734619140625,171.0068817138672,179.7435302734375,5.267578373491233e-09,0.007145868148654699,1.7490683035248367e-07,0.0026425847318023443,1.4381798862928008e-08,3.577344254157566e-10,4.342355086617289e-10,1.6654181308695115e-05,1.4560618266656888e-09,1.9265455897254924e-09,4.3914302749747947e-10,4.729093052446842e-05,3.6084600196772953e-08,317.5968933105469,3.321459773886204e-09
medium_roughness_0344,medium_roughness,117.35600280761719,46.9010009765625,526.1316528320312,0.0006833695224486291,374.67559814453125,9.711116177868462e-08,240.84329223632812,0.0007167154108174145,1.3346750904474902e-07,1282.5439453125,3.055976138810479e-09,3.0988593913150453e-09,1.3057564807184008e-08,165.29568481445312,1.7287205000826589e-09,3.656324576439829e-09,4.5890711675156126e-08,238.169677734375,1.1945969902171782e-07,1251.765869140625
medium_roughness_0124,medium_roughness,117.35600280761719,46.9010009765625,627.8469848632812,674.7323608398438,1.828368034750838e-08,72.78814697265625,2.337358928627964e-08,9.381862398072371e-09,7.046328676096891e-08,7.079644603891211e-08,7.121268019716354e-10,7.190452677718895e-10,4.787648055781801e-09,5.020514226572459e-09,4.604444603373281e-10,1.0848555387354963e-09,1.6853549666961953e-08,1.4144407600724662e-07,6.16880626580496e-08,1.4788851032676575e-08
high_roughness_0147,high_roughness,117.35600280761719,46.9010009765625,518.9312744140625,259.3716735839844,407.9254455566406,297.6692810058594,238.87802124023438,244.48756408691406,0.007448680233210325,2.419101576833782e-07,0.09752015769481659,76.9505615234375,301.2071228027344,4.3747146349915056e-08,61.5075569152832,0.00047472325968556106,340.0722351074219,3.370683714365441e-07,38.35648727416992,1.0763319835405127e-07
medium_roughness_0384,medium_roughness,117.35600280761719,46.9010009765625,273.8371887207031,683.6573486328125,6.043018974111192e-09,1.1524402765417108e-08,5.773166833478172e-09,1.4825586314159978e-09,2.711233904051369e-08,3.006373461289513e-08,3.594072817136862e-10,3.534668946425512e-10,2.387325226393955e-09,2.6150916987432993e-09,2.0944616874185584e-10,5.94262472564111e-10,8.045759614105918e-09,5.894731813782528e-08,2.5118181312677734e-08,7.139863811289615e-09
high_roughness_0039,high_roughness,117.35600280761719,46.9010009765625,364.15057373046875,351.4406433105469,9.994357696996303e-08,472.17144775390625,344.89312744140625,381.0687255859375,381.2231140136719,4.4644199448384825e-08,4.984606061242403e-10,5.758526433474742e-10,0.006669063586741686,4.148203558429486e-09,0.0001253382069990039,1.266729054982818e-09,93.01536560058594,1.1003065480963414e-07,402.57379150390625,9.861067518102118e-09
low_roughness_0194,low_roughness,117.35600280761719,46.9010009765625,890.915771484375,0.005814398638904095,457.9337463378906,7.717249950189853e-09,5.804161418154763e-08,4.7615573706139e-09,1.5831357558226955e-08,1.9904977222040543e-08,3.0626090552487995e-10,3.014259397637886e-10,1.632881385660312e-09,2.0344030904340116e-09,1.8386724087715578e-10,4.662747410399959e-10,5.57857982030896e-09,3.650264090993005e-08,1.4880781940007637e-08,5.354451104722102e-09
medium_roughness_0394,medium_roughness,117.35600280761719,46.9010009765625,560.814453125,0.0010190573520958424,164.3492431640625,5.494619870205497e-08,436.4963684082031,0.0010397648438811302,1.3417478328392463e-07,563.0411987304688,1.2245201332916622e-06,132.22479248046875,4.53040556749329e-05,119.71189880371094,1.2080975466233213e-05,0.0033691618591547012,0.0002405281993560493,199.81365966796875,0.021453890949487686,370.12957763671875
high_roughness_0399,high_roughness,117.35600280761719,46.9010009765625,226.6154022216797,865.1748046875,3.59619534151534e-08,561.7347412109375,9.634268760681152,7.680129421316906e-09,2.3116385250432359e-07,1.3969304291094886e-07,1.822823669783702e-09,1.8686294733782916e-09,1.4121959601709477e-08,1.1540504551987851e-08,1.288568141077917e-09,2.605641702402295e-09,4.952513421585536e-08,2.568659738244605e-07,2.0094515207347285e-07,3.2420516049569414e-08
high_roughness_0099,high_roughness,117.35600280761719,46.9010009765625,901.2603149414062,0.015563949011266232,741.6287841796875,3.938026083005752e-08,0.0002939978730864823,0.0009145918302237988,3.577361695761283e-08,2.838840629237893e-08,2.623145580291748,1.290518696350773e-07,4.332850966903834e-09,217.0983123779297,8.011942775887348e-10,6.187233392296321e-09,1.4570155748572233e-08,4.3316141784544016e-08,3.3924475673074994e-08,0.0026871375739574432
high_roughness_0169,high_roughness,117.35600280761719,46.9010009765625,345.217041015625,122.12673950195312,1.8892305320150626e-07,404.3838806152344,0.681831419467926,8.142487525939941,269.8533935546875,3.181382979278169e-08,4.805889020076393e-10,3.6856112606287184e-10,67.5385971069336,3.0094122749346752e-09,0.00034626666456460953,8.303404075427068e-10,166.83592224121094,7.178237382277075e-08,340.2514953613281,7.739612506441063e-09
low_roughness_0080,low_roughness,117.35600280761719,46.9010009765625,283.8622741699219,355.7423400878906,5.6881983567791394e-08,366.9040222167969,487.37994384765625,342.5799560546875,513.47265625,1.4592404617985721e-08,0.00019220677495468408,1.2763158308004563e-09,188.4134063720703,9.131967404485408e-10,0.0008219165029004216,6.3462785027113e-10,261.7497253417969,4.935699848829245e-08,593.3666381835938,2.850607971893737e-09
medium_roughness_0340,medium_roughness,117.35600280761719,46.9010009765625,339.98529052734375,369.6124572753906,6.222408899247966e-08,235.40919494628906,506.89990234375,181.7747802734375,321.7867126464844,4.6166466205477263e-08,7.279004785232246e-05,0.00011063164129154757,26.252798080444336,4.526098162926928e-09,0.0005202865577302873,1.5106120798691336e-09,136.88088989257812,1.1663123444805024e-07,360.3995666503906,1.0381209669674263e-08
low_roughness_0063,low_roughness,117.35600280761719,46.9010009765625,413.8209228515625,0.0018276625778526068,58.61605453491211,1.0118110083112697e-07,176.3057861328125,0.0014304474461823702,1.1958394452449284e-07,1010.3547973632812,6.718827161300567e-10,6.486164938479533e-10,9.33036048422764e-09,0.00022772552620153874,8.334328782666489e-10,1.0675964556838835e-09,3.4559018757818194e-08,1.7758530646005966e-07,1.0838328279305642e-07,993.678955078125
medium_roughness_0137,medium_roughness,117.35600280761719,46.9010009765625,441.864013671875,473.5377502441406,2.1160024843425163e-08,527.3958129882812,374.5496826171875,129.3297576904297,1154.8443603515625,1.2247420499988948e-07,3.975627987529151e-05,5.65000154892914e-05,223.54393005371094,1.3428110179347641e-08,0.0005348738050088286,3.5813740861811993e-09,411.368896484375,1.8552886160705384e-07,1144.3553466796875,3.717157781579772e-08
low_roughness_0207,low_roughness,117.35600280761719,46.9010009765625,214.0047607421875,1.5896053810138255e-05,257.63970947265625,2.3769432289100223e-07,158.56253051757812,161.62188720703125,6.868163637818725e-08,17.261423110961914,0.0005710524856112897,0.0009019822464324534,4.391331742681359e-09,195.3508758544922,1.255834281010948e-08,0.0010332781821489334,3.120153024838146e-08,0.00041686196345835924,5.713043194077727e-08,189.60250854492188
medium_roughness_0023,medium_roughness,117.35600280761719,46.9010009765625,382.029296875,0.0010642902925610542,0.08484777808189392,4.8408626440732405e-08,146.3033905029297,0.0013307210756465793,1.7026596310643072e-07,1253.182373046875,1.0793057558800001e-09,1.4412491200488375e-09,1.4445275198227137e-08,47.3900032043457,1.3730452330662501e-09,5.917427881030335e-09,5.227585475608976e-08,1152.526611328125,1.4763620015401102e-07,1184.2059326171875
low_roughness_0199,low_roughness,117.35600280761719,46.9010009765625,474.9246826171875,715.8526611328125,311.8495788574219,569.7999267578125,404.99639892578125,1.039549601955514e-08,61.27891159057617,18.238140106201172,3.074884807574563e-05,0.0013691888889297843,100.86347961425781,0.08902955055236816,53.317138671875,6.557470122459108e-09,99.42314910888672,1.2810522775907884e-07,75.28076171875,258.01953125
high_roughness_0079,high_roughness,117.35600280761719,46.9010009765625,663.8993530273438,2.717636959914671e-07,608.27734375,8.921246852366949e-09,440.5843811035156,608.3489379882812,2.9744788321295346e-07,958.5623168945312,8.060886784733157e-07,4.896504833595827e-05,5.960907856206177e-08,404.837646484375,4.740298376049168e-09,0.00021481778821907938,1.5601298741785286e-07,0.01391457300633192,2.7587043405219447e-07,905.2786254882812
low_roughness_0243,low_roughness,117.35600280761719,46.9010009765625,344.994384765625,0.0015813461504876614,436.1036376953125,6.784225092815177e-08,1.1126583814620972,0.00018187677778769284,6.849717948398393e-08,1027.973388671875,8.089132697008949e-10,8.533452278136622e-10,5.398876012918663e-09,3.4942304605323216e-09,5.684992476773232e-10,1.1994270021631337e-09,1.8947618585229975e-08,4.818762633362894e-08,6.115188000421767e-08,258.85516357421875
low_roughness_0261,low_roughness,117.35600280761719,46.9010009765625,389.4338684082031,0.0011464966228231788,776.3112182617188,5.900075095155444e-08,0.004147244617342949,0.0001792240364011377,7.615643937697314e-08,1295.0345458984375,1.1319012394039873e-09,1.2826659734344048e-09,6.7541257031678015e-09,0.0032843395601958036,8.05010003102069e-10,6.305544975049315e-10,2.481025695999506e-08,1.574549486349497e-07,6.950581621367746e-08,1307.1590576171875
low_roughness_0047,low_roughness,117.35600280761719,46.9010009765625,127.33638000488281,673.7313842773438,373.2749328613281,107.62225341796875,158.70223999023438,2.193178079323843e-05,111.39971160888672,159.27548217773438,0.0007793181575834751,103.69686126708984,1.7128135141319945e-06,33.8739128112793,0.014981345273554325,6.527034759521484,8.19063643575646e-06,117.03895568847656,79.8188247680664,105.00064086914062
medium_roughness_0198,medium_roughness,117.35600280761719,46.9010009765625,243.41915893554688,207.77569580078125,3.547661009406511e-08,221.96568298339844,202.08509826660156,37.420249938964844,1188.1326904296875,1.62305369144633e-07,4.3029970697716635e-09,4.459566493864031e-09,112.32096099853516,1.89782909387759e-08,0.00030911192880012095,4.9613322339325805e-09,208.701416015625,2.66196877873881e-07,1195.049560546875,4.826857491480041e-08
medium_roughness_0361,medium_roughness,117.35600280761719,46.9010009765625,783.57275390625,7.25221834727563e-05,424.0191345214844,0.0008498445968143642,91.5716552734375,0.0031036892905831337,103.36540985107422,333.170166015625,0.0019998326897621155,31.3474063873291,0.004787509795278311,48.14570999145508,0.0020208496134728193,0.36697471141815186,0.006756813731044531,308.1828918457031,93.80601501464844,178.09754943847656
medium_roughness_0363,medium_roughness,117.35600280761719,46.9010009765625,279.9922790527344,948.7671508789062,2.4513305163509358e-08,92.7968978881836,5.7332268710297285e-08,1.5401828701300246e-09,1.0521048920963949e-07,9.640250198117428e-08,4.660035690662312e-10,4.619055138377348e-10,6.669011121118729e-09,6.69074706749484e-09,3.9961098319274413e-10,1.380900727099288e-09,2.1116278503541253e-08,1.8637723542269669e-07,9.109447773880675e-08,1.9204527745841915e-08
high_roughness_0201,high_roughness,117.35600280761719,46.9010009765625,442.9178771972656,488.2225036621094,4.66298324397485e-08,211.7720184326172,115.14561462402344,272.4791259765625,0.001993043115362525,1.9452808430742152e-07,0.01324973814189434,12.205938339233398,300.2809143066406,2.333434601098361e-08,58.60577392578125,1.4659963198937476e-06,327.605712890625,4.441074281658075e-07,0.006118365563452244,6.535011465302887e-08
medium_roughness_0077,medium_roughness,117.35600280761719,46.9010009765625,455.9629821777344,315.6650695800781,481.7318115234375,1.866297338892764e-08,366.4937744140625,277.9112854003906,2.1144921902305214e-07,788.654296875,3.962707939564325e-09,3.2159550578114704e-09,1.4036538154016398e-08,0.00026577184326015413,6.576342803654711e-10,2.3339365995411754e-09,4.748137527599283e-08,332.876220703125,1.7742432589784585e-07,353.38275146484375
low_roughness_0192,low_roughness,117.35600280761719,46.9010009765625,98.44828033447266,289.4638671875,1.113435885713443e-07,614.4463500976562,334.8665771484375,181.75762939453125,331.46514892578125,1.0466064459535573e-08,7.391266262857243e-05,1.7334437870886177e-05,107.46216583251953,1.0393824689813869e-09,0.0005202032625675201,6.609099378884764e-10,182.06997680664062,4.2736189698189264e-08,415.53021240234375,3.2555336204609375e-09
medium_roughness_0057,medium_roughness,117.35600280761719,46.9010009765625,442.1898193359375,0.0017192286904901266,68.41796112060547,1.4534397507759422e-07,375.32513427734375,0.002828845987096429,5.869971460015222e-07,451.71441650390625,1.213150085277448e-06,173.66473388671875,5.0669040518869224e-08,140.21615600585938,5.419954050012166e-06,3.700891465996392e-05,3.4324182252021274e-07,184.9154052734375,3.294002794973494e-07,338.728271484375
medium_roughness_0052,medium_roughness,117.35600280761719,46.9010009765625,419.4693603515625,1.217185285895539e-07,431.1590576171875,9.005719725507788e-09,331.3058776855469,695.2282104492188,2.1346869516492006e-07,1344.9737548828125,1.6624024379296998e-09,2.0367052488978743e-09,1.7487254311276956e-08,63.736934661865234,1.7966389487256151e-09,8.565805842408736e-10,6.153189957558425e-08,1296.9678955078125,1.8623119046878855e-07,1259.7427978515625
low_roughness_0082,low_roughness,117.35600280761719,46.9010009765625,341.9441223144531,331.276123046875,0.00012049169163219631,271.308837890625,375.2201232910156,368.04779052734375,199.5743865966797,3.6350623844327856e-08,8.140425555858144e-10,8.137522322648749e-10,69.12606811523438,3.649120783322246e-09,0.00028240380925126374,9.925654742559686e-10,177.02761840820312,7.947129887497795e-08,329.33392333984375,9.165737502314641e-09
medium_roughness_0334,medium_roughness,117.35600280761719,46.9010009765625,211.24993896484375,309.0452575683594,0.0002444844867568463,401.7294006347656,0.004421189893037081,493.34320068359375,443.30224609375,4.9598305906783935e-08,1.111985281632144e-09,1.2099853341496214e-09,0.0031239071395248175,4.861419711232884e-09,1.1667851140373386e-05,1.4538362735905253e-09,101.08210754394531,1.221867620415651e-07,448.7778625488281,1.1636253738345204e-08
high_roughness_0348,high_roughness,117.35600280761719,46.9010009765625,554.8046875,3.172382321281475e-07,124.39237213134766,4.203183934237131e-08,343.1101989746094,0.0016476813470944762,3.5669913245328644e-08,0.0012778982054442167,2.4870571380120055e-08,53.807247161865234,2.6974245059818713e-09,68.98059844970703,1.0251130611038661e-08,2.3668362700846046e-05,1.0121734561607809e-08,2.6359163030065247e-07,2.536414633880213e-08,57.53606414794922
medium_roughness_0309,medium_roughness,117.35600280761719,46.9010009765625,787.6311645507812,820.0426635742188,1.396121440677689e-08,7.492166886891027e-09,2.995222514456941e-09,3.180804730718023e-09,3.0936345041254754e-08,3.704425211026319e-08,3.86338655511409e-10,3.858356689701026e-10,2.336426163651595e-09,2.6978153044865394e-09,2.446577662684746e-10,5.913362577381065e-10,8.063503642574688e-09,7.436347715383818e-08,2.7585294049004006e-08,7.869099150070724e-09
high_roughness_0084,high_roughness,117.35600280761719,46.9010009765625,1.9980636352556758e-05,84.28216552734375,247.1428985595703,3.882686598899454e-07,1.3286352018582193e-09,5.8294244098533454e-08,3.032959128290713e-08,6.452375345133987e-08,63.07569885253906,7.469480145516627e-09,4.0162384529196515e-09,3.0242595983054343e-08,6.805827013067756e-09,1.419324213713935e-09,1.1576042346916893e-08,8.1620129321891e-08,2.8044830457929493e-08,1.1748743311557064e-08
low_roughness_0251,low_roughness,117.35600280761719,46.9010009765625,302.5539245605469,307.7881164550781,1.2157408946222859e-07,0.008582358248531818,292.2437438964844,381.63922119140625,12.234208106994629,3.155312811031763e-08,7.952337677252785e-10,7.742398944188267e-10,87.4322280883789,3.3731539783588005e-09,0.0003335413057357073,9.64770818789873e-10,183.8821563720703,6.985562350791952e-08,280.8468322753906,8.267676321338513e-09
low_roughness_0145,low_roughness,117.35600280761719,46.9010009765625,431.822509765625,1.3150796576155699e-06,4.3841538399647106e-08,49.36205291748047,2.9661653133672417e-09,347.10888671875,3.9767098058973716e-08,680.6828002929688,2.106750995878315e-09,2.4417445843027963e-09,3.5640654871826882e-09,0.0001331721432507038,1.2446836450408227e-08,5.052724461052094e-09,1.3846016777563364e-08,519.258544921875,3.3312318237221916e-08,184.89491271972656
medium_roughness_0116,medium_roughness,117.35600280761719,46.9010009765625,253.99684143066406,853.8212280273438,3.654966818089633e-08,594.0977172851562,283.2334289550781,1.8360010756168776e-07,3.3398981713617104e-07,1.243310236986872e-07,2.0347561413558424e-09,2.1020227780610412e-09,1.827085327477107e-08,1.1514823761160642e-08,1.5119553387066276e-09,2.750605299084441e-09,6.350438752633636e-08,2.3488880174227234e-07,3.157189212288358e-07,3.026694628260884e-08
low_roughness_0319,low_roughness,117.35600280761719,46.9010009765625,327.0935363769531,244.2340087890625,4.400078879029934e-08,550.0387573242188,287.19757080078125,354.135009765625,1259.910888671875,9.077326268425168e-08,0.00014463489060290158,0.00017749836842995137,206.99378967285156,9.872962003498742e-09,0.0008268734090961516,5.133631202625111e-05,645.0899658203125,1.5945765596825368e-07,1253.4444580078125,2.512139296584337e-08
low_roughness_0371,low_roughness,117.35600280761719,46.9010009765625,208.3450164794922,9.213998737322981e-07,217.82321166992188,0.00014314011787064373,398.2646789550781,75.16505432128906,60.6298828125,125.26774597167969,0.002868196927011013,36.9523811340332,0.00023158933618105948,65.38823699951172,0.0011276581790298223,13.827677726745605,0.0020475208293646574,105.73375701904297,241.28594970703125,89.25357818603516
low_roughness_0026,low_roughness,117.35600280761719,46.9010009765625,732.7891235351562,1.8249058086894365e-07,520.3665161132812,223.24620056152344,425.03759765625,0.0017325171502307057,1.501471587062042e-07,1314.9683837890625,1.4206431586671897e-09,1.4652612456700354e-09,1.0640232694925089e-08,1.086707612785176e-08,1.0017975338172391e-09,2.356000061709551e-09,3.600814579840517e-08,0.2873307466506958,1.2860280662607693e-07,29.857120513916016
high_roughness_0133,high_roughness,117.35600280761719,46.9010009765625,435.5237731933594,1.6620090548258304e-07,457.9027404785156,1.7793903239748943e-08,513.7518310546875,593.269775390625,2.604702444841678e-07,1295.0147705078125,1.5016892174202212e-09,2.4135413667636385e-09,2.581911395793668e-08,140.691650390625,2.796501474833235e-09,2.1938564298551455e-09,9.140149614950133e-08,1232.81298828125,2.3100848522972228e-07,1210.319091796875
high_roughness_0215,high_roughness,117.35600280761719,46.9010009765625,778.9044189453125,0.07235783338546753,3.1270520395310086e-08,410.6849365234375,1.0411410400479326e-08,221.89968872070312,9.553651381111194e-08,9.902311148834997e-08,7.525232104121926e-10,7.645209465501068e-10,5.215989418161371e-09,5.609051445532032e-09,5.110020184773134e-10,1.157455575828692e-09,1.8072185525852547e-08,2.0378827514377917e-07,7.871220475408336e-08,1.7547531427908325e-08
high_roughness_0097,high_roughness,117.35600280761719,46.9010009765625,316.5812683105469,0.0008793111774139106,570.1385498046875,2.654552666569998e-08,244.709716796875,0.0008901386172510684,5.3748774320183657e-08,0.0009459041757509112,5.595340917352587e-05,107.43096160888672,6.994544943239589e-09,0.005070395302027464,7.859707125135174e-07,0.0004250968631822616,0.0005846003768965602,2.916129915320198e-07,0.0007140894304029644,13.843365669250488
low_roughness_0282,low_roughness,117.35600280761719,46.9010009765625,177.93702697753906,561.92919921875,342.16131591796875,433.13775634765625,3.762496092463152e-08,0.00043130191625095904,1.950412809037516e-08,0.0003733854682650417,0.00045243179192766547,1.7189824674801457e-08,1.9982453469680195e-09,61.557273864746094,7.841348126369496e-10,9.697787754703313e-05,6.450182166162222e-09,9.228096314473078e-05,1.713463504415813e-08,106.96317291259766
low_roughness_0310,low_roughness,117.35600280761719,46.9010009765625,502.8539733886719,0.0015167983947321773,3.872892762046831e-08,2.8853557765273763e-08,253.32997131347656,0.0753629058599472,1.089027819034527e-07,1053.669921875,7.191933715233745e-10,6.055349555111889e-10,7.698256254684566e-09,9.858119301497936e-05,4.94900509462326e-10,6.059982515793649e-10,2.6525635021812377e-08,240.89166259765625,9.274156553829016e-08,782.7217407226562
medium_roughness_0391,medium_roughness,117.35600280761719,46.9010009765625,402.9801330566406,512.6633911132812,4.01784205905642e-08,49.88483810424805,457.3016357421875,761.8922729492188,1377.2132568359375,1.6869653052253852e-07,5.468239194783564e-09,5.825131044190357e-09,156.7986602783203,2.1749297474116247e-08,0.0004559255321510136,5.899914778950688e-09,783.1487426757812,2.7754614961850166e-07,1365.9730224609375,5.1883091600757325e-08
medium_roughness_0169,medium_roughness,117.35600280761719,46.9010009765625,331.4980773925781,747.2796020507812,2.089097606017276e-08,408.3688659667969,0.04084772244095802,446.7815856933594,508.9851989746094,7.076592822841121e-08,7.370874466339217e-10,7.032801008222123e-10,0.002479551825672388,7.088450271197644e-09,6.068112634238787e-05,2.2119741593940034e-09,0.07546931505203247,1.6231558674917324e-07,433.9623718261719,1.592724707677462e-08
low_roughness_0316,low_roughness,117.35600280761719,46.9010009765625,344.388671875,471.589599609375,2.6855106582956978e-08,208.620849609375,300.2864685058594,379.06646728515625,730.4827270507812,1.2892982681478315e-07,2.973903567848879e-09,2.885629735160933e-09,51.23846435546875,1.5635967187677124e-08,0.0002694193972274661,4.7639647782204975e-09,193.1082305908203,2.3320673392390745e-07,711.2911376953125,3.664579040218996e-08
low_roughness_0305,low_roughness,117.35600280761719,46.9010009765625,559.0422973632812,0.003987519070506096,248.86843872070312,7.568523585632647e-08,725.2215576171875,131.0819854736328,5.107579781338245e-08,410.2605895996094,2.5798116420894246e-10,3.8946823543994924e-10,4.127706620948857e-09,9.707947174319997e-05,3.850578467190502e-10,2.333427895351292e-10,1.4993432273513463e-08,3.3611907923614126e-08,4.8195438751008624e-08,902.372314453125
medium_roughness_0163,medium_roughness,117.35600280761719,46.9010009765625,0.0006837686523795128,0.004576979670673609,0.02592507191002369,5.848755257886751e-09,3.5161279811291024e-05,7.130348649297957e-07,7.59715840104036e-05,2.00774792347147e-08,5.351824539090444e-10,1.2693689086518134e-06,0.0014924044953659177,1.9377857096714024e-09,3.753743294510059e-05,6.434854871173457e-10,21.89828109741211,5.3159375568156975e-08,113.54774475097656,4.256939245550484e-09
medium_roughness_0182,medium_roughness,117.35600280761719,46.9010009765625,239.64898681640625,390.08856201171875,154.08145141601562,591.7080688476562,90.07880401611328,507.4239501953125,376.4889831542969,1.1677625622041887e-07,1.9690411523498597e-09,2.0382247001293763e-09,0.0004385068023111671,1.1882903550031187e-08,8.212873581214808e-06,3.257086600427783e-09,0.0013190943282097578,2.156468212888285e-07,401.37689208984375,3.058327280314188e-08
medium_roughness_0323,medium_roughness,117.35600280761719,46.9010009765625,389.63531494140625,456.2198791503906,467.08428955078125,1.0764777869098907e-07,0.008674072101712227,0.0044037410989403725,3.598500697421514e-08,221.9320526123047,6.370699702529237e-05,5.759152044149118e-10,3.5311935597803767e-09,138.57791137695312,3.9935496576326557e-10,0.0005825604312121868,1.2565410933973453e-08,0.0005330797866918147,3.215416910506974e-08,325.33746337890625
medium_roughness_0114,medium_roughness,117.35600280761719,46.9010009765625,481.4259338378906,1.4365203071520227e-07,427.7802429199219,2.288442573217253e-07,510.8877258300781,402.38995361328125,2.0295564695516077e-07,0.00015357477241195738,110.53441619873047,0.0011687239166349173,2.9200970530496306e-08,148.3197784423828,9.320897831344155e-09,2.3755448808060464e-07,8.580661869928008e-08,2.567398382780084e-07,1.86634792953555e-07,0.01463894359767437
high_roughness_0074,high_roughness,117.35600280761719,46.9010009765625,526.1443481445312,579.4757080078125,465.8359680175781,2.0127965960625716e-09,467.4525451660156,37.883541107177734,6.488242070190609e-05,1.8910979804331873e-07,0.00021163640485610813,80.71958923339844,72.39641571044922,4.8720557970227674e-05,0.0009125853539444506,0.0001164252680609934,146.26168823242188,2.847988298526616e-07,0.01616716757416725,6.131375585027854e-08
high_roughness_0361,high_roughness,117.35600280761719,46.9010009765625,492.43695068359375,937.653076171875,2.480098437729339e-08,218.5933074951172,7.070450891433211e-09,2.040023616700637e-07,7.00855693480662e-08,6.477703351492892e-08,4.935280517592844e-10,4.997895985958678e-10,3.666059233964347e-09,3.739485610054771e-09,3.30428989725462e-10,8.023167130666309e-10,1.271105443123588e-08,1.434599568028716e-07,5.7728172464521776e-08,1.142129235631728e-08
medium_roughness_0147,medium_roughness,117.35600280761719,46.9010009765625,338.25347900390625,333.4059143066406,206.2442626953125,3.797390490944963e-08,98.88597869873047,131.75709533691406,1.0764321878298233e-08,649.99755859375,1.2780746461160675e-09,9.668617018121495e-10,9.543770218556347e-10,36.874752044677734,6.269125218949512e-10,6.950193753851863e-09,3.947785653934943e-09,243.11932373046875,9.138454437618293e-09,583.7470092773438
high_roughness_0048,high_roughness,117.35600280761719,46.9010009765625,241.36090087890625,2.4540918275306467e-07,512.828857421875,198.02340698242188,308.7115783691406,615.4080810546875,0.0007155316416174173,5.146829948898812e-07,0.05946200713515282,8.198226928710938,441.2135925292969,3.4149468319810694e-07,71.46887969970703,0.0003276598290540278,515.0360107421875,5.220273351369542e-07,0.007639752235263586,4.4149049927000306e-07
medium_roughness_0336,medium_roughness,117.35600280761719,46.9010009765625,808.8868408203125,2.584680558470609e-08,555.4442138671875,2.4210994098439187e-08,7.920527167470937e-08,504.18487548828125,2.9743929985670547e-08,3.9654290162616235e-07,1.4216189336835328e-09,1.563029483619971e-09,2.707821744607486e-09,1.534223059707074e-08,8.059967804285861e-09,1.3929235542775587e-09,8.051301847444847e-09,1.7988043055083835e-07,2.527099773885766e-08,1.6285844139929395e-07
high_roughness_0380,high_roughness,117.35600280761719,46.9010009765625,434.8101501464844,0.00013559137005358934,962.406005859375,2.4954248445396843e-08,0.008489120751619339,504.92626953125,1.7184744294240772e-08,2.1442064124244098e-08,1.3000407861341046e-08,3.3776796914963825e-09,1.652337155988448e-09,0.0012511102249845862,3.0760388680661777e-10,7.222920594962545e-10,5.401173286401217e-09,7.336252139111821e-08,1.5410504872193087e-08,205.74244689941406
high_roughness_0365,high_roughness,117.35600280761719,46.9010009765625,0.007639025803655386,118.11531066894531,1.0300113473249439e-07,366.122314453125,89.29219818115234,207.29049682617188,400.37139892578125,3.6234379940935924e-09,2.963285450352515e-10,3.5782793395000567e-10,13.787468910217285,3.8211669939336446e-10,5.444363705464639e-05,2.3784976765917065e-10,229.07725524902344,1.4003859405420371e-08,426.44818115234375,1.1620588935556952e-09
high_roughness_0019,high_roughness,117.35600280761719,46.9010009765625,992.610595703125,0.002211194019764662,1.044920483472822e-09,1.705384100603169e-08,1.2741814998662448e-06,0.0005016434588469565,3.5997018699163164e-08,4.194838254534261e-08,6.205490010735559e-10,6.21075912921043e-10,3.222113464929066e-09,3.6791583113426896e-09,3.723178709780228e-10,8.576219179268207e-10,1.174383701396664e-08,7.916147382047711e-08,3.343964039004277e-08,1.0870475186663953e-08
medium_roughness_0244,medium_roughness,117.35600280761719,46.9010009765625,742.0490112304688,868.917236328125,3.209816412663713e-08,211.3065185546875,313.4756774902344,5.875325541637721e-07,2.527548872421903e-07,9.495100528056355e-08,1.2905062574120052e-09,1.317745024209671e-09,1.3099047180276102e-08,7.994926498611221e-09,8.660546724215124e-10,1.9140047324839315e-09,4.516398988130277e-08,1.9430078168625187e-07,2.466228465891618e-07,2.1526313176423173e-08
low_roughness_0366,low_roughness,117.35600280761719,46.9010009765625,412.8735656738281,0.004958974663168192,500.43487548828125,1.3285793443174043e-07,8.957132339477539,0.0015659703640267253,6.05945729148516e-08,465.4734802246094,1.354470646752759e-09,4.851514745496388e-10,4.846282486425935e-09,7.880709017626941e-05,3.980294982497412e-10,4.978563117319368e-10,1.7263195317696045e-08,7.90174041753744e-08,5.4766971402386844e-08,947.6113891601562
high_roughness_0007,high_roughness,117.35600280761719,46.9010009765625,358.91864013671875,2.4635990030219546e-06,467.5328369140625,7.974491467166445e-08,391.85430908203125,203.1248779296875,2.454698062592797e-07,1.864913912186239e-07,0.0027013192884624004,162.91775512695312,125.42244720458984,2.5160330707763023e-08,0.0015694961184635758,2.6908674044534564e-05,114.30830383300781,2.933190899057081e-07,3.2629557722430036e-07,5.992416163280723e-08
medium_roughness_0120,medium_roughness,117.35600280761719,46.9010009765625,0.01676967926323414,470.26556396484375,4.4173353330734244e-07,525.3718872070312,0.0012319486122578382,0.004878775216639042,2.173178614839344e-07,5.348104892277661e-08,6.178962896896678e-10,6.394308416091121e-10,7.505425614340311e-09,4.112837626024657e-09,4.1397835159884266e-10,1.019854756201255e-09,2.592822667679684e-08,1.334543924258469e-07,1.9385306870844943e-07,1.0802701844170315e-08
high_roughness_0176,high_roughness,117.35600280761719,46.9010009765625,911.2463989257812,7.121098377638191e-08,9.61443333835632e-07,3.610006960030887e-09,4.18781667121948e-07,202.498046875,4.3249354320096245e-08,425.5216064453125,7.20200954429373e-10,7.301123039482604e-10,3.752481880781033e-09,1.096449331328131e-08,6.803474450478575e-10,4.2485113205259495e-09,1.1337037975067688e-08,3.4476801147320657e-07,3.655203784092009e-08,0.000533333164639771
medium_roughness_0292,medium_roughness,117.35600280761719,46.9010009765625,789.201171875,1033.16064453125,0.0001312294480158016,242.18707275390625,0.00025218052905984223,4.119015386550018e-07,4.4760923856301815e-08,3.968450457136896e-08,8.375906079827189e-10,5.70324953930168e-10,144.50271606445312,4.401663034059311e-09,2.6001805153441637e-09,1.1513301423349276e-09,743.718994140625,7.87859519846279e-08,4.624482608051039e-05,1.1269513322531566e-08
medium_roughness_0399,medium_roughness,117.35600280761719,46.9010009765625,473.6595153808594,0.0009389934712089598,349.8117980957031,4.8661068063893254e-08,32.89500427246094,0.0017897860379889607,2.4650529439895763e-07,1292.838623046875,3.352973676484794e-09,4.422128441206041e-09,2.7908971134138483e-08,248.90357971191406,3.584647689791609e-09,4.705015044237371e-09,1.0018157325930588e-07,1240.6590576171875,2.215647612047178e-07,1246.283447265625
high_roughness_0107,high_roughness,117.35600280761719,46.9010009765625,636.2384643554688,543.0392456054688,433.6108703613281,476.8157653808594,6.540055164094838e-10,0.0003652113664429635,4.377594464699541e-08,0.0003534466668497771,4.9198049964616075e-05,1.1525112313393038e-05,3.809350612726803e-09,0.002559733809903264,3.1028854485803947e-10,1.2744141713483259e-05,1.4179502905165009e-08,3.197353726136498e-05,3.9030226162140025e-08,468.30792236328125
high_roughness_0150,high_roughness,117.35600280761719,46.9010009765625,435.00445556640625,1.895843553256782e-07,433.25445556640625,6.031077859347533e-09,395.2761535644531,271.00091552734375,2.280407755961278e-07,1053.1563720703125,1.9658215055784467e-09,1.6042761563639374e-09,2.0734056249693822e-08,0.0004931904841214418,1.2144106831257773e-09,5.220945695327828e-06,6.813844066755337e-08,767.9627685546875,2.0059783878423332e-07,763.6840209960938
low_roughness_0007,low_roughness,117.35600280761719,46.9010009765625,391.468994140625,127.92597198486328,0.0042656236328184605,0.6863441467285156,176.2617645263672,72.06800079345703,77.3083724975586,4.052406055166102e-08,0.0020318517927080393,0.0018908872734755278,82.55916595458984,6.7618084464982076e-09,29.295251846313477,6.51386589112235e-09,88.44148254394531,1.5673045083985926e-07,93.45175170898438,1.6291147986180476e-08
low_roughness_0349,low_roughness,117.35600280761719,46.9010009765625,532.423095703125,1.4635196521339822e-07,557.7315673828125,0.007246589753776789,287.4620361328125,133.27456665039062,1.4281863514042925e-07,911.7582397460938,7.072389340834206e-10,6.99407476378866e-10,1.09149986826651e-08,6.878005276433896e-09,4.075159099059533e-10,1.0804880323789234e-09,3.376541357624774e-08,244.2403564453125,1.1819221867881424e-07,241.52760314941406
medium_roughness_0092,medium_roughness,117.35600280761719,46.9010009765625,713.315185546875,892.4138793945312,6.366180116401665e-08,256.8892822265625,1.4548716897877512e-08,0.00013720292190555483,1.699314680081443e-07,1.2974527408005088e-07,1.2478397204418457e-09,1.2736360854859186e-09,9.387339794386662e-09,8.885653102197466e-09,8.541773399706187e-10,1.907113800214688e-09,3.26676889983446e-08,2.453071488162095e-07,1.4005748028012022e-07,2.6760105242829013e-08
high_roughness_0358,high_roughness,117.35600280761719,46.9010009765625,667.6366577148438,375.5661315917969,130.9450225830078,279.925537109375,1.148619532585144,816.5480346679688,530.5296630859375,2.080790117986453e-08,3.7075525982643853e-10,3.7713365763636375e-10,0.0001565451530041173,1.7845011024419932e-09,2.141179872294785e-10,5.049302087556384e-10,0.001433147699572146,5.2841446773754797e-08,658.6575317382812,4.62934179878971e-09
high_roughness_0043,high_roughness,117.35600280761719,46.9010009765625,4.755911959364312e-06,2.908053886585549e-07,428.4748840332031,9.869426520481284e-08,305.49920654296875,435.9320373535156,3.8382353295673965e-07,2.817891697759478e-07,89.51275634765625,163.13333129882812,2.945136547088623,0.00012179015175206587,0.010127848945558071,0.00033794037881307304,0.01640951633453369,4.195751728275354e-07,3.941457578093832e-07,8.483704004902393e-05
low_roughness_0021,low_roughness,117.35600280761719,46.9010009765625,395.36236572265625,552.9853515625,4.1304019759991206e-08,227.87388610839844,252.60438537597656,482.2322998046875,97.93695831298828,3.038598705984441e-08,5.685307225000713e-10,4.942392606288593e-10,52.798606872558594,3.00559199750694e-09,0.00021225666569080204,8.111024629720021e-10,171.70068359375,6.635897875639785e-08,313.1161804199219,7.662658951801404e-09
medium_roughness_0097,medium_roughness,117.35600280761719,46.9010009765625,832.1304321289062,305.6219177246094,327.7082214355469,3.600918887514126e-07,2.4585096980445087e-07,266.601318359375,2.2326942072936617e-08,203.48370361328125,2.5594015824026428e-05,1.4085018706921915e-09,1.8053434303055838e-09,2.192206382751465,2.941318855143038e-10,0.00015263119712471962,5.9846803068808185e-09,0.00025218099472112954,1.9251984895163332e-08,404.38214111328125
medium_roughness_0368,medium_roughness,117.35600280761719,46.9010009765625,0.03669044002890587,113.493896484375,266.7160949707031,2.5367569378431654e-07,0.013505987823009491,2.0929311972395226e-07,1.0952854978540927e-07,1.4945528903353988e-07,9.223509778166772e-08,153.46266174316406,1.9134253292918402e-08,2.094419926379487e-08,2.0513068577088234e-08,1.0927893256962307e-08,7.218066144787372e-08,2.3536351534403366e-07,1.0331417854558822e-07,4.566012634654726e-08
medium_roughness_0354,medium_roughness,117.35600280761719,46.9010009765625,839.5095825195312,382.7754211425781,529.5109252929688,3.4624534350768954e-08,7.139458801930232e-08,0.0008530929335393012,4.252851582009498e-08,0.006140586920082569,4.89291523990687e-05,3.7593068554997444e-05,5.2284003793090505e-09,0.0014702532207593322,1.8268124790665752e-09,0.00013146179844625294,1.4927886482496433e-08,0.00016061980568338186,3.6448305706926476e-08,151.349365234375
high_roughness_0342,high_roughness,117.35600280761719,46.9010009765625,133.96026611328125,129.88450622558594,1.4029879480403906e-07,7.709177651804566e-08,75.82481384277344,257.8330383300781,4.764954155689338e-07,6.355515580480642e-08,0.004540824331343174,0.2593863010406494,185.3029022216797,4.473597936538454e-09,0.719407856464386,0.00023066018184181303,190.82464599609375,1.423020137281128e-07,0.0024063000455498695,1.3770613094266082e-08
high_roughness_0171,high_roughness,117.35600280761719,46.9010009765625,505.1137390136719,9.544398835714674e-07,380.85870361328125,0.0007680770359002054,227.88311767578125,457.6745910644531,8.110255578230863e-09,223.42193603515625,0.0008718452299945056,0.0005695908912457526,1.1281509060268036e-09,156.87496948242188,1.506945955043193e-05,0.004988616332411766,4.836531619645257e-09,66.89254760742188,0.0009446407784707844,231.16355895996094
low_roughness_0337,low_roughness,117.35600280761719,46.9010009765625,0.0037543654907494783,652.3540649414062,672.8652954101562,302.7268371582031,308.7906494140625,2.19713114368858e-09,509.7256164550781,1.321856490932305e-08,0.00014567346079275012,9.91835622699e-05,418.4630432128906,0.00029340750188566744,4.801072597503662,1.7686968556418492e-09,442.8000183105469,4.768275729816196e-08,478.5654602050781,0.000744971795938909
low_roughness_0044,low_roughness,117.35600280761719,46.9010009765625,478.63104248046875,475.6102294921875,3.6044081497266234e-08,343.15081787109375,247.67430114746094,79.41181945800781,1107.9261474609375,1.412641097431333e-07,2.8358628778590855e-09,2.8821476316664985e-09,73.4643783569336,1.4090077549155922e-08,0.00026509733288548887,3.5021971989124268e-09,203.1381072998047,2.4682026378286537e-07,1122.878662109375,3.7165129640470695e-08
medium_roughness_0271,medium_roughness,117.35600280761719,46.9010009765625,5.658148802467622e-05,897.3931884765625,486.2381896972656,117.06957244873047,2.44842768282183e-09,1.8479383356861945e-08,2.8513976957356135e-08,1.8081451003126858e-07,3.8607345098640167e-10,3.8584524464368997e-10,2.927574183075876e-09,3.1788882637329152e-09,1.9585598420857053e-10,2.177306779316268e-09,9.748488238869868e-09,3.8256118273238826e-08,2.5558449578966247e-08,100.89443969726562
medium_roughness_0205,medium_roughness,117.35600280761719,46.9010009765625,461.2463684082031,343.603271484375,6.818628861537945e-08,444.22894287109375,656.7667236328125,511.3964538574219,261.6646423339844,0.014589743688702583,9.823106665862724e-07,1.528491555546907e-09,220.03717041015625,0.002650270937010646,35.98348617553711,6.690361042949178e-10,227.7331085205078,0.006510443054139614,261.4709167480469,65.08143615722656
medium_roughness_0010,medium_roughness,117.35600280761719,46.9010009765625,711.60302734375,658.9498901367188,2.4590715241856742e-08,363.6678161621094,6.3791461002438155e-09,457.1423034667969,6.336440350196426e-08,6.356109594207737e-08,6.003175179181142e-10,6.080012049380912e-10,3.948245286267138e-09,4.14217904420866e-09,4.0284350855124273e-10,8.892803160520657e-10,1.3761134454171042e-08,1.3278067001465388e-07,5.462925400934182e-08,1.2349597788841038e-08
high_roughness_0398,high_roughness,117.35600280761719,46.9010009765625,444.3207702636719,284.9395446777344,0.0017673420952633023,577.8656005859375,220.19386291503906,532.480224609375,1046.6893310546875,4.4007670396695175e-08,5.073833020396989e-10,4.892831140246301e-10,39.055206298828125,3.2189191312426146e-09,4.509181361633807e-10,7.860859740915771e-10,269.62713623046875,1.0338080613792044e-07,1090.4305419921875,9.160180169942578e-09
high_roughness_0327,high_roughness,117.35600280761719,46.9010009765625,903.0073852539062,360.46014404296875,711.4992065429688,55.98053741455078,0.000306545349303633,288.1343078613281,1.8773722132436887e-08,387.0796813964844,2.452137104480556e-10,2.4771837359161e-10,1.6546773951020555e-09,50.308815002441406,1.8893756004167983e-10,1.096915548259858e-05,5.662021962393737e-09,124.70281982421875,1.6134862335093203e-08,372.8958435058594
low_roughness_0117,low_roughness,117.35600280761719,46.9010009765625,955.6746826171875,0.005784549750387669,225.2767333984375,2.514325103675219e-08,2.4677882493051584e-07,0.0581824891269207,1.0490426305409528e-08,7.033081055851653e-05,2.1903556746138975e-10,2.1373607050900745e-10,1.1727959714491476e-09,0.00017501642287243158,1.2863525522543995e-10,2.0773351927516615e-09,3.868077413926585e-09,6.547213615704095e-08,9.604511852501219e-09,100.11772918701172
high_roughness_0269,high_roughness,117.35600280761719,46.9010009765625,427.0206604003906,0.0005595146212726831,0.4079686403274536,3.0222125246837095e-08,140.37844848632812,0.0011773149017244577,1.4130465331163578e-07,1238.1884765625,1.33993216522299e-09,7.572371618635998e-10,9.864134398185342e-09,15.720183372497559,7.466271489953158e-10,1.267403293425673e-09,3.442533724751229e-08,1184.7091064453125,1.1950129419346922e-07,1149.1234130859375
medium_roughness_0115,medium_roughness,117.35600280761719,46.9010009765625,0.002293979050591588,301.0145568847656,468.1633605957031,387.9808654785156,2.0316413156251656e-06,3.355675289640203e-05,9.092818231692945e-08,0.0003280108794569969,163.7352294921875,64.40306091308594,1.5429593602789282e-08,20.743135452270508,2.728524606254723e-08,0.0009900375735014677,4.892071103768103e-08,1.446186388420756e-07,8.579107202422165e-08,0.0044867596589028835
low_roughness_0273,low_roughness,117.35600280761719,46.9010009765625,959.76904296875,106.6162338256836,654.4129638671875,1.6826151139071044e-08,0.00012905408220831305,1.8191038009263139e-07,1.718513686910228e-08,4.2233708086314437e-08,3.559328665136974e-10,3.334279796707307e-10,1.8981032301468304e-09,5.3622488671578594e-09,1.8644383259491804e-10,7.85993048424416e-10,6.414492048634202e-09,5.259549595848512e-08,1.5873265368782086e-08,1.933581472712831e-08
medium_roughness_0212,medium_roughness,117.35600280761719,46.9010009765625,505.5054931640625,873.1100463867188,1.8478433005952866e-08,9.658815969260104e-09,3.810971538342756e-09,1.2985890407435363e-07,3.863235420453748e-08,3.4968987705497057e-08,3.782055224554881e-10,3.8127437318458135e-10,2.6806630248898955e-09,2.623344652619153e-09,2.4401697329423655e-10,6.002545127614667e-10,9.249685462009438e-09,7.475426855307887e-08,3.46386705984969e-08,7.335310581169097e-09
medium_roughness_0272,medium_roughness,117.35600280761719,46.9010009765625,212.4170684814453,337.7683410644531,7.554606185067314e-08,422.2463073730469,391.69329833984375,310.9219665527344,587.6976928710938,1.2039911290173677e-08,7.597441435791552e-05,7.552337137894938e-06,155.67315673828125,5.609219755342565e-10,0.0008227195939980447,3.0815294760344614e-10,213.31898498535156,4.152242283339547e-08,659.0817260742188,1.8327593886979798e-09
low_roughness_0303,low_roughness,117.35600280761719,46.9010009765625,367.6177978515625,506.8979797363281,2.907342633307053e-08,684.326416015625,360.5821533203125,487.0501403808594,4.50201099511105e-07,8.338073342883945e-08,1.1636359653621753e-09,1.2039744756719983e-09,1.3616491045809198e-08,6.932664220471452e-09,8.463960088356259e-10,1.6981028805318488e-09,4.679127130202687e-08,1.8155527925500792e-07,4.501345642893284e-07,1.8185774663947996e-08
low_roughness_0245,low_roughness,117.35600280761719,46.9010009765625,412.47357177734375,0.0009711561142466962,0.004396464210003614,9.99146081426261e-08,0.05757128447294235,0.0005692920531146228,1.2435995699888736e-07,1356.921142578125,1.4976618833983935e-09,1.6181606055098996e-09,9.924315591547384e-09,0.000762890325859189,1.0981188180991808e-09,1.4012964122400717e-09,3.5438059597936444e-08,1215.6077880859375,1.0877283074250954e-07,1302.5770263671875
high_roughness_0191,high_roughness,117.35600280761719,46.9010009765625,2.228792436653748e-05,721.2562866210938,383.04290771484375,654.2911376953125,5.444002137977577e-09,1.5970252897901105e-09,6.19642435140122e-08,5.992382057229406e-08,24.50423240661621,1.3819822015648242e-06,8.763993086802202e-09,17.842605590820312,5.71069108445954e-07,5.54118105355883e-06,2.5436866835093497e-08,8.841617216148734e-08,5.546171166770364e-08,0.001379135879687965
medium_roughness_0328,medium_roughness,117.35600280761719,46.9010009765625,256.2864074707031,666.164306640625,1.1071268346540819e-08,6.386779549671928e-09,3.598293218942672e-09,1.9243528992518577e-09,2.5259865310545138e-08,2.5344899512447228e-08,3.6593297836340355e-10,3.690176497705977e-10,2.0962813707114947e-09,2.1505452973968886e-09,2.3919183300691316e-10,5.05440911346966e-10,7.289216341632709e-09,5.217892962150472e-08,2.3378673219554003e-08,5.8349716169914245e-09
low_roughness_0177,low_roughness,117.35600280761719,46.9010009765625,565.9296875,846.2709350585938,277.4902648925781,5.717793349901967e-09,2.8191442513758602e-09,1.3093619521953315e-09,2.0458092109265635e-08,1.8878106189390564e-08,3.464577236211852e-10,3.4940952908790734e-10,2.0330144234748104e-09,1.925157144810896e-09,2.1537954753014787e-10,4.82321682593323e-10,7.090397602382836e-09,3.793589442580014e-08,1.9649151639100637e-08,4.833313305141473e-09
high_roughness_0252,high_roughness,117.35600280761719,46.9010009765625,925.09814453125,424.2522888183594,1.0369717529101763e-07,469.1158447265625,6.926838835852323e-08,457.2147521972656,9.513500742741599e-08,8.003291185332273e-08,6.366100424592958e-10,6.493777737759387e-10,4.633617045612937e-09,4.559839617002126e-09,4.473211800970489e-10,9.684267832099636e-10,1.6053911977564894e-08,1.7745071545505198e-07,7.685965641712755e-08,1.3908561413700227e-08
medium_roughness_0125,medium_roughness,117.35600280761719,46.9010009765625,514.8858642578125,0.0013543737586587667,479.73638916015625,2.0742351125591085e-07,267.4320373535156,0.0009192324941977859,1.3555754208027793e-07,820.7238159179688,3.440116413955252e-09,3.0162508046771563e-09,1.2738140320323055e-08,0.0003422761510591954,5.369645839081727e-10,1.654147263607797e-09,4.346801318888538e-08,1.8523474864196032e-05,1.2274900029751734e-07,625.8355712890625
low_roughness_0230,low_roughness,117.35600280761719,46.9010009765625,37.38776779174805,23.506750106811523,632.2774047851562,0.00038698111893609166,566.8131103515625,319.44683837890625,1.19116547736553e-08,73.983642578125,0.00046055763959884644,0.00019968794367741793,5.280894610493192e-10,168.3193817138672,3.202438314531264e-10,0.0021208138205111027,2.648800734306178e-09,0.0007431916310451925,7.614260333355105e-09,228.98074340820312
high_roughness_0382,high_roughness,117.35600280761719,46.9010009765625,474.89166259765625,336.13128662109375,430.3059997558594,224.24139404296875,183.68069458007812,0.025794651359319687,6.635467286741914e-08,1111.65576171875,7.429705184414104e-10,7.672292245963774e-10,4.601119485414529e-09,0.0005424724076874554,4.940743369985512e-10,1.3738286064324257e-09,1.6253471457616797e-08,608.1062622070312,5.642048606091521e-08,915.1992797851562
low_roughness_0285,low_roughness,117.35600280761719,46.9010009765625,65.34188079833984,354.5430908203125,4.135281628236953e-08,0.004616939928382635,336.95660400390625,324.2376403808594,3.853889722904569e-07,3.6328028585330685e-08,6.231690719005201e-10,6.456147838562742e-10,2.3580602359629665e-08,3.4815503813234727e-09,3.694042294277722e-10,9.497337360997449e-10,8.941523077510283e-08,8.126115602635764e-08,10.236982345581055,8.593646683152656e-09
medium_roughness_0356,medium_roughness,117.35600280761719,46.9010009765625,0.029915524646639824,817.8320922851562,8.794955874691368e-09,6.613958269952036e-09,7.958685266373777e-09,5.001863367937176e-10,2.830838141676395e-08,2.3719536557109677e-08,3.7985384282457346e-10,3.806117088167582e-10,2.5041966278394057e-09,2.205713611758142e-09,2.372616270118755e-10,5.43624811832899e-10,8.649737814891978e-09,4.967290578861139e-08,2.7113269851497535e-08,5.725945495527185e-09
high_roughness_0059,high_roughness,117.35600280761719,46.9010009765625,649.3643798828125,0.0005710742552764714,277.8643798828125,6.085029724545166e-08,155.08326721191406,0.00033417990198358893,1.6829288540520793e-07,1417.642333984375,7.227057619019206e-09,6.9047407791344995e-09,2.137660359835536e-08,173.9462127685547,2.9850533156405845e-09,6.896655468935364e-10,6.99664326475613e-08,607.8961791992188,1.5368375727575767e-07,1419.923095703125
medium_roughness_0375,medium_roughness,117.35600280761719,46.9010009765625,780.2872924804688,999.1163330078125,3.360979050626156e-08,14.972074508666992,5.647073475500974e-09,2.766877969406778e-06,9.775266818223827e-08,9.481328788751853e-08,6.604916058527976e-10,6.722556955551795e-10,4.658269769919343e-09,4.890622129494204e-09,4.572247580547639e-10,1.0165319697108544e-09,1.627872414644571e-08,2.0929532240643312e-07,7.759718556599182e-08,1.55365267318075e-08
high_roughness_0012,high_roughness,117.35600280761719,46.9010009765625,530.0339965820312,531.3465576171875,3.16412993583981e-08,564.8516235351562,512.767578125,353.0978088378906,1157.8765869140625,9.031043646245962e-08,4.5736807805951685e-05,6.190773274283856e-05,168.24880981445312,9.087404606589189e-09,0.0004133857728447765,1.098498625395905e-08,523.0552368164062,1.6180371176233166e-07,1153.0394287109375,2.442761370957669e-08
medium_roughness_0104,medium_roughness,117.35600280761719,46.9010009765625,223.88014221191406,0.0004046540125273168,6.218256487500184e-08,7.894871600910847e-08,0.0015048225177451968,0.0005304379155859351,1.84598405894576e-07,1497.9697265625,5.288638860179162e-09,5.236684419429594e-09,2.128380494070825e-08,159.42098999023438,2.613321559152837e-09,2.2744504057925496e-09,6.827400511610904e-08,1485.3082275390625,1.6797747548480402e-07,1494.3206787109375
high_roughness_0190,high_roughness,117.35600280761719,46.9010009765625,0.0030095342081040144,4.505861852521775e-06,638.622314453125,2.6372599677415565e-05,349.4734191894531,21.51865577697754,3.304475981735777e-08,0.018188215792179108,0.0022195291239768267,0.0066198743879795074,4.5509327151194157e-07,115.06397247314453,0.0002670483663678169,0.0166084636002779,1.0880597756113275e-08,0.0003365940065123141,2.3723428554944803e-08,122.45581817626953
low_roughness_0041,low_roughness,117.35600280761719,46.9010009765625,214.20858764648438,1.322399043601763e-06,392.8824462890625,3.998418469564058e-05,508.5656433105469,14.627517700195312,7.044339866979499e-08,41.71500778198242,0.0015803081914782524,102.21958923339844,3.5783376262088495e-08,75.83677673339844,2.233946361229755e-06,0.08610610663890839,1.76680288177522e-08,0.0021562452893704176,4.90969149780085e-08,82.59838104248047
high_roughness_0225,high_roughness,117.35600280761719,46.9010009765625,640.7944946289062,1108.8975830078125,3.498947265256902e-08,463.65301513671875,177.33172607421875,4.713809342860031e-09,3.2923540516094363e-07,1.333013841531283e-07,2.125511100459221e-09,2.200305715405193e-09,1.766486157350755e-08,1.1865193272342367e-08,1.6026918681077973e-09,2.8591133904853905e-09,6.53851515153292e-08,2.560359178005456e-07,2.832581174061488e-07,3.17256620974149e-08
low_roughness_0043,low_roughness,117.35600280761719,46.9010009765625,681.4464721679688,263.9306335449219,1.9736896561539652e-08,488.1515808105469,5.465478534460999e-05,355.6202087402344,4.4896278694750436e-08,3.421951433324466e-08,5.484761533836036e-10,5.505419453655236e-10,3.810245008395441e-09,3.105071755271638e-09,3.3089886386505896e-10,7.561748449624872e-10,1.3200601500784614e-08,7.063081852720643e-08,4.496757810557028e-08,8.242357907306541e-09
low_roughness_0036,low_roughness,117.35600280761719,46.9010009765625,666.9269409179688,603.7383422851562,3.219534860932072e-08,687.9226684570312,467.1861572265625,293.1029052734375,781.8048095703125,1.2568004592594662e-07,2.019930667174208e-09,1.9648394022908633e-09,34.81464767456055,1.1963820156779548e-08,0.0001703750021988526,3.1589906246409782e-09,208.25851440429688,2.332040764940757e-07,775.75537109375,3.095883371884156e-08
low_roughness_0155,low_roughness,117.35600280761719,46.9010009765625,393.46478271484375,0.000710372522007674,424.025146484375,5.8086140342084036e-08,312.1324462890625,0.0011692391708493233,1.4135130754766578e-07,1438.7523193359375,2.865500947635269e-09,2.9020448266692256e-09,1.2814267869032392e-08,104.39872741699219,1.6095047516984096e-09,2.5022248717476714e-09,4.552724419681908e-08,1411.2357177734375,1.2528752790785802e-07,1422.6517333984375
high_roughness_0265,high_roughness,117.35600280761719,46.9010009765625,4.983242618550321e-08,1.0679010387093513e-07,384.73748779296875,8.405073259609708e-08,0.0005372227169573307,321.5464172363281,8.780377669381778e-08,7.313325767199785e-08,257.5006408691406,2.8187496354803443e-06,9.4596126487545e-09,4.850851276216872e-09,1.3787748720517357e-08,1.0976790587591267e-09,3.236330670119969e-08,1.5255133689606737e-07,8.215805280542554e-08,1.643703306797306e-08
medium_roughness_0033,medium_roughness,117.35600280761719,46.9010009765625,99.3676528930664,5.659153998749389e-07,197.0053253173828,6.370212446427104e-08,512.1275634765625,416.3639831542969,1.136886940145132e-08,52.00855255126953,0.00012329786841291934,1.8800556063069962e-05,1.3104514140493961e-09,0.00939704105257988,4.013234744526528e-10,0.0003477838181424886,4.055288105320187e-09,0.000560628017410636,9.014501145543363e-09,260.5531005859375
low_roughness_0318,low_roughness,117.35600280761719,46.9010009765625,537.9324340820312,801.4788208007812,4.22960226842406e-08,469.42822265625,446.6598815917969,590.430419921875,1199.78759765625,1.41799830544187e-07,3.216145350037891e-09,3.3008460409433837e-09,102.02203369140625,1.529291182578163e-08,0.00011231652752030641,3.897627554039218e-09,222.8006591796875,2.4522901753698534e-07,1210.9915771484375,3.880649401821756e-08
medium_roughness_0139,medium_roughness,117.35600280761719,46.9010009765625,197.3824005126953,1030.7850341796875,5.2660692745121196e-05,504.5974426269531,181.497802734375,4.3199403876315046e-07,302.6614074707031,5.889505771961012e-08,7.622247832905771e-10,7.540389423965621e-10,0.00011998866830253974,5.006485892522505e-09,2.037287144540656e-10,1.3145544652815033e-09,0.00026048492873087525,1.3314243574313878e-07,511.497802734375,1.3004822996265375e-08
high_roughness_0087,high_roughness,117.35600280761719,46.9010009765625,378.286865234375,1.5269237962911575e-07,543.2315673828125,1.0718388843145021e-08,286.6494445800781,445.1568908691406,2.398136871306633e-07,1311.9505615234375,1.1735613592023242e-09,1.7381035499752784e-09,2.1519374726608476e-08,22.77322006225586,2.0074444329054586e-09,1.6129960700439483e-09,7.35676621843595e-08,1248.9937744140625,2.1032617780747387e-07,1211.9315185546875
high_roughness_0152,high_roughness,117.35600280761719,46.9010009765625,279.45379638671875,321.8047180175781,7.877994079308337e-08,456.0542907714844,108.37876892089844,544.7236938476562,0.021022653207182884,6.925279905090065e-08,0.0023807790130376816,0.0002952629001811147,204.921630859375,4.705392520065743e-09,8.22920036315918,1.2663641246746238e-09,208.57351684570312,1.6403089375671698e-07,71.14864349365234,1.4294940342551854e-08
medium_roughness_0000,medium_roughness,117.35600280761719,46.9010009765625,425.473876953125,1.6435802763226093e-07,10.336321830749512,182.64833068847656,567.7154541015625,356.0350036621094,9.471298056951127e-08,800.7112426757812,1.4413342741548263e-09,1.4880831011865325e-09,8.394142270162774e-09,2.491054473807708e-08,2.192634962483453e-09,7.580047700628256e-09,2.4416292987439192e-08,241.29635620117188,7.954439240620559e-08,0.0027488500345498323
high_roughness_0344,high_roughness,117.35600280761719,46.9010009765625,1.0591318044816944e-07,114.41434478759766,391.25048828125,5.6106273405021057e-08,116.08164978027344,7.498918876081007e-06,7.19619492883794e-08,8.567317166807698e-08,124.64708709716797,0.005940232425928116,1.1435722591102149e-08,1.8702207782439473e-08,1.4246490209757212e-08,6.897737936384374e-09,3.341910925769298e-08,1.4489211253021494e-07,6.836900467988016e-08,3.041376217538527e-08
high_roughness_0335,high_roughness,117.35600280761719,46.9010009765625,868.650146484375,287.72552490234375,477.56939697265625,6.323216075543314e-05,1.8174131355408463e-07,22.3582706451416,1.0473572231717299e-08,175.97039794921875,2.562529632932353e-10,2.2828720858125706e-10,1.1482401696127909e-09,0.0003416369145270437,1.5530496333404642e-10,1.1371725783249076e-09,3.71415143085585e-09,0.00031140228384174407,9.126591926644778e-09,206.53634643554688
high_roughness_0098,high_roughness,117.35600280761719,46.9010009765625,0.00044795655412599444,63.69485855102539,355.98565673828125,525.0792236328125,0.001866591745056212,501.6136779785156,2.310333684363286e-07,1000.5402221679688,1.4776408985284206e-09,1.3983461055744328e-09,2.339245597227091e-08,0.00040639142389409244,7.467766405255816e-10,5.535418949875748e-07,7.392437595399315e-08,488.0315246582031,2.0402239897521213e-07,752.9341430664062
high_roughness_0132,high_roughness,117.35600280761719,46.9010009765625,898.6810913085938,971.83154296875,2.2503257923744968e-08,242.58840942382812,5.290434756943796e-09,4.288575325972488e-07,5.1333046258150716e-08,4.478825132991915e-08,5.010266090899052e-10,5.089593191343056e-10,3.3012237388163612e-09,3.190745667680517e-09,3.404357629133159e-10,7.200718910027604e-10,1.160759222074148e-08,9.678553425374048e-08,4.52424480101854e-08,9.124938138427297e-09
low_roughness_0153,low_roughness,117.35600280761719,46.9010009765625,398.6570739746094,0.0004481336218304932,751.5520629882812,4.434403066966297e-08,188.4512176513672,0.0004306806076783687,1.8517816613439209e-07,1464.2265625,6.92245061273411e-09,6.635641369712175e-09,2.226387785242423e-08,249.00119018554688,2.9543365531736754e-09,9.687907143174357e-10,7.200039675581138e-08,1449.18212890625,1.6748880682371237e-07,1447.70458984375
high_roughness_0086,high_roughness,117.35600280761719,46.9010009765625,424.01800537109375,505.67425537109375,417.01788330078125,3.712099072572528e-08,103.43413543701172,7.134436827982427e-07,5.1691760205585524e-08,105.42596435546875,4.063718250790771e-10,5.173944606085001e-10,4.236042627780989e-09,0.00030560645973309875,4.246824003573124e-10,5.300764827076421e-10,1.5288684096503857e-08,3.967883088762392e-08,4.6673434894728416e-08,1000.9249267578125
high_roughness_0359,high_roughness,117.35600280761719,46.9010009765625,337.1617736816406,473.3327941894531,2.0926590238445897e-08,230.8293914794922,227.21731567382812,130.0255126953125,882.801025390625,7.002584112569821e-08,3.155925298869988e-09,5.927650814641083e-09,119.21178436279297,5.671912273186308e-09,0.00017500793910585344,1.4929074643177387e-09,325.53399658203125,1.7945515651263122e-07,886.3611450195312,1.5793327534652235e-08
medium_roughness_0109,medium_roughness,117.35600280761719,46.9010009765625,243.4210205078125,1006.21728515625,3.0831724728841436e-08,139.6227264404297,0.016657277941703796,2.512200296678202e-07,443.6504821777344,1.2261187976037036e-07,1.887989542481705e-09,1.811199967782784e-09,0.0022281429264694452,1.3431953327369683e-08,9.120642789639533e-05,4.159929734015577e-09,0.41091418266296387,2.417570215129672e-07,443.2127685546875,3.0632371306182904e-08
medium_roughness_0098,medium_roughness,117.35600280761719,46.9010009765625,249.0257568359375,527.634521484375,2.5586153640233533e-08,388.31689453125,1.185232889611143e-07,2.729383474786573e-08,1.3590756964276807e-07,1.302813927850366e-07,9.344176543635285e-10,9.444265369751292e-10,7.480942976201277e-09,7.759922482364345e-09,6.003026409295842e-10,1.5990796464748769e-09,2.5420568761092e-08,2.537833552196389e-07,1.1191314541747488e-07,2.4184965141671455e-08
high_roughness_0235,high_roughness,117.35600280761719,46.9010009765625,498.7614440917969,234.64149475097656,470.8582458496094,558.6990966796875,1.6769178268205565e-09,489.0522766113281,4.0214072072330964e-08,0.08637455105781555,5.785619761056182e-10,3.4452757313729876e-10,4.05750100185287e-09,0.0004106211999896914,2.1568746788602766e-10,5.4959996305115055e-06,1.442393848805068e-08,0.00014812443987466395,3.5887129712364185e-08,362.35845947265625
medium_roughness_0230,medium_roughness,117.35600280761719,46.9010009765625,215.52249145507812,223.4370574951172,2.8933911266904033e-08,155.47695922851562,92.77881622314453,157.10064697265625,0.003362973453477025,7.254406853007822e-08,5.4040676332078874e-05,0.0002619265578687191,81.87705993652344,6.861809342950664e-09,0.00011563380394363776,4.294453237463358e-09,183.2626190185547,2.1758869195309671e-07,261.9259033203125,2.3182893826856343e-08
high_roughness_0088,high_roughness,117.35600280761719,46.9010009765625,500.1485900878906,0.00377460615709424,0.013051044195890427,7.701432735984781e-08,895.7684326171875,0.0006375796510837972,3.998812658778661e-08,553.28125,6.950389153104197e-10,6.557505094484384e-10,3.194624786928557e-09,3.698037107824348e-05,3.47291334579225e-10,6.840323862888908e-10,1.2025108020452535e-08,1.0873507960695861e-07,3.62645451446042e-08,770.5783081054688
medium_roughness_0165,medium_roughness,117.35600280761719,46.9010009765625,554.0586547851562,0.0009623005171306431,0.03600470349192619,6.55728626952623e-08,354.32965087890625,0.0014170266222208738,1.719437392466716e-07,1329.3282470703125,2.0236248232663456e-09,2.302613211213611e-09,1.500911217533485e-08,0.0029259989969432354,1.6908857647379705e-09,1.5385475116147518e-09,5.5190298553497996e-08,1174.2054443359375,1.5371072947800712e-07,1287.1982421875
low_roughness_0071,low_roughness,117.35600280761719,46.9010009765625,324.06170654296875,1.3970702639198862e-07,284.8101501464844,0.012055260129272938,80.65812683105469,384.2706604003906,1.4034723960776319e-07,1137.5809326171875,9.322795868627054e-10,9.724860916549005e-10,1.0223481616833396e-08,1.7981619748752564e-08,6.853513867532968e-10,1.7970304355685585e-08,3.331645004323036e-08,721.2041625976562,1.1720558035221984e-07,174.54444885253906
medium_roughness_0207,medium_roughness,117.35600280761719,46.9010009765625,591.5060424804688,656.9537963867188,1.9542184759302472e-08,6.8394530039483925e-09,2.821866296187636e-09,6.940738472849262e-08,3.2739922772861973e-08,2.687129807554811e-08,2.389269337932376e-10,2.3561019801832117e-10,2.661314280061333e-09,2.371703500259059e-09,1.8179792393713257e-10,5.571888506139544e-10,8.569519316381502e-09,5.5500439799516244e-08,3.103498258383297e-08,6.044989842024506e-09
medium_roughness_0330,medium_roughness,117.35600280761719,46.9010009765625,185.6654815673828,0.0022039683535695076,257.1774597167969,1.2108428393275972e-07,286.2049560546875,0.002360524842515588,1.2087545542271982e-07,686.0556030273438,6.319663725662394e-07,6.857336120447144e-05,9.138576118061792e-09,110.7909927368164,2.4450221403071737e-08,0.0003331300104036927,7.037410654220366e-08,20.89444351196289,6.846492084378042e-08,620.1619262695312
medium_roughness_0250,medium_roughness,117.35600280761719,46.9010009765625,164.8280487060547,4.290520791982999e-06,83.30963134765625,1.1793596144116236e-07,244.8897705078125,43.068721771240234,1.702394882840963e-07,123.74254608154297,0.00021346723951864988,38.3935432434082,0.009837358258664608,63.321353912353516,2.3764825527905487e-05,14.42709732055664,0.024071449413895607,134.91062927246094,2.5945144443539903e-05,82.72035217285156
high_roughness_0046,high_roughness,117.35600280761719,46.9010009765625,394.6698913574219,0.000871524156536907,459.6355285644531,8.812742180452915e-08,0.03066376782953739,0.0007343344041146338,1.6786249545930332e-07,1351.4444580078125,2.1739829936251454e-09,2.485239569693931e-09,1.582888309314967e-08,0.0005974970990791917,1.7713402966634817e-09,1.4519021540593258e-09,5.565595273537838e-08,1220.1595458984375,1.493572483468597e-07,1313.2340087890625
medium_roughness_0075,medium_roughness,117.35600280761719,46.9010009765625,117.72669982910156,812.5570068359375,527.2400512695312,502.3677673339844,126.3385238647461,1.903784685453047e-09,101.6933364868164,1.5141803544338472e-07,43.58977127075195,0.0010776560520753264,96.98455047607422,0.0018205619417130947,0.426855206489563,0.00037808361230418086,108.4288558959961,0.00022612705652136356,101.54332733154297,0.009515388868749142
medium_roughness_0277,medium_roughness,117.35600280761719,46.9010009765625,606.0694580078125,573.3436279296875,3.894872335763466e-08,359.4515380859375,386.3269348144531,516.7817993164062,623.29345703125,9.798301903174433e-08,1.4666089453996278e-09,1.4115139057579995e-09,33.1536979675293,8.839505127866687e-09,9.131879050983116e-05,2.3606869792303087e-09,215.19239807128906,1.9906846659978328e-07,647.2867431640625,2.2873857474792203e-08
low_roughness_0323,low_roughness,117.35600280761719,46.9010009765625,362.7831115722656,1.2554994555102894e-07,339.80889892578125,6.393535301185693e-08,278.4759826660156,542.249755859375,1.0371359593364105e-07,1126.474365234375,4.807823583696802e-10,6.239540550900813e-10,6.913821071208304e-09,3.191181895090267e-05,6.069815206011242e-10,4.607897119424109e-10,2.5044844420563095e-08,0.0015317009529098868,9.158176084156366e-08,942.32080078125
medium_roughness_0081,medium_roughness,117.35600280761719,46.9010009765625,89.35435485839844,25.361560821533203,0.00016187514120247215,116.51525115966797,0.008308771066367626,329.72479248046875,91.4728012084961,3.0315362664623535e-08,4.462295533080862e-10,5.076175590978949e-10,0.0009264228865504265,3.1190148241933002e-09,7.496639591408893e-05,1.0372120939905471e-09,0.0022529910784214735,7.944720437080832e-08,306.2443542480469,6.803685614897859e-09
low_roughness_0342,low_roughness,117.35600280761719,46.9010009765625,411.1609802246094,471.89654541015625,3.2984058151441786e-08,362.05230712890625,444.0648498535156,324.6859436035156,1164.006103515625,1.273384526712107e-07,2.2950497058360497e-09,2.2618569239796216e-09,122.07707977294922,1.20332082076402e-08,2.2619955416303128e-05,3.0467628420183246e-09,243.81927490234375,2.2649651043593622e-07,1173.07177734375,3.287019367803623e-08
high_roughness_0010,high_roughness,117.35600280761719,46.9010009765625,0.0018362198024988174,362.83306884765625,366.4046630859375,398.0080261230469,0.0066903424449265,2.3531525528142083e-07,4.47294439709367e-07,2.3521236016676994e-06,82.49073791503906,3.588269009924261e-06,8.678794927163835e-08,342.1106262207031,1.6148808512639334e-08,5.013035115553066e-05,2.453647027778061e-07,9.240935128218553e-07,4.2131017607971444e-07,211.81446838378906
high_roughness_0072,high_roughness,117.35600280761719,46.9010009765625,499.3547058105469,135.7237548828125,513.0181274414062,511.7976379394531,96.21464538574219,335.5154113769531,1.6788956713753578e-07,6.780073391610131e-08,1.4338952247783254e-09,1.4691594607540992e-09,1.0742518874451434e-08,9.778562848339334e-09,1.0034344466447465e-09,2.1838033603671647e-09,3.671189929832508e-08,2.1470860644967615e-07,1.4172073292684217e-07,2.5048427332308165e-08
low_roughness_0351,low_roughness,117.35600280761719,46.9010009765625,521.1770629882812,7.770930920969477e-08,433.23297119140625,1.0299008756931016e-08,419.8923645019531,204.6501922607422,1.7242042815723835e-07,1168.562255859375,6.083875070395095e-10,5.77885961305924e-10,1.139422511897692e-08,9.135440632235259e-05,7.799180745671208e-10,7.170853910665187e-10,3.994970754206406e-08,606.2352905273438,1.4801528891439375e-07,880.1685791015625
high_roughness_0109,high_roughness,117.35600280761719,46.9010009765625,611.8606567382812,155.302490234375,6.959227416558633e-09,413.7321472167969,4.3467491828153015e-09,446.9686279296875,7.01737192798646e-08,152.6395263671875,8.621782177087312e-10,7.886435393622548e-10,7.481314234780712e-09,0.00022245000582188368,7.994418460555153e-10,1.1109704267653342e-08,2.2761179607755366e-08,0.00016105831309687346,6.139871544519337e-08,147.45138549804688
medium_roughness_0396,medium_roughness,117.35600280761719,46.9010009765625,564.494140625,0.0008589228382334113,1.1001842021942139,5.357211918521898e-08,360.24176025390625,0.00219884910620749,1.7693025711196242e-07,1335.807861328125,2.8651236938515012e-09,3.238057821874918e-09,1.6418985282484755e-08,123.29512786865234,2.1042290132555763e-09,2.8524953510356e-09,6.054835921531776e-08,1246.7528076171875,1.573365153717532e-07,1300.3697509765625
high_roughness_0155,high_roughness,117.35600280761719,46.9010009765625,141.34274291992188,277.55426025390625,8.953742991479885e-08,399.7359619140625,124.66558074951172,30.04944610595703,345.71905517578125,4.7629040267338496e-08,7.121526146569579e-10,8.151891939256473e-10,0.0008220591116696596,5.188761420527044e-09,5.8895343499898445e-06,1.7422359110952357e-09,0.0029243011958897114,1.209730271511944e-07,387.77703857421875,1.0899521285523406e-08
low_roughness_0064,low_roughness,117.35600280761719,46.9010009765625,220.8588409423828,5.586633506027283e-06,421.093017578125,5.237261939328164e-05,636.040771484375,0.009183545596897602,9.209727380721233e-08,91.70852661132812,0.0010291713988408446,41.405887603759766,4.678179720940534e-06,40.67369842529297,0.00044322351459413767,0.020283574238419533,0.0005152186495251954,0.10025731474161148,0.016396397724747658,65.19213104248047
high_roughness_0023,high_roughness,117.35600280761719,46.9010009765625,902.1612548828125,311.1551513671875,201.93814086914062,0.002759354654699564,1.2906433767057024e-05,0.009287041611969471,2.4432692313780535e-08,298.960205078125,4.4102856918470934e-05,3.173361573516331e-10,2.126991471840256e-09,177.53387451171875,2.4880461579890323e-10,0.0005039074458181858,7.650552191762472e-09,0.04418526589870453,2.2087121465119708e-08,348.41851806640625
low_roughness_0083,low_roughness,117.35600280761719,46.9010009765625,246.43028259277344,441.98748779296875,9.755914476272665e-08,580.3071899414062,332.8408203125,293.19036865234375,751.0360107421875,7.170998372885151e-08,1.578575936633797e-09,1.6509699163336222e-09,122.28173065185547,6.60994770029788e-09,0.00022376923880074173,1.7723914558231968e-09,218.2111358642578,1.512837854988902e-07,875.0031127929688,1.7195695534155675e-08
low_roughness_0003,low_roughness,117.35600280761719,46.9010009765625,380.8503112792969,292.8780822753906,8.406050966414114e-08,366.5596923828125,225.43458557128906,340.8147277832031,462.7285461425781,4.44906795848965e-08,0.00029152841307222843,3.414324964978732e-07,144.78424072265625,5.417581050437548e-08,0.001295838039368391,1.2498102108793319e-08,226.86441040039062,1.6257911283901194e-07,485.482421875,0.0007491423166356981
medium_roughness_0262,medium_roughness,117.35600280761719,46.9010009765625,239.37677001953125,173.48609924316406,363.3279724121094,1.4377964419054479e-07,0.29523739218711853,147.69342041015625,1.8745382135421096e-08,144.5662841796875,0.0001305288024013862,5.905127054006698e-09,1.377667424584672e-09,137.0512237548828,1.104401459173232e-09,0.0007328703068196774,5.420730531113804e-09,0.0010835275752469897,1.5971814093518333e-08,391.4536437988281
medium_roughness_0045,medium_roughness,117.35600280761719,46.9010009765625,0.008103110827505589,541.3552856445312,1.3780256935547186e-08,2.564311962771626e-08,0.02508953958749771,1.9387183414210085e-08,4.3633978208390545e-08,7.319605543898433e-08,4.4135650689725026e-10,4.39682762420901e-10,2.930607756468362e-09,3.942495663267209e-09,2.735165149925223e-10,7.773235943808743e-10,1.0024308494394063e-08,1.3409074028913892e-07,3.7103081496070445e-08,1.2933802473469314e-08
medium_roughness_0288,medium_roughness,117.35600280761719,46.9010009765625,464.2573547363281,0.014306898228824139,37.37834548950195,2.08236542675877e-07,401.419189453125,0.012024302035570145,1.0199335065408377e-07,1.32753569914712e-07,18.387266159057617,1.1461593203421216e-06,1.049933473495912e-08,154.63711547851562,7.79379050186435e-08,7.194699946921901e-07,3.3036190671964505e-08,1.4816357918334688e-07,8.952427066333257e-08,0.003968178294599056
low_roughness_0304,low_roughness,117.35600280761719,46.9010009765625,666.2984008789062,8.79784636254044e-07,402.22918701171875,1.3808882926014121e-08,0.00022898301540408283,402.020751953125,6.338092717328436e-09,0.001493085059337318,1.7523156202514656e-05,9.010362589378929e-08,6.733221202814832e-10,0.0031457312870770693,4.835740696762514e-08,0.00013994723849464208,4.76440087382457e-09,0.00011106779857072979,4.970311273666539e-09,204.96827697753906
medium_roughness_0327,medium_roughness,117.35600280761719,46.9010009765625,349.69586181640625,807.7678833007812,0.0010016561718657613,3.5641913414001465,130.1974334716797,4.845344847126398e-06,26.750539779663086,2.3533871740255563e-08,4.174520729094411e-10,3.4379959990005204e-10,41.35330581665039,2.3449220343252364e-09,0.00026404127129353583,6.476176817038493e-10,180.8761444091797,5.262208802037094e-08,313.06903076171875,5.836664040970163e-09
low_roughness_0237,low_roughness,117.35600280761719,46.9010009765625,383.1227111816406,703.6122436523438,7.389731138118805e-08,780.4471435546875,140.5796356201172,636.6240844726562,723.9453735351562,8.886114244432974e-08,1.89038917852713e-09,1.969664653600489e-09,84.37661743164062,8.280601981880409e-09,0.00028371255029924214,2.1716164422258544e-09,198.27621459960938,1.8063992968109233e-07,805.7100219726562,2.134946797127668e-08
high_roughness_0278,high_roughness,117.35600280761719,46.9010009765625,279.00244140625,471.4593505859375,377.58209228515625,410.4205322265625,329.4483947753906,4.8642139205412604e-08,263.5382385253906,202.41336059570312,79.36614990234375,0.019170010462403297,107.3687515258789,3.365783929824829,88.14622497558594,0.0028287083841860294,107.61194610595703,146.7832794189453,198.21414184570312,124.5974349975586
high_roughness_0057,high_roughness,117.35600280761719,46.9010009765625,463.2188720703125,357.12371826171875,0.013475591316819191,1.6172080563592317e-08,440.9844055175781,393.1303405761719,1.6952049008978065e-07,278.49298095703125,6.282004361146676e-10,7.497480969398396e-10,1.0631124425231064e-08,4.729884928167394e-09,7.458058615128493e-10,1.4345927779046974e-09,3.839662099380803e-08,0.0007455503800883889,1.4566285244654864e-07,0.006201249547302723
low_roughness_0173,low_roughness,117.35600280761719,46.9010009765625,0.00046576542081311345,872.9365234375,366.2851257324219,502.7612609863281,3.2351556455978425e-07,0.0001178476886707358,6.997044010859099e-08,0.0002632870164234191,0.006860258523374796,3.621804717113264e-05,9.690703350884178e-09,100.31758880615234,1.8619575712364167e-05,0.00043774841469712555,3.053431285593433e-08,6.455199036281556e-05,6.324679446834125e-08,155.3560791015625
medium_roughness_0063,medium_roughness,117.35600280761719,46.9010009765625,495.9678039550781,226.87271118164062,1.9494940772801783e-08,59.39954376220703,2.2288435985728938e-08,7.850794681019124e-09,1.381831964408775e-07,9.704579895242205e-08,3.979691882705083e-06,99.57105255126953,36.56159591674805,2.1102831482266993e-08,2.0916366338497028e-05,6.6448873070612535e-09,37.94287872314453,1.6298164950967475e-07,1.330808601096578e-07,3.2186324716576564e-08
low_roughness_0014,low_roughness,117.35600280761719,46.9010009765625,299.87939453125,0.004631782881915569,1.416118493580143e-07,576.5741577148438,263.18023681640625,608.4153442382812,556.539794921875,7.807984303553894e-08,1.8850641048118177e-09,3.954366184188984e-05,171.5919647216797,7.516900879522836e-09,0.0011814029421657324,2.074164173748727e-09,217.90457153320312,1.58598794541831e-07,747.6817016601562,1.993860720972407e-08
high_roughness_0291,high_roughness,117.35600280761719,46.9010009765625,259.3635559082031,0.001335965353064239,134.4894256591797,7.919136635337054e-08,67.95215606689453,0.0007735960534773767,7.90715333209846e-08,72.59297180175781,3.7225287741193824e-08,84.13282012939453,9.008485513106734e-09,45.3581428527832,1.0175803311085474e-07,4.049127824146126e-07,2.7369267741050862e-08,5.255073460830317e-07,6.412978592607033e-08,119.47360229492188
medium_roughness_0066,medium_roughness,117.35600280761719,46.9010009765625,174.50318908691406,765.5188598632812,86.60536193847656,120.80020904541016,0.8691471219062805,148.04443359375,609.9043579101562,583.4192504882812,2.5786581758779903e-08,2.8633497350938342e-08,0.004067223519086838,23.38763427734375,1.4156188399283565e-07,0.00027302841772325337,5.741064548492432,744.3267822265625,528.1517944335938,225.16477966308594
medium_roughness_0034,medium_roughness,117.35600280761719,46.9010009765625,471.6732177734375,772.0038452148438,65.01007843017578,149.40261840820312,96.68636322021484,4.5612827648255916e-07,527.3695068359375,0.0011283501517027617,3.7796249463539766e-10,4.4063816484474216e-10,0.0021662369836121798,1.6726467988448235e-09,4.507182165980339e-05,6.404732300069327e-10,0.008698085322976112,205.85340881347656,406.67138671875,2.7434690075267554e-09
high_roughness_0140,high_roughness,117.35600280761719,46.9010009765625,590.4723510742188,8.672301191836596e-05,7.927279277453181e-09,1.653602232920548e-08,5.123351187741321e-10,2.3759563205771883e-08,3.256877079138576e-08,6.788458506434836e-08,5.33950716974374e-10,5.17760723184324e-10,3.413436200361275e-09,6.80824197019092e-09,7.442697014248267e-10,1.1501033458927168e-09,1.0461175037335124e-08,9.304276460397887e-08,3.0102292214451154e-08,2.0949192602870426e-08
high_roughness_0341,high_roughness,117.35600280761719,46.9010009765625,624.1558837890625,858.1300659179688,100.81160736083984,5.84301274031418e-09,2.165160495337659e-09,1.5807632980369135e-09,1.8234262100236265e-08,2.089073802835628e-08,2.2722465575775175e-10,2.2074422845186348e-10,1.6920278511634024e-09,1.906139246443672e-09,1.2439062280211743e-10,4.3780659653158693e-10,5.471588515604253e-09,4.0194670702931035e-08,1.7060022727832802e-08,5.023818694382953e-09
high_roughness_0121,high_roughness,117.35600280761719,46.9010009765625,348.8453674316406,0.13061754405498505,221.07797241210938,1.8095743570256673e-08,2.1974863595453087e-10,8.295667264235362e-09,2.251261577157493e-08,2.7134689162267023e-08,3.4616509658746963e-10,3.473092369254971e-10,2.0414072654517668e-09,2.4545949717236226e-09,2.213576821841201e-10,5.391690427458684e-10,7.007979085926763e-09,5.044137907361801e-08,2.09235562209642e-08,6.711683209204011e-09
low_roughness_0120,low_roughness,117.35600280761719,46.9010009765625,569.1905517578125,0.0007417819579131901,353.0242614746094,3.860583674963891e-08,344.89520263671875,0.00024086949997581542,1.190065717082689e-07,1465.0452880859375,2.788517194929341e-09,2.7558881843248173e-09,1.1515328246503032e-08,129.75514221191406,1.413677508388389e-09,2.002026100456078e-09,3.937620363103633e-08,1449.9200439453125,1.0682249040883107e-07,1467.9078369140625
low_roughness_0091,low_roughness,117.35600280761719,46.9010009765625,0.0045203110203146935,118.00546264648438,5.1622986774191304e-08,184.6737060546875,0.006529746577143669,140.32229614257812,9.61800807885993e-08,6.79151455074134e-08,1.5767102068409145e-09,1.7102169680427437e-09,5.7432822941905215e-09,4.304589129588976e-09,1.086873346878292e-08,9.936660383402796e-10,1.712293951072752e-08,2.0367849629110424e-07,8.364052206388806e-08,1.4394065495082486e-08
high_roughness_0336,high_roughness,117.35600280761719,46.9010009765625,441.14886474609375,338.8092956542969,2.387641870882362e-07,76.84268951416016,461.3758544921875,213.33082580566406,211.5589141845703,2.7180529826864586e-08,4.449046409060742e-10,1.4948209070553276e-07,138.34375,2.5420849869561835e-09,0.000814105267636478,7.081649155971093e-10,191.4222869873047,6.23439575520024e-08,345.0145263671875,6.626788007224604e-09
low_roughness_0218,low_roughness,117.35600280761719,46.9010009765625,502.6561279296875,806.9599609375,3.915780766305943e-08,4.9763251297463285e-09,1.4482940002835676e-07,3.631584775121155e-07,4.86752718131811e-08,3.863235420453748e-08,4.405734388424065e-10,4.484300153428933e-10,3.097328837853297e-09,2.8173221533478454e-09,3.015806215866945e-10,6.501300608974248e-10,1.0897836411061235e-08,8.623550229458488e-08,4.317863400160604e-08,7.842907656652187e-09
low_roughness_0322,low_roughness,117.35600280761719,46.9010009765625,0.0012758331140503287,767.3466796875,332.8251647949219,587.412841796875,0.003402180038392544,7.007431079841808e-09,12.311714172363281,400.6136779785156,3.3075477404054254e-05,6.2223346475320795e-09,0.00020404004317242652,1.828901872613642e-06,8.713086572242901e-05,3.085135631408775e-07,1.0618180112942355e-07,363.83734130859375,0.0010241667041555047,80.05473327636719
high_roughness_0081,high_roughness,117.35600280761719,46.9010009765625,0.005395130719989538,454.9399108886719,1.58768997948755e-08,0.015218490734696388,2.630564779337874e-07,235.38685607910156,3.759081224075089e-08,4.932838848503707e-08,5.567514005377916e-09,1.3839917656355283e-08,83.16339111328125,4.639418182961208e-09,1.4214678323298813e-08,1.2499525858800098e-09,708.1438598632812,9.792061916868988e-08,7.028717874391077e-08,1.2494860257561413e-08
high_roughness_0378,high_roughness,117.35600280761719,46.9010009765625,166.54237365722656,717.8405151367188,5.776264444534718e-08,43.2541389465332,229.88401794433594,349.5270080566406,6.892068427077902e-07,1.580608142148776e-07,172.6840057373047,33.69612121582031,174.90878295898438,8.165585313690826e-05,22.650205612182617,0.00044647310278378427,178.56048583984375,2.9263316037031473e-07,9.86211716735852e-07,3.054100972121887e-08
medium_roughness_0215,medium_roughness,117.35600280761719,46.9010009765625,251.40585327148438,192.64413452148438,9.789951604943781e-08,374.768798828125,110.00224304199219,896.7619018554688,320.9611511230469,6.436064126091878e-08,7.726570765953511e-05,0.00017480310634709895,85.19805145263672,6.65241994823873e-09,0.0008783229859545827,2.0021140301196283e-09,156.7766571044922,1.4490690602997347e-07,342.6643371582031,1.599202370528019e-08
low_roughness_0248,low_roughness,117.35600280761719,46.9010009765625,34.53759002685547,406.64898681640625,7.352684150419009e-08,351.3792724609375,348.30792236328125,737.8847045898438,282.310546875,4.6200554493225354e-08,8.055721090194368e-10,8.207636237322902e-10,0.00037537215393967927,4.190973346140936e-09,3.088378164317618e-10,1.1439120761735921e-09,0.0008584546158090234,1.1050113357669034e-07,351.3013916015625,1.0334940903078405e-08
high_roughness_0249,high_roughness,117.35600280761719,46.9010009765625,204.92251586914062,279.5445556640625,1.0449174681070872e-07,522.2286376953125,74.94515991210938,373.1792907714844,673.3117065429688,7.1113802846412e-08,1.5671878239587045e-09,1.645713232356627e-09,105.0078353881836,6.632010052243231e-09,5.550724745262414e-05,1.80742798505662e-09,234.79168701171875,1.5384271989660192e-07,772.4282836914062,1.7047629086164306e-08
low_roughness_0373,low_roughness,117.35600280761719,46.9010009765625,546.8148803710938,875.7273559570312,4.017175214698909e-08,632.776611328125,456.7681579589844,744.9784545898438,438.7145690917969,1.5290324029137992e-07,4.327342484344854e-09,4.643534889936518e-09,0.002984485821798444,1.8440019289300835e-08,8.984240412246436e-05,5.620596432720504e-09,80.9029769897461,2.7645035061141243e-07,440.2750549316406,4.230400918459054e-08
high_roughness_0129,high_roughness,117.35600280761719,46.9010009765625,664.0147094726562,746.3058471679688,3.237726176053002e-08,646.0138549804688,5.743351039200206e-08,1.4310407969730932e-08,1.509239666575013e-07,1.6588801088346372e-07,1.3728908010435248e-09,1.3929847275662155e-09,9.495911612589225e-09,1.061058352291866e-08,9.066261075219018e-10,2.154030731560397e-09,3.266849901706337e-08,2.8947721375516267e-07,1.2601766741227038e-07,3.3550929146031194e-08
low_roughness_0134,low_roughness,117.35600280761719,46.9010009765625,458.3131408691406,7.104926424972291e-08,476.98114013671875,1.559501505710159e-08,140.38148498535156,333.9707946777344,1.1323817261654767e-07,958.6926879882812,5.3396527199822685e-09,5.454697138418396e-09,8.400100171002123e-09,0.0001994593912968412,6.983010836236758e-10,8.329485545743864e-09,2.8627599846231533e-08,264.55328369140625,9.594043604010949e-08,724.6061401367188
medium_roughness_0186,medium_roughness,117.35600280761719,46.9010009765625,85.96337127685547,35.19649887084961,2.253608073488067e-07,296.4495849609375,328.5461730957031,636.8328247070312,250.63040161132812,5.5672515486548946e-08,8.681285690315121e-10,9.633219633542467e-06,118.08428955078125,5.3359165974598e-09,0.0005238706944510341,1.478010158706411e-09,192.8576202392578,1.2280779060347413e-07,325.677001953125,1.383841308211231e-08
high_roughness_0131,high_roughness,117.35600280761719,46.9010009765625,369.78717041015625,249.94239807128906,4.3962211293546716e-07,376.7134094238281,413.63214111328125,330.2742004394531,177.20977783203125,3.8010789182862936e-08,8.209938284764462e-10,7.562065973409915e-10,141.82052612304688,3.6237903788816084e-09,0.0008316528401337564,1.0381502324463554e-09,193.46298217773438,8.508659732342494e-08,276.80767822265625,9.518542398723184e-09
low_roughness_0057,low_roughness,117.35600280761719,46.9010009765625,28.305288314819336,278.14715576171875,3.1131026645425663e-08,0.021479295566678047,119.20880126953125,289.60137939453125,2.268222658585728e-07,5.806343139624914e-08,8.957337649384556e-10,9.207540840883155e-10,1.1376308783894729e-08,5.02510255628863e-09,6.024176713026463e-10,1.2659777670620542e-09,3.971448947481804e-08,1.259558928268234e-07,3.104357517713652e-07,1.315274911206643e-08
medium_roughness_0303,medium_roughness,117.35600280761719,46.9010009765625,252.85968017578125,0.0016831089742481709,50.56098556518555,8.153097752483518e-08,354.0485534667969,0.004008455201983452,1.2936434359289706e-06,225.12303161621094,6.1033661040710285e-06,146.5616912841797,1.6162942984010442e-07,133.2718505859375,5.3538438805844635e-05,0.03809145465493202,9.8484611044114e-07,0.018486756831407547,7.57129726025596e-07,209.5935516357422
low_roughness_0302,low_roughness,117.35600280761719,46.9010009765625,529.5968627929688,631.3440551757812,9.144630297441836e-08,587.2174072265625,487.65582275390625,236.5293731689453,414.5204772949219,7.850155014921256e-08,1.583702724516911e-09,1.6316671347382794e-09,23.10310173034668,7.423901493552876e-09,0.00012119741586502641,2.0130270783624837e-09,206.65838623046875,1.6760033361151727e-07,444.05584716796875,1.8606318263891808e-08
low_roughness_0144,low_roughness,117.35600280761719,46.9010009765625,369.17120361328125,222.42437744140625,1.4344928445098049e-07,472.2132873535156,521.6852416992188,436.0443115234375,378.7285461425781,6.2648131127218676e-09,9.01612511370331e-05,8.534493099432439e-05,186.84194946289062,0.00023014321050141007,0.001986981835216284,3.256550584751494e-10,217.25399780273438,2.4780177909633494e-08,459.24822998046875,0.0008837796631269157
low_roughness_0385,low_roughness,117.35600280761719,46.9010009765625,548.0499877929688,650.1575927734375,1.6954555803749827e-07,345.6507873535156,377.6848449707031,251.9365234375,304.9630126953125,4.766175365489289e-08,9.772088693793535e-10,9.5558283508268e-10,143.74217224121094,4.35557945266396e-09,0.0005542908329516649,1.2022167705794118e-09,209.1829071044922,1.0470402145301705e-07,441.8629455566406,1.154675732806254e-08
medium_roughness_0365,medium_roughness,117.35600280761719,46.9010009765625,644.5484619140625,606.3253173828125,2.9952982316672205e-08,399.69842529296875,310.5560302734375,466.82470703125,779.1327514648438,5.526424473600855e-08,2.1836950025999613e-09,4.968879974143192e-09,61.30317306518555,4.601119485414529e-09,0.0002407402207609266,1.3292156264554933e-09,179.27442932128906,1.1981477143763186e-07,794.656494140625,1.1937242305748441e-08
medium_roughness_0018,medium_roughness,117.35600280761719,46.9010009765625,454.0986633300781,483.039794921875,147.45706176757812,7.947812008524124e-08,197.18272399902344,0.000361518730642274,1.485768734710291e-07,1239.4630126953125,8.784656890803433e-10,9.883829310552983e-10,1.1984946368670535e-08,0.0029061068780720234,1.1283359802050086e-09,3.3838962743004686e-09,4.414992105239435e-08,842.5764770507812,1.3111062457937805e-07,1190.92724609375
high_roughness_0044,high_roughness,117.35600280761719,46.9010009765625,164.28993225097656,596.6461181640625,398.2828063964844,244.82432556152344,3.3277959943234237e-08,545.9822387695312,4.481217885654587e-08,3.787184255088505e-08,5.408571923659622e-10,5.362461030777865e-10,4.321189628342381e-09,3.796997383176404e-09,2.913095875634042e-10,9.06729857863553e-10,1.4537787862423102e-08,7.452563011156599e-08,4.330845726485677e-08,9.6714440900314e-09
medium_roughness_0100,medium_roughness,117.35600280761719,46.9010009765625,517.5320434570312,0.001320167095400393,358.98309326171875,5.2489468771454995e-08,0.356504887342453,0.00021654684678651392,9.942242940041979e-08,1357.7484130859375,1.7702831422994336e-09,1.9013968177716833e-09,9.073790607772025e-09,0.021983060985803604,1.1032265101462713e-09,9.816287782626887e-10,3.263219028326603e-08,2.3435872265054059e-07,9.145345813976746e-08,1364.451904296875
high_roughness_0394,high_roughness,117.35600280761719,46.9010009765625,455.59124755859375,427.7737731933594,3.0342551582407395e-08,458.9438781738281,257.4775695800781,366.0221252441406,1016.4133911132812,7.760059617112347e-08,9.207014595169483e-10,8.362033843134498e-10,91.90715789794922,6.328887192097454e-09,3.958857178076869e-06,1.6291171744953203e-09,238.16867065429688,1.600397752099525e-07,1039.3631591796875,1.7518267725336045e-08
low_roughness_0288,low_roughness,117.35600280761719,46.9010009765625,454.55126953125,0.00975881889462471,1.2614107131958008,7.781283528629501e-08,0.00910366140305996,0.0028374784160405397,3.79398059635605e-08,0.0014750660629943013,3.6545239057161893e-10,2.734988069352795e-10,2.9893665320912532e-09,5.8680078574013805e-09,2.2465582172337406e-10,4.179061818820884e-10,1.0529998206720848e-08,3.5019851907236443e-08,3.479713228671244e-08,450.48675537109375
medium_roughness_0102,medium_roughness,117.35600280761719,46.9010009765625,358.15264892578125,266.9263000488281,9.962668912066874e-08,453.8099365234375,231.24057006835938,378.7506408691406,313.512939453125,3.8101305221971415e-08,9.970966274863713e-10,1.3567460488417282e-09,138.85836791992188,3.3961620182765273e-09,0.0009261293453164399,9.8789654234821e-10,184.3319091796875,8.785872296357411e-08,484.2071228027344,8.93937102119935e-09
medium_roughness_0132,medium_roughness,117.35600280761719,46.9010009765625,277.0418395996094,379.5489807128906,459.5442810058594,323.442138671875,6.75839473274209e-08,7.456100138369948e-05,2.8004311758422773e-08,4.913020893582143e-05,4.961657524108887,0.00018705685215536505,3.1960876167858032e-09,113.54810333251953,6.940959806911451e-09,6.57100899843499e-05,1.047738873438675e-08,3.8387980794141185e-08,2.6471253633530978e-08,5.043520450592041
low_roughness_0172,low_roughness,117.35600280761719,46.9010009765625,595.4520874023438,929.5859375,8.177123866914826e-09,1.4582027141329945e-08,5.3223971896443345e-09,3.4918519187243646e-09,2.9506436405313252e-08,3.178702101536146e-08,3.6022054783479973e-10,3.6003303116594054e-10,2.403590881883133e-09,2.611124205742499e-09,2.2257318210705535e-10,5.87529580542423e-10,8.224988690130886e-09,6.344966152482812e-08,2.6949367182282913e-08,7.2087340541315825e-09
medium_roughness_0040,medium_roughness,117.35600280761719,46.9010009765625,360.9332580566406,0.005077666603028774,436.5509338378906,8.241387661200861e-08,467.1308288574219,0.0017361410427838564,5.348002929395079e-08,672.9256591796875,7.497065745987186e-10,5.481780585014917e-10,3.8487883990967475e-09,30.974021911621094,4.2321235405040625e-10,3.696229100569326e-09,1.481202716036023e-08,1.2185383013729734e-07,4.6639261341852034e-08,1039.4010009765625
medium_roughness_0301,medium_roughness,117.35600280761719,46.9010009765625,333.7471923828125,1.0107212489174344e-07,522.7799682617188,125.19245147705078,730.1691284179688,0.024813463911414146,3.710964335823519e-07,20.314252853393555,0.0008531986968591809,0.2519523501396179,1.9403098860948376e-07,90.28466796875,0.000475464592454955,0.06642332673072815,4.0314688476428273e-07,0.002116002608090639,2.2353583517542575e-07,93.73417663574219
low_roughness_0180,low_roughness,117.35600280761719,46.9010009765625,268.873779296875,1.601718651045303e-07,172.9447021484375,7.492013054388735e-08,503.3230285644531,500.51312255859375,6.3591980570265605e-09,208.96426391601562,3.057824505958706e-05,4.3927705917212734e-10,6.135814634156134e-10,0.02480924315750599,2.773420104684732e-10,0.00018939358415082097,2.5232980149780815e-09,2.174569272028748e-05,4.807239051274337e-09,329.1690368652344
medium_roughness_0209,medium_roughness,117.35600280761719,46.9010009765625,0.004334526602178812,435.858154296875,1.8214693753293432e-08,6.2956817536985454e-09,0.008499545976519585,237.322021484375,2.6862075230837945e-08,3.09592458336283e-08,2.68725014462845e-10,2.675722143852255e-10,1.7955701370198085e-09,2.0162085334618496e-09,1.7186628509247015e-10,4.494223881934545e-10,6.111231964922581e-09,6.590463641487077e-08,2.3318150965678797e-08,5.990150597767752e-09
high_roughness_0029,high_roughness,117.35600280761719,46.9010009765625,322.083251953125,679.8027954101562,1.630840351651841e-08,239.15853881835938,130.48973083496094,2.5291380101322147e-09,928.11328125,3.442133333919628e-08,2.0066423189746274e-07,2.0192432259591442e-07,172.69561767578125,1.5767342986805488e-09,0.00020063179545104504,2.847027058550111e-09,349.9040832519531,9.074677365106254e-08,921.8655395507812,5.187969609465881e-09
high_roughness_0349,high_roughness,117.35600280761719,46.9010009765625,715.2769165039062,0.0009198452462442219,418.08697509765625,1.1821279954915553e-08,2.563749390560588e-08,1.190007381524083e-08,1.046059594500548e-08,3.0303571207923596e-08,2.1260007643242318e-10,2.008102018002944e-10,1.0041639741942276e-09,2.1907495817430345e-09,1.4202956866160577e-10,3.672804282928155e-10,3.1898634844651497e-09,3.6851297124940174e-08,9.4502530245677e-09,8.803011652958048e-09
high_roughness_0290,high_roughness,117.35600280761719,46.9010009765625,986.9019775390625,55.660640716552734,0.3441038429737091,1.3638089768619466e-08,4.4944499677512795e-06,0.004708664491772652,1.0675771022761182e-07,1184.4923095703125,3.950201554747679e-10,4.5576376006550845e-10,5.533879132713082e-09,0.00018638967594597489,4.172292233928232e-10,1.0384472171054426e-09,1.8712162486167472e-08,1092.267822265625,8.791689509735079e-08,925.080078125
low_roughness_0320,low_roughness,117.35600280761719,46.9010009765625,119.011474609375,637.02783203125,228.11036682128906,8.39725112915039,5.606805801391602,3.63230157063299e-07,1.29250778968526e-07,2.661971336692659e-07,18.25029754638672,136.4265594482422,2.0717333626407708e-08,2.0352878493667959e-07,4.290549441066105e-06,4.882708140030445e-07,1.4813262794177717e-07,2.716778908506967e-07,1.1155255208450399e-07,1.135701879206863e-07
medium_roughness_0143,medium_roughness,117.35600280761719,46.9010009765625,373.66937255859375,1.1955087586557056e-07,522.264404296875,99.90037536621094,409.610595703125,509.7926025390625,1.8352046993186377e-07,681.7478637695312,3.607187082366181e-08,4.282938093069788e-08,1.9377091931005452e-08,0.09219469875097275,2.4464682724101294e-08,8.419754493615983e-08,8.78543673366039e-08,357.5178527832031,1.5489308680116665e-07,595.1663818359375
high_roughness_0292,high_roughness,117.35600280761719,46.9010009765625,233.66818237304688,0.0021845162846148014,164.95274353027344,3.0574855713894067e-07,369.1800842285156,0.0024791823234409094,3.149462557416882e-08,705.106201171875,4.447404933216603e-08,1.1923104636935022e-07,2.35302710649421e-09,0.002217282773926854,5.782900913686717e-08,4.810104314856289e-07,1.823714868010029e-08,0.0024253870360553265,1.9579118770707282e-08,642.9366455078125
high_roughness_0294,high_roughness,117.35600280761719,46.9010009765625,469.19012451171875,653.9550170898438,9.822698210371072e-09,7.738786500510741e-09,3.7839331668010345e-09,2.6218440751790695e-09,2.683948885362497e-08,2.462291170957087e-08,3.485721433715838e-10,3.513020152556834e-10,2.213548455642922e-09,2.1349253476188323e-09,2.2511133235258995e-10,5.093623300922445e-10,7.637707355456769e-09,5.145734505163091e-08,2.501896823048355e-08,5.678699288580447e-09
high_roughness_0180,high_roughness,117.35600280761719,46.9010009765625,470.8545837402344,0.0005987664335407317,1.8222101516585099e-07,1.6763853238899173e-07,1.4537239678702463e-07,0.0005087293102405965,1.660092436850391e-07,1110.1475830078125,4.038391843153022e-09,9.857358262976845e-10,9.527988176216695e-09,1.8367553593634511e-06,4.75944783584481e-10,1.698890028656308e-09,3.1752477980262483e-08,3.7765889260299446e-07,1.3885666305668565e-07,442.7993469238281
high_roughness_0373,high_roughness,117.35600280761719,46.9010009765625,459.60296630859375,0.001458512619137764,0.18479935824871063,1.378747924718482e-07,353.5109558105469,0.0019726702012121677,1.4729121744494478e-07,137.4501953125,5.028438181398087e-07,154.19679260253906,1.3738213233693841e-08,115.14697265625,8.789635330685996e-07,1.539371078251861e-05,9.927595101544284e-08,6.174461759655969e-06,8.642486193366494e-08,319.0673522949219
medium_roughness_0025,medium_roughness,117.35600280761719,46.9010009765625,920.8847045898438,340.9967041015625,284.9500732421875,0.001825546263717115,0.0004897165927104652,307.16021728515625,2.4522051944586565e-08,194.13070678710938,8.884190605407127e-10,8.414993701855167e-10,2.731720405435567e-09,204.86553955078125,3.9455855249670435e-10,0.0014236768474802375,9.582060478408039e-09,0.0016230377368628979,2.262824594367885e-08,323.4978332519531
low_roughness_0240,low_roughness,117.35600280761719,46.9010009765625,919.3275756835938,9.364114816889924e-08,31.210323333740234,7.643409105639876e-08,1.8455951078522048e-07,448.8538513183594,2.2881755157300177e-08,0.001927221892401576,3.058115680687479e-07,2.8448327027419396e-10,2.2338433325330698e-09,0.0005402704700827599,1.6491343013402826e-10,4.093927418580279e-05,7.216919506447539e-09,7.210242620203644e-05,1.9920323168776122e-08,145.45594787597656
low_roughness_0077,low_roughness,117.35600280761719,46.9010009765625,486.448486328125,247.03085327148438,1.981426578367973e-07,554.9451293945312,460.03656005859375,357.0477294921875,321.8000183105469,6.548549436047324e-08,1.6596746199581958e-09,1.8019444825156938e-09,130.7329864501953,6.361285276312856e-09,0.000651621725410223,1.8046859562304007e-09,201.03919982910156,1.4213382826255838e-07,488.37060546875,1.6128954172245358e-08
low_roughness_0329,low_roughness,117.35600280761719,46.9010009765625,374.6047668457031,402.4496154785156,2.7820320269711374e-08,1.733793553171381e-08,38.44211959838867,157.63497924804688,6.375292826987788e-08,0.010701926425099373,2.9427779657531516e-10,3.1792990462520265e-10,3.5605527415327742e-09,3.6008334092230143e-09,2.5736682229826613e-10,6.271265728940989e-10,1.2296852425208726e-08,8.349643110250327e-08,5.409939518585816e-08,7.271005597431213e-05
low_roughness_0216,low_roughness,117.35600280761719,46.9010009765625,783.697021484375,0.000177828231244348,276.054443359375,1.850312081330685e-08,3.0815098739367386e-07,237.60696411132812,8.130467854527978e-09,0.00426836684346199,5.569702261709608e-05,1.1326419802060173e-09,9.476456286350299e-10,0.0018610494444146752,3.714441865199092e-09,0.0001324484619544819,3.0427789177167597e-09,0.00018787900626193732,7.043355676472629e-09,198.50184631347656
high_roughness_0103,high_roughness,117.35600280761719,46.9010009765625,304.57379150390625,0.0011806926922872663,70.88066864013672,6.863488977160159e-08,483.24005126953125,0.001126963528804481,0.02893274649977684,791.120361328125,6.738738989042758e-08,0.004544109106063843,6.2080971474642865e-09,0.008157952688634396,1.7522143735959617e-08,2.5166315253954963e-07,4.321513458194204e-08,824.488037109375,17.960960388183594,380.6508483886719
medium_roughness_0191,medium_roughness,117.35600280761719,46.9010009765625,56.14052963256836,496.6217956542969,1.9673724693802797e-07,400.96148681640625,190.84202575683594,441.23834228515625,294.9048767089844,4.8938350261096275e-08,1.6059629182052504e-09,2.370791662542615e-05,127.12310028076172,5.3623820939208144e-09,0.0007195562939159572,1.6659257306983477e-09,191.52284240722656,1.1271926325662207e-07,373.4159851074219,1.2613676325656797e-08
medium_roughness_0103,medium_roughness,117.35600280761719,46.9010009765625,281.33428955078125,1.066937969085302e-07,453.9244079589844,1.2768523127704157e-08,461.7268981933594,0.06053680554032326,2.524853073282429e-07,607.830078125,1.002465594979185e-07,2.2228647367228405e-07,2.0982865223118097e-08,234.6409454345703,2.204035496333745e-07,0.00024401841801591218,1.6455265949844033e-07,286.9658203125,1.855263889183334e-07,532.2113037109375
high_roughness_0040,high_roughness,117.35600280761719,46.9010009765625,656.1685791015625,3.9041583477228414e-06,0.01710832491517067,7.33696623456126e-08,540.4532470703125,551.4662475585938,3.2185646148263913e-08,156.8684844970703,4.4534030166687444e-05,4.931732799917654e-10,3.0640245896051965e-09,56.004703521728516,3.3609887095664703e-10,0.0005370809230953455,1.0790736304500115e-08,0.0006279167719185352,2.9627853947999938e-08,308.3160095214844
low_roughness_0257,low_roughness,117.35600280761719,46.9010009765625,852.299560546875,489.0885009765625,393.8338623046875,275.1102294921875,0.0011174322571605444,0.023786351084709167,135.38385009765625,6.40188886791293e-07,0.00019901081395801157,13.29548168182373,143.3374481201172,2.084937705149059e-06,0.020862245932221413,2.2519119738717563e-05,164.88092041015625,1.5873267784627387e-06,238.13272094726562,7.814891773705313e-07
high_roughness_0073,high_roughness,117.35600280761719,46.9010009765625,182.84918212890625,586.2316284179688,454.0942077636719,464.03759765625,167.14898681640625,3.9353157177401954e-08,0.00518367625772953,7.83725866426721e-08,146.1540985107422,0.032321199774742126,35.6479606628418,0.05485494062304497,26.828842163085938,0.0015125049976632,34.28334426879883,1.7116202855049778e-07,0.010227276012301445,114.72557830810547
low_roughness_0210,low_roughness,117.35600280761719,46.9010009765625,576.3314208984375,334.2445373535156,370.3746032714844,94.29676055908203,0.0007442491478286684,408.92138671875,167.95703125,1.856244438158683e-07,0.0006820563576184213,0.0014496545772999525,88.8115463256836,3.4086376672348706e-06,0.0034825128968805075,8.723005157662556e-05,113.4478988647461,7.478187171727768e-07,178.35581970214844,5.593157936800708e-08
low_roughness_0331,low_roughness,117.35600280761719,46.9010009765625,113.63195037841797,473.3885803222656,0.0002351789444219321,304.23614501953125,33.09075164794922,384.0535583496094,251.68099975585938,4.8896829696332134e-08,1.157950291208465e-09,1.2122421955140794e-09,0.003511254210025072,4.972634304323265e-09,6.115535506978631e-05,1.4680445747927706e-09,6.333824157714844,1.1214113015967087e-07,360.9486083984375,1.2060228371524317e-08
low_roughness_0389,low_roughness,117.35600280761719,46.9010009765625,504.64971923828125,821.7185668945312,364.4388427734375,92.70166015625,2.595450077080841e-08,1.6257036605793473e-08,9.717805227182907e-08,8.11293574543015e-08,140.6396026611328,6.289752718657837e-09,1.7882092251397808e-08,0.010712159797549248,3.470418841189371e-09,8.17302314715107e-09,5.6006200566116604e-08,8.067122791999282e-08,9.672260858906156e-08,229.8673553466797
low_roughness_0108,low_roughness,117.35600280761719,46.9010009765625,897.8510131835938,0.03850812837481499,185.28855895996094,6.04133632009507e-09,1.8743542432785034,28.200149536132812,317.8855285644531,169.04710388183594,2.2871486926590023e-09,4.008210652273192e-09,5.330291319438629e-09,8.149941521651272e-08,5.901456212598077e-09,7.420164038762778e-09,4.660058294803093e-08,292.3141174316406,275.3579406738281,0.003556798677891493
high_roughness_0293,high_roughness,117.35600280761719,46.9010009765625,375.0400085449219,365.9187927246094,6.274656334426254e-05,331.17413330078125,84.35558319091797,461.9989013671875,306.7666931152344,4.023985056278434e-08,9.2974842118565e-06,2.4518796635675244e-05,119.29676818847656,2.861513914709235e-09,0.00011010665184585378,7.307810467871434e-10,348.9118347167969,9.54115861873106e-08,627.49365234375,8.033568477117115e-09
high_roughness_0208,high_roughness,117.35600280761719,46.9010009765625,891.4468994140625,305.86212158203125,4.2610519557229054e-08,2.8310149779997573e-09,7.273817459463316e-08,422.8251037597656,4.06072366843091e-08,2.9653746125291036e-08,2.9934729695035855e-10,3.0316546495434693e-10,2.3976247653934024e-09,2.156995027036146e-09,2.0597692995671935e-10,5.108860556823913e-10,8.216694880047726e-09,7.656015554857731e-08,3.470552911721825e-08,5.6416262772529535e-09
medium_roughness_0346,medium_roughness,117.35600280761719,46.9010009765625,172.66986083984375,0.004182560835033655,95.17130279541016,4.5832419459657103e-07,181.92539978027344,0.0033975886180996895,9.959362756717383e-08,0.0012061181478202343,1.1449315024947282e-05,0.5907500982284546,1.3943889598522219e-08,189.13438415527344,1.1153106243000366e-06,0.0019267528550699353,9.733758332686193e-08,9.951540960173588e-07,8.076760593667132e-08,134.64755249023438
high_roughness_0325,high_roughness,117.35600280761719,46.9010009765625,0.0018521904712542892,452.2170715332031,1.5320641466587404e-07,404.7732849121094,0.0013209478929638863,612.62744140625,8.379988969409169e-08,5.2347093770777064e-08,4.665585140450901e-10,4.659297947462449e-10,3.930384906425388e-09,3.4903535617303305e-09,2.843492663551217e-10,7.816305935826051e-10,1.330362842111299e-08,1.1401458266391273e-07,7.221921549671606e-08,1.0249546988916336e-08
high_roughness_0240,high_roughness,117.35600280761719,46.9010009765625,587.0379638671875,124.34089660644531,408.35321044921875,87.82254791259766,259.011474609375,227.8115997314453,459.3904724121094,329.5633239746094,0.0007032358553260565,0.005702599883079529,84.16197204589844,9.542884072288871e-05,0.06653822958469391,0.0004364949418231845,93.1965560913086,466.91064453125,440.4447937011719,38.60008239746094
medium_roughness_0138,medium_roughness,117.35600280761719,46.9010009765625,547.6295776367188,0.0025533761363476515,337.1457824707031,5.8366332211789995e-08,766.4902954101562,0.0014538418035954237,1.0305164011015222e-07,0.005883319769054651,5.4890264777895936e-08,15.860686302185059,1.135844396316088e-08,217.5088653564453,2.1928816540395246e-09,5.388581598708697e-07,3.9427760611943086e-08,2.2416176648221153e-07,9.371868969765274e-08,342.821533203125
low_roughness_0377,low_roughness,117.35600280761719,46.9010009765625,260.2586669921875,539.5888671875,4.811497689161115e-08,672.6217651367188,300.4451599121094,709.7720947265625,1282.1654052734375,1.1213407447030477e-07,2.85776668995652e-09,3.031662032526583e-09,185.2188262939453,1.1792477216943098e-08,0.00015662981604691595,3.1196276673028933e-09,655.633056640625,1.9771869119722396e-07,1278.0704345703125,3.10159897765061e-08
low_roughness_0166,low_roughness,117.35600280761719,46.9010009765625,261.6427307128906,704.9239501953125,2.453340641750401e-07,500.1731262207031,502.9378356933594,2.9009142310520986e-10,0.002626975066959858,2.773242790965469e-08,3.257991931793214e-10,3.2097519087059823e-10,9.223365182720045e-09,2.4047326352416576e-09,1.9965605557725752e-10,6.289377352253211e-10,3.3242688601831105e-08,6.791837847686111e-08,163.2428741455078,6.073338720824495e-09
medium_roughness_0255,medium_roughness,117.35600280761719,46.9010009765625,980.021240234375,677.60205078125,2.523433018097876e-09,1.8837784665493018e-08,3.385060836080811e-07,153.80445861816406,1.301176943968585e-08,2.6557479770872305e-08,1.3926333697344973e-10,1.3554390942971395e-10,1.0424321406077297e-09,1.879732591802963e-09,8.375422577699965e-11,3.1107313946954207e-10,3.541858140110321e-09,3.752684207825041e-08,1.1498801022469252e-08,6.979578692778432e-09
high_roughness_0170,high_roughness,117.35600280761719,46.9010009765625,336.2603759765625,341.9402770996094,3.029715500701968e-08,546.9054565429688,498.12249755859375,685.9845581054688,1191.3035888671875,1.0082432311264711e-07,1.6535510738435732e-09,1.623942535999845e-09,223.55564880371094,7.966916903967558e-09,0.00018539009033702314,1.967757068399578e-09,364.7469787597656,1.9031222109333612e-07,1209.232177734375,2.3377602076379844e-08
high_roughness_0167,high_roughness,117.35600280761719,46.9010009765625,686.1181640625,339.4927673339844,402.8673095703125,184.7602996826172,6.96320014981211e-08,231.00852966308594,2.923117392583663e-08,150.4822998046875,2.999422932248308e-10,2.099245083320156e-10,2.196967718859355e-09,0.0006609970005229115,1.5534198927191767e-10,1.655611049500294e-05,7.717692263042863e-09,0.0005599888390861452,2.543541022248519e-08,392.170654296875
low_roughness_0000,low_roughness,117.35600280761719,46.9010009765625,184.49063110351562,471.2207946777344,88.02140045166016,385.342529296875,0.004640565719455481,0.0005943109863437712,368.6154479980469,290.2845764160156,2.481826066970825,0.0006979424506425858,87.3413314819336,0.000571110169403255,0.04867485538125038,1.8467297195456922e-05,114.96133422851562,410.9406433105469,329.23138427734375,117.02409362792969
high_roughness_0347,high_roughness,117.35600280761719,46.9010009765625,481.6250915527344,0.0008474952192045748,523.8326416015625,7.315991013001621e-08,162.063232421875,0.0013532049488276243,2.465722843680851e-07,1345.0926513671875,7.244364663705483e-09,7.661504319855794e-09,3.337190790375644e-08,244.08792114257812,4.341553783149266e-09,3.172631046766128e-09,1.0870086697423176e-07,1348.2210693359375,2.2268069699293846e-07,1321.34375
medium_roughness_0064,medium_roughness,117.35600280761719,46.9010009765625,763.7992553710938,323.13201904296875,3.131994574800956e-08,462.88690185546875,1.0892807544848893e-08,0.01209043525159359,1.0000440653357145e-07,9.785134835738063e-08,7.757890441162374e-10,7.881653107943976e-10,5.440722095073625e-09,5.698783223095916e-09,5.28108612396494e-10,1.1874538019540637e-09,1.890516543312515e-08,2.024022620616961e-07,8.254555439179967e-08,1.764691326400225e-08
low_roughness_0129,low_roughness,117.35600280761719,46.9010009765625,752.3297729492188,0.0004450115084182471,1.2210330524453639e-08,1.6166936234185414e-07,1.3834374534837934e-08,5.896970023400172e-08,2.4967006240217415e-08,2.75720388742684e-08,2.4355756300664666e-10,2.453943159785865e-10,1.8231575138472067e-09,2.0288151159064682e-09,1.6279452785816773e-10,4.4789061348637915e-10,6.156661402911823e-09,5.510625555871229e-08,2.2332521609769174e-08,5.696196847537749e-09
high_roughness_0197,high_roughness,117.35600280761719,46.9010009765625,293.23846435546875,1140.608642578125,1.5881715498267113e-08,3.6874784115070725e-08,2.466145332391534e-08,7.503521359808474e-09,5.071641950848971e-08,4.8894218451778215e-08,5.442919448483963e-10,5.455526586040094e-10,3.7103491390411136e-09,3.726697173078719e-09,3.411976534639649e-10,8.339416379676834e-10,1.2832146900620955e-08,1.0026128194340345e-07,4.578928880505373e-08,1.062512389182757e-08
medium_roughness_0030,medium_roughness,117.35600280761719,46.9010009765625,20.066160202026367,249.58856201171875,1.4772942336094275e-07,712.70947265625,84.6453628540039,110.27483367919922,363.97357177734375,5.2714504761297576e-08,1.0227240165860962e-09,1.0511471693064323e-09,15.56275463104248,4.8351846970717816e-09,0.0001610231411177665,1.321419751398878e-09,177.0511932373047,1.1816933920272277e-07,399.2752685546875,1.228004720132958e-08
medium_roughness_0067,medium_roughness,117.35600280761719,46.9010009765625,501.6960144042969,527.3458251953125,473.2042541503906,521.7435913085938,433.9608154296875,1.4987255880782868e-08,0.004298251122236252,5.244573131335528e-08,190.92507934570312,0.21077556908130646,80.36763000488281,0.0031525499653071165,42.48069763183594,0.0009787967428565025,78.32896423339844,1.850057032015684e-07,0.011459982953965664,0.0015359867829829454
high_roughness_0276,high_roughness,117.35600280761719,46.9010009765625,696.2354736328125,183.4152374267578,411.43035888671875,9.717819438037623e-09,2.7955643133736885e-08,8.468599155264656e-09,1.6637926592011354e-08,1.966940033071296e-08,2.4053459224404605e-10,2.389980158223892e-10,1.4882052257192413e-09,1.810073979591209e-09,1.5099083094938237e-10,4.2134778999169953e-10,5.190166962876219e-09,3.810828275163658e-08,1.538014160473722e-08,5.035445838075248e-09
low_roughness_0114,low_roughness,117.35600280761719,46.9010009765625,388.55352783203125,359.9201354980469,5.7575874734538957e-08,517.236083984375,359.5592346191406,299.5594177246094,699.7802734375,7.928281320346287e-08,1.056773890617535e-09,1.1062907105952036e-05,125.97827911376953,7.1388970290797715e-09,0.0007991485763341188,1.9591550604047825e-09,190.68431091308594,1.5879599857271387e-07,767.9093017578125,1.9451373844958653e-08
low_roughness_0035,low_roughness,117.35600280761719,46.9010009765625,428.4053955078125,462.49017333984375,6.766985904960165e-08,766.5174560546875,106.88369750976562,448.35101318359375,259.3113098144531,7.635351551016356e-08,1.2907082069801845e-09,1.3530736531208731e-09,4.30159161624033e-05,7.206190755226771e-09,3.552484972857428e-10,2.2009143396672926e-09,0.00010120384104084224,1.7937335883289052e-07,302.38555908203125,1.7047399936132024e-08
high_roughness_0054,high_roughness,117.35600280761719,46.9010009765625,113.21003723144531,0.0032860785722732544,239.0807342529297,4.81355073134182e-07,247.81988525390625,0.002098274417221546,1.42816452353145e-06,0.0068244426511228085,2.6698331566876732e-05,78.93079376220703,2.14276596466334e-07,105.13945007324219,3.27272318827454e-05,0.009770166128873825,1.4512124835164286e-06,0.0004154608177486807,8.96336359801353e-07,91.77314758300781
medium_roughness_0188,medium_roughness,117.35600280761719,46.9010009765625,233.84988403320312,218.47323608398438,1.8965795334224822e-07,288.5647277832031,138.5251922607422,268.2276611328125,115.13253784179688,0.11467627435922623,16.22321891784668,0.0004495945177040994,76.68289184570312,0.007806823123246431,59.99589157104492,1.979690722464511e-07,76.27931213378906,95.75560760498047,73.44611358642578,45.61011505126953
low_roughness_0306,low_roughness,117.35600280761719,46.9010009765625,571.489501953125,0.0005271967384032905,581.7487182617188,7.721214956291078e-08,0.005373514257371426,0.0004140964592806995,1.8896827214121004e-07,1402.5009765625,5.418363091536094e-09,5.5507189955505964e-09,2.0793381239059272e-08,130.07650756835938,2.8520816819366246e-09,1.2302524554641536e-09,7.169028748421624e-08,1343.27490234375,1.7099627314109966e-07,1379.28564453125
low_roughness_0201,low_roughness,117.35600280761719,46.9010009765625,183.016357421875,426.2073974609375,1.4501149614432052e-08,2.2201287919187962e-08,2.462685699811118e-08,207.2242431640625,4.70576253519539e-08,4.650459928257078e-08,4.56662596626245e-10,4.5041440022153267e-10,3.614216481651056e-09,3.637848688953227e-09,2.5434512829214384e-10,8.207182711217342e-10,1.242470570872456e-08,9.331361638942326e-08,4.299864997392433e-08,1.0302525943473029e-08
high_roughness_0331,high_roughness,117.35600280761719,46.9010009765625,181.84716796875,0.01089932955801487,1.2575605978781823e-07,48.866844177246094,124.41413879394531,0.008491051383316517,0.0010020252084359527,4.899448313722132e-08,1.0665148693078663e-06,1.0170980203838553e-05,3.9756617546081543,4.612076498489159e-09,0.00017321495397482067,1.4556591487746573e-09,181.3863983154297,1.1255642107244057e-07,229.57044982910156,1.1164402735630574e-08
high_roughness_0396,high_roughness,117.35600280761719,46.9010009765625,249.6595001220703,0.0007331973174586892,502.97149658203125,4.280055421190809e-08,0.008136157877743244,1.0787154678837396e-05,1.772703406288656e-08,1.0449070053653031e-08,3.5197222914007398e-09,6.891475168302463e-10,1.907146440771612e-09,0.0009585872176103294,2.0144162726776216e-10,1.3173881985295566e-09,6.435521004988232e-09,5.8023797322448445e-08,1.6220921494891627e-08,206.81695556640625
high_roughness_0151,high_roughness,117.35600280761719,46.9010009765625,635.7915649414062,240.75778198242188,1.23395196283127e-08,4.696560473860245e-09,1.7038843669325843e-09,578.0980834960938,2.1201069344556345e-08,2.1099086922049537e-08,2.861446912749699e-10,2.8662427986603234e-10,1.779331793017036e-09,1.815301575724959e-09,1.8264804946266366e-10,4.3259784643367993e-10,6.080304704170203e-09,4.3547760952833414e-08,1.9663399797309467e-08,4.855785551427516e-09
high_roughness_0266,high_roughness,117.35600280761719,46.9010009765625,365.7198791503906,466.02679443359375,2.51120031435903e-08,241.91900634765625,87.68363952636719,133.41268920898438,716.3690185546875,1.1598058335948735e-07,3.884756733896211e-05,4.9159734771819785e-05,124.52731323242188,7.876998608935537e-09,0.0003329432802274823,1.9721655419857598e-08,259.5949401855469,5.67526001304941e-07,696.7819213867188,2.986307734431648e-08
medium_roughness_0373,medium_roughness,117.35600280761719,46.9010009765625,8.183946675899278e-08,77.86043548583984,369.16229248046875,1.4131201986344877e-08,349.279541015625,84.83551025390625,9.749557648319751e-05,4.599928615789395e-08,6.768599996576086e-05,40.8635368347168,67.10868072509766,5.6226765465794415e-09,0.00033319072099402547,4.349282107796171e-07,157.3505401611328,9.672869083487967e-08,0.0004473125154618174,1.1432364388497263e-08
low_roughness_0250,low_roughness,117.35600280761719,46.9010009765625,2.9236340992611076e-07,9.094970891965204e-07,573.8634643554688,1.8160427828206593e-07,570.9786987304688,0.02141600288450718,2.818867415044224e-07,2.0354062257865735e-07,0.023039428517222404,186.92660522460938,53.73240280151367,3.009265014952689e-08,0.011770020239055157,0.000249480945058167,35.79512023925781,3.1585503279529803e-07,3.1076871209734236e-07,6.169018718082953e-08
medium_roughness_0335,medium_roughness,117.35600280761719,46.9010009765625,95.32061004638672,0.008556753396987915,8.109764593200453e-08,210.54588317871094,0.07604382932186127,1032.704833984375,0.0005818451754748821,4.462342673150488e-08,7.587305783651743e-10,7.95206511750024e-10,1.5103185432963073e-05,4.2436685276925346e-09,3.5242950224834146e-10,1.2154602879732579e-09,2.4918112103478052e-05,1.0473737432903363e-07,140.83860778808594,1.0223949686860578e-08
medium_roughness_0219,medium_roughness,117.35600280761719,46.9010009765625,414.7666320800781,376.7752685546875,4.32605737898939e-08,433.0293884277344,208.06753540039062,164.94227600097656,471.2261657714844,5.521335566527341e-08,1.8516527200418409e-09,2.816274546901809e-09,39.665008544921875,5.839759342762818e-09,0.0002345816174056381,2.020697609239619e-09,176.84097290039062,1.264644282628069e-07,477.73419189453125,1.2904922463974344e-08
medium_roughness_0105,medium_roughness,117.35600280761719,46.9010009765625,35.49932861328125,1141.822021484375,3.957731919967955e-08,1007.3433837890625,207.15811157226562,3.011077609471613e-09,1443.9493408203125,1.6639377520277776e-07,6.324362367138292e-09,7.052187278588917e-09,385.305419921875,2.3684094685449963e-08,1.102852653644959e-08,7.289591597015033e-09,743.81201171875,2.96311128522575e-07,1430.8314208984375,4.882441473341714e-08
low_roughness_0022,low_roughness,117.35600280761719,46.9010009765625,611.0655517578125,0.0005330147105269134,321.65289306640625,3.8952361336441754e-08,679.3439331054688,0.0025391061790287495,2.3675092108987883e-07,1393.867431640625,2.738441118310675e-08,2.2056473980569535e-08,4.748707738144731e-08,447.4389343261719,6.454378365106095e-09,1.5052881163768461e-09,1.1836513635898882e-07,1377.897705078125,2.1879370137867227e-07,1369.70654296875
high_roughness_0101,high_roughness,117.35600280761719,46.9010009765625,730.8228149414062,503.91455078125,1.286915818354828e-08,5.476589848285585e-09,2.6718578460815934e-09,2.6610909031887786e-09,2.5787221247242087e-08,2.9952925473253345e-08,3.4765584855378506e-10,3.47366219122236e-10,1.999007848141332e-09,2.2648574127259735e-09,2.2263389742871453e-10,5.104223710361566e-10,6.93832635789704e-09,6.094786897392623e-08,2.3167688212311077e-08,6.507817840173402e-09
medium_roughness_0167,medium_roughness,117.35600280761719,46.9010009765625,564.6756591796875,640.515380859375,3.900490597175121e-09,5.281894477349169e-09,2.1888073575837552e-09,1.4986676344364014e-09,2.185958969391777e-08,2.0328563721250248e-08,3.2981570252665904e-10,3.329792830353284e-10,2.005159815965385e-09,1.9256087835373137e-09,2.092397505260024e-10,4.720635549126939e-10,6.94356883101932e-09,4.14610141774574e-08,2.0742598749734498e-08,4.960092780947889e-09
low_roughness_0065,low_roughness,117.35600280761719,46.9010009765625,457.60150146484375,0.0009929101215675473,0.01004157867282629,7.99221595570998e-08,0.05947687104344368,0.0002866567810997367,1.1044719627761879e-07,1342.261474609375,1.601759724856322e-09,1.798840298938842e-09,9.673049028435798e-09,0.022676726803183556,1.1526354315449794e-09,7.306528160277992e-10,3.555518901521282e-08,2.5914498564816313e-06,1.0036000475110995e-07,1336.89501953125
medium_roughness_0347,medium_roughness,117.35600280761719,46.9010009765625,530.0805053710938,1.8933251340058632e-05,9.030832970324809e-09,1.1260897991860475e-08,1.1789254585892195e-06,8.427087916373921e-10,2.349332994810993e-08,2.9304191073720176e-08,2.4311108681729365e-10,2.3665194803790257e-10,2.285121203371432e-09,2.8964319831459306e-09,1.611700495285362e-10,6.158220045016094e-10,7.337690011155473e-09,5.207403575013814e-08,2.208581584284275e-08,7.56872164942024e-09
medium_roughness_0381,medium_roughness,117.35600280761719,46.9010009765625,553.2258911132812,0.0021939408034086227,0.00012845956371165812,7.03357230236179e-08,655.226806640625,0.0006089984090067446,8.067553380897152e-08,925.171875,8.92175278099927e-10,9.645610976605212e-10,6.8059695657041175e-09,1.7281568398530567e-09,6.635650362518675e-10,1.45700640441504e-09,2.36559678512549e-08,7.6600763065926e-08,7.275122015926172e-08,109.61030578613281
high_roughness_0254,high_roughness,117.35600280761719,46.9010009765625,370.98968505859375,313.6051330566406,9.739273565401163e-08,381.1700744628906,187.51132202148438,426.9805908203125,333.66278076171875,4.0027705949796655e-07,0.0009683395619504154,7.791491952957585e-05,152.6273956298828,0.002109843073412776,27.476604461669922,4.809708542552471e-08,191.34539794921875,4.4932909304407076e-07,347.9319152832031,0.00424876157194376
low_roughness_0300,low_roughness,117.35600280761719,46.9010009765625,195.37193298339844,343.1703796386719,157.4534149169922,54.16592788696289,0.013857175596058369,605.986572265625,68.23456573486328,4.209963577750386e-08,5.000721454620361,0.0008795856847427785,17.247493743896484,0.0002598243299871683,0.00828588753938675,0.00042914182995446026,27.336292266845703,2.2843281044515606e-07,49.61399459838867,0.000559808686375618
high_roughness_0008,high_roughness,117.35600280761719,46.9010009765625,452.0168151855469,5.0550891472767034e-08,4.307693757255038e-09,5.99591416516887e-08,468.2073059082031,613.840576171875,3.878008314472936e-08,4.032059223391116e-06,4.90798235386336e-10,4.936607789218783e-10,3.051642494256157e-09,1.8119230560387223e-08,3.126303382838813e-10,1.0393409466402659e-09,1.0572704489675289e-08,1.3849826530076825e-07,3.42112294049457e-08,77.53952026367188
low_roughness_0241,low_roughness,117.35600280761719,46.9010009765625,332.71630859375,552.7473754882812,5.489005161507521e-08,634.28515625,335.04022216796875,869.2962646484375,1176.1551513671875,1.1493479235014092e-07,2.821183064938282e-09,2.972905477349741e-09,174.40182495117188,1.1366614316443702e-08,0.000451540166977793,2.9960509628779164e-09,242.75094604492188,2.1268371597216174e-07,1202.7044677734375,3.002213233571638e-08
medium_roughness_0153,medium_roughness,117.35600280761719,46.9010009765625,311.6783447265625,427.9142761230469,347.1037902832031,231.99542236328125,6.803767860219523e-07,3.1181369308797e-07,2.4467141201967024e-07,1.8472009344350226e-07,241.56358337402344,0.008631056174635887,3.226887557161717e-08,54.39478302001953,6.283388387373634e-08,1.1681245837280585e-07,1.0464811595056744e-07,2.6082244630742935e-07,2.2301031776805758e-07,0.0012361857807263732
low_roughness_0074,low_roughness,117.35600280761719,46.9010009765625,244.12091064453125,0.0005977300461381674,278.5207214355469,5.291355975600709e-08,436.4419860839844,0.0003137449093628675,1.2494054146827693e-07,1420.682861328125,2.5659399049970943e-09,2.675978771904397e-09,1.180260245092768e-08,63.1899528503418,1.4713272822319823e-09,1.028275131709222e-09,4.156077437755812e-08,1265.5452880859375,1.1312116754425006e-07,1416.5211181640625
high_roughness_0393,high_roughness,117.35600280761719,46.9010009765625,393.751220703125,264.6443176269531,1.1148915746161947e-07,384.6451416015625,238.9567413330078,205.86009216308594,222.46092224121094,2.7351838127742667e-08,0.0024104833137243986,0.0015514269471168518,192.87997436523438,2.908988605554441e-09,39.18895721435547,1.8147338076701658e-09,199.51536560058594,1.2574875540849462e-07,248.2257080078125,8.448545862904666e-09
medium_roughness_0003,medium_roughness,117.35600280761719,46.9010009765625,397.5184631347656,427.6610107421875,1.3605385618120636e-07,436.78619384765625,354.70037841796875,168.8096923828125,396.1149597167969,3.634286116493968e-08,5.547890480350759e-10,5.309203632286597e-10,3.0703649520874023,3.188020514244272e-09,9.367522579850629e-05,9.053698346583872e-10,187.5154266357422,8.867625922448497e-08,416.0533752441406,7.962480452761156e-09
low_roughness_0105,low_roughness,117.35600280761719,46.9010009765625,661.2368774414062,394.50054931640625,1.884295919296619e-08,8.113984151236764e-09,7.44513894979093e-10,1.7383140971105604e-07,2.6873500758028968e-08,3.4042056284988575e-08,3.793781122585216e-10,3.756296940160553e-10,2.2712380864930992e-09,2.7503901378622686e-09,2.3262820836311704e-10,5.986731665963418e-10,7.759862974410225e-09,6.518703798974457e-08,2.439520763175551e-08,7.811049584915963e-09
low_roughness_0211,low_roughness,117.35600280761719,46.9010009765625,226.8140869140625,0.005605258047580719,51.37746810913086,1.493052792511662e-07,139.14639282226562,0.004029161296784878,1.1555719225952998e-07,358.6519470214844,7.36892786790122e-08,6.217833995819092,1.0921746174119562e-08,47.43996810913086,2.0140331002949097e-07,1.1702966276061488e-06,7.594653794740225e-08,161.69935607910156,7.397910195550139e-08,200.93902587890625
low_roughness_0126,low_roughness,117.35600280761719,46.9010009765625,435.53277587890625,0.0011735997395589948,1.746509075164795,2.995892600665684e-08,210.88633728027344,0.05238724872469902,1.1821262546618527e-07,1212.0677490234375,5.810757430779745e-10,5.09937814197059e-10,7.803053314603403e-09,1.4288866623246577e-07,5.192560270650404e-10,7.284584047084763e-10,2.7532363944260396e-08,53.97508239746094,1.0259839910986557e-07,585.537353515625
high_roughness_0312,high_roughness,117.35600280761719,46.9010009765625,334.17791748046875,559.1435546875,1.8531825674017455e-07,766.1727905273438,294.3266296386719,632.4362182617188,350.593505859375,5.061108865334063e-08,1.0252610982419696e-09,1.0289186169742948e-09,6.177221775054932,4.869372460802879e-09,0.00015406071906909347,1.3662920794743627e-09,183.32032775878906,1.1363552232523944e-07,394.4738464355469,1.2185365605432708e-08
medium_roughness_0174,medium_roughness,117.35600280761719,46.9010009765625,368.0291748046875,3.753190185307176e-07,293.6349792480469,3.7040649658592883e-08,152.42416381835938,0.0014190799556672573,4.8214655379297255e-08,9.773513909294707e-08,2.5902373579356208e-08,31.74369239807129,4.450465773686574e-09,53.17169189453125,3.564380079978946e-08,4.949699317080558e-08,1.14995470923418e-08,1.4809393178438768e-07,3.5579340362801304e-08,100.31405639648438
medium_roughness_0294,medium_roughness,117.35600280761719,46.9010009765625,3.901210948242806e-05,481.36102294921875,22.716039657592773,100.19627380371094,2.4944670773408006e-09,6.011906953062862e-05,4.050991719850572e-08,1.0668851473383256e-06,21.016401290893555,6.794076398364268e-06,3.8933700707843855e-09,54.47699737548828,2.0173030179648777e-07,1.0990895134455059e-05,1.1561610335775185e-08,1.3591728986739327e-07,3.505747869780862e-08,0.0016871890984475613
medium_roughness_0135,medium_roughness,117.35600280761719,46.9010009765625,4.395831467718381e-07,2.2886790702614235e-06,470.55322265625,1.634780630865862e-07,60.903465270996094,0.0003175970632582903,1.5304460987408675e-07,1.180469126893513e-07,147.70986938476562,0.019352836534380913,4.3853006559402274e-07,0.00014997628750279546,0.0005219298764131963,0.00017441881936974823,2.862477117560047e-07,3.1767845598551503e-07,1.373748546029674e-07,7.49933606130071e-05
high_roughness_0383,high_roughness,117.35600280761719,46.9010009765625,0.004406566731631756,539.7432861328125,1.9130284556467814e-07,303.9137268066406,0.002503365511074662,371.2100524902344,227.7469024658203,147.41854858398438,4.517178298080182e-10,4.533284025942663e-10,7.62686180877381e-09,3.1070208628136697e-09,3.0205557499662916e-10,8.908762061388131e-10,2.5312870022276002e-08,392.39129638671875,0.00037123524816706777,4.7587698226436714e-09
high_roughness_0211,high_roughness,117.35600280761719,46.9010009765625,74.08374786376953,342.409423828125,345.71270751953125,475.6113586425781,0.0011560695711523294,61.46537780761719,4.511207407631446e-08,2.0978982107067168e-08,5.091806976054158e-10,9.336836859219488e-10,47.87491989135742,1.800319671119155e-09,3.91388210729815e-09,4.929447405821463e-10,595.6348266601562,5.0626443481860406e-08,388.9869079589844,4.753907489885023e-09
low_roughness_0018,low_roughness,117.35600280761719,46.9010009765625,698.6106567382812,0.0013489879202097654,2.6846043610362358e-08,56.49876403808594,5.476411768512435e-09,0.0006691326852887869,5.9380081296467324e-08,6.620600601081605e-08,5.921872991976329e-10,5.988513573917942e-10,3.812672844105691e-09,4.226495153858423e-09,3.9086434089341537e-10,8.934968320772896e-10,1.3274959798081909e-08,1.347064824130939e-07,5.1151641144997484e-08,1.2826274264909898e-08
low_roughness_0013,low_roughness,117.35600280761719,46.9010009765625,447.0242919921875,567.7581787109375,2.298849111070922e-08,322.7453308105469,578.2431640625,401.9694519042969,1209.713623046875,1.7738896929131442e-07,5.310968997918053e-09,5.393698820910231e-09,380.3763427734375,1.9652301119776894e-08,0.00045675309957005084,5.774256628399144e-09,394.6565246582031,2.911655769821664e-07,1204.3687744140625,5.1776321896568334e-08
high_roughness_0370,high_roughness,117.35600280761719,46.9010009765625,890.7024536132812,528.929443359375,315.9700622558594,35.020484924316406,2.4069055371001014e-07,206.5705108642578,2.4775783202812818e-08,506.2359313964844,2.645476893103904e-10,2.3946528093787833e-10,1.9220642855088954e-09,0.001326048863120377,1.5158092836475845e-10,1.0742656764151093e-09,6.4823222345467e-09,62.791900634765625,2.0851487647632894e-08,385.8023376464844
high_roughness_0283,high_roughness,117.35600280761719,46.9010009765625,262.0884094238281,0.006468086503446102,249.13531494140625,4.287074943931657e-07,5.6218002697505653e-08,1.301514451768071e-08,3.901563516706119e-08,2.5332624886686972e-08,0.003234368283301592,9.420939761639602e-08,4.500487982284085e-09,167.3619384765625,2.7397575763643545e-08,1.0863826105378394e-07,1.3192244630033656e-08,1.2563774021145946e-07,3.511522805865752e-08,0.0005415283376350999
low_roughness_0053,low_roughness,117.35600280761719,46.9010009765625,205.87867736816406,0.003023453988134861,172.33740234375,4.050599216043338e-07,356.58160400390625,0.0022753465455025434,3.6152570714875765e-07,310.3276672363281,2.068054072879022e-06,3.6705472469329834,4.488959959303429e-08,184.55621337890625,3.2940592973318417e-06,0.010198505595326424,2.9235255283310835e-07,0.004385099746286869,2.2152376288886444e-07,292.9502258300781
low_roughness_0024,low_roughness,117.35600280761719,46.9010009765625,0.0009901904268190265,362.4589538574219,1.9451039889872845e-08,7.275464675160492e-09,0.0020278922747820616,0.3614985942840576,2.7742217412196624e-08,3.359306433026177e-08,4.0803313505755057e-10,4.06327638202697e-10,2.237689811224186e-09,2.6010038567392257e-09,2.598880277648874e-10,5.772206046472661e-10,7.773551580214644e-09,6.645574757158101e-08,2.5069553544199152e-08,7.476534946704305e-09
low_roughness_0023,low_roughness,117.35600280761719,46.9010009765625,482.47198486328125,0.012411398813128471,1.5480088322306074e-08,6.372177896452058e-09,2.296082879382766e-09,0.026153316721320152,2.774359231239032e-08,2.8502451954182106e-08,2.8721422462574253e-10,2.8413674191263283e-10,2.2134725163880375e-09,2.3167985307992467e-09,1.6772272459775195e-10,5.270268665924505e-10,7.356145026449212e-09,5.793510382545719e-08,2.5441913464874233e-08,6.311672962056036e-09
high_roughness_0123,high_roughness,117.35600280761719,46.9010009765625,288.8833312988281,453.6865234375,401.6866760253906,494.92889404296875,104.94403076171875,1.5683046683534485e-07,2.058660726333983e-07,0.00028211367316544056,96.68334197998047,2.743958305018168e-07,2.5995420926960833e-08,318.2298583984375,9.881062190686407e-09,0.0005916318623349071,8.647614180290475e-08,4.3225531953794416e-07,1.8687042313558777e-07,0.011835318058729172
high_roughness_0306,high_roughness,117.35600280761719,46.9010009765625,377.5006103515625,0.0005804033717140555,375.2099609375,5.667664737529776e-08,249.82302856445312,0.0005423474940471351,1.9035722687021916e-07,1442.0255126953125,7.507988009081146e-09,7.19873138876892e-09,2.353320027737027e-08,235.36651611328125,3.2238103297999032e-09,6.708493205387356e-10,7.645465416317165e-08,1416.364501953125,1.7223948134414968e-07,1424.2542724609375
low_roughness_0087,low_roughness,117.35600280761719,46.9010009765625,396.7488708496094,975.353759765625,2.1100898806025725e-08,418.4336242675781,228.8751983642578,2.0635648745326307e-09,593.5826416015625,1.476230977459636e-07,2.4207980064971935e-09,2.321770775637333e-09,3.889763832092285,1.6249687817548875e-08,8.265113137895241e-05,4.850203794148911e-09,229.85360717773438,2.667450473836652e-07,531.243408203125,3.837311979282276e-08
high_roughness_0096,high_roughness,117.35600280761719,46.9010009765625,199.2484893798828,0.004859913606196642,0.0007870577974244952,239.94383239746094,220.59408569335938,861.7019653320312,198.6103973388672,1.6413066461495873e-08,2.42139253092688e-10,2.6981331058273383e-10,0.03126734867691994,1.684827055647986e-09,0.00018647857359610498,5.191481133870468e-10,156.4003143310547,3.9740179147429444e-08,351.4668273925781,3.938159576222233e-09
medium_roughness_0247,medium_roughness,117.35600280761719,46.9010009765625,573.5510864257812,638.156005859375,1.089494716666195e-08,7.1283112745845756e-09,3.964348405105511e-09,1.4667768111209512e-09,2.651652941665361e-08,2.5499870659473345e-08,4.2299608260520927e-10,4.2446296477649526e-10,2.4408413068499613e-09,2.407784638336352e-09,2.6632121508107787e-10,5.773615474602423e-10,8.516400029634497e-09,5.142055314877325e-08,2.5071228648698707e-08,6.299093247008614e-09
medium_roughness_0014,medium_roughness,117.35600280761719,46.9010009765625,971.3960571289062,9.488465002505109e-05,725.7291870117188,1.9240935955622263e-08,4.820639105673763e-07,8.340300183817817e-08,1.961709727993366e-08,5.410311132436618e-08,3.263371517459035e-10,3.1952079870833927e-10,2.0394146371671695e-09,6.187894197040578e-09,1.8544296653821846e-10,7.960062609058127e-10,6.906018423791238e-09,6.05372747486399e-08,1.802780857929065e-08,3.8628304110943645e-08
high_roughness_0313,high_roughness,117.35600280761719,46.9010009765625,559.7971801757812,544.2233276367188,2.2561318147040765e-08,327.5465087890625,3.0887228774645337e-08,1.0139995509916844e-08,8.257641326281373e-08,7.864887408004506e-08,7.071377927658773e-10,7.151349512568572e-10,5.125416091544821e-09,5.239001676926591e-09,4.5872458609430566e-10,1.124968562749018e-09,1.781366520958727e-08,1.6034410066367855e-07,7.098804388760982e-08,1.562881202232802e-08
medium_roughness_0326,medium_roughness,117.35600280761719,46.9010009765625,0.00098454300314188,977.533203125,4.164163058817394e-08,379.580810546875,0.0009965919889509678,3.662543406335317e-07,1.0795434945976012e-07,1.1434277524813297e-07,9.281437840513718e-10,9.427365554870448e-10,6.379413886037355e-09,6.9410792669089005e-09,6.24792440007127e-10,1.4214345256391425e-09,2.195184478637202e-08,2.201220752340305e-07,9.033472991859526e-08,2.1569467989479563e-08
low_roughness_0277,low_roughness,117.35600280761719,46.9010009765625,0.003747725859284401,732.736572265625,234.9368896484375,4.452537893939734e-09,0.002061926294118166,1.172657304593372e-09,1.2764845180868178e-08,1.512757918931129e-08,1.8452175898353573e-10,1.8204705798385845e-10,1.2366065949009908e-09,1.4233472178659667e-09,1.070409733072708e-10,3.3781549779732245e-10,4.047614687863188e-09,2.870058857240565e-08,1.1949224720808616e-08,3.702650408499153e-09
high_roughness_0053,high_roughness,117.35600280761719,46.9010009765625,491.91998291015625,154.17665100097656,383.7654724121094,2.4737961012988308e-08,349.3509826660156,243.332275390625,2.5355546995342593e-07,601.0286865234375,8.465111278610493e-09,9.507510334572089e-09,1.9128998829387456e-08,0.00037716818042099476,1.7629711024369499e-09,6.7013603555210466e-09,6.321133128039946e-08,130.90660095214844,2.1650035364473297e-07,242.80471801757812
low_roughness_0179,low_roughness,117.35600280761719,46.9010009765625,528.625732421875,495.9463806152344,4.81736570634439e-08,682.5675048828125,686.5175170898438,930.890869140625,1353.887939453125,1.6183163609184703e-07,6.286142717470966e-09,6.926690332420549e-09,256.51824951171875,2.017848466095984e-08,0.0003904552140738815,5.9744267311145904e-09,576.5652465820312,2.7446336048342346e-07,1345.048095703125,4.840613243572989e-08
medium_roughness_0013,medium_roughness,117.35600280761719,46.9010009765625,586.0042114257812,734.5614624023438,219.4531707763672,5.106427281020842e-09,1.067399502119315e-08,1.0162372054978164e-09,2.7566519733568384e-08,2.292412659699039e-08,3.9566561138570933e-10,3.9400729900940235e-10,2.597072779053633e-09,2.2514494713021804e-09,2.353869876792203e-10,5.591605511945374e-10,8.900205905604253e-09,4.678653908740671e-08,2.707853852257358e-08,5.774730471586054e-09
high_roughness_0255,high_roughness,117.35600280761719,46.9010009765625,1.170702468300533e-08,583.878662109375,499.9436950683594,1.6105828137824574e-07,875.2737426757812,5.483286602547821e-10,3.1397998867532806e-08,4.5269118231772154e-08,1.0606105993460346e-09,1.0059876487389374e-08,86.39836120605469,4.848890178266174e-09,1.1040691028085803e-08,1.251076020558628e-09,385.0323791503906,8.280147767436574e-08,4.727795399617207e-08,1.3375963447970207e-08
low_roughness_0111,low_roughness,117.35600280761719,46.9010009765625,533.6282958984375,0.0008818276692181826,82.10767364501953,5.361014387972318e-08,0.013183443807065487,0.00040697460644878447,1.2093725842987624e-07,1404.7965087890625,2.4967565792621826e-09,2.606064253285467e-09,1.145257400025912e-08,94.21492767333984,1.4461395414500089e-09,8.33256463828036e-10,4.088180105554784e-08,902.1246337890625,1.0934277838714479e-07,1401.7655029296875
medium_roughness_0172,medium_roughness,117.35600280761719,46.9010009765625,296.9648742675781,659.782958984375,405.0697937011719,428.6109924316406,88.37492370605469,12.426337242126465,86.54342651367188,117.08015441894531,54.7902717590332,0.019584281370043755,17.546934127807617,34.98743438720703,39.92111587524414,11.741514205932617,26.10770606994629,122.19879913330078,76.49079132080078,94.39781951904297
low_roughness_0239,low_roughness,117.35600280761719,46.9010009765625,221.8354034423828,203.7992401123047,1.308622898932299e-07,336.6584777832031,39.67444610595703,371.5532531738281,180.9367218017578,1.0586365561948696e-08,0.00033974350662902,0.0003206411493010819,110.56826782226562,1.0123988314347798e-09,0.0046257758513092995,8.082600288616959e-06,129.60775756835938,4.4633981843844595e-08,196.26809692382812,0.00313176098279655
medium_roughness_0011,medium_roughness,117.35600280761719,46.9010009765625,492.0322570800781,0.0018750246381387115,237.5285186767578,1.5014944665381336e-07,345.7347106933594,0.0023215545807033777,9.03331809354313e-08,1041.4617919921875,2.8674089769253897e-09,7.945469837622454e-10,6.730836332735635e-09,0.00015317344514187425,4.126138042348515e-10,1.171327257409871e-09,2.4254395825096253e-08,0.0004342357278801501,7.871791041225151e-08,725.0499267578125
high_roughness_0067,high_roughness,117.35600280761719,46.9010009765625,414.0111999511719,894.2603759765625,2.2712812608460808e-07,305.1849060058594,0.0019849638920277357,8.719761268594084e-08,0.013928310945630074,2.8156904363640933e-08,5.097248734209359e-10,5.305903494345898e-10,1.0177352294249431e-08,2.58834464972324e-09,3.3492711382088203e-10,6.896274107326406e-10,3.970017559140615e-08,6.661005613750604e-08,304.0062561035156,6.55927134829426e-09
medium_roughness_0001,medium_roughness,117.35600280761719,46.9010009765625,498.2978820800781,0.002428569132462144,1.851102737759902e-08,1.3993179948101897e-08,326.5669860839844,0.0014237602008506656,3.7126657304042965e-08,4.7948976344969196e-08,6.393247597991092e-10,6.374423766608572e-10,3.338182397172318e-09,4.112830076508089e-09,3.8622297027224306e-10,8.917449001444311e-10,1.1689129664205211e-08,8.730945211254948e-08,3.412904092670033e-08,1.19012311117217e-08
high_roughness_0368,high_roughness,117.35600280761719,46.9010009765625,923.0827026367188,364.88861083984375,3.570505100469745e-07,528.9148559570312,0.0011266277870163321,219.6641845703125,429.8500671386719,9.774572262699621e-09,3.677395332690736e-10,3.7273423236783287e-10,7.330275497707817e-09,2.1130126537372007e-09,2.5754604005001625e-10,6.276351660616797e-10,2.521572284308604e-08,0.00566750206053257,0.020465077832341194,4.130754405196058e-09
low_roughness_0380,low_roughness,117.35600280761719,46.9010009765625,490.4539794921875,0.004880307242274284,220.26377868652344,1.6605009989234532e-07,213.8052215576172,0.0023043856490403414,1.626256249664948e-07,0.0002713310532271862,177.34754943847656,1.4093898244027514e-06,2.5776746070960144e-08,155.99310302734375,3.654499991512239e-08,2.385099833190907e-07,7.806555402112281e-08,1.6209622799578938e-07,1.5159025679167826e-07,1.2560114860534668
low_roughness_0347,low_roughness,117.35600280761719,46.9010009765625,901.4420776367188,918.64306640625,2.1769924529735363e-08,7.536352875092689e-09,2.8689406406101625e-09,6.490380997092871e-07,3.577143203870037e-08,3.146634242057189e-08,3.8235872801273274e-10,3.8813488534295004e-10,2.4718043167837322e-09,2.37313813045148e-09,2.58035787181754e-10,5.520034984662914e-10,8.653055161289558e-09,6.842353172942239e-08,3.216251442950124e-08,6.614235825708192e-09
low_roughness_0149,low_roughness,117.35600280761719,46.9010009765625,527.7401733398438,300.7268981933594,6.469380764428934e-08,559.40771484375,554.5695190429688,635.4892578125,890.0408325195312,1.0451765319885453e-07,2.0860424498891916e-09,1.2984543900529388e-05,137.67323303222656,9.67805036111713e-09,0.0007396124419756234,2.5464086395032837e-09,206.13038635253906,1.9661364092371514e-07,960.5911865234375,2.6472514846886952e-08
medium_roughness_0235,medium_roughness,117.35600280761719,46.9010009765625,433.6393737792969,914.6268310546875,520.4302368164062,3.3508339214449734e-08,3.71595980652728e-08,241.9734344482422,1.9107194049183818e-08,7.592463546757244e-09,2.814962707375912e-10,2.9516428190490274e-10,1.8460211137494298e-09,3.1907885222892673e-09,1.8262855117079368e-10,5.241168055114542e-10,6.392360862861324e-09,5.509091494104723e-08,1.7715709788035383e-08,5.358899215934798e-06
medium_roughness_0123,medium_roughness,117.35600280761719,46.9010009765625,79.97450256347656,584.2634887695312,320.72723388671875,115.22956848144531,0.02248501218855381,536.9739990234375,328.4335021972656,0.0020593751687556505,50.62708282470703,0.0006072350079193711,105.2131576538086,4.157917032898695e-08,0.0483112633228302,0.0004729403299279511,129.15362548828125,0.0011644004844129086,268.7707824707031,16.48138427734375
high_roughness_0179,high_roughness,117.35600280761719,46.9010009765625,331.50164794921875,327.403564453125,4.843541034915688e-08,470.7210693359375,212.69166564941406,408.03997802734375,1275.653076171875,1.5211811899007444e-07,5.042307460456641e-09,5.428780536220756e-09,241.06932067871094,1.7425259457581888e-08,0.0003415349929127842,4.9421404746397e-09,486.0088806152344,2.5675578285699885e-07,1277.094970703125,4.4640284357910787e-08
low_roughness_0259,low_roughness,117.35600280761719,46.9010009765625,333.1750793457031,0.008364096283912659,256.8033752441406,1.0469902633758466e-07,216.84095764160156,0.0008413990726694465,5.8108746259222244e-08,830.0260620117188,3.257159264524745e-10,4.558080857197666e-10,4.235072736946677e-09,0.00012535875430330634,4.1115727489327014e-10,2.505442242561884e-10,1.541909000479791e-08,7.358745079955042e-08,5.3179455505869555e-08,924.0308227539062
high_roughness_0042,high_roughness,117.35600280761719,46.9010009765625,725.8663330078125,888.9773559570312,1.9986428512197563e-08,203.33529663085938,6.1315130750472235e-09,7.532458212722304e-09,5.688382742619069e-08,6.03479719529787e-08,5.573334016517606e-10,5.633665756121786e-10,3.6018155125105977e-09,3.888649846572889e-09,3.712980756187534e-10,8.317986854855519e-10,1.2549651096094294e-08,1.2555724993035255e-07,4.905310646563521e-08,1.1679079037207885e-08
high_roughness_0203,high_roughness,117.35600280761719,46.9010009765625,961.673095703125,1.461089027543494e-07,7.683624744415283,7.468371876484525e-08,1.0323095693820505e-06,472.7454528808594,2.752690164697924e-08,0.0007698393310420215,2.676120158806583e-10,2.479093319518455e-10,2.6024677968194965e-09,0.0003845703322440386,1.9045683086194032e-10,2.9401790015981533e-06,8.86008155731588e-09,1.3712264035348198e-07,2.4952058197413862e-08,122.20159149169922
low_roughness_0394,low_roughness,117.35600280761719,46.9010009765625,448.1340026855469,0.0009194766753353179,390.5838317871094,1.387674330999289e-07,356.764404296875,0.0004177874652668834,2.8913703431499016e-07,883.8314208984375,1.3835826706554144e-08,1.489265066823009e-08,5.4068447497002126e-08,531.091796875,7.969287452169738e-09,1.560208744422198e-07,1.4236756840091402e-07,5.439428605313879e-07,2.678621058294084e-07,1207.6793212890625
medium_roughness_0110,medium_roughness,117.35600280761719,46.9010009765625,715.4451904296875,373.45269775390625,6.742455127550784e-08,406.1495361328125,43.37077331542969,185.9468536376953,438.21112060546875,7.886247743726926e-08,1.3788346020504605e-09,1.3792214037522399e-09,67.66026306152344,7.002180169024541e-09,0.00028195499908179045,1.865470666828628e-09,192.1785430908203,1.6625148191451444e-07,522.7083129882812,1.8257091838336237e-08
high_roughness_0195,high_roughness,117.35600280761719,46.9010009765625,830.6210327148438,137.07955932617188,312.0595703125,126.74188232421875,1.8043124327959958e-07,123.36497497558594,3.540779403010674e-08,734.0148315429688,7.233632581815641e-10,5.0225990033681e-10,3.074931642643719e-09,0.0009957085130736232,2.7633503818513816e-10,1.0409952665213495e-05,1.0028648134152718e-08,0.002752851927652955,3.0200745015918073e-08,549.15283203125
low_roughness_0032,low_roughness,117.35600280761719,46.9010009765625,838.6828002929688,983.8578491210938,6.324570733795554e-08,103.99974060058594,6.4100524888033306e-09,0.0001640375703573227,1.2528286674751143e-07,1.1543349387466151e-07,8.782646832017349e-10,8.951821506286706e-10,6.423319653947601e-09,6.586212464299024e-09,6.042024103258825e-10,1.3668786102982722e-09,2.2234893037875736e-08,2.345282155147288e-07,1.0112400161688129e-07,2.0582200832564013e-08
high_roughness_0353,high_roughness,117.35600280761719,46.9010009765625,219.7209014892578,514.4610595703125,259.2487487792969,446.86529541015625,137.03274536132812,250.91015625,2.6055519697365526e-07,4.916785556474679e-08,24.791526794433594,0.00024037869297899306,122.2871322631836,5.591128449111693e-09,0.0015282259555533528,2.9686015068364213e-07,37.18012619018555,1.1770898566965116e-07,3.5651834195959964e-07,8.883585422836404e-09
medium_roughness_0252,medium_roughness,117.35600280761719,46.9010009765625,0.012165216729044914,95.37528228759766,1.0662397187388706e-08,9.498959485654268e-08,0.0031188440043479204,500.50103759765625,4.8236362459874726e-08,4.478967241539067e-07,5.468476227399321e-10,5.451688545043964e-10,3.599865294745541e-09,6.425353138439505e-09,3.3421942990941034e-10,1.0512675174823016e-09,1.240077018849206e-08,2.335412432330486e-07,4.1847133758210475e-08,3.312231200425231e-08
medium_roughness_0245,medium_roughness,117.35600280761719,46.9010009765625,808.6982421875,698.5949096679688,1.568046847921778e-08,240.682861328125,5.8442837236327705e-09,1.9610952861626174e-09,4.3103753455397964e-08,4.1263152894543964e-08,4.277708465227903e-10,4.3275383276863977e-10,2.767392315305983e-09,2.817682309697034e-09,2.865450099420741e-10,6.318293666041086e-10,9.710760195957846e-09,8.989266575554211e-08,3.768873924059335e-08,8.203603130141346e-09
medium_roughness_0249,medium_roughness,117.35600280761719,46.9010009765625,238.0467071533203,315.2220153808594,6.424964027473834e-08,590.562744140625,512.4202270507812,137.2343292236328,595.2577514648438,7.078807584548485e-08,1.1071368266613035e-09,1.0164271646573297e-09,102.1498031616211,6.22407991812679e-09,0.000351826281985268,1.6538980185387686e-09,197.8311767578125,1.4820383853475505e-07,700.34912109375,1.6794698964872623e-08
medium_roughness_0283,medium_roughness,117.35600280761719,46.9010009765625,346.8862609863281,917.952880859375,666.13330078125,568.9223022460938,260.79296875,3.635403516000224e-07,0.014120282605290413,4.277035969835197e-08,24.44084358215332,0.003361846785992384,122.59444427490234,3.000648618467494e-09,28.349218368530273,0.00046555761946365237,126.02474212646484,1.1030382296439711e-07,20.124385833740234,7.628854881147618e-09
low_roughness_0292,low_roughness,117.35600280761719,46.9010009765625,513.8130493164062,802.71435546875,3.4368454748801014e-08,137.4607696533203,4.776347317658747e-09,2.447661699989112e-07,5.678658965280192e-08,5.6231296952091725e-08,5.748210796241437e-10,5.809117631372374e-10,3.841674534044159e-09,3.994572228549487e-09,3.7394620733266493e-10,8.753880953449311e-10,1.343569344669504e-08,1.1499596297426251e-07,4.9921471401148665e-08,1.1667923516256451e-08
low_roughness_0392,low_roughness,117.35600280761719,46.9010009765625,383.1108093261719,0.0008804350509308279,382.047119140625,7.776817767535249e-08,317.997802734375,0.00034049851819872856,1.468658012981905e-07,1403.129150390625,3.2563722829337394e-09,3.5097602602007782e-09,1.6172913674949996e-08,79.64582061767578,2.126301801297359e-09,9.320484384289784e-10,5.740010777799398e-08,2.1198318336246302e-06,1.3292599021497153e-07,1416.9744873046875
low_roughness_0128,low_roughness,117.35600280761719,46.9010009765625,196.3562469482422,225.50567626953125,5.4661466464267505e-08,155.72348022460938,362.1867370605469,371.4000549316406,67.44007110595703,3.0064878586699706e-08,6.154932674640179e-10,5.158611871003416e-10,110.06147003173828,3.0724691679751004e-09,0.00021967887005303055,8.328130962631519e-10,200.90420532226562,6.506815708462454e-08,297.5473327636719,7.840334603770316e-09
high_roughness_0321,high_roughness,117.35600280761719,46.9010009765625,633.5853881835938,450.19403076171875,397.7172546386719,671.839111328125,51.96867370605469,5.8504767252998136e-08,1.0057156174525517e-07,608.0130615234375,1.846293251617226e-08,1.3497132300699377e-08,6.619082171255286e-09,37.474971771240234,8.978754406641087e-10,1.1518337394988976e-08,2.4084290117798446e-08,4.2992755311388464e-07,8.475664259322002e-08,859.7916870117188
low_roughness_0236,low_roughness,117.35600280761719,46.9010009765625,438.0056457519531,492.0159912109375,2.8876737445671097e-08,302.183837890625,468.9967346191406,0.013592059724032879,1031.6920166015625,1.4191373054472933e-07,2.4847941482164515e-09,2.476872928980356e-09,69.43939208984375,1.3521844088870694e-08,0.00016277200484182686,3.3931382148466582e-09,217.61135864257812,2.481038450241613e-07,1026.5662841796875,3.577729756898407e-08
low_roughness_0009,low_roughness,117.35600280761719,46.9010009765625,71.44612884521484,185.81900024414062,143.55148315429688,3.8208003161344095e-07,245.94287109375,45.76847839355469,3.5000934417439566e-07,84.17047119140625,0.0024765068665146828,16.01620864868164,6.433388932691742e-08,101.42414093017578,1.80754632310709e-05,31.70077896118164,3.35907998305629e-07,0.01098452229052782,2.0239221498741244e-07,149.74630737304688
medium_roughness_0290,medium_roughness,117.35600280761719,46.9010009765625,45.500885009765625,88.03966522216797,4.1520443971876375e-08,737.4751586914062,818.934326171875,313.576171875,1397.052001953125,1.276478940326342e-07,3.152688332619391e-09,3.358727962421426e-09,2.9510996313319993e-08,1.340456812215507e-08,2.904996687647099e-09,3.6907061851110257e-09,1.3603737158973672e-07,2.3993058562155056e-07,1398.0408935546875,3.3281136069263084e-08
high_roughness_0298,high_roughness,117.35600280761719,46.9010009765625,452.8207702636719,2.51564785003211e-07,550.06591796875,0.095164455473423,385.7981262207031,302.8172302246094,7.906083965281141e-07,105.53753662109375,8.811535735731013e-06,141.48065185546875,8.09282880709361e-08,146.3969268798828,6.04987735641771e-06,0.00026853245799429715,5.908635216655966e-07,0.003801414044573903,4.766044980897277e-07,215.7255401611328
medium_roughness_0008,medium_roughness,117.35600280761719,46.9010009765625,349.0318908691406,251.2698211669922,3.199523135322124e-08,385.23541259765625,245.41224670410156,76.2365493774414,0.01280380692332983,9.334779349501332e-08,0.0013307128101587296,0.08657103031873703,235.81275939941406,7.57328511014066e-09,48.13127899169922,1.8828579584351246e-07,254.94984436035156,1.9121219452244986e-07,60.759090423583984,2.2354766926468983e-08
low_roughness_0370,low_roughness,117.35600280761719,46.9010009765625,233.34085083007812,277.6980285644531,432.47174072265625,247.62933349609375,0.08399723470211029,24.684667587280273,195.72496032714844,3.275091486898418e-08,6.272646714933217e-05,0.00012698098726104945,70.11721801757812,2.630660134173013e-09,0.0004693912051152438,1.1469050154033766e-09,201.88270568847656,8.940345708197128e-08,314.8385925292969,6.541705399598641e-09
medium_roughness_0074,medium_roughness,117.35600280761719,46.9010009765625,636.8903198242188,0.0008957599056884646,512.1495971679688,5.012182668906462e-08,358.4157409667969,0.002385321306064725,1.3522326014481223e-07,1284.2384033203125,1.379305447635204e-09,1.4729838460070255e-09,1.0409523909515883e-08,1.6652403900252466e-08,1.0504658254362198e-09,1.658114645586295e-09,3.617453003812443e-08,76.59711456298828,1.1925230580800417e-07,560.8729248046875
low_roughness_0229,low_roughness,117.35600280761719,46.9010009765625,134.96670532226562,0.0014371407451108098,384.1330261230469,3.742412957308261e-08,253.92581176757812,0.011782776564359665,2.3044592580845347e-06,209.87481689453125,7.236684268718818e-06,37.09629440307617,2.638831233525707e-07,107.52464294433594,2.0606374164344743e-05,23.974925994873047,1.8593796085042413e-06,46.83735656738281,1.384673510074208e-06,162.40524291992188
medium_roughness_0385,medium_roughness,117.35600280761719,46.9010009765625,149.82862854003906,0.0034953223075717688,90.75988006591797,1.180912718723448e-07,298.74700927734375,0.004814398940652609,4.338560870564834e-07,112.71043395996094,6.343066729641578e-07,21.573223114013672,5.7988724933011326e-08,148.93618774414062,6.083497282816097e-06,0.0177434291690588,3.9762556980349473e-07,0.0005218810401856899,2.72489018016131e-07,228.99066162109375
high_roughness_0115,high_roughness,117.35600280761719,46.9010009765625,577.83984375,5.938676395089715e-08,357.17401123046875,2.5367000944243046e-08,140.2926025390625,279.6969299316406,2.452706553413009e-07,1367.592041015625,4.724331148509009e-09,5.269417346909222e-09,2.7147061487653446e-08,191.7034912109375,3.5376721552182744e-09,2.0701167446901536e-09,9.467269990182103e-08,1330.188720703125,2.2004482502779865e-07,1308.12109375
low_roughness_0283,low_roughness,117.35600280761719,46.9010009765625,473.4287414550781,0.0044717611744999886,47.98238754272461,2.9333196494008007e-07,450.73028564453125,0.001814996125176549,2.175090259015633e-07,0.0011881098616868258,0.005292411427944899,108.4737319946289,3.269380854931114e-08,227.87216186523438,1.0492693292007971e-07,3.2878888305276632e-06,9.340781303990298e-08,7.299335038624122e-07,1.9657782956983283e-07,10.616262435913086
low_roughness_0164,low_roughness,117.35600280761719,46.9010009765625,528.8452758789062,483.03411865234375,2.7901825205844943e-07,3.3764560036786406e-09,5.569096739321822e-09,2.768301676780993e-08,4.0060498918137455e-08,2.314193991992397e-08,2.573564972241371e-10,2.4829974187845494e-10,3.0772315806615325e-09,2.166279822191086e-09,2.1339510714035725e-10,5.422020055156906e-10,9.87284831666102e-09,4.930910435518854e-08,4.143507936760216e-08,5.408471448475893e-09
medium_roughness_0325,medium_roughness,117.35600280761719,46.9010009765625,155.3994140625,549.4869995117188,4.628363825531778e-08,279.4268798828125,548.8936767578125,468.8540954589844,1270.4254150390625,1.2320157338763238e-07,3.554682992401581e-09,3.869546016943559e-09,200.72853088378906,1.3049921143704069e-08,0.0007242170977406204,3.5398051156931842e-09,382.3332824707031,2.2662378285076556e-07,1286.3016357421875,3.292365491347482e-08
high_roughness_0111,high_roughness,117.35600280761719,46.9010009765625,336.719970703125,327.4317626953125,1.0692685492585952e-07,535.374755859375,347.28411865234375,423.6291198730469,288.4652404785156,3.55682807651192e-08,2.563510133768432e-05,0.00018163291679229587,211.27159118652344,1.881680367077365e-09,0.0016037740278989077,1.0130324357149334e-09,288.1847839355469,9.362274511204305e-08,420.5882568359375,6.481469139174578e-09
low_roughness_0372,low_roughness,117.35600280761719,46.9010009765625,486.8763427734375,321.25848388671875,461.6849365234375,1.5340216918957594e-07,653.1201171875,0.003907789010554552,7.353329323223079e-08,7.343601993170523e-08,23.89104461669922,8.414713761339954e-07,7.866863604988339e-09,78.33234405517578,6.559312737408618e-08,3.9826011288823793e-07,2.2805201282949383e-08,2.899087405694445e-07,6.310857258995384e-08,0.009158172644674778
low_roughness_0396,low_roughness,117.35600280761719,46.9010009765625,896.9683227539062,832.0701904296875,1.4228241695946053e-08,6.50167990556838e-08,3.452290009420267e-09,3.975716111881411e-08,4.677913167938641e-08,5.01532859686904e-08,4.937832365214945e-10,5.019208937362407e-10,3.245180346667098e-09,3.444962315413136e-09,3.292349448624776e-10,7.488591413640222e-10,1.135296390231133e-08,1.0101219061198208e-07,4.152202848217712e-08,1.0058264443557619e-08
low_roughness_0284,low_roughness,117.35600280761719,46.9010009765625,432.9956970214844,338.684814453125,1.4241197732189903e-07,403.60498046875,66.4569091796875,575.1129150390625,295.1275939941406,1.740303723352099e-08,2.0446619600988925e-05,5.664168202201836e-05,128.33290100097656,1.6300807370583925e-09,0.0009586351807229221,5.20820275795586e-10,184.38211059570312,4.585850987837148e-08,352.4540710449219,3.935276104982677e-09
low_roughness_0067,low_roughness,117.35600280761719,46.9010009765625,0.0018866322934627533,554.9152221679688,1.033768093350318e-08,4.581197643460655e-09,0.000983641715720296,1.1600503890818459e-09,1.8868925977244544e-08,2.161200818306952e-08,2.654246267219662e-10,2.628066098075976e-10,1.6227194032936154e-09,1.8232549914287688e-09,1.630182516754175e-10,4.2214412521168754e-10,5.4689071049551785e-09,4.3038117070182125e-08,1.735739196817576e-08,4.986396184847308e-09
low_roughness_0234,low_roughness,117.35600280761719,46.9010009765625,614.2705688476562,123.08464050292969,46.304054260253906,520.4585571289062,0.0029848937410861254,440.5682373046875,47.459625244140625,1.364159487593497e-07,1.363710211421676e-08,1.4007198068100024e-08,310.83642578125,9.575501280778553e-09,0.0003271441091783345,2.860204295629387e-09,544.096435546875,2.4318609348483733e-07,440.09100341796875,3.392997527384978e-08
medium_roughness_0202,medium_roughness,117.35600280761719,46.9010009765625,756.2982788085938,756.1148071289062,2.2666043264507607e-08,554.2886352539062,0.0001435947051504627,1.5343223580543963e-08,1.2321919484747923e-07,9.59336645678377e-08,6.803850816083923e-10,6.789473983026539e-10,6.843419608770773e-09,6.3305658493106876e-09,3.9390662953664446e-10,1.3529937170631001e-09,2.2698751322991484e-08,1.961708733233536e-07,1.0525485549806035e-07,1.8594361606005805e-08
high_roughness_0157,high_roughness,117.35600280761719,46.9010009765625,567.7117919921875,0.0024921305011957884,472.40472412109375,5.2133962924472144e-08,391.9973449707031,0.0002172140229959041,6.207307023942121e-08,525.1026611328125,6.049496459326065e-10,7.065943941064745e-10,5.051712825832055e-09,9.776436549202572e-09,5.233725675068968e-10,6.239433414378937e-10,1.830974838412658e-08,4.968313760400633e-08,5.643049760806207e-08,891.9466552734375
high_roughness_0025,high_roughness,117.35600280761719,46.9010009765625,291.02880859375,307.0611877441406,3.573978801796329e-08,696.1088256835938,163.739990234375,169.31871032714844,486.83673095703125,0.006514816544950008,0.00019752986554522067,0.00015393091598525643,219.90496826171875,0.0012786553706973791,0.01900692656636238,1.0440935893640813e-09,232.4486083984375,0.0038407803513109684,464.5588684082031,0.006764659658074379
high_roughness_0154,high_roughness,117.35600280761719,46.9010009765625,0.000465059420093894,367.2808837890625,1.531933513376771e-08,210.7071990966797,2.253413988739794e-08,139.21273803710938,7.115260558521186e-08,6.669383623147951e-08,4.6141593323945074e-10,4.6348699878073774e-10,5.375325962120314e-09,5.401306957253382e-09,4.781667839459658e-10,1.136383431799004e-09,1.6879155850801908e-08,1.2683052830197994e-07,6.441111821686718e-08,1.4546247761870745e-08
medium_roughness_0329,medium_roughness,117.35600280761719,46.9010009765625,959.0486450195312,0.001098779495805502,4.408437348502048e-08,227.5531005859375,1.8292784176310306e-08,0.0002441790420562029,1.609810311720139e-07,1.6629857668704062e-07,1.2645563485236266e-09,1.2887499956093507e-09,9.144365265001397e-09,9.885096297068685e-09,8.612840440846981e-10,1.988694320331774e-09,3.105404999814709e-08,3.0292255814856617e-07,1.3162542700229096e-07,3.1211765616490084e-08
high_roughness_0130,high_roughness,117.35600280761719,46.9010009765625,614.015869140625,0.0016915628220885992,450.11187744140625,1.3313417923654924e-07,261.2785949707031,0.0006075879791751504,1.1104921071591889e-07,1240.8087158203125,1.2528836856873227e-09,1.6327038609986744e-09,9.506150533411528e-09,73.6666488647461,1.1394871712866461e-09,3.0977425069522724e-09,3.6094100153150066e-08,9.512404176348355e-06,9.977577519748593e-08,1235.2119140625
low_roughness_0181,low_roughness,117.35600280761719,46.9010009765625,31.521099090576172,219.4904022216797,117.918701171875,215.7541046142578,24.56393814086914,53.6636962890625,164.02793884277344,33.618125915527344,98.1194076538086,0.0002225998032372445,0.00020028180733788759,16.772859573364258,48.09967803955078,0.22229348123073578,0.0010261000134050846,74.31857299804688,146.94961547851562,24.411943435668945
medium_roughness_0282,medium_roughness,117.35600280761719,46.9010009765625,406.6467590332031,0.0009283110848627985,246.49082946777344,5.4812637984014145e-08,750.0850830078125,0.0014839450595900416,190.08050537109375,979.414794921875,3.014176286342263e-08,3.1583758186570776e-07,1.9587888289152033e-07,0.0005359645001590252,4.160138189490681e-08,4.0145911839317705e-07,0.0012256010668352246,1003.5316162109375,200.3472137451172,456.7250061035156
low_roughness_0042,low_roughness,117.35600280761719,46.9010009765625,511.1217956542969,459.8525085449219,4.3009475092503635e-08,523.8673095703125,156.3147735595703,0.010875804349780083,448.1455993652344,1.2907007373996748e-07,2.973518098414729e-09,3.1235929398576445e-09,0.005013568792492151,1.3909517093679824e-08,8.825639815768227e-05,4.137212350485697e-09,119.00406646728516,2.551671514083864e-07,447.7937927246094,3.25443636484124e-08
medium_roughness_0392,medium_roughness,117.35600280761719,46.9010009765625,745.6559448242188,829.5950927734375,2.8573266419584797e-08,685.2861328125,1.2995771569990211e-08,3.670286830015357e-08,1.0750230217126955e-07,1.2108070279737149e-07,8.674632123728543e-10,8.79203265746753e-10,6.0977840554699014e-09,6.82894629733255e-09,5.757779253379169e-10,1.3882449634294858e-09,2.1195287303044097e-08,2.3458815689991752e-07,8.844686760767217e-08,2.17821352066494e-08
high_roughness_0002,high_roughness,117.35600280761719,46.9010009765625,353.57568359375,581.9390258789062,4.549764298644732e-08,163.1630401611328,123.78463745117188,4.30250457483794e-09,382.37908935546875,6.951523090492628e-08,4.624452376589261e-09,4.990535540372321e-09,0.004922604188323021,1.0735432098840647e-08,0.0001888235710794106,4.128226205324381e-09,8.553613662719727,2.7262785806669854e-07,386.06573486328125,1.8776516341745264e-08
medium_roughness_0204,medium_roughness,117.35600280761719,46.9010009765625,401.0135498046875,969.4315795898438,2.054109948801397e-08,225.47618103027344,3.6224567789844286e-09,5.130007139086956e-07,4.3415479211716956e-08,5.024299909450747e-08,4.1599118594248807e-10,4.176727019800097e-10,2.7125204304923045e-09,3.062435416367748e-09,2.726087133808619e-10,6.541377439717166e-10,9.3788745658685e-09,1.0607936928863637e-07,3.706121276536578e-08,9.359485630966446e-09
low_roughness_0260,low_roughness,117.35600280761719,46.9010009765625,198.49661254882812,330.39501953125,7.290221049061074e-08,0.05236527696251869,143.07754516601562,739.415283203125,296.58648681640625,2.3083881472985013e-08,1.744029577821493e-05,2.2002401237841696e-05,0.004422561265528202,2.8938698104497007e-09,0.0002708967658691108,7.293819326292805e-09,0.12894053757190704,8.024154851682397e-08,341.9758605957031,4.949706422507916e-09
medium_roughness_0020,medium_roughness,117.35600280761719,46.9010009765625,379.7048034667969,638.3043212890625,2.9107773968917172e-08,95.58698272705078,374.4840393066406,1.6142857051093529e-09,333.2308044433594,4.5379863422567723e-08,3.070770304702819e-09,3.2167832841878408e-09,0.00021021580323576927,1.1330855365088155e-08,1.2320874702709261e-06,4.9902308951743635e-09,0.0003056032583117485,1.2526363946108177e-07,332.9141845703125,1.748665390266524e-08
low_roughness_0188,low_roughness,117.35600280761719,46.9010009765625,895.9373779296875,483.05548095703125,2.2002186739200624e-08,198.20408630371094,3.3237238739047825e-08,0.001697723986580968,5.488869092573623e-08,4.1388165783473596e-08,5.261761581998314e-10,5.330257901725588e-10,3.801098991118579e-09,3.258062042377219e-09,3.479530552574772e-10,7.729739071038466e-10,1.3053953473729507e-08,9.022401314950912e-08,5.109255596380535e-08,8.926864580871552e-09
low_roughness_0203,low_roughness,117.35600280761719,46.9010009765625,91.54855346679688,680.3552856445312,4.639403172745915e-08,134.84030151367188,52.21342086791992,8.035913268145123e-09,123.65120697021484,8.390657058043871e-08,1.9800836525973864e-09,2.1469470645740785e-09,0.0004535357002168894,9.842897163991893e-09,5.0893020670628175e-05,2.7694886384210804e-09,0.00013815741112921387,1.8183025929374708e-07,203.78533935546875,2.0442955772637106e-08
high_roughness_0100,high_roughness,117.35600280761719,46.9010009765625,240.3180694580078,740.951416015625,3.4835977658076445e-08,473.6058349609375,104.55854797363281,2.8240956240210835e-09,405.2945556640625,1.7062177448678995e-07,4.929610053494571e-09,5.106495670759159e-09,0.0008661043830215931,2.3395488213395765e-08,1.2922752830490936e-05,6.970186205990103e-09,9.398586939823872e-07,3.016791367826954e-07,397.1131286621094,5.3676242117717266e-08
medium_roughness_0266,medium_roughness,117.35600280761719,46.9010009765625,341.5411682128906,470.24908447265625,9.953077295676849e-08,297.5427551269531,479.75,70.10519409179688,391.5442810058594,7.446310945624646e-08,1.557788231743018e-09,1.6241996636523481e-09,0.0007448577671311796,7.229305154510257e-09,1.1863195140904281e-05,2.037257029741113e-09,0.0038289770018309355,1.6473525477067597e-07,415.7743835449219,1.776169078482326e-08
low_roughness_0132,low_roughness,117.35600280761719,46.9010009765625,602.4286499023438,0.0008393750176765025,1.8997621737071313e-05,4.547005616473143e-08,103.0280532836914,104.58464050292969,3.326672981529555e-08,2.4088240735409272e-08,1.827933915343749e-10,2.305279439562824e-10,2.670482057709478e-09,1.745555477938865e-09,2.1682755591001523e-10,4.3024198093100097e-10,9.426507574517018e-09,3.416434424252657e-08,3.103516021951691e-08,0.002007843228057027
high_roughness_0000,high_roughness,117.35600280761719,46.9010009765625,232.3794708251953,9.682182312011719,1.6898154342470662e-07,497.065673828125,223.56124877929688,441.85015869140625,248.29522705078125,1.4378423784933148e-08,0.0007142449612729251,9.254238264588821e-09,201.70404052734375,1.5062961988832058e-09,0.004008171148598194,1.2567322738021858e-09,217.15386962890625,5.375441247679191e-08,262.0177307128906,4.172564516125021e-09
medium_roughness_0155,medium_roughness,117.35600280761719,46.9010009765625,519.4979858398438,0.0021041342988610268,86.65902709960938,3.3929005383015465e-08,112.2525863647461,0.0006595096201635897,4.7538911474021006e-08,3.7284138443283155e-07,7.960472281354214e-10,8.088870129263626e-10,4.56853621599862e-09,1.7074800240379773e-08,4.839675882273298e-10,1.4736245557145367e-09,1.613818589873972e-08,1.2255880221800908e-07,4.384613916386115e-08,59.74636459350586
low_roughness_0267,low_roughness,117.35600280761719,46.9010009765625,569.2936401367188,0.0009020305005833507,0.003778797807171941,8.422067310220882e-08,322.33917236328125,0.000990907079540193,1.659509933915615e-07,1267.73876953125,1.6076057152147882e-09,2.1835369068412547e-09,1.4781039503475313e-08,82.77091217041016,1.7318161349422212e-09,3.1037274972334217e-09,5.530020530386537e-08,788.8665771484375,1.4786037638714333e-07,1239.0341796875
medium_roughness_0298,medium_roughness,117.35600280761719,46.9010009765625,109.91133117675781,985.9326171875,3.8853080752687674e-08,498.3802185058594,511.73419189453125,3.833947630482726e-07,1.4014830589294434,7.72716717278854e-08,7.416013914074426e-10,7.542432234330931e-10,6.839988131446262e-09,5.114868972810882e-09,4.945429066260942e-10,1.1489171836132073e-09,2.349543670732146e-08,1.6944451886047318e-07,6.851769285276532e-08,1.4941587522798727e-08
medium_roughness_0088,medium_roughness,117.35600280761719,46.9010009765625,360.6756591796875,765.7145385742188,2.6108018857939896e-08,283.3633117675781,0.020083686336874962,1.5640949868611642e-08,2.8187838552184985e-07,1.5327495361816545e-07,1.4811765147726419e-09,1.5035063194446252e-09,1.393251114478744e-08,1.1278158851268927e-08,9.726492944395204e-10,2.4571151779895217e-09,4.646479112579982e-08,2.823696831910638e-07,2.3858072495386295e-07,3.272968029932599e-08
low_roughness_0279,low_roughness,117.35600280761719,46.9010009765625,294.7735290527344,432.7384033203125,5.5837457324514617e-08,488.3654479980469,400.8197021484375,437.4145202636719,1038.709228515625,1.1152914680678805e-07,3.1036744285728446e-09,8.917923696571961e-05,218.6066436767578,1.1486459783327518e-08,0.001484295935370028,3.2752334178098863e-09,360.95404052734375,2.005266850346743e-07,1071.38134765625,3.113619229111464e-08
high_roughness_0390,high_roughness,117.35600280761719,46.9010009765625,534.78759765625,209.11212158203125,525.8672485351562,0.0010417106095701456,127.34056091308594,256.71405029296875,2.376917329627304e-08,71.98773193359375,0.00045399085502140224,1.0489691248949384e-06,2.5161037697785105e-09,146.81600952148438,2.5808649661840377e-10,0.001408610725775361,8.702013332140268e-09,0.0011948737083002925,2.226778406111407e-08,247.8994140625
low_roughness_0387,low_roughness,117.35600280761719,46.9010009765625,0.003543819999322295,813.9293212890625,2.336864035612507e-08,180.75604248046875,0.0015736294444650412,8.806676277117731e-08,5.1609895024284924e-08,5.764048438550162e-08,3.7082314996439436e-10,3.701363382457856e-10,3.016135785571805e-09,3.3475997529563983e-09,2.2707691282874976e-10,7.025909853908274e-10,1.0124206362149835e-08,1.218775338429623e-07,4.340521186918522e-08,1.02547481617421e-08
medium_roughness_0031,medium_roughness,117.35600280761719,46.9010009765625,392.2517395019531,310.843505859375,1.5314475376726477e-07,243.92176818847656,490.76336669921875,896.5439453125,505.5022888183594,6.528358653667965e-08,1.3669594345344649e-09,1.3480042637681322e-09,152.42108154296875,6.088997306363808e-09,0.0007400169270113111,1.6918826339917814e-09,210.1316375732422,1.3976033130802534e-07,680.9520263671875,1.6145635939324166e-08
high_roughness_0242,high_roughness,117.35600280761719,46.9010009765625,171.20355224609375,276.6736755371094,115.63993835449219,336.97564697265625,0.009674464352428913,30.82379150390625,472.80889892578125,1.2689010731037342e-08,6.292449339362349e-10,7.70289387830303e-10,7.007101058959961,1.0255251092772255e-09,0.00013961399963591248,2.9368227294490623e-10,207.493408203125,3.529693870518713e-08,580.5853881835938,2.6760040849893585e-09
low_roughness_0072,low_roughness,117.35600280761719,46.9010009765625,305.7226867675781,342.789306640625,4.8928548324056464e-08,409.1424255371094,305.27947998046875,662.2445678710938,123.96372985839844,0.01027726475149393,1.896691060210287e-06,0.00010742096492322162,112.69332885742188,0.020649772137403488,60.332820892333984,2.6586355339475176e-09,114.6252212524414,1.2879635846729798e-07,122.96879577636719,262.758544921875
high_roughness_0320,high_roughness,117.35600280761719,46.9010009765625,924.84130859375,0.005772626027464867,584.1257934570312,3.711483387291992e-08,1.680353278743496e-07,5.8859239260300455e-08,3.6235346101420873e-07,6.44262314608568e-08,1.9569477149872228e-09,3.2146552086942393e-09,1.5777375494963053e-07,8.580510524325291e-09,4.104828477125011e-09,3.0446771770442638e-09,3.872879403843399e-07,1.3981725999201444e-07,5.604521220448078e-07,1.6077875031328404e-08
low_roughness_0381,low_roughness,117.35600280761719,46.9010009765625,251.66600036621094,1.0437402124807704e-06,196.12815856933594,3.138237048005976e-08,964.6118774414062,0.0012267843121662736,3.259611247585781e-08,0.0031747049652040005,0.0006969228270463645,39.617740631103516,8.587157935835421e-06,0.0037950926925987005,0.0004496825858950615,0.0018932182574644685,0.0022235512733459473,0.0011279865866526961,2.1930835814032434e-08,0.0046621644869446754
medium_roughness_0352,medium_roughness,117.35600280761719,46.9010009765625,406.5973815917969,0.0015259747160598636,390.1698913574219,1.179015498564695e-07,439.4477233886719,0.0008324785740114748,6.75882034784081e-08,912.2557373046875,4.565511302345726e-10,5.609209208223831e-10,5.043480744149065e-09,7.760355913433159e-08,4.754602822565346e-10,5.50783529895682e-10,1.828151852123483e-08,7.747606645125416e-08,6.063191193561579e-08,674.5652465820312
high_roughness_0318,high_roughness,117.35600280761719,46.9010009765625,203.82203674316406,139.15065002441406,626.6912841796875,0.0005189353250898421,115.29803466796875,47.34804153442383,1.4299849304677537e-08,29.111852645874023,0.0001802078913897276,2.61895866104922e-10,1.3802160525600016e-09,126.49150848388672,1.893802614727491e-10,0.0007720683934167027,4.8605293123671345e-09,0.0005762586370110512,1.258695103700802e-08,266.48516845703125
low_roughness_0293,low_roughness,117.35600280761719,46.9010009765625,121.7820816040039,0.009423297829926014,1.1273819211510272e-07,205.96435546875,504.45947265625,816.8770141601562,400.74945068359375,8.800899564676001e-08,2.1583819176385077e-09,2.2347508288333984e-09,8.759876251220703,9.297052017132046e-09,7.411234400933608e-05,2.608182558816452e-09,198.87576293945312,1.8553859604253375e-07,508.8800048828125,2.287342049100971e-08
medium_roughness_0229,medium_roughness,117.35600280761719,46.9010009765625,292.8510437011719,732.0067749023438,680.8486938476562,1.0716120435461107e-08,0.008145014755427837,264.4726867675781,7.324759963012184e-07,0.00012909136421512812,2.099784524034476e-07,65.36377716064453,189.57730102539062,0.0015214966842904687,45.00483703613281,0.0007075713365338743,147.51202392578125,1.8118511491138634e-07,1.3895521533413557e-06,0.001958839362487197
low_roughness_0346,low_roughness,117.35600280761719,46.9010009765625,612.106201171875,849.2965087890625,2.7866631668871378e-08,112.16038513183594,1.4650663793247531e-08,1.7737948887486255e-09,9.096617503701054e-08,8.877576362920081e-08,4.0149189528548845e-10,3.884859378633365e-10,5.447596151952894e-09,5.659517299250183e-09,3.2725466780902934e-10,1.1545584488459326e-09,1.7248481753995293e-08,1.767041197808794e-07,7.76419000203532e-08,1.660112225465582e-08
medium_roughness_0350,medium_roughness,117.35600280761719,46.9010009765625,716.2444458007812,243.29855346679688,642.9491577148438,0.0006587150855921209,427.6675720214844,22.126583099365234,2.9762203368477458e-08,80.38475036621094,0.00015484605683013797,6.650386352724524e-10,3.1551368184778994e-09,112.91329193115234,3.897246136919108e-10,0.0007918566698208451,1.1307667691085044e-08,0.0006810459890402853,2.7643338285088248e-08,293.3701477050781
high_roughness_0006,high_roughness,117.35600280761719,46.9010009765625,857.3829956054688,878.4784545898438,28.36194610595703,177.91400146484375,0.0006547484081238508,3.925409828298143e-07,382.2319641113281,1.6512164080495495e-08,3.3344960126413525e-10,3.256040992383191e-10,0.00029078853549435735,1.6229205757056775e-09,2.1190374455137828e-10,4.673440523461636e-10,0.0007281028083525598,4.1091546165716863e-08,504.4216613769531,4.0049097371763764e-09
low_roughness_0297,low_roughness,117.35600280761719,46.9010009765625,447.9645690917969,0.002967391861602664,445.6749267578125,7.328602436018627e-08,0.005740351043641567,0.0003349627659190446,8.413316976429996e-08,1041.6376953125,6.631259985567795e-10,9.017128155264231e-10,7.070841689937879e-09,8.649431401863694e-05,7.350685615747921e-10,4.2346184891961514e-10,2.6447834144960325e-08,1.0756075852214053e-07,7.699772908154046e-08,1099.0743408203125
medium_roughness_0197,medium_roughness,117.35600280761719,46.9010009765625,543.6290283203125,1031.3734130859375,1.710981578639803e-08,371.2136535644531,1.2188009179681103e-07,3.86634413374054e-09,6.285486620072334e-08,5.007051839811538e-08,5.821662596439126e-10,5.914930767403348e-10,4.125368935348206e-09,3.7489837900750445e-09,3.8870903718013494e-10,8.559452036038806e-10,1.4490365352060053e-08,1.0762130386865465e-07,5.628087151876571e-08,1.0520704307737105e-08
medium_roughness_0004,medium_roughness,117.35600280761719,46.9010009765625,71.86751556396484,373.5794677734375,3.6902414457529176e-09,5.861423915121122e-07,0.0018756678327918053,124.85485076904297,5.5371444318552676e-08,478.4205627441406,5.978926242988791e-10,5.909946421134293e-10,3.997468578376129e-09,1.2885099209825057e-08,3.5105152118575234e-10,1.4256484881514098e-09,1.3611349380937554e-08,168.5153350830078,4.672812536909987e-08,7.119490987861354e-07
medium_roughness_0058,medium_roughness,117.35600280761719,46.9010009765625,307.660400390625,0.0027841413393616676,140.82894897460938,1.2007602379071614e-07,300.0422058105469,0.000507099786773324,7.029951376580357e-08,1105.0396728515625,1.1056892068594948e-09,8.074056978557564e-10,5.351857623736578e-09,0.006080040708184242,5.313022244379795e-10,5.036050687579063e-09,2.0457116889360805e-08,5.536818434848101e-07,6.142705899492285e-08,1112.3060302734375
medium_roughness_0348,medium_roughness,117.35600280761719,46.9010009765625,504.7046203613281,0.003952519502490759,243.63992309570312,1.9185881683370098e-07,0.009941411204636097,0.004524657502770424,6.09240444759962e-08,4.756654262542725,5.618063791956729e-10,3.546399007792189e-10,4.506965023409748e-09,2.0770945852177647e-08,3.4440800211754663e-10,4.915270412908512e-10,1.621525846928762e-08,5.521125245877556e-08,5.565786764805125e-08,673.5035400390625
medium_roughness_0260,medium_roughness,117.35600280761719,46.9010009765625,433.3206787109375,0.004007520154118538,2.236002103472856e-07,598.2355346679688,261.4332275390625,644.06787109375,335.6571350097656,4.2177436654355915e-08,7.229618570470109e-10,6.767081894842875e-10,85.83924865722656,3.7166316690928625e-09,0.00030743758543394506,1.0567698938146464e-09,183.9529266357422,9.918624499505313e-08,365.1851501464844,9.634731235053096e-09
high_roughness_0055,high_roughness,117.35600280761719,46.9010009765625,236.54339599609375,147.27587890625,3.560579386885365e-07,392.7058410644531,413.1412353515625,107.01522827148438,246.3129425048828,5.517009071809298e-08,1.8180181804439144e-09,0.00016903554205782712,201.08432006835938,5.912565104182477e-09,0.0015556867001578212,1.7165178167743989e-09,237.72799682617188,1.1809003552798458e-07,439.1051330566406,1.445536312871809e-08
medium_roughness_0130,medium_roughness,117.35600280761719,46.9010009765625,172.69784545898438,769.9627075195312,0.0012639565393328667,255.92343139648438,0.034478411078453064,8.875799153429398e-07,200.96072387695312,7.259731926723134e-09,7.010194646994705e-10,1.2185290554356243e-09,39.99559783935547,8.001634355103704e-10,0.00038076838245615363,2.7758437215474885e-10,133.83041381835938,1.877078581458136e-08,368.6455993652344,1.7897539006384022e-09
medium_roughness_0341,medium_roughness,117.35600280761719,46.9010009765625,366.6174621582031,0.0009236418409273028,1.897766424008296e-07,2.1311515752131527e-07,225.5121307373047,0.0012539735762402415,3.578768712486635e-07,1041.943115234375,2.1088705892680082e-08,2.3198996501605507e-08,8.818879138061675e-08,527.1791381835938,1.3666395126676889e-08,9.012092050397769e-07,2.0579068404913414e-07,0.0004261134017724544,3.382947113550472e-07,1205.2412109375
low_roughness_0375,low_roughness,117.35600280761719,46.9010009765625,700.158447265625,0.0014339231420308352,132.22483825683594,1.1356281959251646e-07,800.6793823242188,0.0016254413640126586,9.517766130784366e-08,1156.2557373046875,5.3368498509343e-10,7.063774565274628e-10,6.6960201827725996e-09,0.00013629348541144282,6.475670000227751e-10,3.693330918874693e-10,2.4398834952421566e-08,2.169114168282249e-07,8.461660172542906e-08,1066.491455078125
low_roughness_0384,low_roughness,117.35600280761719,46.9010009765625,123.03848266601562,703.765625,197.38580322265625,0.03434085473418236,0.09899400919675827,1.1743741534786523e-09,114.63217163085938,4.383083407333288e-08,5.711330413818359,0.0002794094616547227,14.490653038024902,2.7153170378824143e-08,0.004353819414973259,5.23964008607436e-05,26.633668899536133,1.6988350637348049e-07,64.61143493652344,0.001200874918140471
low_roughness_0097,low_roughness,117.35600280761719,46.9010009765625,506.6669006347656,112.65247344970703,2.313444582568991e-07,384.8863220214844,34.303749084472656,321.7265625,0.0018279290525242686,2.7252906420471845e-07,3.7569127016467974e-05,0.0001328255166299641,345.7973327636719,3.699341633023323e-08,0.0023793757427483797,2.3199969945153498e-08,384.0392150878906,7.795634928697837e-07,13.907852172851562,1.1212360107037966e-07
medium_roughness_0233,medium_roughness,117.35600280761719,46.9010009765625,1.0388025657448452e-05,739.2267456054688,0.0031539550982415676,375.7840881347656,363.6205749511719,4.210862769582491e-08,227.14146423339844,2.253559827636309e-08,2.2741152017058397e-10,2.5722499130687027e-10,0.000529289070982486,1.8003231128105313e-09,4.5889028115198016e-05,4.970915346014237e-10,0.0008419559453614056,6.696074450474043e-08,400.2131652832031,4.605834824644717e-09
low_roughness_0189,low_roughness,117.35600280761719,46.9010009765625,271.2604064941406,222.0681915283203,360.0814208984375,0.0023915127385407686,366.6087951660156,0.03635172173380852,6.4651222153599974e-09,154.98995971679688,0.0004345616907812655,0.00013113439490552992,8.167377885115457e-10,137.68154907226562,1.3259516817853978e-09,0.0021174505818635225,4.748234694318398e-09,0.004097421187907457,4.4358472450767295e-09,214.8369598388672
high_roughness_0162,high_roughness,117.35600280761719,46.9010009765625,987.0545654296875,289.23193359375,235.99200439453125,1.7862523904454974e-08,8.310238627018407e-06,10.692063331604004,2.801024479026637e-08,4.9492271614326455e-08,5.586072715502155e-10,5.47024980868116e-10,2.6348581094737256e-09,4.139390608060012e-09,3.189527253422142e-10,7.965393344910865e-10,9.326179828406111e-09,7.622168851639799e-08,2.57192382946414e-08,1.3902726969661217e-08
medium_roughness_0106,medium_roughness,117.35600280761719,46.9010009765625,335.3747863769531,262.7135314941406,2.004090227103461e-08,77.69308471679688,5.230864186245299e-09,36.876678466796875,6.175670108632403e-08,589.2613525390625,5.996266150276597e-09,8.414082763863462e-09,3.6900165145681285e-09,0.00014065057621337473,2.8467896484585253e-08,2.7741198227460018e-09,2.6438049971488908e-08,255.34619140625,3.8407534930229303e-08,206.08177185058594
medium_roughness_0107,medium_roughness,117.35600280761719,46.9010009765625,326.9278564453125,319.5494079589844,1.4681705806651735e-07,524.314208984375,237.7875213623047,355.08843994140625,294.5976257324219,3.894277966765003e-08,6.86881218570079e-10,3.336061490699649e-05,68.50732421875,3.731925435346284e-09,0.0005589910433627665,1.0570501141060618e-09,152.7288360595703,8.959789710161203e-08,335.3290100097656,9.383544607999283e-09
low_roughness_0085,low_roughness,117.35600280761719,46.9010009765625,1023.3609619140625,3.022453256562585e-06,990.4208374023438,5.061881225287834e-08,9.062295021067257e-07,667.1793212890625,3.137908066719319e-08,6.541603738696722e-07,8.329655853955842e-10,8.092388426028663e-10,3.427691686042067e-09,0.00020040464005433023,4.1931622063451357e-10,1.6354996246192854e-09,1.2164234952649622e-08,1.0830682128926128e-07,2.898782369697983e-08,406.42425537109375
low_roughness_0182,low_roughness,117.35600280761719,46.9010009765625,20.40011215209961,30.926834106445312,187.0401611328125,3.1781382858753204e-08,584.6063842773438,0.0002787106786854565,4.0135844869837456e-07,0.00010285730240866542,1.7743205944498186e-06,34.5915641784668,0.0017028427682816982,0.00015400945267174393,1.6463678775835433e-07,6.237642810447142e-05,0.008916466496884823,4.807114351024211e-07,0.0019918738398700953,0.0001518497010692954
low_roughness_0339,low_roughness,117.35600280761719,46.9010009765625,513.603515625,607.19384765625,3.25519380339756e-08,465.48779296875,2.8507940896815853e-08,9.110973309134351e-09,1.1672825905861828e-07,1.206932296327068e-07,1.0892469148870987e-09,1.1054634985185885e-09,7.378051947171116e-09,7.924572997808355e-09,7.268733948073702e-10,1.6405328207014236e-09,2.552912015119091e-08,2.2596232440719177e-07,9.927709498924742e-08,2.42568010122568e-08
high_roughness_0065,high_roughness,117.35600280761719,46.9010009765625,0.0006835789536125958,315.8834533691406,6.502076388414935e-08,652.826416015625,0.0007150532910600305,0.0032469152938574553,6.807557184629331e-08,7.015993475079085e-08,7.202449747722994e-10,7.294497228471641e-10,4.5904693379839046e-09,4.8828674437118025e-09,4.740874359754343e-10,1.0532664740381392e-09,1.6186243456672855e-08,1.3940903897946555e-07,5.9426760401493084e-08,1.4541892134900536e-08
low_roughness_0046,low_roughness,117.35600280761719,46.9010009765625,681.263671875,806.7042236328125,105.28997802734375,4.126864183717771e-09,1.4637019374319493e-10,1.2260709114642054e-09,1.7049385903078473e-08,1.6073398612093115e-08,2.9612740037876506e-10,2.9848240545859994e-10,1.649824166172209e-09,1.5921498563997716e-09,1.9126170092143013e-10,3.9972075649430394e-10,5.694719362736578e-09,3.270471893301874e-08,1.6321566320698366e-08,4.0288057334691985e-09
low_roughness_0146,low_roughness,117.35600280761719,46.9010009765625,652.8746337890625,0.004791939165443182,99.50127410888672,1.336227626325126e-07,524.7680053710938,0.0009422931470908225,5.7399564212801124e-08,306.40625,5.776710776395078e-10,6.138811126099597e-10,4.385556362507259e-09,5.870874453250963e-09,4.283529642101769e-10,1.0415178719469509e-09,1.53110661926803e-08,1.0731649524586828e-07,5.12979063671537e-08,148.27780151367188
medium_roughness_0306,medium_roughness,117.35600280761719,46.9010009765625,288.8001708984375,2.8757684233937653e-08,466.45367431640625,1.1397229116028029e-07,169.79556274414062,354.8201599121094,7.705870785912339e-08,5.1453349442454055e-05,0.00510904286056757,45.2005615234375,1.1962268509080332e-08,24.24942970275879,2.9122360501787625e-05,0.00040419434662908316,4.4896193429622144e-08,1.7546618380492873e-07,6.519387341086258e-08,0.0013631385518237948
low_roughness_0159,low_roughness,117.35600280761719,46.9010009765625,483.03173828125,446.22564697265625,678.6451416015625,7.264279133778473e-08,0.392290323972702,1.8666245523490943e-05,5.3630191843012653e-08,371.68463134765625,3.744700938224099e-10,5.014185733287491e-10,4.296468514297658e-09,3.060299746948658e-08,4.1578177012446815e-10,4.96596874732802e-10,1.601494936664949e-08,3.865874376174361e-08,4.896084959682412e-08,841.6992797851562
medium_roughness_0333,medium_roughness,117.35600280761719,46.9010009765625,0.003849606728181243,499.1708679199219,3.7482950574485585e-05,744.060546875,456.0751953125,436.5014343261719,393.7608642578125,2.7185871331880662e-08,2.749019900605276e-10,2.670419441130889e-10,1.1350121953412895e-09,2.0171471160068677e-09,3.761781441902201e-10,5.206712838656813e-10,4.618564197755859e-09,6.68648922896864e-08,492.673095703125,5.449435125370883e-09
high_roughness_0193,high_roughness,117.35600280761719,46.9010009765625,818.1806030273438,470.0201416015625,2.2346529071626264e-09,120.42639923095703,5.877139841459211e-08,0.018218128010630608,3.3980036562297755e-08,473.0570373535156,3.19156590045111e-10,3.186529651255654e-10,2.274858301731797e-09,8.288739472561701e-09,2.0058740779482775e-10,8.181409993923694e-10,7.712012362048881e-09,446.958251953125,2.8140902941231616e-08,77.96495819091797
high_roughness_0047,high_roughness,117.35600280761719,46.9010009765625,449.3417053222656,394.31085205078125,1.045043021008496e-07,430.151123046875,130.86190795898438,352.9486389160156,47.611515045166016,1.1775479435982561e-07,0.0007356295245699584,0.0011135244276374578,331.673583984375,7.838765192502706e-09,0.003587990766391158,3.443529692503944e-07,366.9934387207031,2.2689711443035776e-07,198.9691162109375,2.7402904834161745e-08
medium_roughness_0136,medium_roughness,117.35600280761719,46.9010009765625,443.6853332519531,978.8865966796875,202.61911010742188,5.840171457549559e-09,2.490943895594455e-09,1.476851974047122e-09,2.0087208341124096e-08,2.2505659558191837e-08,3.7861330737243293e-10,3.760633748850495e-10,1.969375329480272e-09,2.1832287089296187e-09,2.3137988747201632e-10,5.154796034467779e-10,6.824558251850021e-09,4.344919446452877e-08,1.892035150774518e-08,5.752601062170015e-09
high_roughness_0114,high_roughness,117.35600280761719,46.9010009765625,613.510009765625,345.8768310546875,2.45702267420711e-08,636.0357666015625,526.9442138671875,154.54263305664062,1208.788330078125,1.682766850308326e-07,3.867509867916397e-09,3.8745535668738285e-09,197.01039123535156,1.778019687037613e-08,0.00018170759722124785,4.665276165383148e-09,268.9806823730469,2.7083200393462903e-07,1208.049072265625,4.818146948082358e-08
medium_roughness_0243,medium_roughness,117.35600280761719,46.9010009765625,716.1129150390625,382.79150390625,2.0479797413486267e-08,248.8333740234375,4.7865249541700905e-09,265.9930419921875,4.843864331860459e-08,4.810662801446597e-08,4.6270615117194325e-10,4.6374165618701113e-10,3.3471909688387314e-09,3.4689893180228637e-09,2.871457516206988e-10,7.671575597001379e-10,1.1604427641032089e-08,9.968238146029762e-08,4.284065724391439e-08,1.00002077729755e-08
medium_roughness_0060,medium_roughness,117.35600280761719,46.9010009765625,412.1457214355469,232.3238525390625,1.0299092423338152e-07,401.96649169921875,272.0426025390625,399.0509948730469,405.4898681640625,2.556937062081488e-08,6.829294907362282e-10,8.185827016227165e-10,152.87838745117188,2.0918118348589587e-09,0.001016409951262176,6.367472660251394e-10,201.7345428466797,6.550348530254269e-08,546.7149658203125,5.533119296075029e-09
high_roughness_0009,high_roughness,117.35600280761719,46.9010009765625,369.81365966796875,482.4006042480469,2.8831939502538262e-08,333.4385681152344,9.441197395324707,0.016339978203177452,426.64154052734375,9.020405400406162e-08,1.0455504240169944e-09,1.610394974704832e-05,7.9876604080200195,8.991388966705927e-09,0.0002445705176796764,2.7514501788061807e-09,184.83204650878906,1.878483431028144e-07,429.8592529296875,2.112469843496001e-08
high_roughness_0384,high_roughness,117.35600280761719,46.9010009765625,0.003127102041617036,674.067626953125,262.26531982421875,207.7382049560547,0.0015921314479783177,1.990972542387226e-08,1.5256036078881152e-07,1.294972946652706e-07,67.55632781982422,0.0006991208647377789,3.1539048706008543e-08,2.2825958012617775e-08,4.335998892202042e-05,1.5950979559420375e-06,8.632124348650905e-08,2.2385050613138446e-07,1.4703115880365658e-07,4.6123599162228857e-08
low_roughness_0228,low_roughness,117.35600280761719,46.9010009765625,456.175537109375,430.984130859375,4.7561954374941706e-08,204.14120483398438,116.96559143066406,145.010986328125,297.36767578125,0.04939448833465576,3.8363318708434235e-06,6.756365564797306e-07,111.41986083984375,6.843998079375524e-08,0.0035561267286539078,3.177586549441003e-08,131.47650146484375,10.957149505615234,264.323974609375,0.00764819048345089
high_roughness_0139,high_roughness,117.35600280761719,46.9010009765625,652.9657592773438,7.918260536143862e-08,228.16397094726562,88.02252197265625,1.2095051715732552e-07,221.46408081054688,6.30954559710517e-08,608.4193115234375,4.337539660781431e-09,4.826560484616493e-09,6.108505257174102e-09,6.711439345963299e-05,1.3665899523118696e-08,3.552655982730357e-07,2.865032300292114e-08,0.0008588655618950725,5.3105260633401485e-08,188.0025634765625
low_roughness_0344,low_roughness,117.35600280761719,46.9010009765625,475.1253662109375,363.4224853515625,5.2753836854435576e-08,4.7195605645811156e-08,7.009779978695008e-10,434.55450439453125,5.948289327761813e-08,2.4522238462054702e-08,4.1838152387008165e-10,4.2847228542974847e-10,3.808246606951116e-09,2.694400924596607e-09,2.751674443857155e-10,6.920810036170622e-10,1.3153300670865065e-08,6.528072304945454e-08,5.37412923051761e-08,6.188000334361732e-09
low_roughness_0205,low_roughness,117.35600280761719,46.9010009765625,638.1006469726562,0.00035742984618991613,163.23020935058594,1.00686872173128e-08,0.0002733071451075375,4.802518367767334,160.19491577148438,4.0491006075171754e-05,3.660434595076367e-05,0.00015576367150060833,1.1068613529205322,2.393972181380377e-06,0.000553108926396817,1.0585577911115251e-05,64.37893676757812,0.0031982141081243753,257.65521240234375,3.5251498502475442e-06
medium_roughness_0374,medium_roughness,117.35600280761719,46.9010009765625,775.7638549804688,929.3932495117188,2.6696634236600403e-08,469.9461975097656,7.86200349267574e-09,1.6727872775845753e-07,8.481341495780725e-08,7.210566366211424e-08,5.482272413814826e-10,5.567224459213094e-10,4.165884526230457e-09,4.113402507499586e-09,3.725743047411356e-10,8.828666131499574e-10,1.4481884136330336e-08,1.615747180494509e-07,6.884020109509947e-08,1.2559037365633685e-08
medium_roughness_0337,medium_roughness,117.35600280761719,46.9010009765625,210.67453002929688,363.2851867675781,5.3930843790794825e-08,139.6098175048828,349.4578857421875,204.55662536621094,850.8203735351562,7.692873538189815e-08,1.5441272704919129e-09,1.5999034319591487e-09,78.75191497802734,7.040817262549126e-09,8.022697875276208e-05,1.810440020122428e-09,223.29702758789062,1.6106947953176132e-07,940.0968627929688,1.8182376493314223e-08
low_roughness_0296,low_roughness,117.35600280761719,46.9010009765625,296.73455810546875,321.1562805175781,134.2099151611328,220.54348754882812,268.3755798339844,253.81910705566406,0.02192985638976097,5.990816021039791e-08,75.27363586425781,0.0027732979506254196,99.66695404052734,5.318125051445577e-09,29.647809982299805,6.0348429542500526e-06,100.02188110351562,1.4158159444832563e-07,8.819564819335938,1.3816891630824557e-08
medium_roughness_0038,medium_roughness,117.35600280761719,46.9010009765625,5.786475867353147e-06,522.4209594726562,328.2591552734375,465.7080993652344,12.955354690551758,2.2464134996624807e-09,0.00018633245781529695,0.0002940962731372565,90.56776428222656,0.0065567088313400745,0.0018548738444224,78.2005844116211,0.0034762658178806305,0.007194844540208578,0.0015673290472477674,0.0004003114008810371,0.000308999908156693,50.58325958251953
high_roughness_0273,high_roughness,117.35600280761719,46.9010009765625,592.1859130859375,0.001890299143269658,384.2523193359375,5.2740450229293856e-08,380.8381652832031,0.0005018862430006266,3.971448947481804e-08,79.29493713378906,2.8553190367652803e-10,3.694676786736295e-10,3.182686114655553e-09,9.275549217591106e-09,3.0541680295925744e-10,4.091202376876879e-10,1.132394089609079e-08,3.8279694081211346e-08,3.6337450382006864e-08,742.5626831054688
low_roughness_0379,low_roughness,117.35600280761719,46.9010009765625,955.3429565429688,209.0675811767578,814.3234252929688,0.0003417915431782603,6.089396720199147e-07,29.64173126220703,1.2862826359594237e-08,0.006114190444350243,2.494702857802622e-05,1.6514983824933438e-10,1.3869877468764003e-09,23.183454513549805,1.3868442505504675e-10,0.000329625909216702,4.742450432360101e-09,0.00024080795992631465,1.2096466939226502e-08,300.4377136230469
low_roughness_0391,low_roughness,117.35600280761719,46.9010009765625,596.90478515625,0.0010022043716162443,240.47593688964844,8.276673924001443e-08,325.73638916015625,0.0004253756196703762,1.2928147441471083e-07,1371.067626953125,1.9285528729540147e-09,2.127498621717905e-09,1.1614591066688718e-08,0.0019152543973177671,1.3784900998459193e-09,1.131281845978549e-09,4.2408551337302924e-08,951.4691162109375,1.1626099194472772e-07,1359.378662109375
low_roughness_0350,low_roughness,117.35600280761719,46.9010009765625,224.9601287841797,391.2252502441406,451.27044677734375,383.685302734375,114.19351196289062,0.006848528515547514,9.322871363792729e-09,419.70147705078125,2.6590512014479373e-09,2.48906317779074e-09,8.310486188101152e-10,3.431558847427368,2.045784652793259e-09,9.401117858942598e-05,5.672831537850698e-09,0.006513225845992565,5.1524886579557005e-09,421.6058349609375
low_roughness_0233,low_roughness,117.35600280761719,46.9010009765625,193.12779235839844,322.5051574707031,3.027986110737402e-07,220.0616912841797,67.13291931152344,136.43121337890625,213.30322265625,4.477381665424218e-08,9.152055224781463e-10,1.4921342881279998e-06,23.637460708618164,4.423047705870431e-09,0.00023952298215590417,1.3228950157539998e-09,159.86839294433594,1.0101353353775266e-07,340.57281494140625,1.1132082811116106e-08
high_roughness_0369,high_roughness,117.35600280761719,46.9010009765625,279.73736572265625,889.44287109375,0.0031213457696139812,350.4083557128906,232.9018096923828,6.695806575862662e-08,327.7815856933594,2.0701138581102896e-08,3.025704686798747e-10,2.715195290825534e-10,2.238640069961548,2.0305030989931083e-09,0.00011885270214406773,5.992398244281105e-10,192.20640563964844,5.1272181167405506e-08,383.53643798828125,4.9212673935983275e-09
high_roughness_0075,high_roughness,117.35600280761719,46.9010009765625,666.4442138671875,913.037841796875,612.2943115234375,0.0021790291648358107,5.0932694506400367e-08,0.0004736673436127603,7.765059706343891e-09,254.85382080078125,2.732698789476018e-10,2.457601344652005e-10,1.0155415397505863e-09,3.891872984240763e-05,1.828031476192038e-10,7.331614759742422e-10,3.25893223518392e-09,5.209520895732567e-05,7.1673573742714325e-09,158.79946899414062
low_roughness_0376,low_roughness,117.35600280761719,46.9010009765625,530.65869140625,128.49305725097656,1.3679530752597202e-07,113.89865112304688,0.0007012642454355955,906.7113037109375,0.14326438307762146,8.639256066089729e-08,1.2564470575071596e-09,1.255862414062392e-09,6.061340172891505e-05,8.590958167076224e-09,5.607743713831326e-10,2.441721269619279e-09,0.00020920472161378711,1.904443820421875e-07,450.6826171875,2.059378623187058e-08
low_roughness_0030,low_roughness,117.35600280761719,46.9010009765625,0.002873632125556469,548.1009521484375,272.906005859375,4.465541714182564e-09,0.0016507292166352272,1.1502261365592403e-09,1.618655254276291e-08,1.6798928470507235e-08,2.304457319413089e-10,2.2481869144108657e-10,1.6766267263434997e-09,1.743678645915736e-09,1.2654365055819738e-10,4.221948624039129e-10,5.456664009528822e-09,3.234393020079551e-08,1.5543788478566967e-08,4.328423841570839e-09
medium_roughness_0279,medium_roughness,117.35600280761719,46.9010009765625,166.5859832763672,1.7454522094340064e-05,83.39964294433594,1.1862834270459643e-07,160.83961486816406,12.444215774536133,2.9267436474356145e-08,165.23989868164062,0.0016532479785382748,2.788241147994995,9.487154670750897e-07,76.58932495117188,0.0003861280274577439,3.9662818908691406,3.498072942420549e-08,203.6582489013672,3.127601644337119e-07,102.5215835571289
low_roughness_0247,low_roughness,117.35600280761719,46.9010009765625,5.242469342192635e-06,460.3834533691406,1.5124491881124413e-08,473.38983154296875,296.62091064453125,1.22475725561344e-07,0.0039402786642313,1.3514166141703754e-07,34.60577392578125,0.011048730462789536,79.45140075683594,0.0015082467580214143,1.033210277557373,0.0006619675550609827,82.56865692138672,4.3089463019896357e-07,0.011778458952903748,6.05691496957661e-08
low_roughness_0141,low_roughness,117.35600280761719,46.9010009765625,379.5021057128906,255.24798583984375,0.012690124101936817,414.4397277832031,396.7102355957031,142.668701171875,221.30056762695312,3.216128519056838e-08,1.0568481229711324e-05,0.00014089906471781433,187.7922821044922,3.4015426031430707e-09,0.0019549771677702665,1.0502634317788306e-09,220.53843688964844,7.343293617623203e-08,323.62213134765625,8.43532532712743e-09
low_roughness_0099,low_roughness,117.35600280761719,46.9010009765625,0.0013952171429991722,626.9098510742188,1.713143404913353e-08,4.89984719465042e-09,0.0012238378403708339,1.4735178632818702e-09,2.3087933342935685e-08,2.1528325788722213e-08,3.874011667015509e-10,3.916546253979192e-10,2.241696828164663e-09,2.1371049374607765e-09,2.4201782244936965e-10,5.285721860204262e-10,7.846887584150863e-09,4.3351267464686316e-08,2.2136761756996748e-08,5.4585584940980425e-09
high_roughness_0295,high_roughness,117.35600280761719,46.9010009765625,921.2538452148438,0.0038137673400342464,527.3076782226562,2.512958189981873e-06,3.186576122971019e-07,6.522013187408447,9.39196453941804e-08,431.8341979980469,5.1773532128152056e-09,5.676779046837055e-10,7.408751390158841e-09,0.017070923000574112,6.890239490076056e-10,2.4685629096410366e-09,2.6523510499032454e-08,7.697658332972424e-08,8.543492668877661e-08,1118.9027099609375
low_roughness_0224,low_roughness,117.35600280761719,46.9010009765625,370.3298645019531,0.0006697658100165427,341.1854248046875,7.35515257588304e-08,132.6895294189453,0.000476009794510901,1.645190792487483e-07,1370.1298828125,3.950753946213581e-09,4.108736906260901e-09,1.61173918655777e-08,107.15652465820312,2.200868154389468e-09,1.0740587308433192e-09,5.8161969462844354e-08,1224.5977783203125,1.4783357471515046e-07,1348.221923828125
high_roughness_0070,high_roughness,117.35600280761719,46.9010009765625,5.574190709012328e-06,403.8854064941406,6.864378576665331e-08,206.04519653320312,156.03829956054688,263.23785400390625,0.0010958497878164053,3.084414572640526e-07,162.596435546875,5.136852996656671e-05,119.21643829345703,4.275689846622299e-08,0.006736915558576584,2.9202864126887107e-08,120.1487045288086,9.351487051389995e-07,0.0038624026346951723,1.279411350196824e-07
low_roughness_0264,low_roughness,117.35600280761719,46.9010009765625,931.1556396484375,404.59918212890625,2.8571522037168506e-08,1.247585004193752e-07,1.10531289010396e-06,87.80689239501953,4.5045442931268553e-08,0.0005625361809507012,5.250143098045612e-10,5.21496235084129e-10,3.5555376420859375e-09,9.621197172293705e-09,4.171830658705744e-10,1.0782214010518487e-09,1.1445389525022165e-08,7.002343238582398e-08,3.909385526412734e-08,0.0005527129978872836
high_roughness_0229,high_roughness,117.35600280761719,46.9010009765625,608.452880859375,500.6260681152344,4.621639515534071e-09,3.8308254346475223e-08,438.5957336425781,1.5740704839117825e-05,1.0519023163624297e-07,1233.0599365234375,6.354490822424452e-10,7.295972159759856e-10,7.083557296283516e-09,1.553095607675914e-08,6.214681547156431e-10,9.296763914257156e-10,2.496210349534067e-08,0.0015954552218317986,9.164867975641755e-08,450.8320617675781
high_roughness_0314,high_roughness,117.35600280761719,46.9010009765625,459.0879821777344,691.2767333984375,3.508932167051171e-08,5.0347828128849414e-09,2.6705036404450766e-08,2.9867264217386946e-10,4.320689228620722e-08,3.563849659826701e-08,5.089340615604954e-10,5.097958166722094e-10,3.344019505746587e-09,3.063253206647687e-09,3.1321287230490213e-10,7.225331444260519e-10,1.1635321151004518e-08,7.351001585220729e-08,4.097993056006999e-08,8.343461921356266e-09
low_roughness_0058,low_roughness,117.35600280761719,46.9010009765625,813.9854736328125,447.07879638671875,1.2714109764999648e-08,6.175337574632067e-09,2.7264737134657935e-09,371.3836364746094,2.7375532951623427e-08,2.6059064239802865e-08,3.0412805607227256e-10,3.051716379598446e-10,2.042602975649288e-09,2.0442008086263286e-09,1.9576334997495337e-10,4.770808748055799e-10,6.9897039267630134e-09,5.543125425333528e-08,2.4885375538019616e-08,5.616384690654286e-09
medium_roughness_0378,medium_roughness,117.35600280761719,46.9010009765625,572.1641235351562,795.357177734375,2.5384714774645545e-08,296.16455078125,1.3364767958989887e-08,1.2386279557574653e-08,8.261548600785318e-08,8.074218982301318e-08,7.325659523438333e-10,7.426233517016101e-10,5.0566675291463525e-09,5.248373291522057e-09,4.860397084804902e-10,1.1177864189804154e-09,1.7672174834615362e-08,1.6453554962936323e-07,7.065493434765813e-08,1.5775654560457042e-08
medium_roughness_0085,medium_roughness,117.35600280761719,46.9010009765625,575.3486938476562,0.016472412273287773,4.2078362127995206e-08,407.3198547363281,517.4700927734375,100.42928314208984,1363.3323974609375,1.1504412356089233e-07,2.9708477899959007e-09,3.191366726440492e-09,200.94451904296875,1.1876740479976888e-08,0.0003489849914330989,3.179330798630531e-09,802.1630859375,2.2025919577117747e-07,1359.084716796875,2.963407297329468e-08
medium_roughness_0383,medium_roughness,117.35600280761719,46.9010009765625,643.5802001953125,64.05943298339844,1.437491903288901e-07,1.1545941980273255e-08,712.6455688476562,144.00332641601562,9.57704031634421e-08,1133.9228515625,3.798922287856499e-10,4.5456396979837166e-10,5.858938223468613e-09,7.970305304638714e-09,4.321311086741275e-10,8.589708389017403e-10,2.032476587032761e-08,0.000711875909473747,8.181542909824202e-08,364.1268615722656
medium_roughness_0002,medium_roughness,117.35600280761719,46.9010009765625,184.10630798339844,38.91209411621094,0.0002449245366733521,39.58211898803711,0.0024767133872956038,399.7673034667969,0.004810175392776728,2.7170786509600475e-08,5.012311121710411e-10,5.101382094530038e-10,0.0036048798356205225,2.7108499889294535e-09,8.784193778410554e-05,8.132929885107387e-10,57.19346618652344,6.412941644384773e-08,335.30596923828125,6.492443915817603e-09
medium_roughness_0320,medium_roughness,117.35600280761719,46.9010009765625,45.11463928222656,781.9833984375,446.5423889160156,9.590032767903267e-09,3.973417150859859e-09,1.280842210071853e-09,2.27660006402175e-08,2.4533090225986598e-08,3.7832315058494714e-10,3.73317682322849e-10,2.2860409121250314e-09,2.4686666044715366e-09,2.208781491042089e-10,5.780039225022904e-10,7.742993801684861e-09,4.715007762001733e-08,2.1568398622662244e-08,6.364270443981468e-09
high_roughness_0058,high_roughness,117.35600280761719,46.9010009765625,457.8226623535156,400.57586669921875,232.666259765625,472.2919006347656,2.751523453525806e-09,2.499288882518158e-07,1.2362067991489312e-07,990.0911865234375,7.821421843523524e-10,7.637892540657276e-10,8.894741831966257e-09,2.4390878650137893e-08,4.774332040824447e-10,5.04189445749148e-09,2.905103357875305e-08,948.1361083984375,1.0343386236399965e-07,286.780029296875
medium_roughness_0248,medium_roughness,117.35600280761719,46.9010009765625,1.440181016921997,357.5700988769531,3.274579185585935e-08,235.5828094482422,229.65553283691406,236.32366943359375,381.36383056640625,134.85369873046875,2.8294440124199127e-09,2.120692066398533e-09,5.046409157216658e-08,3.467237874588136e-08,7.69966579383663e-09,3.0627038682951024e-09,37.431854248046875,133.43954467773438,367.58416748046875,0.002002368215471506
high_roughness_0196,high_roughness,117.35600280761719,46.9010009765625,426.9393615722656,600.2630615234375,3.724261787851901e-08,227.3628692626953,353.5470275878906,299.85076904296875,515.1354370117188,1.0999352184626332e-07,1.890205325594252e-09,1.8543139246318674e-09,9.434932708740234,1.08089048822535e-08,6.520502938656136e-05,3.1459308491577076e-09,222.349853515625,2.2045988146146556e-07,520.2307739257812,2.654395636625395e-08
high_roughness_0146,high_roughness,117.35600280761719,46.9010009765625,442.1501159667969,389.0342712402344,3.1476908191052644e-08,297.22125244140625,129.81082153320312,473.30828857421875,773.4171142578125,2.4518637786741238e-08,5.045653961133212e-05,6.43954481347464e-05,185.37655639648438,1.351314837805262e-09,0.0006583644426427782,8.24252583697671e-06,294.5284423828125,8.148604990765307e-08,787.6152954101562,4.7120023438651515e-09
low_roughness_0193,low_roughness,117.35600280761719,46.9010009765625,468.2974548339844,378.78948974609375,355.8260803222656,1.0022391734310077e-06,252.7200164794922,1.625983401254416e-07,1.3914923613356223e-07,5.383557422078411e-08,149.21157836914062,2.44796268589198e-07,1.906616553526419e-08,146.22557067871094,1.5243659667873999e-09,3.052726782470927e-08,6.674549979379663e-08,1.8439236271206028e-07,1.3137486121195252e-07,0.003473905147984624
high_roughness_0362,high_roughness,117.35600280761719,46.9010009765625,310.1950378417969,0.0006907145143486559,93.16462707519531,1.1156468104900341e-07,119.46612548828125,214.06687927246094,5.545726722289146e-08,4.0951412927370257e-08,89.7818603515625,7.264113719429588e-07,5.617305731675515e-09,82.47943878173828,8.072906787504053e-09,6.1208091928222075e-09,1.854382070121119e-08,9.549351176474374e-08,5.122789659139926e-08,5.67793904338032e-06
medium_roughness_0369,medium_roughness,117.35600280761719,46.9010009765625,526.476318359375,941.1577758789062,1.5603792036245068e-08,462.5865478515625,173.92576599121094,2.329018089497481e-09,436.8587951660156,1.851567787980457e-07,2.994880560436286e-05,5.944055737927556e-05,21.211381912231445,2.2360739038163047e-08,0.000330130395013839,6.643581684784294e-09,169.61859130859375,3.0309416843010695e-07,441.2615051269531,5.312896433906644e-08
low_roughness_0399,low_roughness,117.35600280761719,46.9010009765625,701.8181762695312,567.3651123046875,3.423838279559277e-08,616.7216796875,3.554406902139817e-08,1.3391662889716827e-08,1.681934094222015e-07,1.6425272519882128e-07,1.3056062897476295e-09,1.331138754778749e-09,9.603687622927737e-09,1.0108190728885802e-08,8.943970564168069e-10,2.0486505825090262e-09,3.246444890692146e-08,2.995867305344291e-07,1.3816634236718528e-07,3.145560256712088e-08
high_roughness_0216,high_roughness,117.35600280761719,46.9010009765625,535.572509765625,162.76768493652344,564.9708862304688,0.00041838103788904846,298.6341247558594,244.0880126953125,1.8890712993879788e-08,51.33122253417969,3.2345760700991377e-06,2.7295210536237846e-10,1.972096708158233e-09,95.61781311035156,2.2412040279196077e-10,0.00042102718725800514,6.937479035684646e-09,0.0003743520355783403,1.7198056312395238e-08,299.6902770996094
high_roughness_0141,high_roughness,117.35600280761719,46.9010009765625,281.9898986816406,6.620184649364091e-07,337.81256103515625,9.966127834104554e-08,617.2091674804688,18.44623374938965,2.817436239865856e-08,112.45527648925781,0.0015024490421637893,13.050763130187988,0.0001735830446705222,120.24766540527344,0.00034367715124972165,12.62452220916748,0.002942079911008477,0.008898892439901829,1.6713721961991723e-08,137.12464904785156
medium_roughness_0128,medium_roughness,117.35600280761719,46.9010009765625,104.95157623291016,396.666748046875,4.517648122259743e-08,144.1676483154297,65.8741455078125,3.024975114840345e-08,444.9443359375,0.014650395140051842,5.849858553119702e-07,4.4171287072458654e-07,31.508731842041016,3.2569637653523387e-08,9.086646605283022e-05,1.8755182296104067e-08,120.5012435913086,21.929170608520508,404.6647644042969,1.345035371969061e-07
high_roughness_0316,high_roughness,117.35600280761719,46.9010009765625,195.61386108398438,130.24131774902344,7.279577829422124e-08,81.7112045288086,0.07265423983335495,197.54403686523438,0.0024998856242746115,5.419544280016453e-08,9.32341645238921e-05,0.00018415795057080686,225.0492706298828,3.991099450928459e-09,0.0008049648022279143,5.855832263534921e-09,318.3827209472656,1.1817429879101837e-07,119.85026550292969,1.2294999685025232e-08
low_roughness_0136,low_roughness,117.35600280761719,46.9010009765625,0.012497364543378353,0.13829118013381958,1.3033677248586173e-08,4.942988685030514e-09,0.0017760925693437457,237.75132751464844,2.2642407060402547e-08,2.4298707046455092e-08,3.236154122454593e-10,3.23737037177807e-10,1.8797898793110335e-09,2.021530276508088e-09,2.0727866645309234e-10,4.70233019189692e-10,6.474661695676787e-09,4.944688924979346e-08,2.0800483113703194e-08,5.54777690453534e-09
high_roughness_0183,high_roughness,117.35600280761719,46.9010009765625,359.2276611328125,6.997419177423581e-07,486.0465087890625,8.148325036927417e-08,330.7855529785156,0.002555310260504484,3.607083698398128e-08,0.42094507813453674,4.576652281684801e-05,142.7178955078125,0.00014411158917937428,38.527130126953125,6.080203718283883e-08,0.005237847100943327,0.002354270778596401,0.0011322407517582178,2.306605573210163e-08,69.15394592285156
low_roughness_0227,low_roughness,117.35600280761719,46.9010009765625,273.6111145019531,220.72987365722656,3.738503195904741e-08,477.36956787109375,449.1206359863281,83.36414337158203,914.9957275390625,1.3386828356942715e-07,2.7033217886440752e-09,2.818762556699994e-09,0.002486417768523097,1.3489000139088603e-08,1.52089263405486e-09,3.4915121904788293e-09,153.3230743408203,2.528233835619176e-07,892.5888671875,3.35306502563526e-08
medium_roughness_0009,medium_roughness,117.35600280761719,46.9010009765625,522.2125244140625,8.117548588870704e-08,249.00271606445312,4.293544186850795e-09,771.8298950195312,576.8173828125,1.3539359144942864e-07,1059.466064453125,1.4755032751168073e-09,6.447534173226188e-10,8.692905062446243e-09,7.55163398480363e-09,4.196474834294861e-10,4.619057580868002e-09,2.9203699014601625e-08,0.006453754846006632,1.1395587762308423e-07,420.2075500488281
medium_roughness_0242,medium_roughness,117.35600280761719,46.9010009765625,511.80810546875,2.490692168066744e-07,550.2984619140625,7.087805187211416e-08,145.54180908203125,638.044189453125,3.3924453646250186e-07,1308.146728515625,7.703827265004293e-08,6.329977253471952e-08,1.0745781509058361e-07,484.9180603027344,1.947368311050468e-08,4.254918195556456e-09,2.1964248730910185e-07,1288.803955078125,3.2223096013694885e-07,1270.8199462890625
high_roughness_0297,high_roughness,117.35600280761719,46.9010009765625,820.6982421875,592.4434814453125,8.57603126291906e-08,9.297038872091434e-08,1.238459503838385e-07,196.4034423828125,1.5005563014369727e-08,385.2972106933594,2.7530236423878307e-10,2.575706314900117e-10,1.3079068938992577e-09,0.00024562785984016955,1.8487122943611212e-10,1.2287000306088203e-09,4.2448502490799456e-09,201.9762725830078,1.2692254358626087e-08,271.5993957519531
medium_roughness_0177,medium_roughness,117.35600280761719,46.9010009765625,264.4707946777344,0.0012338039232417941,420.01702880859375,1.1149533207799323e-07,214.1279296875,0.002141164382919669,3.6792246760342096e-07,435.4533386230469,4.6309072132544316e-08,5.703766703391011e-08,6.758033777032324e-08,568.998291015625,1.874463251283487e-08,0.0033390801399946213,1.9719745125712507e-07,0.017566854134202003,3.45804920698356e-07,672.02294921875
low_roughness_0345,low_roughness,117.35600280761719,46.9010009765625,729.6326293945312,1114.98828125,416.2008972167969,8.955446162417502e-09,1.7748517322502266e-08,0.00025735952658578753,7.661869361186291e-09,1.4472169596047024e-07,1.7035520216701627e-10,1.6569093319596107e-10,8.076875834817088e-10,3.061565001516442e-09,1.0412354312094863e-10,3.429010964062229e-10,2.643274266134199e-09,3.793466873958096e-08,6.972885824296782e-09,4.694803692473215e-07
high_roughness_0045,high_roughness,117.35600280761719,46.9010009765625,0.00022258114768192172,259.65765380859375,334.7665100097656,228.81045532226562,1.626378747232593e-07,6.362825821781826e-09,2.959159672855094e-08,4.640624595708687e-08,4.174737930297852,2.3138706506387052e-09,4.691877553142376e-09,3.503114243130767e-08,5.664146374151358e-10,4.794282304487751e-09,1.4411179805051688e-08,6.71606628088739e-08,2.8523659878487706e-08,3.249976643360242e-08
medium_roughness_0090,medium_roughness,117.35600280761719,46.9010009765625,931.7018432617188,399.403076171875,307.355224609375,386.1595153808594,1.9967576747603744e-07,431.6580505371094,1.2265316229331802e-07,5.595174457084795e-08,5.966862004491702e-10,6.305688748931004e-10,7.1154335756773435e-09,4.828770272524707e-09,4.743914150395767e-10,1.1739083038975195e-09,2.380065744489457e-08,1.3217675132182194e-07,1.0823970342244138e-07,1.2191828879792865e-08
high_roughness_0120,high_roughness,117.35600280761719,46.9010009765625,714.2081909179688,693.8353271484375,3.317339647423978e-08,499.86383056640625,598.284423828125,4.847216406034249e-09,1.335989310291552e-07,1.088379946168061e-07,1.4596460706783887e-09,1.4804224512943165e-09,9.784234755727539e-09,9.059627714691487e-09,9.761712549405388e-10,2.0188561933309757e-09,3.4690309291818267e-08,2.0307723502810404e-07,1.198329471208126e-07,2.555381861668593e-08
low_roughness_0029,low_roughness,117.35600280761719,46.9010009765625,342.4058532714844,0.00032185844611376524,178.6883544921875,5.52141710130627e-09,2.2408075395219385e-09,2.5374489176499537e-09,1.2543166505452064e-08,1.5675983178198294e-08,2.1885768197726918e-10,2.1603947797377288e-10,1.2123624326676463e-09,1.4727816743942412e-09,1.3613229987718967e-10,3.468405562756516e-10,4.068179570992925e-09,2.9603450357740257e-08,1.1674447186749148e-08,3.93837717993506e-09
low_roughness_0110,low_roughness,117.35600280761719,46.9010009765625,656.5496826171875,0.0007253454532474279,589.0120239257812,1.827499929163423e-08,718.2417602539062,0.0020445657428354025,1.7503313642919238e-07,1379.9305419921875,1.6753736176156053e-09,1.9151331631661606e-09,1.3625115258264486e-08,24.90617561340332,1.4742318477090066e-09,7.488690778600926e-10,4.870257441780268e-08,1325.5079345703125,1.5277380782663386e-07,1323.1219482421875
low_roughness_0037,low_roughness,117.35600280761719,46.9010009765625,315.7461242675781,0.0010431408882141113,2.398280969373445e-07,184.7989959716797,240.1552276611328,711.978759765625,117.80475616455078,2.527282916275908e-08,0.006094176322221756,0.0008678283193148673,99.1308822631836,6.608929936646746e-08,47.74630355834961,2.6250064344424118e-09,101.46271514892578,1.0611316980657648e-07,112.0650405883789,0.01369172427803278
low_roughness_0052,low_roughness,117.35600280761719,46.9010009765625,432.05084228515625,466.09375,3.151385286059849e-08,290.0901184082031,133.7008056640625,229.66900634765625,513.016845703125,1.4601947384562664e-07,3.131503056863494e-09,3.2399358751433738e-09,0.00295790727250278,1.613892486318491e-08,1.3797302926832344e-05,4.850805090939048e-09,102.93733215332031,2.704275630094344e-07,478.2066345214844,3.80935993860021e-08
medium_roughness_0152,medium_roughness,117.35600280761719,46.9010009765625,784.0350341796875,986.4623413085938,2.5661369917884258e-08,627.173583984375,3.619949451305615e-09,9.252999007003382e-07,4.6534939457387736e-08,3.800796122277461e-08,4.540102738204155e-10,4.62993060557082e-10,3.015008243067996e-09,2.792381437188851e-09,3.1206615069834243e-10,6.442665845263207e-10,1.0608964373659546e-08,8.381699245774143e-08,4.153272215035031e-08,7.822992031947251e-09
low_roughness_0202,low_roughness,117.35600280761719,46.9010009765625,468.4785461425781,415.4649963378906,3.110841007014642e-08,361.62322998046875,247.16481018066406,372.65753173828125,940.999755859375,3.717710939099561e-08,1.5716780099594985e-09,8.977234067231166e-09,149.9960479736328,2.960564016163403e-09,0.0001337639696430415,8.300284348727871e-10,339.69000244140625,1.096721646831611e-07,944.26171875,8.58486526311708e-09
medium_roughness_0017,medium_roughness,117.35600280761719,46.9010009765625,549.5576782226562,260.2183532714844,0.006134415976703167,1.5074293813199802e-08,1027.1148681640625,280.8465576171875,1.1186789805606168e-07,455.1708679199219,2.274392757461996e-10,3.121875813416608e-10,5.3312469994182266e-09,9.891332592815161e-05,3.9496966808272305e-10,1.7479268032971618e-10,1.8861333828112947e-08,124.68510437011719,9.569152581434537e-08,305.2701416015625
high_roughness_0376,high_roughness,117.35600280761719,46.9010009765625,698.6821899414062,784.762939453125,5.6939915005216335e-09,477.90216064453125,9.597297179197994e-09,8.257436689973474e-08,5.2753129864413495e-08,1.9751854551941506e-07,6.480798120378495e-10,6.263077834134378e-10,4.438360790004481e-09,9.707908255052189e-09,3.430208062038531e-10,1.4935369607727011e-09,1.496100843212389e-08,1.9440011556071113e-07,4.5839708917583266e-08,4.5100204459913584e-08
low_roughness_0161,low_roughness,117.35600280761719,46.9010009765625,909.4649047851562,926.6757202148438,1.3951897415154235e-08,7.004397950538532e-09,4.114116602949025e-09,5.920984147422814e-09,3.419315675046164e-08,3.857124397654843e-08,3.9383152294902857e-10,3.956105443236879e-10,2.381581154509149e-09,2.650503816425953e-09,2.5780605428238346e-10,5.84573001116695e-10,8.297091014242142e-09,8.054607292251603e-08,3.0082031088340955e-08,7.820217362564108e-09
medium_roughness_0351,medium_roughness,117.35600280761719,46.9010009765625,285.9351501464844,429.0576477050781,3.147258809121922e-08,501.4432678222656,228.379150390625,227.41680908203125,1185.153564453125,1.5137383968522045e-07,3.0290960850720694e-09,2.934937404219795e-09,195.32931518554688,1.5384955531771993e-08,0.00036173081025481224,3.900594514050226e-09,340.5377197265625,2.47899976102417e-07,1195.8851318359375,4.276040854733765e-08
low_roughness_0170,low_roughness,117.35600280761719,46.9010009765625,532.3675537109375,347.42950439453125,2.979048652207439e-08,651.240478515625,560.3222045898438,235.69586181640625,1402.991943359375,1.7105271865602845e-07,5.616084930437637e-09,6.055675960681128e-09,289.29925537109375,2.0301440528669445e-08,3.5697950806934386e-05,5.847918593815393e-09,481.6090087890625,2.920655219895707e-07,1385.1146240234375,4.977913192760752e-08
high_roughness_0052,high_roughness,117.35600280761719,46.9010009765625,77.69913482666016,307.8002014160156,1.4746993848291368e-08,141.33018493652344,246.7409210205078,189.37025451660156,4.86550607092795e-06,1.9125286598864477e-07,53.167030334472656,4.847974651056575e-06,152.81764221191406,0.002059180987998843,25.785587310791016,1.9444287957526285e-08,182.317138671875,4.791767196365981e-07,8.638929284643382e-05,0.002805387368425727
low_roughness_0362,low_roughness,117.35600280761719,46.9010009765625,448.8902893066406,515.7915649414062,428.9759826660156,9.005947276818915e-08,298.3914489746094,477.7486572265625,4.72374779292295e-08,0.0009593615541234612,3.6820207993670806e-10,3.1958419244304537e-10,3.9047702848904464e-09,3.5816132282207036e-09,2.9815352964313035e-10,8.183937971750765e-10,1.3781648711130856e-08,4.2253205378983694e-08,4.268902031867583e-08,388.1591491699219
high_roughness_0221,high_roughness,117.35600280761719,46.9010009765625,282.884033203125,846.6934814453125,56.89018249511719,300.7421569824219,183.5527801513672,1.2552385442177183e-06,301.3114929199219,1.9749210267150374e-08,4.1261302707873426e-10,3.7343445002946396e-10,86.99275970458984,1.9885311175471543e-09,0.00019897705351468176,5.947489722935018e-10,176.1341094970703,4.646097906402247e-08,377.8147888183594,4.971866029990224e-09
medium_roughness_0082,medium_roughness,117.35600280761719,46.9010009765625,334.3311767578125,608.7012329101562,1.5728085145383375e-07,113.80428314208984,0.0033662873320281506,8.976689969131257e-08,242.9598846435547,2.4921986550907604e-05,90.30754089355469,0.0009519632440060377,47.02348709106445,2.0718436644528992e-05,25.205055236816406,1.9540775042514724e-07,47.60997009277344,132.66644287109375,57.156715393066406,0.00015322632680181414
low_roughness_0020,low_roughness,117.35600280761719,46.9010009765625,868.9840087890625,167.06651306152344,3.851632612850153e-08,3.860341024619629e-08,8.590962607968322e-08,5.8493160537409494e-08,4.286607335757253e-08,5.027175831173736e-08,3.2360925050767264e-10,3.219144673050067e-10,3.0855067389978785e-09,3.6303420269945263e-09,2.2280891021075888e-10,7.473323626605577e-10,1.0274051831515862e-08,9.454854676960167e-08,3.776242252229167e-08,1.0468539812791278e-08
medium_roughness_0315,medium_roughness,117.35600280761719,46.9010009765625,533.619384765625,2.4547262000851333e-07,537.0845336914062,1.3028039802520652e-07,452.3192138671875,601.8895874023438,3.685066829461903e-08,254.0355682373047,2.2056643501855433e-05,4.284060883819052e-10,3.239138735011693e-09,144.6401824951172,3.3965552592718495e-10,0.0006148433894850314,1.1735349580987986e-08,0.0022923985961824656,3.2604383193302056e-08,309.3837585449219
high_roughness_0172,high_roughness,117.35600280761719,46.9010009765625,504.2018127441406,0.01015685498714447,225.59767150878906,2.5260743541366537e-07,4.879971129412297e-07,0.0030006791930645704,4.3250423686913564e-08,0.00027973472606390715,28.78866195678711,6.463317276939051e-06,4.1431587050055896e-09,72.46895599365234,7.030742921187993e-08,3.336312875035219e-05,1.9750491020431582e-08,4.1592349475649826e-07,3.618080768319487e-08,0.006457679904997349
low_roughness_0068,low_roughness,117.35600280761719,46.9010009765625,498.40545654296875,6.251180479921459e-07,333.075927734375,6.902914151396544e-08,51.62279510498047,623.7817993164062,3.966778194808285e-08,229.41445922851562,8.335735037690029e-05,8.519790983818609e-10,3.915211266303231e-09,91.13541412353516,4.793950791892598e-10,0.0006930240197107196,1.3991123815060291e-08,0.0009799168910831213,3.606663767641294e-08,318.04864501953125
high_roughness_0159,high_roughness,117.35600280761719,46.9010009765625,198.0274658203125,0.0031491462141275406,439.8576965332031,3.585609197616577,219.37979125976562,0.007249131333082914,9.721624337544199e-06,103.22431182861328,4.0280624489241745e-06,178.443115234375,1.3256404827188817e-06,30.094648361206055,0.006421378813683987,0.007107577286660671,8.638675353722647e-06,63.02804946899414,5.9385233726061415e-06,60.01301956176758
high_roughness_0286,high_roughness,117.35600280761719,46.9010009765625,295.207275390625,522.9151611328125,7.312740279985519e-08,352.3992004394531,51.55360794067383,366.7544250488281,439.24951171875,1.0408417239204937e-07,2.4710360424506916e-09,2.643813834524167e-09,0.03466620296239853,1.0830388141869207e-08,0.00010396524157840759,3.3243245933789467e-09,201.4783172607422,2.1796564908527216e-07,441.0951232910156,2.559928446999038e-08
medium_roughness_0359,medium_roughness,117.35600280761719,46.9010009765625,529.3682250976562,995.7509155273438,2.3733529985747737e-07,568.2901000976562,227.67437744140625,1.3510879171008128e-07,10.160478591918945,3.375498280888678e-08,5.788390322614134e-10,5.911919287449052e-10,5.935714852967067e-06,3.091031874902228e-09,3.196536924043869e-10,8.021238673272535e-10,4.136867204351802e-08,8.015848607101361e-08,225.09278869628906,7.779053845524686e-09
medium_roughness_0312,medium_roughness,117.35600280761719,46.9010009765625,847.6937255859375,253.101806640625,8.912066817856612e-08,1.699941947208572e-07,3.2127513804880437e-07,74.8175048828125,1.4754477639655761e-08,0.00028140947688370943,5.913938228019333e-10,5.162785754464494e-10,9.756370156210892e-10,1.2719008736894466e-05,2.1637103220228937e-10,2.449025426898288e-09,3.184756680596479e-09,2.4797861541969723e-08,1.265208382505989e-08,0.0017260487657040358
medium_roughness_0269,medium_roughness,117.35600280761719,46.9010009765625,517.7000122070312,678.474365234375,3.3343212635372765e-08,107.7094955444336,478.73614501953125,695.109375,350.821044921875,1.0133367567277674e-07,1.629204215980451e-09,1.6900926214091783e-09,2.2116251940929033e-08,9.02573660255257e-09,1.2172816088451555e-09,2.2202970573204084e-09,7.476253927052312e-08,2.0438521630694595e-07,373.7716979980469,2.3382016323125754e-08
low_roughness_0290,low_roughness,117.35600280761719,46.9010009765625,213.68804931640625,645.5068359375,4.13731662263217e-08,644.9417724609375,637.2293701171875,509.8968811035156,1269.65478515625,1.0884380685638462e-07,2.3238486690502214e-09,2.4256558983637433e-09,160.99179077148438,1.0362298574762008e-08,0.0001865438389359042,2.5838557959900754e-09,399.7784118652344,2.0649171972308977e-07,1286.1766357421875,2.7127805779514347e-08
low_roughness_0232,low_roughness,117.35600280761719,46.9010009765625,439.4324645996094,0.001092119375243783,422.6322021484375,1.2036127827741439e-07,0.006718894932419062,266.5266418457031,5.4550643113771e-08,0.007325625978410244,4.89714435669697e-10,3.2724969956099415e-10,4.502128003736061e-09,3.8666315958835185e-05,3.701137452072345e-10,3.90321996945886e-10,1.6346833220381995e-08,3.1298984737304636e-08,5.114735301958717e-08,737.697509765625
high_roughness_0248,high_roughness,117.35600280761719,46.9010009765625,449.44000244140625,208.9088897705078,3.9202426194151485e-08,2.4293518308127204e-08,0.03024682030081749,2.2612972827573685e-08,4.0916823706993455e-08,5.249216883385088e-08,5.38054434340296e-10,5.343959719183999e-10,2.959310796413206e-09,3.584982533055836e-09,3.3581049052600065e-10,7.945863966796196e-10,1.0841548991891159e-08,1.0001451755670132e-07,3.581724072887482e-08,1.158339646423201e-08
medium_roughness_0201,medium_roughness,117.35600280761719,46.9010009765625,478.9967041015625,454.7511901855469,4.1535574979434386e-08,475.3677673339844,118.87852478027344,460.0362854003906,539.086181640625,4.549200127712538e-08,4.25556609116029e-05,8.419196092290804e-05,182.58644104003906,2.551362454639161e-09,0.0005246790242381394,7.529432650699164e-07,311.0030212402344,1.0816231110766239e-07,658.7633666992188,8.544450480485466e-09
medium_roughness_0287,medium_roughness,117.35600280761719,46.9010009765625,355.3958740234375,0.0006004430470056832,263.3078918457031,6.519051254372243e-08,138.36952209472656,0.0004347799113020301,9.199649753099948e-08,0.003222220577299595,3.5688574939740647e-07,100.07310485839844,1.2042575825432777e-08,107.2385482788086,1.4146580440410617e-07,1.3910477036915836e-06,3.3126291043572564e-08,2.0297188996210025e-07,8.270614415550881e-08,94.69379425048828
medium_roughness_0145,medium_roughness,117.35600280761719,46.9010009765625,450.85833740234375,406.94195556640625,160.25999450683594,9.867996197954199e-08,182.24749755859375,33.82754898071289,6.224831139434173e-08,956.1529541015625,3.773747148105855e-10,4.0922246147268027e-10,4.442256784642495e-09,0.001003980403766036,3.40222877648344e-10,2.533700804718819e-09,1.519875603150922e-08,242.93984985351562,5.258867474822182e-08,619.2424926757812
medium_roughness_0281,medium_roughness,117.35600280761719,46.9010009765625,0.0010835853172466159,981.739990234375,3.889912747467861e-08,0.004158724099397659,0.0017651719972491264,470.5596008300781,5.49319487674893e-08,5.958816018392099e-08,4.677748188797182e-10,4.711559475900629e-10,3.2934566185360836e-09,3.5988629853989096e-09,3.0667590689148483e-10,7.659586298558452e-10,1.1360068441490512e-08,1.269257552394265e-07,4.651852592019168e-08,1.0947211137590784e-08
medium_roughness_0131,medium_roughness,117.35600280761719,46.9010009765625,502.02130126953125,0.0003817424294538796,0.04612940177321434,2.7688507486800518e-08,374.9797058105469,0.0025971776340156794,9.671540368572096e-08,1068.167236328125,8.42460146088797e-09,5.271427738762213e-09,6.734265145524887e-09,0.00152695516590029,4.697400246556072e-10,5.255836654782797e-09,2.3137307181286815e-08,592.601806640625,8.179982557976473e-08,978.9750366210938
high_roughness_0218,high_roughness,117.35600280761719,46.9010009765625,699.9141845703125,915.912841796875,2.1621449519670932e-08,2.435368884334821e-08,2.792530429118756e-09,4.116153036193282e-07,3.9808000451557746e-08,4.0026819192462426e-08,3.8902128740581077e-10,3.9190869993710464e-10,2.6036643951954375e-09,2.7204842822925457e-09,2.564250478620522e-10,6.04246208624204e-10,9.015000301815235e-09,8.617187319259756e-08,3.4823358419089345e-08,7.915388344770236e-09
high_roughness_0253,high_roughness,117.35600280761719,46.9010009765625,0.00498680816963315,288.76165771484375,8.802608419955504e-09,340.8091125488281,1.577769914717919e-08,5.692050919492431e-08,8.86838620317576e-08,8.014304597736555e-08,4.899272425973322e-06,1.0946104467279838e-08,1.5871055580873872e-08,0.00020662082533817738,8.766981030028376e-10,9.99044232230517e-07,4.401850262070184e-08,3.9968543319446326e-07,8.023466335771445e-08,37.52947235107422
high_roughness_0117,high_roughness,117.35600280761719,46.9010009765625,2.5555846150382422e-05,195.67247009277344,3.6710218864755007e-08,451.4251403808594,289.5724182128906,370.9647216796875,0.0016245385631918907,2.7406880320768323e-08,4.1897005309543545e-10,4.641062256727224e-10,0.00027476888499222696,2.919204433737832e-09,3.232375092920847e-05,9.773989395611693e-10,0.00044119652011431754,7.328588225163912e-08,91.95281982421875,6.09820238750558e-09
high_roughness_0035,high_roughness,117.35600280761719,46.9010009765625,971.7981567382812,98.77470397949219,436.4185791015625,15.078145980834961,9.390254831487255e-07,94.65404510498047,1.6185200024665392e-07,54.149688720703125,2.1833828078854367e-09,2.2940431776419246e-09,2.0433093439464756e-08,1.8436142568134528e-07,1.561238804903553e-09,1.269387706059888e-08,5.8025900528946295e-08,1.1304059626127128e-06,1.4330106523630093e-07,0.0001723266177577898
low_roughness_0008,low_roughness,117.35600280761719,46.9010009765625,598.3262329101562,537.3977661132812,3.0219936775210954e-08,1.5947158260587457e-08,4.341959680687069e-09,7.664359145564958e-06,5.27716466081074e-08,4.3793146886628165e-08,9.213952933961878e-10,9.724767657814937e-10,3.952615124092063e-09,3.583095820047788e-09,6.361867477266969e-09,7.965301751511333e-10,1.1892087314890887e-08,9.276633505805876e-08,4.8298687715941924e-08,8.962298458925488e-09
low_roughness_0171,low_roughness,117.35600280761719,46.9010009765625,278.66888427734375,219.55601501464844,252.1652374267578,0.0011258067097514868,0.13847437500953674,343.7004699707031,2.1759339219329377e-08,194.31640625,9.434580715605989e-05,7.151580994069207e-10,1.9069974488417074e-09,180.29592895507812,3.1836075442548406e-10,0.0014815182657912374,6.656519335734856e-09,0.0031201064120978117,1.8658630196455306e-08,265.0965881347656
medium_roughness_0367,medium_roughness,117.35600280761719,46.9010009765625,434.71759033203125,339.1676940917969,3.0945255247161185e-08,9.674670219421387,443.7646179199219,311.04736328125,1175.3387451171875,1.4413232918286667e-07,2.6969562139100844e-09,2.7601019247924796e-09,71.32178497314453,1.3741960458446556e-08,4.0136048482963815e-05,3.3873830407316063e-09,227.96153259277344,2.5556363425494055e-07,1166.528564453125,3.6148872339936133e-08
medium_roughness_0257,medium_roughness,117.35600280761719,46.9010009765625,2.2022448320058174e-05,277.11431884765625,337.70709228515625,546.3968505859375,1.603212496092965e-08,3.587705021956822e-09,6.142460051705712e-08,3.83151963490036e-08,2.0354887965368107e-05,84.38868713378906,21.94474983215332,4.9229291754215865e-09,4.764269760926254e-05,1.6396630719839322e-09,42.5897102355957,7.798801249236931e-08,7.251805556052204e-08,1.094109425281431e-08
high_roughness_0024,high_roughness,117.35600280761719,46.9010009765625,54.126651763916016,272.0990295410156,2.6205964331893483e-07,437.3082275390625,366.8158874511719,127.02549743652344,115.67044830322266,3.3175865610246547e-08,9.587284299783505e-10,1.0053943233501172e-09,140.7399444580078,3.569181394880161e-09,0.000565088470466435,1.0376631776054523e-09,204.32354736328125,7.361973786146336e-08,280.3600158691406,8.722052413645542e-09
high_roughness_0214,high_roughness,117.35600280761719,46.9010009765625,0.009513248689472675,615.5491333007812,3.237003554090734e-08,263.7926025390625,0.005306507460772991,2.0969622482880368e-08,5.984616109344643e-07,1.4123635594387451e-07,8.456311761939617e-10,8.990544420051094e-10,1.8478043983805037e-08,1.1469472482872334e-08,9.070810214062419e-10,2.5668749348284337e-09,5.5983662150538294e-08,2.6928361762657005e-07,4.481924236188206e-07,3.0442841136846255e-08
medium_roughness_0162,medium_roughness,117.35600280761719,46.9010009765625,404.7987976074219,49.82496643066406,340.43939208984375,6.055055479237126e-08,0.1030469760298729,0.00476188026368618,8.297380560406964e-08,4.9828148718233933e-08,132.7498016357422,7.194281579359085e-07,1.291156959126738e-08,72.11591339111328,1.1422860879406471e-08,1.0523293347830531e-08,4.1040866705088774e-08,1.1636559094085897e-07,7.857480710526943e-08,0.002499614143744111
high_roughness_0102,high_roughness,117.35600280761719,46.9010009765625,978.6603393554688,5.3314690589904785,786.1353759765625,4.685727006403795e-08,6.267073331400752e-05,0.004698316100984812,2.108030194847288e-08,0.0004476087633520365,2.631266038388702e-10,3.069896281626683e-10,2.1366606262063215e-09,0.0010249349288642406,2.1336865607679556e-10,5.60177060293654e-09,7.600069906743556e-09,1.428604718967108e-07,1.9249929650300146e-08,238.72488403320312
medium_roughness_0006,medium_roughness,117.35600280761719,46.9010009765625,391.9305419921875,506.43304443359375,2.4234372730802534e-08,397.22314453125,146.145751953125,225.26083374023438,806.5635986328125,4.27347259801536e-08,3.154650767100975e-05,4.820731555810198e-05,49.91521453857422,4.587257240729059e-09,0.00047245764289982617,2.4676685139723986e-09,161.15060424804688,1.0573131703495164e-07,777.422119140625,1.1479539097081215e-08
medium_roughness_0129,medium_roughness,117.35600280761719,46.9010009765625,69.66720581054688,515.2841796875,201.54525756835938,38.18125534057617,89.72471618652344,1.4891486266321863e-08,91.3046875,1.861906412159442e-06,188.38668823242188,0.0017021605744957924,63.23047637939453,2.6269601676176535e-06,19.02553939819336,1.0223369599771104e-06,62.71282196044922,2.466027126502013e-06,81.50048828125,0.009940114803612232
low_roughness_0200,low_roughness,117.35600280761719,46.9010009765625,430.5338134765625,0.0019459641771391034,138.10231018066406,2.853803948710265e-07,148.19631958007812,0.0019705933518707752,8.18176104644408e-08,993.4888916015625,1.7752841419138576e-09,6.614586101072462e-10,6.260691964854459e-09,0.00012286240234971046,4.2101841457586886e-10,7.497465981387563e-10,2.1847251119311295e-08,6.42390368739143e-05,7.068243235153204e-08,874.0507202148438
medium_roughness_0217,medium_roughness,117.35600280761719,46.9010009765625,433.2693176269531,127.23735046386719,548.8466796875,5.884420488655451e-07,0.002804800868034363,5.9654306824086234e-05,4.088546390335068e-08,3.967171480212528e-08,81.29194641113281,5.733648322348017e-06,4.401612407889388e-09,144.86599731445312,3.4167079832059244e-08,1.1982413639088918e-07,1.4873119624780884e-08,7.741121521576133e-08,3.712623097840151e-08,0.0022538367193192244
low_roughness_0059,low_roughness,117.35600280761719,46.9010009765625,544.8954467773438,751.59765625,2.975141910610546e-08,1.1598629612308287e-08,2.606262983206875e-09,2.855668697065994e-07,3.9425955833394255e-08,3.964955297419692e-08,4.210697901463334e-10,4.237842576859663e-10,2.77338441101449e-09,2.888410399748409e-09,2.724397929476652e-10,6.495339266443523e-10,9.694511859947852e-09,8.266781748034191e-08,3.4985934149744935e-08,8.328405520785509e-09
medium_roughness_0148,medium_roughness,117.35600280761719,46.9010009765625,418.3923645019531,5.308419659399988e-08,37.78211212158203,2.849196079068861e-08,1204.3380126953125,0.0019421071046963334,3.369200740621636e-08,0.001022804412059486,6.702836253680289e-05,97.9211196899414,2.250633457379081e-09,0.01172623597085476,8.157477395798196e-07,0.000370912195648998,1.6642337286043585e-08,1.7303746062680148e-06,1.747868338952685e-08,0.024380913004279137
medium_roughness_0187,medium_roughness,117.35600280761719,46.9010009765625,712.9072265625,412.5006408691406,7.06556093632571e-08,292.71630859375,1.474764044218091e-08,317.7252502441406,1.523169999018137e-07,7.776995403219189e-08,7.705450721928742e-10,7.888014685875078e-10,6.143828112925576e-09,5.09849584773292e-09,5.415807802222616e-10,1.1393828103223314e-09,2.1515763393153975e-08,1.722800675452163e-07,1.226986796609708e-07,1.4879959486790995e-08
low_roughness_0040,low_roughness,117.35600280761719,46.9010009765625,487.2026672363281,1.2446830055523606e-07,686.1036376953125,9.640668707788791e-09,0.10466420650482178,909.2025146484375,2.1571862873770442e-07,1449.486572265625,3.3248763742221854e-09,3.563650929905293e-09,2.0145835222251662e-08,88.83984375,2.3743289556676928e-09,1.4853325236430237e-09,6.91382453510414e-08,1427.2861328125,1.9131834960717242e-07,1390.95166015625
high_roughness_0185,high_roughness,117.35600280761719,46.9010009765625,172.29849243164062,450.85076904296875,0.0006084421183913946,0.004316780716180801,216.1698760986328,201.9742431640625,0.0005440516397356987,3.496965561566867e-08,1.6211552065215074e-05,0.00011926212027901784,70.17096710205078,3.886914790030005e-09,0.0006023110472597182,1.1068307381734144e-09,126.51116180419922,7.430506343553134e-08,0.0026488376315683126,9.428251956933309e-09
high_roughness_0091,high_roughness,117.35600280761719,46.9010009765625,0.0033757328055799007,541.9811401367188,1.2642260571738007e-07,375.7897644042969,1.4759227440208633e-07,0.004089793656021357,3.1183915893961967e-08,9.067065320778056e-08,2.162421992579766e-07,35.618072509765625,186.58604431152344,9.790730892689226e-09,1.4633926070928283e-07,2.522537734250818e-09,201.15701293945312,1.61806937626352e-07,4.460759939206582e-08,2.6777463801863632e-08
high_roughness_0202,high_roughness,117.35600280761719,46.9010009765625,445.178955078125,1.7998711427935632e-06,497.0929260253906,1.7634958737744455e-07,32.974918365478516,603.1687622070312,3.104392476416251e-08,218.72059631347656,0.00011071195331169292,4.5691789241075753e-10,2.928400633095407e-09,148.4368896484375,3.0679528362220765e-10,0.0005868732696399093,1.0557650753639791e-08,0.001261906698346138,2.7274060343529527e-08,305.70819091796875
high_roughness_0013,high_roughness,117.35600280761719,46.9010009765625,436.4953308105469,2.001838907972342e-07,273.050537109375,5.106499543217069e-07,421.8695983886719,575.8628540039062,1.5192848934475478e-07,995.2300415039062,9.812937129538568e-10,9.478082763081375e-10,1.1559604828903502e-08,8.671824147654661e-09,5.407128078616097e-10,9.074807572062582e-10,3.6739990605383355e-08,596.4964599609375,1.2725870135454898e-07,446.8462219238281
medium_roughness_0087,medium_roughness,117.35600280761719,46.9010009765625,475.77294921875,0.0017510567558929324,374.0798034667969,1.3738612381075654e-07,233.2648468017578,0.0008281695190817118,1.2554156114674697e-07,1252.2200927734375,1.4915840784723855e-09,1.9974224496621673e-09,1.1710419300925423e-08,73.52108764648438,1.4134159398437873e-09,4.657665364504737e-09,4.401539044351921e-08,0.0008033894118852913,1.1276980416141669e-07,1243.555908203125
low_roughness_0276,low_roughness,117.35600280761719,46.9010009765625,542.5140991210938,0.0018833500798791647,348.4399719238281,1.283412274233342e-07,0.7786286473274231,0.0012183284852653742,6.733780111289889e-08,972.0972900390625,3.3752373118645096e-10,4.315059698445367e-10,4.602603187464638e-09,1.846346009415356e-08,3.962501715637501e-10,5.380985101943736e-10,1.6329101626411102e-08,7.356892695042916e-08,5.997367225063499e-08,485.4645690917969
high_roughness_0319,high_roughness,117.35600280761719,46.9010009765625,403.912353515625,437.46405029296875,0.001371593214571476,463.884765625,199.4943084716797,235.46131896972656,398.7217712402344,3.060258890741352e-08,7.298017745682728e-10,8.852711341766906e-10,6.191483974456787,2.835100154641168e-09,0.00011287013330729678,8.898198844420335e-10,192.79783630371094,7.730233164693345e-08,456.91473388671875,6.679258923725229e-09
high_roughness_0093,high_roughness,117.35600280761719,46.9010009765625,0.0067401304841041565,506.577392578125,0.0002848556905519217,404.8513488769531,504.2095642089844,478.186279296875,198.04542541503906,3.065563447535169e-08,3.337970455596917e-10,3.3671868071571964e-10,2.184609002142679e-05,2.4423034705733926e-09,2.786113006969515e-10,6.668804397591543e-10,5.756398968514986e-05,8.154730579690295e-08,344.4866027832031,6.256680951111093e-09
medium_roughness_0237,medium_roughness,117.35600280761719,46.9010009765625,526.7213745117188,40.61611557006836,19.111019134521484,4.1835640729459556e-08,2.5964325134353317e-10,527.31201171875,1.9604380341320393e-08,234.24818420410156,2.925908959561241e-10,2.893873751741438e-10,1.717628039799024e-09,6.628216198123482e-09,1.7571324950615974e-10,6.502887672787949e-10,5.805697700367318e-09,2.0779751253030554e-07,1.737335608709145e-08,0.0004304020549170673
low_roughness_0019,low_roughness,117.35600280761719,46.9010009765625,957.154052734375,1.539640237524509e-08,9.845543935682599e-09,1.2030477058999622e-08,2.4264296371256933e-05,172.34182739257812,6.332597735081436e-08,752.4262084960938,9.728422512012003e-10,9.218822372147883e-10,5.295926808202012e-09,5.383598278285717e-08,6.339890834539119e-10,3.112679669570184e-09,1.66367204457174e-08,3.702236881508725e-07,5.353085441583971e-08,136.45767211914062
low_roughness_0321,low_roughness,117.35600280761719,46.9010009765625,505.3543701171875,817.359619140625,203.83349609375,4.201242020940299e-09,3.8705642509739846e-05,1.3028947920545875e-09,1.5938674380322482e-08,1.7042784961063262e-08,2.9926910949384933e-10,2.982365743253723e-10,1.5885310844510059e-09,1.6947765413277693e-09,1.8740002605266426e-10,4.12274742123131e-10,5.4323434639513835e-09,3.3431092560931575e-08,1.513208225389917e-08,4.351228266585849e-09
low_roughness_0231,low_roughness,117.35600280761719,46.9010009765625,875.4111328125,9.730101169225236e-08,3.6740498542785645,5.2594792521176714e-08,5.541371592698852e-07,448.4655456542969,1.736113297567954e-08,52.88133239746094,8.550396501938451e-10,7.998780526818905e-10,1.7457651990682166e-09,0.0017392795998603106,5.696976224101036e-10,7.687852485105395e-05,5.405625280729964e-09,0.0002911178453359753,1.4809682369332222e-08,256.6017761230469
medium_roughness_0019,medium_roughness,117.35600280761719,46.9010009765625,931.386962890625,6.205330294051237e-08,280.8130187988281,6.367029925513634e-08,1.7702646459838434e-07,528.6624755859375,2.537498566823615e-08,4.435195660335012e-05,3.185581520792624e-10,2.9597607698050865e-10,2.291707712487323e-09,5.0112625160636526e-09,1.6866590069053444e-10,5.408705705534089e-10,7.479887820238673e-09,3.193627406972155e-08,2.242698649013164e-08,150.46498107910156
medium_roughness_0226,medium_roughness,117.35600280761719,46.9010009765625,74.84669494628906,275.0235595703125,320.0089111328125,0.0005369310965761542,248.60263061523438,48.46620559692383,2.680829140899732e-07,90.95430755615234,0.01172586902976036,0.017367571592330933,5.421736304356273e-08,100.02994537353516,2.000288623094093e-05,26.541236877441406,2.4896328909562726e-07,0.05179712548851967,1.5057102586979454e-07,144.19256591796875
high_roughness_0310,high_roughness,117.35600280761719,46.9010009765625,232.11988830566406,0.0048834700137376785,51.240997314453125,3.7702986332988075e-07,242.9393768310547,0.0027506023179739714,3.167225202105328e-07,212.11439514160156,7.679738587285101e-07,110.75955963134766,3.973601181428421e-08,61.34151840209961,5.19311697644298e-06,0.00010679352271836251,2.3612385291471583e-07,2.6270632588420995e-05,1.8955471148274228e-07,156.70599365234375
high_roughness_0060,high_roughness,117.35600280761719,46.9010009765625,124.08599853515625,447.6952209472656,8.18735017560357e-08,198.77066040039062,0.1586090624332428,155.95118713378906,654.3687133789062,5.8941697744785415e-08,1.039428099147699e-09,1.0261043126291725e-09,104.79418182373047,5.106427281020842e-09,0.00029329280368983746,1.3622561967352453e-09,202.2085723876953,1.297243557019101e-07,775.70068359375,1.33997364315519e-08
low_roughness_0056,low_roughness,117.35600280761719,46.9010009765625,274.8404235839844,212.02120971679688,1.2136290195030597e-07,302.8079528808594,303.2814025878906,332.18927001953125,925.9255981445312,9.917393839486977e-08,3.321916075549325e-09,3.713768848001564e-09,188.9219970703125,1.0744322764821845e-08,0.0007416649605147541,3.2102065450345663e-09,242.09820556640625,1.9493369052270282e-07,1027.82470703125,2.6979710909813548e-08
high_roughness_0258,high_roughness,117.35600280761719,46.9010009765625,875.1565551757812,270.3846740722656,48.089866638183594,344.34173583984375,0.007881052792072296,493.6427307128906,405.53564453125,107.70565032958984,7.31832816569522e-10,7.443676786067499e-10,8.43092639115639e-05,7.4293082796828e-10,1.7377422834030654e-09,3.4678829252676735e-10,0.00011993032967438921,140.67913818359375,275.78741455078125,0.00032758485758677125
medium_roughness_0228,medium_roughness,117.35600280761719,46.9010009765625,737.9439086914062,962.10302734375,1.765559787259008e-08,5.190642138330759e-09,2.9314239924360663e-09,8.291923450087779e-07,2.979275848247198e-08,2.993008152429866e-08,3.9885178493292983e-10,4.011543597304268e-10,2.3423338824102302e-09,2.421643108263538e-09,2.589439496158974e-10,5.619028575765128e-10,8.236606952038983e-09,6.172042787966348e-08,2.7137430080870217e-08,6.742001623649685e-09
high_roughness_0124,high_roughness,117.35600280761719,46.9010009765625,628.3146362304688,855.59130859375,0.0004508142010308802,64.7674789428711,320.74029541015625,6.489785420171756e-08,327.0269775390625,2.679503907643266e-08,6.08671835156116e-10,6.3881894218909e-10,0.00046149021363817155,2.7663420443246878e-09,2.0905385755831674e-10,8.254216199432562e-10,0.0017594761447981,7.000874546747582e-08,374.328125,6.6150556143895756e-09
high_roughness_0357,high_roughness,117.35600280761719,46.9010009765625,0.00034923863131552935,0.004882078617811203,459.1228942871094,4.904685511064599e-07,550.010986328125,0.031614094972610474,7.232295615722251e-07,6.528005906147882e-05,0.00014375665341503918,189.3093719482422,3.553371072939626e-07,7.962578773498535,0.00017287733498960733,0.00037732391501776874,9.172853197014774e-07,4.793043899553595e-06,4.854348958360788e-07,0.002040727296844125
low_roughness_0212,low_roughness,117.35600280761719,46.9010009765625,355.93438720703125,784.9654541015625,6.258220608401643e-09,4.8510453432015765e-09,2.4785791197246e-09,1.5157088917305828e-09,1.9743259471738384e-08,2.01239842567702e-08,3.2451910603192857e-10,3.256022673703285e-10,1.7711071498283104e-09,1.8289985082020621e-09,2.0889878715735222e-10,4.410165010959588e-10,6.1496900904955965e-09,4.085467253389652e-08,1.8487739339434484e-08,4.847918955164232e-09
medium_roughness_0349,medium_roughness,117.35600280761719,46.9010009765625,359.93060302734375,2.1480875147972256e-05,274.05145263671875,2.6382489082266147e-08,0.7514604330062866,2.78438783141155e-09,2.5840249051611863e-08,2.4767892625732202e-08,8.927317685447633e-05,64.39053344726562,20.912628173828125,3.9817926733576314e-09,6.085420523049834e-07,1.2320346964855844e-09,59.43699264526367,4.725568203411967e-08,2.3634093793134525e-08,7.444035610149058e-09
high_roughness_0031,high_roughness,117.35600280761719,46.9010009765625,127.60118103027344,331.18701171875,1.0910294889754368e-08,0.03093024156987667,2.484828520721294e-08,323.7196350097656,5.04394535028041e-08,5.254696233691902e-08,5.402004399357452e-10,5.23498411286738e-10,4.497476169262882e-09,4.684527432630148e-09,2.7185531603635127e-10,1.0357846802477866e-09,1.4763964273356578e-08,9.96156686028371e-08,4.693222876994696e-08,1.280977102169345e-08
medium_roughness_0275,medium_roughness,117.35600280761719,46.9010009765625,804.1264038085938,957.0097045898438,4.711609236096592e-08,229.21170043945312,1.896356316422043e-08,9.391464459440613e-07,6.983563594076259e-08,2.716259750457084e-08,3.7110833850384495e-10,3.7941069730429433e-10,3.3464377935388256e-09,2.2252573117498287e-09,2.426348566508807e-10,5.588055018712623e-10,1.1595753690585298e-08,6.331728030772865e-08,6.84834589037564e-08,5.873158848146431e-09
medium_roughness_0308,medium_roughness,117.35600280761719,46.9010009765625,656.1912841796875,492.95806884765625,541.7513427734375,4.160511224426955e-08,8.672043350088643e-08,9.646903720295086e-09,5.2206704737045584e-08,1.8045241745312524e-07,1.379914049692843e-08,2.0642341169718748e-09,4.6027346378707534e-09,6.600378036499023,3.515151503208358e-10,1.174280006566164e-09,1.691060802500033e-08,4.2683076628691197e-08,4.725865920818251e-08,983.7030029296875
low_roughness_0286,low_roughness,117.35600280761719,46.9010009765625,42.76826477050781,893.9501342773438,4.201812942028482e-08,126.24987030029297,68.36026763916016,2.2696291068768915e-07,8.548676078135031e-08,1.0232343328198112e-07,6.132293006722023e-10,6.185672529746e-10,4.562867417234884e-09,5.2385922266751095e-09,3.970770934280665e-10,1.0572819286736035e-09,1.563808460502969e-08,2.0738731620895123e-07,6.906667948669565e-08,1.7028552790065987e-08
medium_roughness_0304,medium_roughness,117.35600280761719,46.9010009765625,164.09506225585938,709.0489501953125,519.8584594726562,1.8869599216486677e-09,2.436372525949082e-08,4.426970179327583e-10,2.809060184461032e-08,2.093389639412635e-08,3.1485045126622424e-10,2.977892377131752e-10,3.573363605013924e-09,2.2719659487080435e-09,2.047024771911765e-10,5.790355972479233e-10,1.1045009351562385e-08,4.13672509580465e-08,3.058869779692941e-08,5.57043522420031e-09
medium_roughness_0397,medium_roughness,117.35600280761719,46.9010009765625,251.43211364746094,416.1822204589844,450.46026611328125,120.19963836669922,42.206119537353516,0.017804844304919243,4.2877257300233396e-09,488.6845703125,1.1010465872374198e-09,9.069322515209421e-10,4.023305577582903e-10,0.0009920992888510227,8.184984356951475e-10,5.175435080495561e-10,2.442429369864385e-09,0.009474476799368858,2.4852917501760885e-09,438.4607238769531
medium_roughness_0164,medium_roughness,117.35600280761719,46.9010009765625,449.2187805175781,651.1956787109375,5.623934384857421e-08,1111.7589111328125,550.16064453125,529.3409423828125,899.3120727539062,8.912287796647433e-08,1.915326786061655e-09,2.027113366054323e-09,5.701197147369385,8.478069801753918e-09,1.6459651305922307e-05,2.2223349827044103e-09,246.00706481933594,1.81507672891712e-07,1006.4742431640625,2.162829737528682e-08
medium_roughness_0144,medium_roughness,117.35600280761719,46.9010009765625,964.2005004882812,0.0024799720849841833,0.003967959433794022,1.3507425933312334e-07,2.045377868853393e-06,0.001291187247261405,4.198560787926908e-08,255.98727416992188,5.204727204777271e-10,2.9689881109185023e-10,2.9419937597197077e-09,1.1645134634363785e-08,2.1788137960498943e-10,2.868151272039654e-10,1.0320698073940093e-08,6.45386464270814e-08,3.762761480174959e-08,672.8427734375
low_roughness_0050,low_roughness,117.35600280761719,46.9010009765625,178.65476989746094,0.00017713147099129856,384.3417053222656,0.0005085968878120184,623.0130615234375,66.88371276855469,3.9763076387089313e-08,105.29656219482422,0.0008472673944197595,79.19636535644531,1.2201895742691704e-06,74.25577545166016,1.9991659883089596e-07,17.854263305664062,0.0036242983769625425,41.28041076660156,2.544682615734928e-07,87.37647247314453
low_roughness_0301,low_roughness,117.35600280761719,46.9010009765625,927.229736328125,441.3856201171875,4.994858748830211e-09,3.2327090337958e-08,2.0001634482014197e-07,28.462820053100586,2.4563524547716042e-08,3.517315417411737e-05,2.1565373098386686e-10,2.1425605734037845e-10,2.0486623508730872e-09,9.705894399303361e-08,1.394345056082713e-10,7.686192793343594e-10,6.788118067646565e-09,9.059458960791744e-08,2.1976646280563727e-08,0.00013977639900986105
medium_roughness_0278,medium_roughness,117.35600280761719,46.9010009765625,471.71185302734375,532.1268920898438,9.613900431304501e-08,212.4986572265625,0.012517143040895462,0.005019718315452337,8.978079222288216e-07,4.2190791305074526e-08,6.748186454075267e-10,6.966102694683229e-10,8.377316618179975e-09,3.698372941229877e-09,4.5796924585950194e-10,9.297597136637137e-10,2.988159408801039e-08,9.585154003843854e-08,146.72914123535156,9.692144864459351e-09
low_roughness_0348,low_roughness,117.35600280761719,46.9010009765625,4.546362833934836e-05,870.6285400390625,47.33042526245117,378.1650695800781,4.9158357384726514e-09,7.128812285372987e-05,4.3392798687591494e-08,0.0006478540017269552,3.7624377000611275e-05,7.481254215235822e-06,4.519352447829306e-09,0.0005409464938566089,6.440529318751942e-07,3.720205131685361e-05,1.2946611782638229e-08,2.4421458874712698e-05,3.6186811769312044e-08,219.84454345703125
high_roughness_0274,high_roughness,117.35600280761719,46.9010009765625,421.70184326171875,498.8940124511719,559.7041015625,4.809213294265646e-08,119.12352752685547,387.08526611328125,4.303213358980429e-07,0.0003866919141728431,0.011102521792054176,180.95498657226562,1.8948765045934124e-07,0.0043991426937282085,35.53446578979492,0.002951707923784852,3.6689934290734527e-07,5.969755534351862e-07,4.5972763018653495e-07,0.0021302143577486277
high_roughness_0028,high_roughness,117.35600280761719,46.9010009765625,503.1497497558594,0.002457723021507263,0.07343967258930206,8.908226334369829e-08,192.51356506347656,0.005497011821717024,8.671894846656869e-08,946.613037109375,4.263976727258978e-09,6.170495225887862e-10,6.460401547059291e-09,0.0001218079196405597,4.679764908921413e-10,6.085487669338363e-10,2.3451022457265935e-08,1.6672321123678557e-07,7.749557795477813e-08,945.9269409179688
high_roughness_0210,high_roughness,117.35600280761719,46.9010009765625,16.951644897460938,385.8277893066406,1.86541484481495e-08,234.7420196533203,8.964696007751627e-08,650.7302856445312,5.530695190714141e-08,4.072769854701619e-08,4.670865361156018e-10,4.582165202826616e-10,4.386518259735794e-09,3.472809373405994e-09,2.375179219971102e-10,8.220075731202314e-10,1.4448113816456498e-08,8.427916498021659e-08,5.505425448859569e-08,9.39703159730243e-09
high_roughness_0164,high_roughness,117.35600280761719,46.9010009765625,417.68450927734375,732.4824829101562,516.0545654296875,506.96258544921875,0.006387574132531881,2.266513001814019e-05,3.337445519946414e-08,1.686541327217128e-05,1.2775921431895654e-09,7.104702937077434e-10,4.438572620557579e-09,3.771327018737793,3.0163183062370535e-10,7.797246737162311e-10,1.4129288850028843e-08,1.2103232904792094e-07,3.1192005423008595e-08,0.12738509476184845
high_roughness_0374,high_roughness,117.35600280761719,46.9010009765625,69.37757873535156,338.1988220214844,9.374979725862431e-08,151.51283264160156,63.142234802246094,122.67952728271484,361.941650390625,168.228271484375,47.54105758666992,2.240475168946432e-06,52.52266311645508,0.029655078426003456,10.962785720825195,5.972733561065979e-07,61.525203704833984,315.7815856933594,259.1402282714844,76.30775451660156
medium_roughness_0379,medium_roughness,117.35600280761719,46.9010009765625,430.36407470703125,471.6599426269531,6.071037006449842e-08,82.36078643798828,179.40380859375,405.03826904296875,371.25445556640625,9.659814992346583e-08,2.0025492375452814e-09,2.0839665548777475e-09,0.00041651789797469974,1.0300325037349012e-08,2.5353949240525253e-05,3.148355798288094e-09,0.0009195484453812242,2.08150169100918e-07,385.35064697265625,2.3611161026337868e-08
high_roughness_0239,high_roughness,117.35600280761719,46.9010009765625,396.3179016113281,409.3001403808594,262.3697204589844,5.6918231905456196e-08,52.07207489013672,103.91773223876953,4.326098590468064e-08,3.569080675447367e-08,6.410687980462626e-09,5.9626561466075145e-09,3.3286262635101593e-09,3.801135244430043e-05,3.922504543396599e-10,9.46337896934324e-10,1.1363015417487077e-08,6.095542914863472e-08,3.9335592560973964e-08,0.004868576768785715
medium_roughness_0185,medium_roughness,117.35600280761719,46.9010009765625,453.9507141113281,0.03695047274231911,84.08956146240234,0.001224224572069943,0.0006459806463681161,0.02209041826426983,2.1552319040551993e-08,196.30667114257812,6.397333773833225e-10,6.347961045705119e-10,2.299488377488501e-09,158.13461303710938,3.230554712629896e-10,0.0007632526685483754,8.039056531572442e-09,0.0012195867020636797,1.9708005893903646e-08,327.5340270996094
high_roughness_0268,high_roughness,117.35600280761719,46.9010009765625,315.99176025390625,0.004741680342704058,0.046528108417987823,193.49383544921875,0.014096727594733238,127.39443969726562,6.699492587358691e-07,2.503456357771938e-07,8.126852989196777,4.692661605076864e-06,15.58578872680664,3.988932917309285e-08,0.000762336072511971,2.696139667079933e-08,19.383808135986328,6.877256168991153e-07,6.251908075682877e-07,1.1551927769914982e-07
low_roughness_0163,low_roughness,117.35600280761719,46.9010009765625,428.1910705566406,0.00490598427131772,265.7406311035156,6.506765970470951e-08,201.2679901123047,0.001596560818143189,6.885727543703979e-08,0.01003844104707241,8.894440384210611e-08,92.23826599121094,8.12744449518732e-09,62.429901123046875,9.408890377926582e-08,2.8458137535380956e-07,2.399675480546648e-08,3.496873546282586e-07,5.8066088826080886e-08,117.67323303222656
medium_roughness_0227,medium_roughness,117.35600280761719,46.9010009765625,337.6258850097656,336.636474609375,1.370521687249493e-07,464.0558166503906,174.44859313964844,370.1920471191406,215.8728485107422,8.495912595662958e-08,0.02421213686466217,0.0009263752144761384,126.90780639648438,1.5356546256839465e-08,100.42467498779297,1.4247974604586489e-06,154.16644287109375,4.0504173171029834e-07,248.8360137939453,3.1243096998423425e-08
medium_roughness_0265,medium_roughness,117.35600280761719,46.9010009765625,325.3920593261719,467.5650634765625,4.281418952700733e-08,699.9791870117188,299.7718811035156,345.9773254394531,173.0325164794922,1.0517718607161441e-07,1.829228657435067e-09,1.8794958922541127e-09,8.286151143011011e-08,1.004744998311935e-08,1.1116078058037715e-09,2.6764124250178156e-09,2.879521048271272e-07,2.1282757245444373e-07,291.47308349609375,2.5307269169161373e-08
high_roughness_0134,high_roughness,117.35600280761719,46.9010009765625,367.75323486328125,0.002290448173880577,84.96175384521484,4.55505357876973e-07,316.86541748046875,0.0016638985835015774,5.768426944996463e-07,253.1251220703125,1.4524295011142385e-06,224.81556701660156,9.626560881770274e-08,42.629058837890625,2.4677819965290837e-05,0.00013860476610716432,4.974597231921507e-07,11.089757919311523,3.768408021187497e-07,169.44813537597656
high_roughness_0011,high_roughness,117.35600280761719,46.9010009765625,355.6900329589844,607.0881958007812,0.00036285538226366043,141.763916015625,220.28704833984375,26.37550163269043,354.794921875,3.7398223184936796e-08,7.070177221457641e-10,7.146835900861959e-10,0.010009979829192162,3.5005478515870436e-09,8.36807957966812e-05,1.017651185541979e-09,145.9562530517578,9.025568203924195e-08,400.0633239746094,8.589434052908018e-09
low_roughness_0252,low_roughness,117.35600280761719,46.9010009765625,297.64447021484375,325.165771484375,0.001761816325597465,453.4152526855469,241.69570922851562,366.0596923828125,339.98193359375,1.3122478215166211e-08,2.095170202665031e-05,8.988902845885605e-05,110.92980194091797,1.0589530363702693e-09,0.001149366027675569,5.438809957958313e-10,160.2062530517578,5.890269960673322e-08,385.39697265625,3.7251195461607267e-09
low_roughness_0089,low_roughness,117.35600280761719,46.9010009765625,495.478515625,294.2547607421875,3.339215481901192e-08,442.1128845214844,332.9436950683594,189.6233367919922,649.8607788085938,3.3989305592285746e-08,6.195792957441881e-05,8.987185537989717e-07,197.7713623046875,3.4684204397450458e-09,0.0007064888486638665,2.6170925426782787e-09,298.6926574707031,1.550813948369978e-07,678.269775390625,9.963196490048176e-09
high_roughness_0271,high_roughness,117.35600280761719,46.9010009765625,5.699542953152559e-07,1.2929861270549736e-07,518.2407836914062,2.9246547228467534e-07,336.4375915527344,26.239118576049805,2.4101831286316155e-07,2.38670139651731e-07,165.74459838867188,102.52703857421875,3.0844255149986566e-08,8.627329961541363e-09,8.14956933936628e-07,7.202291385510762e-08,1.0080874801587925e-07,3.489361404263036e-07,2.134727594693686e-07,3.0518243931965117e-08
medium_roughness_0079,medium_roughness,117.35600280761719,46.9010009765625,506.1222229003906,399.488037109375,4.6942698617158385e-08,447.30206298828125,372.6484680175781,581.7277221679688,325.8949890136719,0.02305150218307972,1.3907342832908398e-08,1.17396647958401e-09,88.2996597290039,5.989143687656906e-07,0.0008064836729317904,6.012135789212891e-10,143.23562622070312,7.094202203461464e-08,321.19586181640625,0.017483899369835854
low_roughness_0335,low_roughness,117.35600280761719,46.9010009765625,548.1289672851562,698.4973754882812,15.203876495361328,5.826297222455423e-09,9.59072266049077e-10,1.3362824180518373e-09,1.7638937421793344e-08,1.98552285723963e-08,2.214079336537722e-10,2.1407388361982527e-10,1.688909900821045e-09,1.87243998084341e-09,1.168303370713275e-10,4.352886384673127e-10,5.435826011535028e-09,3.8083506126440625e-08,1.6642401234889803e-08,4.875311265806204e-09
high_roughness_0156,high_roughness,117.35600280761719,46.9010009765625,0.04742487892508507,722.8114624023438,6.359961162161198e-07,457.280517578125,0.008163253776729107,3.3319754066951646e-08,1.9753927915644454e-07,593.7880249023438,6.094357019037488e-08,7.52968620787442e-09,2.5212981924482847e-08,0.00048599563888274133,3.582651730837938e-09,5.275123385217739e-06,7.30834770479305e-08,0.006041150540113449,1.744758293398263e-07,445.4708251953125
high_roughness_0106,high_roughness,117.35600280761719,46.9010009765625,0.00026469671865925193,439.4015808105469,395.5642395019531,318.7078552246094,0.001469047274440527,355.6897888183594,162.00445556640625,140.0961151123047,44.10498046875,0.0001746199995977804,0.0019287742907181382,68.26270294189453,0.0008420823724009097,0.0035033575259149075,0.00210528913885355,156.4304962158203,13.574172019958496,140.58221435546875
high_roughness_0137,high_roughness,117.35600280761719,46.9010009765625,315.07763671875,482.37078857421875,0.00020901371317449957,84.73387908935547,246.925537109375,111.38641357421875,49.07186508178711,3.059634323676619e-08,4.841873013639031e-10,4.503087625007396e-10,0.0014772381400689483,3.1333491357088405e-09,0.00012187402899144217,9.514000698374048e-10,0.0041059586219489574,7.14985617378261e-08,316.9903869628906,7.36684402369292e-09
high_roughness_0187,high_roughness,117.35600280761719,46.9010009765625,479.93359375,560.2283325195312,199.64895629882812,3.2595875154584064e-07,2.8043887615203857,235.58375549316406,2.659762543544275e-08,761.7341918945312,5.350140330762088e-10,4.91325591323033e-10,1.9061683342869173e-09,0.005082808434963226,3.036654816490625e-10,1.6733521235323678e-09,6.538025232316613e-09,549.263427734375,2.1931505500560888e-08,529.8999633789062
medium_roughness_0232,medium_roughness,117.35600280761719,46.9010009765625,610.2510986328125,213.00048828125,452.2106628417969,9.735281025768927e-08,0.0068000368773937225,0.030800890177488327,3.4110236413198436e-08,225.44821166992188,2.4177925297408365e-06,5.328336660781474e-10,3.276839466437309e-09,115.4091796875,3.710163010151035e-10,0.0006024474278092384,1.1721100534600737e-08,0.0011450162855908275,3.0582164356474095e-08,317.1776123046875
low_roughness_0184,low_roughness,117.35600280761719,46.9010009765625,37.50586700439453,480.61651611328125,1.8196706363937665e-08,6.638565697159038e-09,0.0008057394297793508,166.8929443359375,2.562981826770283e-08,2.8332040713507922e-08,3.8937539303951496e-10,3.8721281736542323e-10,2.2216144479614286e-09,2.4516659813400565e-09,2.444511260080162e-10,5.640343192503394e-10,7.669457957604209e-09,5.617041054506444e-08,2.3643742963486147e-08,6.693019027892433e-09
medium_roughness_0302,medium_roughness,117.35600280761719,46.9010009765625,325.4630432128906,310.88226318359375,2.708813156004908e-07,519.64599609375,70.6175765991211,514.2984008789062,292.5328369140625,3.17744124345154e-08,5.811910397390818e-10,5.435221717142724e-10,0.19459760189056396,3.0303846099144494e-09,0.00013666192535310984,8.353314706610604e-10,170.842041015625,7.287830072755241e-08,375.60491943359375,7.596461237824315e-09
high_roughness_0245,high_roughness,117.35600280761719,46.9010009765625,599.7473754882812,0.001406390918418765,80.90206909179688,7.874223229009658e-08,465.6101379394531,0.0011168306227773428,7.23085307186011e-08,1021.7631225585938,2.911351715262356e-10,3.893768918405982e-10,4.802418462901414e-09,1.3740572235576565e-08,3.961466155111282e-10,4.3383729941837146e-10,1.7201402968680668e-08,8.065045875582655e-08,6.480545522435932e-08,532.0792236328125
medium_roughness_0286,medium_roughness,117.35600280761719,46.9010009765625,339.19061279296875,357.4939880371094,59.15304946899414,528.9259643554688,366.5563049316406,448.75,447.7276916503906,1.850259145896871e-08,3.1036312408971867e-10,2.9678218216311336e-10,0.0020127566531300545,1.6444926531633541e-09,6.352345871540876e-10,4.639406914197508e-10,0.022972529754042625,4.6062588410222816e-08,725.0353393554688,4.207528991884146e-09
low_roughness_0061,low_roughness,117.35600280761719,46.9010009765625,435.0053405761719,390.31488037109375,4.864464031584248e-08,656.8272094726562,323.8587951660156,313.3861999511719,576.1553344726562,9.917243204426995e-08,1.7068669810882398e-09,1.7352217440702589e-09,0.03876557573676109,9.180785021101201e-09,1.4467430446529761e-05,2.37451458495741e-09,213.66587829589844,2.0359421171178838e-07,609.435791015625,2.3326780507204603e-08
high_roughness_0296,high_roughness,117.35600280761719,46.9010009765625,710.8324584960938,96.11517333984375,385.1438903808594,1.408046443884814e-07,0.0001406100782332942,0.0009928832296282053,0.0007829486858099699,0.0002748928382061422,0.0011486124712973833,40.55206298828125,0.002746298909187317,0.00157678232062608,0.0025338672567158937,0.0017625383334234357,0.002894010627642274,6.65387688059127e-07,0.0022161644883453846,0.001425216905772686
medium_roughness_0065,medium_roughness,117.35600280761719,46.9010009765625,984.6686401367188,0.002864178968593478,179.58660888671875,7.461665774144421e-08,0.000153736982611008,0.0006562541821040213,6.935194107882126e-08,1081.8253173828125,4.900013172992601e-10,7.264022161557193e-10,5.89259308014789e-09,5.07058939547278e-06,5.833811766997599e-10,6.820390918704788e-10,2.250227026934226e-08,1.1889075324234e-07,6.237203109549228e-08,1131.4656982421875
low_roughness_0334,low_roughness,117.35600280761719,46.9010009765625,834.4417114257812,375.0123596191406,1.6769046169429203e-06,2.6608624192903108e-09,4.849734480671941e-08,1.1881118666678958e-07,1.1755046358530308e-07,1.2463726939415665e-08,2.429122458735833e-10,2.825214784341057e-10,3.3409530697525724e-09,1.0977146969182172e-09,3.1978056314052594e-10,3.197030973289827e-10,1.1398920030103454e-08,3.3154925915823696e-08,1.6893528709260863e-07,2.6187703117130923e-09
low_roughness_0190,low_roughness,117.35600280761719,46.9010009765625,714.0702514648438,968.92529296875,2.6726134194632323e-08,222.85162353515625,3.6694520755276017e-09,7.097493380570086e-06,4.4023284573313504e-08,3.0746281964866284e-08,3.0716237886529996e-10,3.0855168420274026e-10,2.670848875396814e-09,2.269778587304927e-09,1.9265961048731128e-10,5.362768007444174e-10,9.022827818228052e-09,6.969525401245846e-08,3.965356043522661e-08,6.23121820808592e-09
medium_roughness_0390,medium_roughness,117.35600280761719,46.9010009765625,278.46173095703125,2.4310015760420356e-06,287.8807067871094,4.7411056414148334e-08,94.39019012451172,468.51043701171875,7.773966359536644e-09,0.002523592673242092,2.7187520572624635e-06,1.0651435289332767e-09,8.46697989498324e-10,0.003790218848735094,4.717340962301364e-10,0.000151615880895406,2.6113882167777547e-09,0.00015987013466656208,6.539647046110986e-09,260.5491638183594
medium_roughness_0270,medium_roughness,117.35600280761719,46.9010009765625,444.0419616699219,0.0008504415163770318,406.5260925292969,6.408515673683723e-08,466.8430480957031,0.0014180972939357162,8.063693002213768e-08,2.965781931152378e-08,124.22789001464844,0.0011179110733792186,9.278079637908832e-09,53.0426139831543,8.407120333231433e-09,6.157002019335778e-09,3.033300544075246e-08,1.3466987525134755e-07,7.396837986561877e-08,0.0004176610382273793
high_roughness_0182,high_roughness,117.35600280761719,46.9010009765625,76.51174926757812,4.564561459119432e-05,86.51786041259766,5.292311922033832e-09,282.81201171875,1.4101442236125195e-09,5.742332476188494e-08,2.0065382244638386e-08,2.814071475842894e-10,3.000841797273779e-10,5.128809821286495e-09,2.0831281144495506e-09,2.784699693059167e-10,5.858790119717128e-10,1.72859611069498e-08,4.5051454122813084e-08,7.132925361474918e-08,4.7749262321872266e-09
medium_roughness_0355,medium_roughness,117.35600280761719,46.9010009765625,416.13916015625,884.6068115234375,1.7384326866931588e-08,1.782773928482584e-08,1.8605564866547297e-09,1.9131579165332369e-07,4.2487247498002034e-08,3.6827128013783295e-08,4.668513908789862e-10,4.742909953669994e-10,3.049169583491107e-09,3.037971429975528e-09,3.115095403849466e-10,6.915518158123746e-10,1.0670310857108234e-08,8.009337904013591e-08,3.798295722390321e-08,8.16562106820129e-09
high_roughness_0305,high_roughness,117.35600280761719,46.9010009765625,0.004139772150665522,991.8013916015625,2.96303408475751e-08,0.03485395386815071,0.0007184483110904694,1.7254753856832394e-06,7.656775125042259e-08,8.342066593058917e-08,6.17774886801925e-10,6.271481112207766e-10,4.147301613244281e-09,4.557779043068422e-09,4.210713999697191e-10,9.4281749074554e-10,1.4391456915063827e-08,1.7585533385044982e-07,6.289948117910171e-08,1.4372419698815975e-08
high_roughness_0128,high_roughness,117.35600280761719,46.9010009765625,0.0035611113999038935,460.5669860839844,235.12744140625,536.8781127929688,0.005869328510016203,1.130270277371892e-07,2.3300667351122684e-07,898.4183349609375,3.006302762287305e-09,2.654525932399565e-09,2.3585819519666984e-08,0.0005665735807269812,9.910219311848323e-10,4.957831922780542e-09,7.579011196412466e-08,3.1347768526757136e-05,2.129030889364003e-07,771.1629638671875
low_roughness_0209,low_roughness,117.35600280761719,46.9010009765625,326.6331787109375,1097.6041259765625,2.4363028927609776e-08,476.3583679199219,124.1806640625,4.733293756942203e-10,459.6827392578125,1.3662192088759184e-07,2.6140742903635328e-09,2.702440271562523e-09,0.0006582796922884881,1.401449445381786e-08,5.032495531409609e-10,3.97800459239761e-09,0.003674290608614683,2.6905308914138004e-07,457.87255859375,3.3410120892085615e-08
high_roughness_0163,high_roughness,117.35600280761719,46.9010009765625,332.323486328125,0.0005280546611174941,329.4593200683594,5.9075631497762515e-08,0.008095694705843925,0.001008258550427854,2.597865602638194e-07,1396.9161376953125,2.8328853929338038e-08,2.40007818064214e-08,5.317813744909472e-08,418.7979431152344,7.826902681529191e-09,1.9410966167754395e-09,1.3679205324024224e-07,1383.81787109375,2.4122181230268325e-07,1380.4766845703125
high_roughness_0018,high_roughness,117.35600280761719,46.9010009765625,356.1412048339844,478.5757141113281,5.1019810598518234e-08,1005.6019287109375,414.3369445800781,239.93161010742188,1209.97607421875,8.802695816712003e-08,1.803072247064108e-09,1.8733865569942054e-09,152.53436279296875,8.079499735913487e-09,7.882843783590943e-05,2.0214299123466617e-09,243.68927001953125,1.746041675687593e-07,1244.6375732421875,2.1356063584221374e-08
low_roughness_0278,low_roughness,117.35600280761719,46.9010009765625,116.55094909667969,631.220458984375,4.9503320553867525e-08,439.9478759765625,552.4966430664062,131.32815551757812,513.81640625,1.0774247982681118e-07,2.054669323570124e-09,2.0896264718572866e-09,0.00398782454431057,1.0574236597449271e-08,1.2728837646136526e-05,2.7831932314370533e-09,142.08436584472656,2.120457622822869e-07,589.484619140625,2.6977138745110096e-08
low_roughness_0255,low_roughness,117.35600280761719,46.9010009765625,215.0939483642578,423.9012756347656,442.67327880859375,4.035845080352374e-08,427.4866943359375,125.18568420410156,3.6268943404138554e-06,400.82275390625,1.902134386000398e-06,1.8055768013000488,1.1818389111795113e-06,84.38700103759766,51.61865234375,0.0447830855846405,5.472400971484603e-06,417.16326904296875,2.5129318146355217e-06,211.3076934814453
medium_roughness_0190,medium_roughness,117.35600280761719,46.9010009765625,253.06918334960938,508.572021484375,186.63563537597656,378.9873352050781,192.27333068847656,2.4480645066660145e-08,87.51185607910156,0.011103980243206024,1.3775899105894496e-06,2.385055530851332e-08,110.78055572509766,58.879859924316406,90.94401550292969,2.810747048442863e-07,113.82640075683594,2.2013823297584167e-07,96.7047348022461,285.3489685058594
high_roughness_0339,high_roughness,117.35600280761719,46.9010009765625,233.79603576660156,565.876953125,5.023677474014221e-08,337.20477294921875,94.12646484375,385.5619201660156,873.524658203125,9.565958691837295e-08,1.9225920855348022e-09,2.0292139080169136e-09,47.66868591308594,8.850201460575136e-09,3.8968223092794574e-10,2.4035220480556063e-09,244.31488037109375,2.005722024023271e-07,887.0571899414062,2.208151883564824e-08
low_roughness_0123,low_roughness,117.35600280761719,46.9010009765625,408.6806945800781,0.00022498046746477485,4.79336792480467e-09,1.0448751197600359e-08,3.317817409698165e-10,1.149836226232992e-08,2.4827393474424753e-08,2.7692520276900723e-08,2.4589094649307697e-10,2.5102206424598705e-10,2.397057663472424e-09,2.7199136276578884e-09,1.9271031992396104e-10,6.023935239518607e-10,7.711026484003014e-09,5.145165005160379e-08,2.3441453222972086e-08,6.9366454802377575e-09
high_roughness_0068,high_roughness,117.35600280761719,46.9010009765625,106.76408386230469,70.95820617675781,180.31222534179688,1.919174863473927e-08,544.233642578125,0.0011559418635442853,1.7588073220053957e-08,4.258462922734907e-06,4.4646880636989295e-10,4.3115633285850663e-10,1.8839858562103018e-09,1.0540769146416551e-08,2.422981815186631e-10,7.709228810881541e-10,6.509258021480946e-09,7.352992525966329e-08,1.6226799459673202e-08,76.816650390625
high_roughness_0230,high_roughness,117.35600280761719,46.9010009765625,0.00039049956831149757,318.7838439941406,2.0932564837039536e-07,79.92205810546875,76.05374145507812,1.8344260865887918e-07,415.307861328125,35.03408432006836,146.61863708496094,0.001454919227398932,33.62324142456055,0.024445831775665283,11.890263557434082,1.460075600334676e-05,34.02592849731445,192.92686462402344,196.7330322265625,17.912490844726562
medium_roughness_0342,medium_roughness,117.35600280761719,46.9010009765625,338.4355773925781,350.8768005371094,254.17893981933594,168.5045928955078,0.00333636486902833,151.90985107421875,0.0002563482557889074,2.1994845056383383e-08,2.6416044420329854e-05,5.697958840755746e-05,36.87894058227539,1.8624062292360577e-09,0.00022503560467157513,5.018730431238794e-10,176.06561279296875,5.479674669572887e-08,0.003569256979972124,4.6979127255042386e-09
high_roughness_0119,high_roughness,117.35600280761719,46.9010009765625,219.37142944335938,418.7926025390625,508.5419921875,138.7602081298828,14.7232027053833,208.5679473876953,0.0017014389159157872,492.3402099609375,1.4195515873893783e-09,1.2593140974459516e-09,7.739371921111626e-10,48.06486892700195,1.4468183318072647e-09,0.00023520877584815025,4.877747539211441e-09,436.08697509765625,6.650592965229407e-09,258.515625
high_roughness_0116,high_roughness,117.35600280761719,46.9010009765625,459.525634765625,274.269775390625,0.0018821456469595432,449.5829162597656,342.87847900390625,0.03439319506287575,976.7077026367188,7.1524887346186e-08,1.0293995655885624e-09,9.09846531449432e-10,181.40467834472656,5.989773121939379e-09,0.0005721893394365907,1.5189183244501692e-09,255.60133361816406,1.4252937319270131e-07,1037.1551513671875,1.6944799341445105e-08
medium_roughness_0393,medium_roughness,117.35600280761719,46.9010009765625,562.3953247070312,751.2981567382812,1.789908488092351e-08,2.9097613207795803e-08,3.4609811905284005e-08,2.6764839233806015e-09,5.616623610649185e-08,5.6918882052059416e-08,5.970243188713198e-10,5.988661788691729e-10,4.031173617136119e-09,4.205122028366759e-09,3.7349001669184645e-10,9.250015753359264e-10,1.4045187235467438e-08,1.1475811589889418e-07,5.005781389399999e-08,1.2222329814903787e-08
medium_roughness_0080,medium_roughness,117.35600280761719,46.9010009765625,407.17718505859375,614.7892456054688,3.733928011229182e-08,456.201416015625,0.002467852085828781,0.014771467074751854,775.527099609375,654.8515014648438,1.8428618631105564e-09,2.2600803450956164e-09,1.1787107467853275e-07,0.001423484180122614,4.9362900433891355e-09,8.45157410367392e-05,1.3251273003334063e-06,846.250244140625,635.3574829101562,140.53453063964844
high_roughness_0026,high_roughness,117.35600280761719,46.9010009765625,569.6245727539062,327.88641357421875,311.6524658203125,624.6576538085938,8.460028766421601e-06,247.59036254882812,659.701904296875,8.259122097342697e-08,1.0961225260786023e-09,1.4180415730535856e-09,113.19964599609375,6.3988507825740726e-09,4.707503831014037e-05,1.4875722875729025e-09,436.4952697753906,1.657670338772732e-07,879.64306640625,1.9049117838676466e-08
medium_roughness_0313,medium_roughness,117.35600280761719,46.9010009765625,549.3430786132812,643.9013671875,6.755040526940093e-09,5.318795182063241e-09,3.6607068487626293e-09,1.3572636348158085e-09,1.8665037515575023e-08,1.546123229445584e-08,2.0157231439554835e-10,1.9959894848042836e-10,1.656726977827816e-09,1.4583186880301469e-09,1.166918089934299e-10,3.6826600102735085e-10,5.434384942049064e-09,3.255578917560342e-08,1.79443766512577e-08,3.6577822992711617e-09
high_roughness_0200,high_roughness,117.35600280761719,46.9010009765625,0.0006960181635804474,485.6668395996094,157.64141845703125,5.644729981213459e-07,0.0025757381226867437,3.922708060599689e-07,2.939300998150429e-07,2.555682669935777e-07,308.3304443359375,0.0005272459820844233,4.1785082061096546e-08,1.7435565879964088e-08,3.424034389354347e-08,1.3384665820126429e-08,1.458847407320718e-07,3.763301208437042e-07,2.6428887167639914e-07,4.1052530264096276e-08
high_roughness_0289,high_roughness,117.35600280761719,46.9010009765625,825.2073974609375,929.471435546875,5.296414684607953e-08,423.8768615722656,581.1267700195312,1169.351318359375,1375.7694091796875,1.9311185894821392e-07,1.7306316379972486e-08,2.1123208071571753e-08,428.3604736328125,3.6506957457049793e-08,0.0007097444031387568,1.410607630702998e-08,650.5787963867188,3.12974123062304e-07,1360.89794921875,6.802819996210019e-08
medium_roughness_0360,medium_roughness,117.35600280761719,46.9010009765625,164.70181274414062,754.718994140625,203.50140380859375,1.1447043313239647e-09,3.373940415940524e-08,2.0556511515223974e-07,2.9611301854970407e-08,2.375068319793172e-08,4.2771783337336444e-10,4.2007269884791754e-10,3.023427730397543e-09,2.381367991688421e-09,2.4060756165233954e-10,5.92395188458994e-10,1.0128204053216905e-08,4.7562405569578914e-08,3.088281275154259e-08,6.126544160878211e-09
medium_roughness_0318,medium_roughness,117.35600280761719,46.9010009765625,971.7877807617188,479.4791564941406,5.606648301181849e-08,1.4486884580833248e-08,0.00019081973005086184,139.7960662841797,5.8074945741282136e-08,0.00034917372977361083,3.510876589452039e-10,3.664575032313877e-10,3.389807101683573e-09,2.240568397482434e-09,2.6643551254146303e-10,5.96745430847534e-10,1.1852345771501405e-08,6.464706103770368e-08,5.012020309891341e-08,2.6847155609743822e-09
medium_roughness_0078,medium_roughness,117.35600280761719,46.9010009765625,229.257080078125,0.0013391956454142928,308.19940185546875,7.468429430446122e-08,316.7889099121094,0.0035461639054119587,1.2681879013598518e-07,604.0156860351562,1.4347226340305497e-07,2.0641525679820916e-06,8.952440566645237e-09,78.14128112792969,1.8210131713658484e-07,0.0007157820509746671,6.789921513927766e-08,467.71026611328125,7.004882007777269e-08,482.2441101074219
high_roughness_0080,high_roughness,117.35600280761719,46.9010009765625,796.474609375,585.5455932617188,2.7770223454126608e-08,250.37649536132812,2.8772168647606122e-08,1.2452463060697028e-08,1.1394751453508434e-07,1.2856712316988705e-07,9.830883884731634e-10,9.952042523408977e-10,6.736230684367683e-09,7.586180572616286e-09,6.498102056440302e-10,1.5410115405956049e-09,2.336668103453121e-08,2.4180567947951204e-07,9.4467246469776e-08,2.410441801714569e-08
high_roughness_0033,high_roughness,117.35600280761719,46.9010009765625,578.4766845703125,795.0410766601562,9.11909214806883e-09,2.33103243374444e-08,1.6737288222046232e-09,3.459655886217661e-07,4.72288306241353e-08,9.824126578905634e-08,4.846594792162762e-10,4.865303715462233e-10,3.1808775613484386e-09,4.362388672518591e-09,3.1191738081304266e-10,8.355656722081051e-10,1.0994565258215516e-08,1.4934856551462872e-07,4.042879098165031e-08,1.5215954718428293e-08
high_roughness_0112,high_roughness,117.35600280761719,46.9010009765625,395.55181884765625,0.035285741090774536,313.5660400390625,5.0010385166388005e-08,97.84677124023438,305.9088439941406,6.970017096818992e-08,220.93014526367188,4.601073411159007e-10,7.342292329681754e-10,6.1672862372574855e-09,0.00017245730850845575,6.189602164141661e-10,2.8774774230022615e-10,2.327904624621624e-08,4.163392475220462e-08,6.519039175145735e-08,357.38592529296875
medium_roughness_0042,medium_roughness,117.35600280761719,46.9010009765625,466.8181457519531,0.0015229088021442294,302.5983581542969,6.578056144235234e-08,834.8373413085938,106.8536605834961,9.926969823936815e-08,1065.1578369140625,4.5717415964041663e-10,5.89875259748851e-10,6.783005712662771e-09,2.4727393466150716e-08,5.728892360501447e-10,5.709518968721738e-10,2.4378227436727684e-08,1.2317525488469983e-07,8.821974972761382e-08,698.1783447265625
high_roughness_0126,high_roughness,117.35600280761719,46.9010009765625,668.5132446289062,527.436279296875,5.1635097975122335e-08,741.8426513671875,8.117838845578262e-09,446.4851989746094,5.951331161213602e-08,4.85280651219e-08,4.960449828672608e-10,5.023164661999147e-10,3.4507428026131493e-09,3.294417849630804e-09,3.31124877517297e-10,7.387453981877456e-10,1.2039819807796448e-08,1.0600331989962797e-07,5.1692552460735897e-08,9.610394258174892e-09
medium_roughness_0259,medium_roughness,117.35600280761719,46.9010009765625,367.18670654296875,0.0012343873968347907,450.164306640625,6.487656634135419e-08,295.97900390625,0.009014506824314594,2.195557868844844e-07,1169.6126708984375,5.129621616362101e-09,4.5916337398921314e-09,2.1571235464534766e-08,313.1478271484375,2.518619757196916e-09,4.146338383748116e-08,8.021110176059665e-08,1139.661865234375,1.943194973819118e-07,1137.98486328125
medium_roughness_0005,medium_roughness,117.35600280761719,46.9010009765625,0.0011436992790549994,2.1636083147313911e-07,464.681640625,4.750003412823389e-08,1014.87158203125,0.0005262071499601007,3.081291310991219e-08,1.222080783236379e-07,9.391266075908788e-08,181.8875732421875,2.6868773872479323e-09,3.7074645575785325e-08,3.2890525858420006e-07,5.379787726411678e-09,1.7187366196935727e-08,1.335855586148682e-07,2.2189729165233985e-08,5.0647209093312995e-08
medium_roughness_0208,medium_roughness,117.35600280761719,46.9010009765625,436.50042724609375,485.75726318359375,2.630209827714225e-08,287.9803771972656,262.22906494140625,192.83404541015625,923.7303466796875,9.969207326321339e-08,1.2717863429045906e-09,1.4651745372518121e-09,60.769630432128906,8.38396552182985e-09,0.0001685764582362026,2.0960453372964594e-09,200.75177001953125,1.8633441811743978e-07,926.5227661132812,2.327274017943637e-08
high_roughness_0204,high_roughness,117.35600280761719,46.9010009765625,948.239990234375,0.002631604205816984,1.5856310708883825e-09,4.0540140133771274e-08,2.118052435662321e-07,0.0006563677452504635,3.8895493048585195e-08,7.178428518272995e-08,4.3319153819609824e-10,4.438443224064059e-10,2.6313775602915257e-09,3.0809668150055813e-09,2.8948562991182314e-10,7.485734809797862e-10,1.0110736248236663e-08,1.1827521007035102e-07,3.360056055612404e-08,1.9652750538057262e-08
medium_roughness_0376,medium_roughness,117.35600280761719,46.9010009765625,732.8207397460938,645.9171142578125,0.019514257088303566,0.014500178396701813,9.725203398147642e-08,176.0694580078125,1.3276352461843999e-08,370.4015808105469,3.1170743763908604e-10,2.862877157561172e-10,1.1785388220886261e-09,0.00026190432254225016,2.096160328646235e-10,9.918141863352048e-10,3.879419452346156e-09,162.47958374023438,1.1415847822604519e-08,271.7967529296875
high_roughness_0386,high_roughness,117.35600280761719,46.9010009765625,682.9446411132812,700.0111083984375,136.12156677246094,1.2866182430570916e-07,321.7834167480469,430.0682373046875,4.979536782911964e-08,1054.8292236328125,4.5040582374866744e-10,4.741661507878803e-10,3.176839458163272e-09,7.11243200302124,3.309607032875306e-10,9.022323999019477e-10,1.0970078179184384e-08,691.03759765625,4.1510229920049824e-08,810.3126220703125
low_roughness_0045,low_roughness,117.35600280761719,46.9010009765625,642.0744018554688,7.896936153883871e-07,406.37469482421875,0.0003817981341853738,59.132286071777344,700.3563232421875,5.1177114102074484e-08,270.607666015625,0.00013329676585271955,1.636257795922802e-09,5.397743585433545e-09,198.00543212890625,7.628414566696051e-10,0.0019871597178280354,1.9357328184810285e-08,0.0055348533205688,4.604352810133605e-08,376.704833984375
low_roughness_0154,low_roughness,117.35600280761719,46.9010009765625,0.0044852145947515965,780.6832885742188,174.9300994873047,457.1548767089844,0.0010577550856396556,63.50428771972656,2.954056199655497e-08,389.4291076660156,4.1684503071515167e-10,3.859483010959508e-10,2.816790134474445e-09,0.0008885655552148819,2.347556871118428e-10,2.13799777881718e-09,9.621435204110185e-09,0.0001743720640661195,2.6238263117761562e-08,399.7904052734375
low_roughness_0191,low_roughness,117.35600280761719,46.9010009765625,986.9161376953125,330.6205139160156,3.710641038878748e-08,2.3483922362288467e-08,8.408882194999023e-07,1.324658072121565e-08,4.3324405396560906e-08,6.00252860749606e-08,5.537498237728755e-10,5.545996439870748e-10,3.2474156697048784e-09,4.0997889527716325e-09,3.533031089908434e-10,8.389944294862062e-10,1.1154101642318892e-08,1.1134380173416503e-07,3.820886718131078e-08,1.2514631997362358e-08
medium_roughness_0296,medium_roughness,117.35600280761719,46.9010009765625,598.622314453125,0.0021098360884934664,108.17486572265625,1.2438333385489386e-07,787.6560668945312,0.003161232452839613,5.6488971722501446e-08,523.6172485351562,3.516499591516009e-10,4.2794304211390966e-10,4.399573150237757e-09,1.0418621521068872e-08,3.4126079739849047e-10,2.0226718078220074e-09,1.533298465972166e-08,6.819773545885255e-08,4.9659263368084794e-08,231.96810913085938
medium_roughness_0140,medium_roughness,117.35600280761719,46.9010009765625,291.8646545410156,303.44281005859375,194.12570190429688,1.8384751854227943e-07,268.4841613769531,155.8783721923828,1.1689420098548453e-08,634.4389038085938,2.068770932339703e-09,1.6834361682427357e-09,8.178414612203255e-10,0.07542159408330917,1.244246150555739e-09,3.1108455811335034e-09,5.8315006157272364e-09,462.6214599609375,8.192079015145737e-09,552.7810668945312
medium_roughness_0362,medium_roughness,117.35600280761719,46.9010009765625,520.0750122070312,0.010726776905357838,198.85215759277344,7.343237484747078e-08,0.001059111556969583,0.002264000941067934,3.286655925194282e-08,0.00018935387197416276,2.1968042940301302e-09,4.2036843450610206e-10,2.8866591339493652e-09,7.236961696577282e-09,1.9011782426137103e-10,2.8581483846323863e-09,9.726293548339981e-09,4.304657252873767e-08,2.9637972076557162e-08,328.8930358886719
low_roughness_0354,low_roughness,117.35600280761719,46.9010009765625,903.4089965820312,700.379638671875,1.2857312015057687e-07,153.83810424804688,6.297943144772944e-08,352.2286376953125,6.449508305195195e-08,7.410676516883541e-08,5.706209393885331e-10,5.767418764790477e-10,3.877917542638443e-09,4.374511863858288e-09,3.7807790231880745e-10,9.11701825145883e-10,1.3464374504223997e-08,1.4916322754743305e-07,5.421839688324326e-08,1.3673903787037034e-08
medium_roughness_0214,medium_roughness,117.35600280761719,46.9010009765625,356.9912414550781,0.005036341492086649,367.6938781738281,2.045767075742333e-07,327.6162109375,0.0003083585761487484,8.699809939116676e-08,1087.4986572265625,1.89281745832659e-09,1.6715721029569863e-09,6.658221085587002e-09,154.16978454589844,8.103123172453763e-10,1.9020617969545128e-08,2.5965888994505804e-08,554.1483154296875,7.461879647507885e-08,1043.27783203125
medium_roughness_0324,medium_roughness,117.35600280761719,46.9010009765625,0.003912500571459532,557.90234375,95.98786926269531,6.054024836998906e-09,0.004489441402256489,1.7052140810491778e-09,2.023996437117148e-08,2.2726389659055712e-08,3.058674424849528e-10,3.035433016052025e-10,1.9472743417736638e-09,2.1577397646410645e-09,1.7843233834913264e-10,5.019429316632795e-10,6.585107570344917e-09,4.344903103969955e-08,1.9005275575523228e-08,5.656786594698815e-09
low_roughness_0073,low_roughness,117.35600280761719,46.9010009765625,0.014132000505924225,386.68780517578125,389.3086242675781,475.0472412109375,0.005833792965859175,5.5758704320396646e-08,2.216886230144155e-07,1.4717650742568367e-07,156.3407745361328,116.34042358398438,27.119216918945312,1.7438924970747394e-08,0.001655983505770564,3.236360498704016e-05,0.030577195808291435,2.638602154547698e-07,2.2213558281691803e-07,1.6293231652753093e-08
low_roughness_0002,low_roughness,117.35600280761719,46.9010009765625,930.0560302734375,1.540616239026349e-07,211.43734741210938,3.514263369197579e-08,1.5341502148658037e-06,483.84539794921875,1.5366712347031353e-08,28.053735733032227,2.6178051393266344e-10,2.433606649532294e-10,1.5071009995537565e-09,0.0007595635252073407,1.530337245814195e-10,2.558059713919647e-05,4.774125095252657e-09,0.000251972844125703,1.3164545009658468e-08,203.00390625
medium_roughness_0221,medium_roughness,117.35600280761719,46.9010009765625,672.4588012695312,532.8609008789062,5.0873076418156415e-08,210.5474853515625,6.61136922985861e-10,181.01425170898438,5.0952902341805384e-08,4.472013515055551e-08,4.0007769319672093e-10,4.0584821614508826e-10,2.872982074464403e-09,2.8133859686363394e-09,2.7516899869794997e-10,6.284688880420219e-10,9.979114423686042e-09,1.040071779812024e-07,4.300676792468039e-08,8.186783695407485e-09
high_roughness_0345,high_roughness,117.35600280761719,46.9010009765625,0.00037961325142532587,991.916259765625,948.544921875,1.838565566458783e-08,247.2924346923828,2.9814131607963645e-08,2.1211020495570665e-08,4.087797833562945e-08,3.428723138743095e-10,3.4777855595358176e-10,1.942018768019693e-09,2.551756805857508e-09,2.198408538545138e-10,5.214594311908627e-10,6.724445889005892e-09,5.6589584573885077e-08,1.9696994257856204e-08,8.51428794135245e-09
high_roughness_0056,high_roughness,117.35600280761719,46.9010009765625,388.2273254394531,0.0006198828341439366,0.016426537185907364,8.630757264427302e-08,254.61622619628906,0.0010183824924752116,1.4574122531030298e-07,1.7091405197788845e-06,1.0401252836800268e-07,7.824757375374247e-08,1.1400789645676923e-08,282.980712890625,1.613617683915436e-09,1.3182527425215085e-07,4.014724197531905e-08,2.0146842416579602e-07,1.2798641080280504e-07,684.41064453125
low_roughness_0137,low_roughness,117.35600280761719,46.9010009765625,615.3421020507812,0.0001321785821346566,4.165471523265296e-09,6.088277437754641e-09,3.240199775156327e-10,2.4896804617924317e-09,1.8546472801972413e-08,1.8886893826675077e-08,2.4382248997589784e-10,2.4262977738054303e-10,1.7514852901356903e-09,1.8165347004384103e-09,1.467721916226239e-10,4.3299655527739844e-10,5.81899017859655e-09,3.735188869313788e-08,1.7561189835646474e-08,4.632697780948547e-09
medium_roughness_0096,medium_roughness,117.35600280761719,46.9010009765625,322.40679931640625,438.75958251953125,4.477655224377486e-08,88.09642791748047,256.09222412109375,1004.8171997070312,1340.8109130859375,1.2719330300114962e-07,3.592402375574011e-09,3.8531955404152995e-09,217.99685668945312,1.3892150541039427e-08,0.0005665471544489264,3.771288170639764e-09,722.9966430664062,2.331564843416345e-07,1339.538330078125,3.439796714133081e-08
low_roughness_0178,low_roughness,117.35600280761719,46.9010009765625,259.140380859375,185.2338409423828,1.820082644599097e-07,501.5589294433594,0.04797225072979927,0.007765638642013073,40.89760971069336,4.1316784660239136e-08,8.524635441986561e-10,8.93679130697933e-10,0.00023694869014434516,4.0432861503347794e-09,2.2402636690177502e-10,1.1563920931934035e-09,0.0009943393524736166,9.576620385587375e-08,383.13482666015625,9.809947520977857e-09
high_roughness_0375,high_roughness,117.35600280761719,46.9010009765625,13.77947998046875,480.2398681640625,3.814355054032603e-08,334.9100036621094,37.57540512084961,494.76654052734375,290.182861328125,0.006444234866648912,0.0008821152150630951,0.000369652989320457,66.91044616699219,5.256848112367152e-07,0.0031069773249328136,6.103754276409745e-05,93.23200988769531,14.80106258392334,263.9832763671875,0.0013275252422317863
low_roughness_0280,low_roughness,117.35600280761719,46.9010009765625,121.84710693359375,620.6663818359375,3.7194276103491575e-08,224.08409118652344,702.207275390625,1023.3734130859375,1249.4302978515625,1.3135681342646421e-07,2.7088238319095126e-09,2.7821687176299292e-09,130.38214111328125,1.2929781689763331e-08,0.0003378878172952682,3.12491010845406e-09,503.56024169921875,2.3322652964452573e-07,1264.4639892578125,3.405867943229168e-08
medium_roughness_0056,medium_roughness,117.35600280761719,46.9010009765625,140.11083984375,357.204833984375,7.641878596587048e-08,262.1041564941406,110.41219329833984,263.5055236816406,370.9771423339844,5.243722966952191e-08,1.2833683005197827e-09,1.4451110308399961e-09,0.0018418347463011742,6.209956993075139e-09,0.00010677275713533163,2.257533937566336e-09,0.007452902849763632,1.3429961143174296e-07,386.12860107421875,1.223532208882716e-08
low_roughness_0398,low_roughness,117.35600280761719,46.9010009765625,350.0442810058594,469.44989013671875,476.3785705566406,5.589041407461082e-08,0.7919246554374695,6.482002390839625e-06,6.828481247111995e-08,1083.47900390625,6.24966467466237e-10,7.899096376995374e-10,5.649670065110968e-09,8.466376311844215e-05,5.996182994572052e-10,4.553136478957498e-10,2.072381555251468e-08,9.29172045971427e-08,6.241165095843826e-08,1110.24560546875
low_roughness_0174,low_roughness,117.35600280761719,46.9010009765625,222.07350158691406,2.002020238478508e-07,154.51055908203125,2.2399079568913294e-07,414.264892578125,163.0576629638672,2.0319346560881968e-07,1.5220911109281587e-07,240.9374237060547,22.073318481445312,3.168158002608834e-08,0.000997695024125278,5.31690069749402e-08,7.561424553159668e-08,9.210940277171176e-08,2.9127306788723217e-07,1.8232462650757952e-07,7.85352021921426e-05
medium_roughness_0024,medium_roughness,117.35600280761719,46.9010009765625,226.10398864746094,0.001866367761977017,186.38510131835938,2.9789640620947466e-07,398.8426818847656,0.001276037422940135,86.52799987792969,852.0457153320312,8.694833582012507e-07,0.0004520993388723582,2.4380925722766733e-08,155.25950622558594,8.070185941733143e-08,0.002737325383350253,1.1827994228497118e-07,942.5958251953125,53.53804397583008,598.8333129882812
low_roughness_0309,low_roughness,117.35600280761719,46.9010009765625,7.066851104298166e-09,541.212158203125,563.09716796875,491.2987976074219,525.899169921875,312.2603759765625,296.7536926269531,2.7258250767658865e-08,3.879895302816294e-05,0.00011496431397972628,22.610055923461914,2.680995647708073e-09,0.00044777270522899926,8.538580398287365e-10,128.0181884765625,6.971892219098663e-08,348.96783447265625,6.470673774572333e-09
medium_roughness_0220,medium_roughness,117.35600280761719,46.9010009765625,857.9443359375,225.7701873779297,381.201171875,0.0010721143335103989,7.222175190690905e-05,142.5241241455078,1.7098756188715925e-08,0.005882956553250551,8.360239007743075e-05,1.7029876397955945e-09,1.5354839622006011e-09,61.28202819824219,4.549195742331591e-10,0.00024118322471622378,5.219592313920884e-09,0.0001674106897553429,1.5413386122986594e-08,639.2569580078125
high_roughness_0166,high_roughness,117.35600280761719,46.9010009765625,343.63671875,468.33221435546875,171.2067413330078,379.19635009765625,470.3824157714844,449.61383056640625,3.374614953994751,0.00180579605512321,119.1521224975586,6.143944233372167e-07,142.07888793945312,0.002554886741563678,0.19249369204044342,3.87288582714973e-06,146.24855041503906,0.0007637668750248849,53.570457458496094,0.0028536387253552675
high_roughness_0328,high_roughness,117.35600280761719,46.9010009765625,605.7362060546875,0.020140519365668297,155.45823669433594,9.514716481362484e-08,8.871136856214434e-07,187.87557983398438,2.8324368628318553e-08,0.0004447366518434137,0.0003466429188847542,0.0010274428641423583,2.1726316301595716e-09,44.288116455078125,1.7744541764841415e-06,0.0005440082750283182,7.309403304844864e-09,1.60326663944943e-07,2.3297213047612786e-08,82.09793853759766
high_roughness_0236,high_roughness,117.35600280761719,46.9010009765625,527.7342529296875,0.0013003003550693393,299.1107482910156,4.6340968395952586e-08,520.9398193359375,0.0052999272011220455,1.5914802986571885e-07,1157.7564697265625,3.4706373330806173e-09,8.689088337732187e-10,1.2577423547099897e-08,0.0010811846004799008,1.031002949680726e-09,1.579024577758048e-09,4.46990711111539e-08,0.00016656465595588088,1.4008340087912075e-07,1096.58447265625
low_roughness_0340,low_roughness,117.35600280761719,46.9010009765625,528.906005859375,2.3926611447677715e-07,6.062035140530497e-08,5.560629645628978e-08,2.501556739531452e-09,490.474365234375,6.383713468949281e-08,3.689920902161248e-07,1.1979339742396178e-09,1.2021869055800494e-09,5.717215589839952e-09,1.2662585646694424e-08,5.557488247376341e-09,1.8885801811308056e-09,1.6924579071542212e-08,2.1084834145312925e-07,5.662467472689059e-08,5.9125571993945414e-08
medium_roughness_0084,medium_roughness,117.35600280761719,46.9010009765625,419.8828430175781,0.0012702682288363576,100.35647583007812,9.658617727836827e-08,0.009694910608232021,0.0011263212654739618,8.696193276591657e-08,1092.369873046875,7.280972491585658e-10,8.021117103851338e-10,6.586237777383985e-09,5.083580667530896e-09,6.05054673030736e-10,1.3768688411630592e-09,2.3425137385402195e-08,1.330492693796259e-07,7.598841733624795e-08,244.20083618164062
medium_roughness_0222,medium_roughness,117.35600280761719,46.9010009765625,0.021747294813394547,342.4852600097656,1.5872114289550154e-08,2.307494462172599e-08,2.2754191419949166e-08,337.69415283203125,5.221148313694357e-08,4.487016980192493e-08,4.951696275234951e-10,4.927032115631391e-10,3.994557129516352e-09,3.7070524427917917e-09,2.827651723880109e-10,8.602382139955012e-10,1.3898750594876219e-08,9.215737861723028e-08,4.8025125209960606e-08,1.0158539787141763e-08
medium_roughness_0160,medium_roughness,117.35600280761719,46.9010009765625,742.5982666015625,1.0632447100533682e-07,207.43234252929688,154.19912719726562,2.85168454183804e-07,248.41966247558594,8.295749864828394e-08,724.2056274414062,7.464993068140302e-09,9.591203387060432e-09,7.379008515329133e-09,5.335308728149357e-08,2.072488314297516e-08,6.8298064981320294e-09,3.7653890672117996e-08,0.002977201947942376,6.239094574311821e-08,129.4174041748047
low_roughness_0138,low_roughness,117.35600280761719,46.9010009765625,0.022312521934509277,414.9394226074219,234.47242736816406,33.021297454833984,0.0034147901460528374,1.786839334272372e-07,1.2592275879796944e-06,38.578147888183594,34.683326721191406,3.757039905849524e-07,1.2085136802397756e-07,89.76952362060547,1.063238528331567e-06,0.018063347786664963,8.945302170104696e-07,0.0020923425909131765,6.561246550518263e-07,149.11920166015625
medium_roughness_0146,medium_roughness,117.35600280761719,46.9010009765625,603.3418579101562,0.00026707613142207265,64.99029541015625,1.6255857104852112e-08,0.0007606479339301586,4.482372162328829e-08,2.921149899748343e-08,4.011891974187165e-08,5.292137839063571e-10,5.270520131439582e-10,2.7714224248853725e-09,3.6795022584357184e-09,3.195037567849113e-10,7.659674006177397e-10,9.619746776934335e-09,6.948540232087907e-08,2.710060265087577e-08,1.0507046788177377e-08
high_roughness_0301,high_roughness,117.35600280761719,46.9010009765625,434.88775634765625,0.001138986786827445,251.9591522216797,5.47961214181214e-08,142.6049041748047,0.0001441979402443394,7.415993508175234e-08,1025.2930908203125,8.249589344977437e-10,9.347385088176452e-10,6.125072449236768e-09,4.364087726571597e-05,6.570513022552404e-10,6.928708162767805e-10,2.196742698856724e-08,6.584519951502443e-08,6.773596794573677e-08,1018.8834228515625
high_roughness_0279,high_roughness,117.35600280761719,46.9010009765625,364.5858459472656,304.4565734863281,93.52823638916016,657.0521240234375,0.32950329780578613,547.1008911132812,803.9685668945312,0.030169766396284103,1.181354236656773e-09,1.3680419019834744e-09,0.014882976189255714,1.2701208973453504e-09,2.6147124465580873e-09,6.797987173179365e-10,200.42782592773438,223.95779418945312,763.5001831054688,9.496745612125324e-09
high_roughness_0284,high_roughness,117.35600280761719,46.9010009765625,474.818603515625,505.2104187011719,473.7569580078125,346.947021484375,176.16639709472656,222.13951110839844,0.00888913031667471,492.4631652832031,4.474212111915676e-09,1.1961326373821635e-09,1.560113482845793e-09,8.984465599060059,7.482794384117142e-10,0.0002912674972321838,4.571325540325688e-09,660.24951171875,0.002794237807393074,256.7736511230469
high_roughness_0261,high_roughness,117.35600280761719,46.9010009765625,511.68658447265625,686.9949951171875,3.8988021699992714e-09,2.7416707126803885e-08,7.829759169908357e-07,1.314832758225748e-07,2.614604177608726e-08,9.630601027765806e-08,3.003240989229994e-10,2.828768330687126e-10,2.3527846337856317e-09,4.95902385821978e-09,2.491165884688229e-10,7.784185518389108e-10,7.383457845122621e-09,1.0247772053162407e-07,2.3412184191329288e-08,2.108906826947532e-08
low_roughness_0152,low_roughness,117.35600280761719,46.9010009765625,527.1795654296875,6.589930308109615e-07,510.9992370605469,7.211071739732233e-09,386.5015563964844,409.13360595703125,9.560322666857246e-08,0.0014019409427419305,8.98269403304397e-10,9.182444249411503e-10,6.383272133092532e-09,6.2877854034582015e-09,6.127405804967623e-10,1.3832784917511276e-09,2.1952390127921717e-08,1.523906689726573e-07,8.218719926844642e-08,1.2889202594124072e-08
high_roughness_0082,high_roughness,117.35600280761719,46.9010009765625,101.15560913085938,8.43430939312384e-07,411.3567199707031,16.706069946289062,171.63031005859375,55.392093658447266,328.5384826660156,319.7468566894531,0.0010727792978286743,0.00924147479236126,8.248038284364156e-06,85.57709503173828,0.009821421466767788,12.290252685546875,2.4056171241682023e-05,401.15814208984375,163.7584228515625,175.1160430908203
high_roughness_0282,high_roughness,117.35600280761719,46.9010009765625,588.1796875,7.693328996083437e-08,426.6171875,2.3132749049636914e-09,410.28759765625,528.6058959960938,1.4109110679783043e-07,1049.41796875,4.4717615721445725e-10,4.321698277021113e-10,9.024634373133722e-09,0.00019803042232524604,4.752825910614433e-10,5.297289590089349e-06,2.9749601893058752e-08,540.2137451171875,1.1733732918628448e-07,581.1205444335938
high_roughness_0181,high_roughness,117.35600280761719,46.9010009765625,956.329345703125,0.04128269851207733,411.7765197753906,1.4940077619485237e-08,2.564065937349369e-07,3.938003700909576e-08,1.6735668850742513e-08,2.551874977996249e-08,2.852189040503106e-10,2.8574326238484105e-10,1.7638219773630226e-09,2.984011704398881e-09,1.750195266492227e-10,5.627115440276498e-10,6.057374157819595e-09,3.988727215187282e-08,1.5795164287624175e-08,8.646571458825747e-09
low_roughness_0038,low_roughness,117.35600280761719,46.9010009765625,494.673583984375,611.4368896484375,273.236328125,4.846245627021517e-09,2.9461435513411516e-09,1.3569996237805526e-09,1.5991322044328626e-08,1.5199537628518556e-08,2.3767018908493753e-10,2.3715079899844227e-10,1.4993166708165973e-09,1.459214526988717e-09,1.481774841716188e-10,3.6497593836060105e-10,5.036530748014911e-09,3.108593205070065e-08,1.522147030641463e-08,3.7178866651998987e-09
medium_roughness_0037,medium_roughness,117.35600280761719,46.9010009765625,719.9421997070312,1.1074757821916137e-07,257.26239013671875,1.8315827077231006e-08,259.86859130859375,297.76953125,2.2161211177262885e-07,1436.0745849609375,6.219523118744519e-09,6.296594357024787e-09,2.483847616474577e-08,215.02255249023438,3.368081369359288e-09,3.4101563795019274e-09,8.461982758944941e-08,1418.520751953125,1.9862302735873527e-07,1393.343017578125
low_roughness_0151,low_roughness,117.35600280761719,46.9010009765625,57.50184631347656,1.1443015779377674e-07,0.01730545237660408,4.4370086271783293e-08,259.2486267089844,0.0032036604825407267,3.7600493385525624e-08,56.1175537109375,1.0411330464421553e-08,0.0007790622184984386,1.8568516724215556e-09,0.00023112140479497612,1.9859470512528787e-08,1.0498013125470607e-08,1.3166754797566682e-08,2.67077979287933e-07,2.7065786056823526e-08,123.62077331542969
high_roughness_0014,high_roughness,117.35600280761719,46.9010009765625,551.7465209960938,702.3048706054688,208.51614379882812,413.3327331542969,7.855389116961931e-10,88.64463806152344,2.673102805772487e-08,74.24371337890625,3.2313493547597716e-10,3.716055518854233e-10,2.685734967755593e-09,0.0004133187758270651,2.1331292288095938e-10,5.848465267632719e-09,9.11571884643081e-09,0.00025130005087703466,2.3740719612419525e-08,106.77064514160156
low_roughness_0078,low_roughness,117.35600280761719,46.9010009765625,599.7049560546875,9.979779861168936e-05,426.2585754394531,8.222495573306787e-09,2.5019752936117357e-10,3.716390528651914e-09,1.968963303511373e-08,2.4450406144183034e-08,2.54644139108251e-10,2.467295534547276e-10,1.999854504219911e-09,2.46049647323332e-09,1.349485384549709e-10,5.44472633645654e-10,6.5081779965225905e-09,4.444123291591495e-08,1.8536217893938556e-08,6.363056748170948e-09
low_roughness_0270,low_roughness,117.35600280761719,46.9010009765625,57.77632141113281,0.0016793058020994067,0.00011825610999949276,287.7070617675781,243.14512634277344,489.5953674316406,125.06330108642578,5.885976595010334e-09,9.184865484712645e-05,0.000196012100786902,89.74897003173828,6.413399811222575e-10,0.001460322760976851,8.09928314993158e-06,130.17236328125,2.529424136810121e-08,206.7381134033203,0.00019421294564381242
medium_roughness_0206,medium_roughness,117.35600280761719,46.9010009765625,365.09954833984375,378.43914794921875,710.1770629882812,467.66741943359375,144.77267456054688,462.1720275878906,2.794461693156336e-07,2.078316043707673e-07,2.1968293850704868e-09,2.1652388770831976e-09,2.5861449870490105e-08,2.01855296921849e-08,1.0967248220694614e-09,4.521231833365391e-09,7.645888189244943e-08,3.154540877403633e-07,2.0960132474101556e-07,5.746287712327103e-08
medium_roughness_0189,medium_roughness,117.35600280761719,46.9010009765625,667.4329833984375,232.07418823242188,0.07746881246566772,0.0006752429762855172,0.13535253703594208,0.021823327988386154,1.9953786178916744e-08,109.34648895263672,6.223216041689739e-05,2.67296768052816e-10,2.0427082247920225e-09,145.5347442626953,2.328808257345827e-10,0.0006935365963727236,7.01894808941006e-09,0.000716290669515729,1.83382340424032e-08,284.0404357910156
high_roughness_0343,high_roughness,117.35600280761719,46.9010009765625,623.0469970703125,582.9530029296875,2.2130514309992577e-08,450.42205810546875,8.111075366912246e-09,517.7157592773438,6.064070134925714e-08,5.8539480818353695e-08,5.369902300600415e-10,5.443697714824225e-10,3.5790044261574394e-09,3.690100891518e-09,3.630651890240699e-10,7.999849116480107e-10,1.2520004588623124e-08,1.2659971559969563e-07,5.1742759410444705e-08,1.104964564291322e-08
low_roughness_0272,low_roughness,117.35600280761719,46.9010009765625,502.95977783203125,396.2770080566406,5.018218729446744e-08,170.1376190185547,359.38177490234375,272.33087158203125,868.6668701171875,9.703636294489115e-08,1.9240962156885644e-09,1.983209374500916e-09,88.8581771850586,8.884805779985072e-09,0.00025151652516797185,2.265306608961737e-09,210.36978149414062,1.9177210219822882e-07,919.4036865234375,2.3068123411462693e-08
high_roughness_0148,high_roughness,117.35600280761719,46.9010009765625,477.86328125,330.160400390625,1.590962881437008e-07,306.6811218261719,218.13650512695312,286.12774658203125,345.19677734375,5.347003551037233e-08,1.043854669369182e-09,1.0454267451720511e-09,102.60657501220703,4.8548778330825826e-09,0.0003397512773517519,1.3176344459964184e-09,194.51168823242188,1.1908866071053126e-07,448.63201904296875,1.2583303288238312e-08
low_roughness_0258,low_roughness,117.35600280761719,46.9010009765625,499.0213317871094,407.0433044433594,2.3765727164004602e-08,163.4386749267578,1.4162609751622313e-08,231.11795043945312,430.236083984375,2.3589464603901433e-08,1.2773703206292453e-09,1.5083058135800798e-09,2.8965922993506865e-09,1.656442538688907e-09,2.2092640605819724e-08,5.24903120968645e-10,1.930968451802073e-08,9.276279655523467e-08,0.00021333353652153164,4.96085927892409e-09
low_roughness_0034,low_roughness,117.35600280761719,46.9010009765625,437.5846252441406,494.7054138183594,3.686606220298927e-08,401.7288513183594,138.0046844482422,254.49012756347656,535.6251220703125,220.78231811523438,0.0011687836376950145,0.0016655069775879383,106.16423034667969,0.022290064021945,81.78526306152344,7.23663475810099e-08,147.7261505126953,209.8384246826172,505.3548278808594,122.76445770263672
medium_roughness_0141,medium_roughness,117.35600280761719,46.9010009765625,712.0316162109375,0.005090049467980862,4.648854456945628e-08,127.7171630859375,8.19278245245414e-09,0.038622189313173294,1.1030066815465034e-07,1.2942247451519506e-07,8.048979260877331e-10,8.134325990560853e-10,5.98713478794366e-09,6.828816179194064e-09,5.236331923619275e-10,1.3671315191032818e-09,2.0539337342029285e-08,2.526339244468545e-07,8.937379902818066e-08,2.2159658996656617e-08
low_roughness_0167,low_roughness,117.35600280761719,46.9010009765625,568.680908203125,912.7938842773438,2.6532719132887905e-08,7.978732341484829e-09,2.8624747017147456e-09,4.925703933622572e-07,3.726116304392235e-08,3.049258623377682e-08,4.135750630851476e-10,4.2220452134422715e-10,2.7102760036257223e-09,2.4608297621853126e-09,2.794217912605035e-10,5.846499395723015e-10,9.546505808089023e-09,6.600036783765972e-08,3.41756170030294e-08,6.681144970599462e-09
medium_roughness_0332,medium_roughness,117.35600280761719,46.9010009765625,456.7684631347656,374.2294921875,3.311208018885736e-08,358.59954833984375,206.048828125,58.68336486816406,590.5946655273438,0.0022712473291903734,0.00021219920017756522,0.0003368878096807748,78.22044372558594,4.614618376308499e-07,0.001587661332450807,3.7856883864151314e-05,121.43623352050781,0.0027519932482391596,545.3057250976562,0.0010244695004075766
high_roughness_0233,high_roughness,117.35600280761719,46.9010009765625,107.5094223022461,118.7271957397461,348.5397033691406,7.719147561147111e-07,8.83052706512899e-08,1.0903423719454963e-09,2.2029103874388056e-08,2.741486468949006e-07,21.080001831054688,2.841912305484584e-08,2.6239050932019836e-09,47.23778533935547,8.383609917395063e-10,8.258488115586715e-09,8.383613803175649e-09,8.20639272092194e-08,1.9962046238219955e-08,0.00024958921130746603
low_roughness_0119,low_roughness,117.35600280761719,46.9010009765625,536.6788330078125,0.0018172967247664928,302.3827209472656,7.924410283521865e-08,324.67022705078125,0.015563860535621643,1.3087802130939963e-07,1108.36572265625,8.389244854356548e-09,3.771374323946475e-09,1.0645083925453491e-08,0.0018848463660106063,6.900972016055107e-10,2.2739472527177895e-09,3.804175818800104e-08,0.0006682962412014604,1.1412239331320961e-07,1044.399169921875
high_roughness_0038,high_roughness,117.35600280761719,46.9010009765625,294.8352966308594,578.0116577148438,5.677489411937131e-08,618.3395385742188,636.5996704101562,832.0328369140625,1199.5072021484375,9.640543652267297e-08,2.259450848640654e-09,2.4045079261014735e-09,0.024479500949382782,9.468746675622697e-09,1.7151170483842293e-09,2.57380206036828e-09,336.15130615234375,1.933226485562045e-07,1248.6917724609375,2.4127094988557474e-08
medium_roughness_0254,medium_roughness,117.35600280761719,46.9010009765625,359.622802734375,222.51580810546875,227.7576904296875,0.00012499539298005402,151.0504608154297,316.65313720703125,2.615506922154509e-08,153.23370361328125,0.0002206807694165036,5.794034696471329e-10,2.4892958805367016e-09,113.72859191894531,2.655633490888931e-10,0.0008242754847742617,8.532691886387056e-09,0.0010062698274850845,2.3207359589605403e-08,269.61346435546875
high_roughness_0122,high_roughness,117.35600280761719,46.9010009765625,763.6152954101562,388.1521911621094,502.6846923828125,349.98468017578125,0.00055160146439448,3.954514795623254e-07,5.039570183384967e-08,2.8666065077231906e-08,65.2857437133789,6.689283083005648e-08,5.591096474688584e-09,115.13078308105469,4.478857285050708e-09,1.2923543124543357e-08,1.8932698964135852e-08,8.849445265468603e-08,4.67936800419011e-08,0.0013228225288912654
high_roughness_0308,high_roughness,117.35600280761719,46.9010009765625,263.6291198730469,0.0013060912024229765,478.01751708984375,3.240364065959511e-08,398.9197692871094,0.00416002469137311,1.4230336375931074e-07,853.1716918945312,1.8789600630952918e-07,2.9936083478787623e-07,8.564503772845455e-09,137.44415283203125,1.3932112352676995e-08,0.0005928286118432879,6.652092565673229e-08,710.3106079101562,1.1643786024251312e-07,768.9349975585938
low_roughness_0118,low_roughness,117.35600280761719,46.9010009765625,352.7845458984375,1.6629572030524287e-07,611.672607421875,6.625599624499046e-09,244.6314239501953,235.9048309326172,1.6357084575702174e-07,1240.7108154296875,8.547151875148984e-10,9.783222010284476e-10,1.049278797182751e-08,1.7367781765642576e-05,8.822218511284063e-10,9.43346289972169e-10,3.601151021825899e-08,880.7682495117188,1.4035083495400613e-07,943.0007934570312
medium_roughness_0307,medium_roughness,117.35600280761719,46.9010009765625,506.6907958984375,505.20965576171875,168.18017578125,63.60035705566406,1.1997685511744294e-08,9.355558994172952e-09,7.061222362381159e-08,2.798435332351801e-07,34.4522590637207,4.855733095610049e-07,7.350689390506204e-09,117.511962890625,5.38627915602774e-08,1.3911989071857533e-06,3.202838527727181e-08,1.6941187652719236e-07,6.160658472253999e-08,0.0010816613212227821
low_roughness_0361,low_roughness,117.35600280761719,46.9010009765625,544.9091796875,671.5301513671875,2.897245643396218e-08,320.2864685058594,8.210569113487054e-09,3.383026481174056e-08,8.492494174561216e-08,8.671464257758998e-08,5.706438099828404e-10,5.764987931478061e-10,4.371792705626376e-09,4.683026411100855e-09,3.746501442414285e-10,9.715183102443348e-10,1.502658619756403e-08,1.8444320915023127e-07,6.872763691490036e-08,1.4751353916153676e-08
medium_roughness_0322,medium_roughness,117.35600280761719,46.9010009765625,449.6932373046875,0.0024006650783121586,80.34152221679688,2.752434227204503e-07,292.3554992675781,0.002584719331935048,0.02342938259243965,270.1024169921875,5.092163064546185e-07,166.73728942871094,1.9264940931407182e-07,28.55194091796875,8.11973131931154e-06,2.694915110623697e-06,0.0003187368274666369,102.15776824951172,65.20352935791016,105.62850952148438
medium_roughness_0199,medium_roughness,117.35600280761719,46.9010009765625,307.353759765625,463.7848815917969,1.3076785876364738e-07,123.88072204589844,0.1320847123861313,310.4870910644531,289.43731689453125,1.9404238216225167e-08,3.725402621057583e-06,2.5829434889601544e-05,7.532752990722656,1.866709453679505e-09,0.00037019653245806694,6.12922934628557e-10,146.3563690185547,5.1205041984303534e-08,350.8044128417969,4.346699444823798e-09
low_roughness_0130,low_roughness,117.35600280761719,46.9010009765625,357.6913146972656,319.9125061035156,4.6179158630366146e-07,484.3199462890625,454.7899169921875,333.283447265625,216.08514404296875,3.0780608284430855e-08,8.804988405053393e-10,1.9913161395379575e-06,88.91546630859375,3.3411697852869793e-09,0.000484959949972108,1.0045605458586238e-09,171.90069580078125,7.182167394148564e-08,310.234130859375,7.926552747505866e-09
medium_roughness_0093,medium_roughness,117.35600280761719,46.9010009765625,212.65716552734375,280.2281799316406,7.546526603618986e-08,591.7792358398438,145.38291931152344,94.08097076416016,439.618408203125,7.342183749869946e-09,0.00011349668784532696,0.0001870331325335428,158.52687072753906,8.70781946549215e-10,0.0015621422789990902,3.0725572287337855e-05,202.61532592773438,3.4377631408233356e-08,474.2190246582031,2.0052208782317393e-09
low_roughness_0054,low_roughness,117.35600280761719,46.9010009765625,771.884033203125,805.31787109375,1.4259375902270222e-08,0.0051385886035859585,1.4587117291853247e-08,1.3584608993255642e-08,5.2488367430214566e-08,4.9727319151315896e-08,3.768805267867492e-10,3.7581313061529897e-10,3.2385272241697294e-09,3.2843732178378104e-09,2.272073224007798e-10,7.141834901247535e-10,1.0844795284015163e-08,1.072604192131621e-07,4.554600607775683e-08,9.545631840524038e-09
medium_roughness_0357,medium_roughness,117.35600280761719,46.9010009765625,378.09613037109375,3.2499465305591e-06,319.6623229980469,3.254939429098158e-08,252.31265258789062,0.002443442353978753,9.701508133730385e-06,252.1068878173828,6.110524708446974e-08,127.70909118652344,25.645309448242188,5.149566173553467,3.186366939189611e-06,0.011420637369155884,133.2227783203125,334.5078125,12.45750904083252,67.1982650756836
high_roughness_0354,high_roughness,117.35600280761719,46.9010009765625,3.690972880576737e-05,703.2392578125,511.6489562988281,585.1376953125,8.485074864950093e-09,7.576622884641893e-09,5.862808549750298e-08,4.90272000774894e-08,0.000784921576268971,156.55047607421875,0.00018120199092663825,6.6485510430425165e-09,4.8693662392906845e-05,2.0002208778180375e-09,5.945580778643489e-05,9.444580229001076e-08,5.824900739526129e-08,1.4188375807577813e-08
high_roughness_0188,high_roughness,117.35600280761719,46.9010009765625,75.20672607421875,261.66278076171875,0.0009950903477147222,435.55584716796875,261.6228942871094,172.15481567382812,12.79344654083252,3.222477573672222e-08,5.82615011790466e-10,9.923768084263429e-05,118.23225402832031,3.2247386982930948e-09,0.0007826106157153845,8.376752069771953e-10,178.03427124023438,6.73580942134322e-08,226.2108917236328,8.468502343816908e-09
high_roughness_0387,high_roughness,117.35600280761719,46.9010009765625,930.1456909179688,40.03500747680664,373.0270080566406,0.0017569606425240636,1.5863038242969196e-06,0.012415163218975067,2.5789976376699997e-08,244.18423461914062,3.3261365883774374e-10,3.1994221161291136e-10,2.4206503468349183e-09,109.3053970336914,2.6156141141875366e-10,0.00026039977092295885,8.635677062329705e-09,0.0012709414586424828,2.348880556723998e-08,389.1813049316406
low_roughness_0307,low_roughness,117.35600280761719,46.9010009765625,739.4342651367188,480.3084716796875,5.502913236199447e-09,461.5099792480469,4.497338945697038e-09,7.506919860839844,4.9017195635769895e-08,0.0002113967784680426,6.02609628863604e-10,5.811799375088356e-10,4.0743528550990504e-09,2.2286311462949016e-08,3.145905203005839e-10,1.7780256156285645e-09,1.3649930075132488e-08,5.756407972512534e-07,4.2152827006702864e-08,2.246870644739829e-05
low_roughness_0338,low_roughness,117.35600280761719,46.9010009765625,547.0130004882812,577.5206909179688,4.0444525950533716e-08,493.1807556152344,807.0259399414062,515.2919311523438,1426.5162353515625,1.5631725602816005e-07,6.185180367879184e-09,6.895383375393749e-09,343.20611572265625,2.089639572488977e-08,5.715383721849321e-09,6.5234639912148396e-09,822.2962036132812,2.797920330976922e-07,1413.1962890625,4.556425281521115e-08
high_roughness_0299,high_roughness,117.35600280761719,46.9010009765625,359.9855041503906,0.07355599850416183,8.87029827367769e-08,1.6953885406678637e-08,17.644210815429688,28.194957733154297,3.678379130178655e-07,8.778099669370931e-08,1.7127339546618714e-09,1.740890542833995e-09,7.361580856013461e-08,9.905914311048036e-09,9.010474588677653e-10,3.182552443803388e-09,2.1057927312995162e-07,1.913462739366878e-07,4.7392032342941093e-07,2.126132692126248e-08
low_roughness_0142,low_roughness,117.35600280761719,46.9010009765625,49.9857177734375,593.2139282226562,264.0906982421875,4.63878979672927e-09,0.011644610203802586,1.429749652004375e-09,1.732372112428493e-08,1.8948739466395637e-08,3.374368284791984e-10,3.3587585490657546e-10,1.7514383277017487e-09,1.9013135510448365e-09,2.0709925441231292e-10,4.583004253877476e-10,6.031745325429938e-09,3.669551773555213e-08,1.6434681171517695e-08,4.905429840107445e-09
high_roughness_0078,high_roughness,117.35600280761719,46.9010009765625,421.9493103027344,608.9613647460938,286.2026062011719,401.95721435546875,508.26580810546875,1.3071424120880692e-07,811.2421264648438,1012.2491455078125,11.926264762878418,4.991468449588865e-05,84.35856628417969,123.81537628173828,1.535462737083435,0.00045239165774546564,112.01556396484375,1110.653564453125,703.2218627929688,594.548095703125
high_roughness_0034,high_roughness,117.35600280761719,46.9010009765625,401.7576904296875,519.9874877929688,2.669251841780351e-07,160.875244140625,288.29180908203125,342.91302490234375,251.15560913085938,4.389584162822757e-08,9.922814792062695e-10,1.0090194235701233e-09,156.13201904296875,4.276389020674287e-09,0.00069981295382604,1.1589622594954108e-09,214.85025024414062,9.53275431925249e-08,370.2195739746094,1.0957949214684959e-08
low_roughness_0365,low_roughness,117.35600280761719,46.9010009765625,490.05303955078125,0.0014856132911518216,131.9258575439453,8.2134079093521e-08,289.27386474609375,0.0007163301925174892,1.6398460900290956e-07,0.0023735184222459793,2.0030095981837803e-07,1.0856280326843262,1.9090654390652162e-08,286.8616943359375,4.153658306194075e-09,2.3373186195385642e-06,6.237393535002411e-08,5.365199626794492e-07,1.4636133016665553e-07,390.5606994628906
medium_roughness_0041,medium_roughness,117.35600280761719,46.9010009765625,150.24371337890625,479.75067138671875,4.702568290326781e-08,108.15461730957031,330.8254699707031,650.939208984375,1269.1768798828125,1.1325641935400199e-07,2.70966094007008e-09,2.866140436097453e-09,159.6252899169922,1.127779203358159e-08,0.00022800537408329546,2.965616641148472e-09,390.7759094238281,2.1307837982931233e-07,1284.660400390625,2.92364159548697e-08
high_roughness_0326,high_roughness,117.35600280761719,46.9010009765625,754.0232543945312,135.89291381835938,400.56378173828125,309.06634521484375,2.8891378178741434e-07,8.243340562330559e-05,2.2916214703627702e-08,0.0001034162487485446,8.340343526924698e-09,8.335091505884407e-10,1.8980705895899064e-09,0.004677909892052412,2.6486224324884233e-10,9.381517784845528e-10,6.818443143430386e-09,5.142692671711302e-08,2.0456880633901164e-08,642.4489135742188
low_roughness_0004,low_roughness,117.35600280761719,46.9010009765625,297.0201721191406,246.6981964111328,1.2557975992422143e-07,326.02056884765625,153.26239013671875,398.548828125,318.964599609375,1.2439311802836528e-08,1.0687384701668634e-06,7.250544877024367e-05,132.8803253173828,1.193150023226508e-09,0.0014321388443931937,5.306530770354811e-10,174.90086364746094,4.346718185388454e-08,416.74371337890625,3.0520674876299836e-09
high_roughness_0015,high_roughness,117.35600280761719,46.9010009765625,306.0018005371094,366.6074523925781,462.4375305175781,8.072910162582048e-08,453.7293395996094,93.83145141601562,239.3858184814453,574.2131958007812,3.029131403309293e-05,37.192588806152344,65.15087127685547,167.4443359375,32.03767776489258,7.92341423034668,3.300401658634655e-05,623.7686157226562,228.48912048339844,357.7311096191406
high_roughness_0262,high_roughness,117.35600280761719,46.9010009765625,359.8773498535156,0.008444038219749928,697.0440673828125,1.0115814319533456e-07,0.015183436684310436,195.12353515625,5.547387615933985e-08,1032.404052734375,4.247285856351368e-10,5.82803916238106e-10,4.413466037078706e-09,0.0002850173332262784,4.6339593273714286e-10,3.725167396773088e-10,1.620953860026475e-08,6.05119865326742e-08,5.071738584661034e-08,1104.9578857421875
high_roughness_0149,high_roughness,117.35600280761719,46.9010009765625,587.6724243164062,1.8710456117787544e-07,594.1755981445312,68.97774505615234,496.3016357421875,822.0067138671875,2.4115692554005363e-07,90.94488525390625,1.34694403186586e-07,2.908315658569336,4.1671903261431e-08,105.82752990722656,1.4502482770240022e-07,0.00866806972771883,1.9387377392376948e-07,0.0006577270687557757,2.1492986945759185e-07,190.1536102294922
low_roughness_0359,low_roughness,117.35600280761719,46.9010009765625,3.481672763427923e-07,355.81744384765625,487.1158142089844,1.1775445329931244e-07,154.34100341796875,4.520423502185622e-08,1.441104728883147e-07,1.265403284378408e-07,176.34974670410156,76.50271606445312,2.4946157139993375e-08,8.958231489941682e-09,1.6057740026553802e-08,2.1029731289701203e-09,8.550991736910873e-08,2.1830619800766726e-07,1.3681162158718507e-07,2.667576559645113e-08
medium_roughness_0386,medium_roughness,117.35600280761719,46.9010009765625,382.4904479980469,0.0006591391284018755,497.79949951171875,5.5802747311872736e-08,51.361873626708984,0.0008290968835353851,1.1379982112202924e-07,0.00014662547619082034,55.50004577636719,7.715437959632254e-07,1.326766962961301e-08,302.544189453125,1.592392884219862e-09,5.023056246500346e-07,4.3767848012521426e-08,1.5036970069104427e-07,1.0397821625929282e-07,0.27933505177497864
medium_roughness_0192,medium_roughness,117.35600280761719,46.9010009765625,875.7471313476562,0.005616273730993271,680.3442993164062,7.796849388341798e-09,4.3977465224998014e-08,6.823646980791409e-09,1.7937464846795592e-08,2.032239976301753e-08,3.1369715158824363e-10,3.1325408933469134e-10,1.7437252752827703e-09,1.979373775995441e-09,1.9571744225288512e-10,4.64188576465574e-10,6.011255493376666e-09,3.8836486027094e-08,1.6876356312423013e-08,5.203359965122445e-09
high_roughness_0105,high_roughness,117.35600280761719,46.9010009765625,437.01885986328125,0.002578963991254568,158.97731018066406,1.856741818073715e-07,290.7725830078125,0.0023481263779103756,3.933365633201902e-07,269.8426818847656,2.0686338757514022e-06,155.95582580566406,4.03385982394866e-08,149.79685974121094,5.0578537411638536e-06,0.0016492600552737713,2.632333746532822e-07,0.006759549956768751,2.2747106243059534e-07,250.93670654296875
low_roughness_0157,low_roughness,117.35600280761719,46.9010009765625,361.867919921875,458.0299377441406,6.595934110009694e-08,346.8885192871094,448.2029113769531,607.3242797851562,696.084228515625,1.041628152620433e-07,2.0192951755149124e-09,2.101233187445928e-09,0.0014716528821736574,9.510920939703738e-09,5.860544272096035e-10,2.6123447849357717e-09,184.86465454101562,2.0916142773330648e-07,777.2252807617188,2.475632143728035e-08
low_roughness_0295,low_roughness,117.35600280761719,46.9010009765625,303.5426025390625,0.0021399417892098427,1.8953301150759216e-07,451.51312255859375,139.10581970214844,980.0265502929688,51.23788833618164,3.930761849346709e-08,0.023509608581662178,5.510307321543451e-09,109.22562408447266,2.718922864630713e-09,14.64866828918457,2.098865747868217e-09,110.70040893554688,1.22712592087737e-07,73.39234161376953,7.092777920547633e-09
medium_roughness_0184,medium_roughness,117.35600280761719,46.9010009765625,2.502403617654636e-07,98.5278091430664,289.9693298339844,4.813048803953279e-08,263.8648986816406,8.718044064437436e-09,9.60733785859702e-08,9.79551728619299e-08,1.4953184290789068e-07,201.74876403808594,2.001851484578765e-08,1.5871933101152536e-08,3.154729100174336e-08,4.38294733839939e-09,1.514825953563559e-07,1.6712198203094886e-07,9.206917894744038e-08,3.099221501656757e-08
low_roughness_0016,low_roughness,117.35600280761719,46.9010009765625,564.6273193359375,0.0004748794308397919,126.91925811767578,3.345444099522865e-08,0.002115899696946144,0.00614225072786212,2.2295267854133272e-07,1377.4818115234375,6.144710340549864e-08,3.665375913897151e-08,4.5945007798309234e-08,432.3754577636719,6.8240249007089915e-09,2.3634352253054658e-09,1.1409888855951067e-07,1331.3603515625,2.063450779132836e-07,1350.824462890625
medium_roughness_0319,medium_roughness,117.35600280761719,46.9010009765625,265.2646179199219,291.96343994140625,0.002317374339327216,306.3329162597656,188.8443603515625,88.71257019042969,319.30908203125,0.0027068848721683025,0.00018055294640362263,0.0003509841044433415,30.390443801879883,1.706398244927243e-09,0.00177796371281147,4.89795274916105e-05,79.39207458496094,180.05738830566406,305.6691589355469,6.210703062947687e-09
high_roughness_0143,high_roughness,117.35600280761719,46.9010009765625,290.5337829589844,396.8307189941406,3.986453123161482e-08,168.82406616210938,117.34137725830078,32.196372985839844,294.4807434082031,0.05893940106034279,0.00018175058357883245,0.0001339284935966134,170.8567352294922,7.350650577109263e-08,4.581817626953125,1.0303846664783123e-07,177.11297607421875,51.32876968383789,262.45513916015625,5.835282195221225e-07
low_roughness_0271,low_roughness,117.35600280761719,46.9010009765625,572.9330444335938,464.1441955566406,1.4689389260524877e-08,5.3294879620580105e-09,2.1929236204698555e-09,167.2677001953125,2.607711380164801e-08,2.5911120360433415e-08,3.5733138670224207e-10,3.594216591018551e-10,2.1423860463443134e-09,2.1866000121661955e-09,2.3090859779806294e-10,5.12909048566712e-10,7.425799086746565e-09,5.340735143022357e-08,2.4078961047280245e-08,5.9317226686061986e-09
low_roughness_0214,low_roughness,117.35600280761719,46.9010009765625,525.2835083007812,362.90087890625,84.35769653320312,0.0005498107639141381,7.085628794811782e-08,4.260557034285739e-05,2.4831892986298953e-08,0.00014360592467710376,3.4190015867352486e-05,8.620150765636936e-06,2.0811821155319876e-09,46.73222351074219,3.6644495771120944e-10,1.5075080227688886e-05,7.279726599307423e-09,8.557948603993282e-06,2.287564448977264e-08,454.4197082519531
medium_roughness_0223,medium_roughness,117.35600280761719,46.9010009765625,180.08349609375,373.3174133300781,3.564611006368068e-08,627.7700805664062,686.6817626953125,0.011643185280263424,1078.986572265625,1.2779369740201219e-07,2.7003586033913507e-09,2.795541576006144e-09,79.03943634033203,1.2552858308367831e-08,0.00026022305246442556,3.1787426024720844e-09,211.2722930908203,2.3663625370318186e-07,1087.02587890625,3.228648282060931e-08
medium_roughness_0121,medium_roughness,117.35600280761719,46.9010009765625,0.01062738336622715,0.0004435690934769809,2.0727332739056692e-08,7.640125865293612e-09,0.0033255249727517366,1.7650505501620728e-09,2.9484832353432466e-08,3.2381212378140845e-08,3.535572667967557e-10,3.5100397588472276e-10,2.6546527198689773e-09,2.900130358085562e-09,1.9834656139749995e-10,6.54620802009731e-10,8.901326786769914e-09,6.217071302216937e-08,2.7495785204223466e-08,7.771208565543475e-09
low_roughness_0287,low_roughness,117.35600280761719,46.9010009765625,310.4312744140625,359.3460998535156,282.8473205566406,2.4781132879070356e-07,276.8887634277344,152.66720581054688,9.606988982113762e-08,0.00022545787214767188,3.1918536933517316e-06,89.20157623291016,1.0339652689594914e-08,79.81793975830078,1.3847205160288922e-08,1.0091059266414959e-05,6.909605332339197e-08,4.094060841453029e-07,8.622875924402251e-08,0.022224826738238335
low_roughness_0208,low_roughness,117.35600280761719,46.9010009765625,193.49899291992188,609.4340209960938,0.00016456024604849517,4.386192298255764e-09,475.63873291015625,1.8218227637589735e-07,0.00037365593016147614,1.366488344700656e-08,2.040689978111132e-10,2.0365024944180021e-10,1.9373690207658e-08,1.3601506587690437e-09,1.674392152706261e-10,3.9437045296075723e-10,2.2609316374655464e-07,3.370447743122895e-08,29.109956741333008,3.1531874888912625e-09
low_roughness_0122,low_roughness,117.35600280761719,46.9010009765625,278.4508056640625,414.48284912109375,5.995857321750009e-08,443.22747802734375,192.37582397460938,319.5195007324219,169.75210571289062,4.1506904580046466e-08,0.0039225416257977486,6.195609358883303e-08,168.59304809570312,0.0024992141406983137,78.48393249511719,5.786020551568072e-09,172.85389709472656,1.8300750070920913e-07,179.3563690185547,0.002512863837182522
high_roughness_0135,high_roughness,117.35600280761719,46.9010009765625,537.8229370117188,950.3643798828125,1.595677190380229e-08,2.6732557500963594e-08,3.044679175445708e-08,3.181205299185308e-09,5.166515038013131e-08,5.108690359634238e-08,4.873439984898198e-10,4.882129700511939e-10,3.4669520587726765e-09,3.5859946123650843e-09,3.0287303220966066e-10,7.973874893707489e-10,1.2197202359232051e-08,1.0626871471686172e-07,4.5416317817625895e-08,1.0504302316860503e-08
high_roughness_0077,high_roughness,117.35600280761719,46.9010009765625,596.410888671875,750.2235717773438,4.055840463479399e-07,885.8668823242188,231.67861938476562,687.607421875,1.3015473143696e-07,1.379946326096615e-07,1.0199228128726645e-09,1.038124475272184e-09,7.395648982111425e-09,8.075446977784395e-09,6.929659623899909e-10,1.613423727953034e-09,2.478537730610242e-08,2.5844252604656504e-07,1.0718291321154538e-07,2.5286329474738523e-08
medium_roughness_0321,medium_roughness,117.35600280761719,46.9010009765625,565.3262329101562,2.4271471943393408e-08,494.55206298828125,2.883413863230544e-08,422.41302490234375,563.3101806640625,6.759709947345982e-08,203.70187377929688,6.980227507114023e-10,7.101599863723607e-10,4.896661298658955e-09,1.6170197625342553e-08,4.6288092803159486e-10,1.428313245455115e-09,1.6947968362046595e-08,1.943838157103528e-07,5.915422107705126e-08,3.0306018743431196e-05
high_roughness_0192,high_roughness,117.35600280761719,46.9010009765625,210.3477783203125,678.2034301757812,2.872194393432892e-08,410.5851745605469,293.57659912109375,1.3549733012041543e-05,2.765147257832723e-07,6.104559702180268e-08,8.97870222615893e-10,9.246893251102506e-10,1.130486371181405e-08,5.107274603233236e-09,6.29280960673384e-10,1.2848329067338682e-09,3.9513658123269124e-08,1.3542420163048519e-07,3.383792375188932e-07,1.3388623543164613e-08
low_roughness_0357,low_roughness,117.35600280761719,46.9010009765625,515.0445556640625,575.5752563476562,3.428890238410531e-08,511.32421875,603.451171875,390.5690612792969,982.4742431640625,1.538642919740596e-07,3.34168603899343e-09,3.4125902104165107e-09,10.93740463256836,1.6554484005837367e-08,1.1939966498175636e-05,4.425216637571339e-09,272.4151611328125,2.670889500677731e-07,967.0264282226562,4.2063678762360723e-08
medium_roughness_0181,medium_roughness,117.35600280761719,46.9010009765625,601.332763671875,0.0005982037982903421,0.010858380235731602,1.0882325796046644e-07,146.0726776123047,0.00033848226303234696,1.6616779419109662e-07,1410.551025390625,3.0143125773207657e-09,3.3085802986221324e-09,1.708428243318849e-08,56.0902099609375,2.1002715122619975e-09,1.0303600195271656e-09,5.9479830838427006e-08,1284.5994873046875,1.503686917203595e-07,1406.055419921875
high_roughness_0267,high_roughness,117.35600280761719,46.9010009765625,2.233613940916257e-06,596.9285278320312,258.6390380859375,597.42431640625,0.0037395423278212547,1.5504872408200754e-07,9.171085935122392e-07,618.439697265625,23.147294998168945,0.0005416581407189369,2.697105117022147e-07,47.5345458984375,0.0003311768523417413,0.001926999888382852,5.644218390443712e-07,169.3859100341797,8.171017498170841e-07,604.9846801757812
high_roughness_0355,high_roughness,117.35600280761719,46.9010009765625,517.8278198242188,929.4789428710938,6.66189450271304e-08,278.9441223144531,9.120400790152416e-08,6.231461497918644e-07,1.0461258881377944e-07,8.349914537575387e-08,5.829929872191997e-10,5.854299267582519e-10,5.356933563405164e-09,5.150484039262437e-09,3.5683694887822526e-10,1.0987222243130645e-09,1.8062916495864556e-08,1.758090348857877e-07,8.616710545084061e-08,1.5450089208002282e-08
medium_roughness_0022,medium_roughness,117.35600280761719,46.9010009765625,340.0419006347656,498.8771057128906,458.0650329589844,3.346437438267458e-07,115.44083404541016,0.00021494667453225702,1.5893871818661864e-07,169.5142822265625,3.9852682220953284e-07,76.00082397460938,3.147937022163205e-08,32.048500061035156,4.377576715342002e-06,8.898380656319205e-06,1.615747180494509e-07,0.007596903946250677,0.008234665729105473,102.49303436279297
medium_roughness_0150,medium_roughness,117.35600280761719,46.9010009765625,483.9767761230469,1.0508836112421704e-07,3.269087756052613e-08,135.54376220703125,284.8818054199219,362.419677734375,7.624175424325585e-08,865.3517456054688,1.291841078554512e-09,1.318491760216034e-09,6.729513835068701e-09,4.366636829900017e-08,1.5643238926443814e-09,8.036832532809512e-09,2.002813914714352e-08,0.0029021408408880234,6.448179590279324e-08,24.260805130004883
high_roughness_0303,high_roughness,117.35600280761719,46.9010009765625,7.509368151659146e-05,749.337646484375,113.58193969726562,679.05810546875,7.844687566205266e-09,2.139348032059729e-09,6.934016738568971e-08,7.185633876360953e-05,2.4493944650316735e-09,1.5621413052002708e-09,1.0426115970574301e-08,9.959537419490516e-05,1.3154598521580851e-09,1.1817621325960204e-09,3.012262439483493e-08,8.754724234449895e-08,6.1655484273615e-08,160.49627685546875
high_roughness_0224,high_roughness,117.35600280761719,46.9010009765625,361.94842529296875,0.0014447757275775075,267.8036804199219,1.9989182931112737e-07,190.74375915527344,0.0016047003446146846,5.5515158692287514e-08,427.46392822265625,3.833046946510876e-08,1.02107605925994e-06,3.729015318754136e-09,1.7526519298553467,7.512561239764182e-08,3.368957948168827e-07,2.636171458902936e-08,9.713767212815583e-07,4.50398545126518e-08,506.2529602050781
high_roughness_0256,high_roughness,117.35600280761719,46.9010009765625,955.8485717773438,180.42575073242188,337.8390197753906,1.2175423336202584e-08,6.623904482694343e-07,1.815818606587527e-08,2.5424883531854903e-08,4.157924848868788e-08,5.276424297484539e-10,5.078528708679642e-10,2.469533022519954e-09,3.743210630346994e-09,2.894066930547723e-10,7.978149807463808e-10,8.843047183404451e-09,6.996135937242798e-08,2.3258230896772147e-08,1.1729197169074723e-08
low_roughness_0088,low_roughness,117.35600280761719,46.9010009765625,5.411070560512599e-06,544.5131225585938,0.0011293883435428143,233.0714874267578,412.13079833984375,9.907195064329244e-10,162.0538330078125,1.5968403488386684e-08,8.683323504676821e-10,1.0174016097153071e-05,0.009288293309509754,1.8653532052326227e-09,0.0003214186290279031,6.792608697736569e-10,42.8621826171875,4.3819383677146106e-08,291.041259765625,3.707611329062388e-09
medium_roughness_0175,medium_roughness,117.35600280761719,46.9010009765625,95.76078796386719,239.7567138671875,1.1049860404455103e-07,224.1723175048828,93.61873626708984,16.29252052307129,79.52944946289062,8.848256243254582e-07,0.016745764762163162,3.895340341841802e-06,63.79473114013672,3.570265107555315e-05,27.932327270507812,3.5932416153627855e-07,65.43522644042969,2.830529183484032e-06,70.76470184326172,6.953805132070556e-05
medium_roughness_0295,medium_roughness,117.35600280761719,46.9010009765625,976.04833984375,650.4656982421875,7.383109590364256e-08,4.377335471872357e-08,2.094481715175789e-06,8.939133840613067e-05,4.518130936048692e-08,4.3731631649279734e-08,4.241254847325848e-10,4.2866193927793006e-10,2.897271977886362e-09,3.148788119133883e-09,2.8381394456822306e-10,6.885930159405973e-10,1.0027271457602183e-08,1.0145783591042346e-07,3.8580296291002014e-08,8.833151099452152e-09
medium_roughness_0264,medium_roughness,117.35600280761719,46.9010009765625,1.3996799680171534e-05,860.5425415039062,0.0002342445368412882,163.12611389160156,108.8647232055664,1.101843878359432e-07,201.77442932128906,3.342994503441332e-08,0.0001359153975499794,0.0001672752114245668,0.016407376155257225,4.069304448961475e-09,0.000708949810359627,1.7044176274794154e-05,28.968372344970703,9.930606381658436e-08,263.9674072265625,7.481856023616729e-09
medium_roughness_0059,medium_roughness,117.35600280761719,46.9010009765625,216.63644409179688,611.1549072265625,0.0007122648530639708,347.3121032714844,325.5445861816406,356.7066345214844,84.36041259765625,3.2722443421562275e-08,1.0132276129226625e-09,1.138162120106756e-09,169.95237731933594,3.588800367992917e-09,0.0009536038851365447,1.0277084738774533e-09,216.6687774658203,7.06963163565888e-08,252.70394897460938,8.742889079371707e-09
high_roughness_0161,high_roughness,117.35600280761719,46.9010009765625,416.9551696777344,946.4539184570312,0.008768371306359768,4.8029038524077805e-09,1.988751163750635e-09,1.4196870345983825e-09,1.567999063922798e-08,1.8223067499434364e-08,2.811764432397723e-10,2.7783120248869864e-10,1.4817304050396274e-09,1.6868719754370431e-09,1.746383870848689e-10,3.9983816257915805e-10,5.049641593757315e-09,3.555464545001996e-08,1.4631561739975041e-08,4.502256789606918e-09
low_roughness_0368,low_roughness,117.35600280761719,46.9010009765625,387.6048889160156,912.4457397460938,7.455716044546534e-09,403.5146179199219,252.22662353515625,3.325516750862789e-09,1111.3641357421875,1.8261977174915955e-07,4.190891104371985e-06,4.0336919482797384e-05,203.3423309326172,1.8944691149158643e-08,0.001073117251507938,4.751758542198559e-09,253.54783630371094,2.7695836024577147e-07,1111.4267578125,5.2623491342274065e-08
high_roughness_0243,high_roughness,117.35600280761719,46.9010009765625,668.4359741210938,226.53167724609375,6.686639785766602,5.10136821674223e-08,312.5216979980469,106.35770416259766,2.5589473651166372e-08,0.005518647842109203,2.7282314476906322e-05,2.712990110342872e-10,2.4307549306712417e-09,0.002240964910015464,2.1853065190757803e-10,0.0001511403825134039,8.460316891500952e-09,5.506506894903396e-08,2.380465247142638e-08,259.09844970703125
medium_roughness_0345,medium_roughness,117.35600280761719,46.9010009765625,737.1767578125,242.3406219482422,288.276123046875,355.25079345703125,3.0575088771911396e-07,0.00012886787590105087,7.402200452588659e-08,0.010714354924857616,2.9469520086422563e-05,3.003471471529906e-09,6.371983385378144e-09,110.2545394897461,5.512175715871592e-10,3.887973798555322e-05,2.403949750373613e-08,4.758979412144981e-05,6.763463034076267e-08,843.265380859375
high_roughness_0222,high_roughness,117.35600280761719,46.9010009765625,432.834228515625,2.7395472557145695e-07,510.79443359375,2.1382177806117397e-07,347.9260559082031,427.9443359375,3.158893946419994e-07,0.0002284253714606166,206.71864318847656,1.7800595742301084e-05,8.406836826679864e-08,189.6168975830078,1.765361190564363e-08,0.001699290587566793,1.9607942647326126e-07,4.105567654733022e-07,3.0003906204001396e-07,0.00875594187527895
low_roughness_0069,low_roughness,117.35600280761719,46.9010009765625,167.9905548095703,237.7629852294922,2.5182654184163766e-08,43.841766357421875,246.18333435058594,441.09197998046875,7.026573456414553e-08,4.524978436393212e-08,7.54457551987997e-10,7.641594024221376e-10,5.6669380299467775e-09,4.163271505319699e-09,4.814026399735383e-10,1.0129532768132776e-09,1.9948570795236265e-08,9.315481719340823e-08,7.273040836253131e-08,1.094526957956532e-08
medium_roughness_0036,medium_roughness,117.35600280761719,46.9010009765625,504.1908264160156,2.050441025858163e-07,282.7706604003906,144.3447265625,427.9026794433594,283.2991638183594,1.5583781021177856e-07,903.7225952148438,1.595779841601086e-09,1.5820875720606864e-09,1.2655101855330031e-08,5.093331492389552e-05,9.804910217070528e-10,1.8808021806648867e-08,3.874895426747571e-08,718.9920654296875,1.3065641724097077e-07,416.12774658203125
low_roughness_0196,low_roughness,117.35600280761719,46.9010009765625,0.0024996998254209757,282.4273376464844,4.448151713631887e-08,186.45970153808594,62.60321807861328,0.14599718153476715,5.066340236226097e-07,2.924310749108372e-08,1.3495279560515883e-08,3.4991941788575787e-08,0.0005776808829978108,2.156349321325024e-09,1.1383607301240772e-07,1.179719544275315e-09,0.002037570346146822,9.462973338258962e-08,7.378808975219727,7.968041337846898e-09
high_roughness_0264,high_roughness,117.35600280761719,46.9010009765625,468.4938659667969,723.7240600585938,3.9374178584239417e-08,328.99169921875,657.226318359375,627.1867065429688,1251.302978515625,1.4824284733094828e-07,3.1591291804744515e-09,3.2644937864034773e-09,64.88846588134766,1.501254764946225e-08,9.93062203633599e-05,3.751923660644252e-09,323.9968566894531,2.5488111532467883e-07,1268.0787353515625,3.9947117613792216e-08
low_roughness_0312,low_roughness,117.35600280761719,46.9010009765625,1.195992350578308,984.2647705078125,5.1215490515232887e-08,262.361328125,0.0009461507434025407,1.3151750408724183e-06,8.25808257332028e-08,8.38713631878818e-08,8.074734769714098e-10,8.183329569533271e-10,5.334013231106383e-09,5.651081824709081e-09,5.382463363901024e-10,1.1951702960644184e-09,1.8546083779824585e-08,1.6503922495303414e-07,7.130422119416835e-08,1.6929163848544704e-08
low_roughness_0225,low_roughness,117.35600280761719,46.9010009765625,400.4008483886719,327.0251159667969,5.2434131703194e-08,455.7487487792969,295.52374267578125,153.6710662841797,656.4324340820312,3.208359800055405e-08,1.2955695405381107e-09,1.5049694823687787e-09,107.5628662109375,2.5892334942767548e-09,0.0006209616549313068,7.087324616072976e-10,176.17095947265625,7.312070948728433e-08,707.6875610351562,7.100290133621456e-09
medium_roughness_0048,medium_roughness,117.35600280761719,46.9010009765625,525.2698974609375,697.7505493164062,1.0783371529043961e-08,4.608453174625993e-09,2.546724386931487e-09,1.3583539848482928e-09,2.266600063194346e-08,2.0097900232940447e-08,3.256885872104931e-10,3.3025257528684904e-10,1.918976089143598e-09,1.798219351201169e-09,2.1554392992673144e-10,4.434017597532147e-10,6.712566502642403e-09,4.245978146855123e-08,2.1314557230311948e-08,4.718099688716393e-09
high_roughness_0118,high_roughness,117.35600280761719,46.9010009765625,508.56439208984375,442.716552734375,8.266955120461716e-08,239.70924377441406,330.1809997558594,403.4180908203125,502.5125427246094,8.556359176736805e-08,2.9664088287972845e-06,0.00019079443882219493,146.85751342773438,7.85308618134195e-09,0.001104007358662784,2.1337731581638764e-09,201.34771728515625,1.6989807249956357e-07,647.5678100585938,2.125958253884619e-08
low_roughness_0336,low_roughness,117.35600280761719,46.9010009765625,427.6952209472656,152.46755981445312,401.2042236328125,1.634962956131858e-07,205.32945251464844,48.15397262573242,7.082899600163728e-08,0.001718696323223412,103.38273620605469,0.037199169397354126,7.703323312568955e-09,128.95095825195312,1.3049439928636275e-07,0.004060209263116121,2.6768629979301295e-08,1.1770347555284388e-05,6.113718598044215e-08,39.696556091308594
medium_roughness_0027,medium_roughness,117.35600280761719,46.9010009765625,576.6536865234375,993.6411743164062,3.131570380787707e-08,664.0338745117188,3.589443631213385e-09,3.1166091503109783e-06,5.0803649287445296e-08,4.4662680664941945e-08,5.172977601830553e-10,5.257588253648748e-10,3.3671949672964274e-09,3.251121816205682e-09,3.5079580906760555e-10,7.355594466851301e-10,1.1848457326379958e-08,9.57760661890461e-08,4.517932694625415e-08,9.247128396339122e-09
medium_roughness_0311,medium_roughness,117.35600280761719,46.9010009765625,905.9743041992188,411.5571594238281,1.2216153422173193e-08,2.4151589173015964e-08,1.5641357720141968e-07,10.239851951599121,2.641038143735841e-08,4.924932284211536e-08,3.8433145554961357e-10,3.7858444157379267e-10,2.2566299939796863e-09,3.8769112364889224e-09,2.747505001288175e-10,6.710029198941925e-10,7.2200037060099476e-09,7.253908762550054e-08,2.3636845369878756e-08,1.2876032684516758e-08
low_roughness_0113,low_roughness,117.35600280761719,46.9010009765625,806.43701171875,41.18886184692383,166.5662841796875,6.29525231943262e-08,3.0594222266699944e-07,458.7279357910156,2.087619854762579e-08,0.0027031998615711927,2.1022083629418375e-08,1.4961000216473508e-09,1.9303341147747233e-09,0.0009676115005277097,1.3941302556830237e-09,4.8342286618208163e-08,5.745243392141219e-09,1.3180051894323697e-07,1.773420343909038e-08,228.6279754638672
low_roughness_0112,low_roughness,117.35600280761719,46.9010009765625,305.5547180175781,0.0006914744735695422,312.2738342285156,1.0342360212689528e-07,54.46959686279297,0.00042126074549742043,1.1963527413172415e-07,1383.2452392578125,1.7639297800187137e-09,1.9071100254564044e-09,1.0318297327671644e-08,0.008555835112929344,1.214711886632358e-09,1.1047848191836351e-09,3.652639080087283e-08,554.8250732421875,1.0748816237082792e-07,1372.12890625
medium_roughness_0338,medium_roughness,117.35600280761719,46.9010009765625,462.2242431640625,250.9131317138672,435.4019470214844,436.72967529296875,6.527128425659612e-05,484.0892333984375,3.8904889265722886e-07,1.129936109123264e-07,0.0011323076905682683,71.99713134765625,136.00637817382812,1.2008766425708473e-08,0.001733710989356041,3.715362906220321e-09,113.4727554321289,2.0645747156322614e-07,0.00023073541524354368,3.0582281596025496e-08
low_roughness_0140,low_roughness,117.35600280761719,46.9010009765625,534.3800659179688,402.21234130859375,2.9298099946117873e-08,400.73779296875,281.7493896484375,172.4582977294922,743.1329956054688,3.731080155944255e-08,1.2207317013235297e-05,7.970316073624417e-05,104.17706298828125,2.93230195680394e-09,0.0007045269012451172,1.1072783800969432e-09,249.1236572265625,1.1397087718023613e-07,761.5786743164062,8.208470347881303e-09
medium_roughness_0062,medium_roughness,117.35600280761719,46.9010009765625,807.8969116210938,494.9875793457031,384.267578125,8.340359514136253e-09,3.243234004912665e-06,1.1674596862576436e-06,8.757025327099655e-09,2.2637442143036424e-08,0.0001959848013939336,1.3316668878715632e-09,6.346387859679226e-10,0.0002741802600212395,5.147878789912852e-10,3.580149787740794e-10,1.936510951594528e-09,7.019782088946158e-08,7.330233753322091e-09,159.29563903808594
high_roughness_0213,high_roughness,117.35600280761719,46.9010009765625,418.4438781738281,323.0144348144531,5.1206697548877855e-08,852.1171875,443.7044982910156,85.79443359375,932.9027099609375,1.1543954769877018e-07,2.377591679092461e-09,0.00011222455941606313,151.28509521484375,1.1040459213518261e-08,0.0009815020021051168,2.8840725363465936e-09,208.4684295654297,2.0904238340335723e-07,988.9107055664062,3.04922380678363e-08
low_roughness_0378,low_roughness,117.35600280761719,46.9010009765625,264.0243835449219,510.2887878417969,1.3773502338665367e-08,7.012274494400117e-08,4.510811635327627e-08,380.855224609375,4.601227487910364e-08,3.500335665762577e-08,4.0659742239768093e-10,4.0765429920597285e-10,3.2745963718383564e-09,2.7767455001992403e-09,2.5032162453975104e-10,6.561670651272777e-10,1.1113921338790078e-08,7.616980468583279e-08,4.3132949656410347e-08,7.584618266776033e-09
medium_roughness_0072,medium_roughness,117.35600280761719,46.9010009765625,1008.4092407226562,327.3962707519531,99.47317504882812,7.593872197730889e-08,8.822063136904035e-06,346.82769775390625,2.7287640591566742e-08,0.031216908246278763,2.2094852336618231e-10,4.1078965229424114e-10,2.6729436441996768e-09,72.69859313964844,2.8314509070703764e-10,1.3029013643972576e-05,9.64789848012515e-09,1.1596532800695059e-07,2.498873108436328e-08,391.1258850097656
medium_roughness_0299,medium_roughness,117.35600280761719,46.9010009765625,546.5865478515625,1.6707815575500717e-07,499.55902099609375,3.3919347330879646e-09,579.267578125,357.3426513671875,2.1657429272181616e-07,1162.3751220703125,2.313817804022733e-09,1.2625583911685112e-09,1.8149252767329926e-08,0.0001991283061215654,1.0769738434390774e-09,1.3053225167425353e-09,6.058868251557215e-08,1010.8079223632812,1.8671133261705108e-07,958.7474365234375
high_roughness_0199,high_roughness,117.35600280761719,46.9010009765625,419.2760009765625,400.2657470703125,4.504449790942999e-08,406.31951904296875,261.1151123046875,318.98406982421875,559.8485717773438,9.462468142373837e-08,0.0001622607233002782,0.00019723361765500158,311.2098693847656,5.222061894016861e-09,0.0010412544943392277,2.8671960535575636e-05,415.2005310058594,1.9966890363321e-07,650.3436889648438,1.916559355663594e-08
high_roughness_0083,high_roughness,117.35600280761719,46.9010009765625,354.8775329589844,1.3278598487431736e-07,367.3621826171875,2.942141108519536e-08,0.1363399177789688,730.4033813476562,2.5631808853177063e-07,1395.3692626953125,1.143358563382435e-08,1.1354761575432804e-08,3.5300036671515045e-08,257.0492248535156,5.32851229806397e-09,1.2693363027338478e-09,1.1453540338379753e-07,1363.65478515625,2.3478064292703493e-07,1345.5809326171875
low_roughness_0333,low_roughness,117.35600280761719,46.9010009765625,36.21546936035156,581.33251953125,8.318233568616051e-08,556.5057373046875,210.23568725585938,351.3004150390625,0.00661873584613204,6.332730606573023e-08,1.4793074543106854e-09,1.5352612514618613e-09,3.543672164596501e-07,6.730130230891973e-09,8.398894357775077e-10,1.924778780804104e-09,0.00021893667872063816,1.409177627920144e-07,240.7486572265625,1.591288345537123e-08
low_roughness_0343,low_roughness,117.35600280761719,46.9010009765625,554.8588256835938,635.2811279296875,2.029235162126497e-07,4.409410614414355e-09,3.949580218431947e-08,6.092316651162832e-10,2.4293425937571556e-08,2.2432505630831656e-08,2.99714669749207e-10,2.963862211213808e-10,2.161657297605757e-09,2.0759807206616188e-09,1.7166970622817246e-10,4.991475011095758e-10,7.2151582486412735e-09,4.5441968410386835e-08,2.3118294834034714e-08,5.384571011290973e-09
high_roughness_0125,high_roughness,117.35600280761719,46.9010009765625,902.7074584960938,975.4642333984375,2.073196014862333e-08,458.2654113769531,4.608646797521487e-09,5.944275471847504e-07,4.173004697349825e-08,3.435895123971022e-08,4.621116822534077e-10,4.710328238566319e-10,2.9316755689734464e-09,2.695079270864653e-09,3.1559174717976646e-10,6.326265067357895e-10,1.0390441396168626e-08,7.436673854499531e-08,3.788904123780412e-08,7.4283628137550295e-09
low_roughness_0195,low_roughness,117.35600280761719,46.9010009765625,618.3988647460938,694.2080688476562,1.4439381246234007e-08,526.46435546875,1.0431824293277714e-08,5.920814949433861e-09,4.672037334785273e-08,4.37655067742071e-08,4.5144046834089124e-10,4.562403510544044e-10,3.0575852960623706e-09,3.069757115170546e-09,2.971662360629068e-10,6.869191881975212e-10,1.0662112970294402e-08,9.408603318661335e-08,4.1144406992543736e-08,8.849154298218309e-09
medium_roughness_0316,medium_roughness,117.35600280761719,46.9010009765625,595.410888671875,548.7415771484375,1.6636180433238223e-08,9.57467971574033e-09,3.400210946136184e-10,2.284533984209247e-08,2.7010809589000928e-08,3.031565043443152e-08,3.613621901710218e-10,3.59358626189632e-10,2.2929800280735435e-09,2.565005319254965e-09,2.2345707229032286e-10,5.776259470735567e-10,7.866143292289962e-09,5.972424332867377e-08,2.4765483885857975e-08,7.057246342867529e-09
high_roughness_0186,high_roughness,117.35600280761719,46.9010009765625,6.460543954744935e-05,249.21121215820312,6.640215701736452e-07,379.7191162109375,3.086624955628281e-09,1.522758918959255e-09,3.5257979646985405e-08,1.6700789728929522e-07,2.7027468604501337e-05,5.321599587659875e-07,4.244105511475027e-09,60.30665969848633,5.551216819554838e-09,7.776988240948413e-06,1.208145672393357e-08,5.273934888805343e-08,3.073056831226495e-08,0.00304570235311985
medium_roughness_0366,medium_roughness,117.35600280761719,46.9010009765625,2.242501523141982e-06,745.137939453125,94.73738861083984,355.6612548828125,136.58331298828125,1.1826640777812258e-09,7.510234354413114e-07,1.8640454513274562e-08,9.391431376570836e-05,7.0494502324436326e-06,0.0012801429256796837,1.546138150843035e-08,6.009923527017236e-05,1.488162297391682e-06,0.0031543904915452003,6.187920575939643e-08,134.96798706054688,0.0002724630176089704
high_roughness_0338,high_roughness,117.35600280761719,46.9010009765625,718.6553955078125,848.8306274414062,3.5817791399495036e-08,451.6317138671875,8.836925857735878e-09,1.2827220530198247e-07,9.83336789772693e-08,9.702895908958453e-08,6.178467737427695e-10,6.240992722617023e-10,4.960669652831484e-09,5.24632159937255e-09,4.0246256327591823e-10,1.0830072394441004e-09,1.6954725623463673e-08,2.0364062436328823e-07,7.899691212287507e-08,1.6523634016607502e-08
high_roughness_0334,high_roughness,117.35600280761719,46.9010009765625,391.0959167480469,375.1785888671875,2.1470349054197868e-07,459.9126892089844,357.07293701171875,103.75740814208984,49.82841491699219,3.799796033376879e-08,5.1843053370248526e-05,0.00015325921413023025,233.62673950195312,2.7582809369874894e-09,0.0008885003626346588,6.458438228662544e-10,423.358154296875,8.50883807856917e-08,263.84375,8.34709101837916e-09
medium_roughness_0225,medium_roughness,117.35600280761719,46.9010009765625,473.0089111328125,134.0959930419922,82.61448669433594,427.58209228515625,3.1767938253324246e-06,3.7619659565280017e-07,0.0007702184375375509,1.1787978593247317e-08,8.54582049214514e-06,6.242206291062757e-05,0.012644070200622082,9.653340349302653e-10,0.00021829814068041742,2.5180324492168893e-10,197.45016479492188,3.056595332395773e-08,97.69367218017578,2.4697073275348203e-09
high_roughness_0027,high_roughness,117.35600280761719,46.9010009765625,341.6599426269531,241.64492797851562,2.020543377057038e-07,210.10279846191406,143.23208618164062,82.58436584472656,263.86151123046875,8.165656595338078e-08,5.5731929023750126e-05,0.0005030963802710176,215.62159729003906,8.965752584799702e-09,0.0034585308749228716,2.7302673455409376e-09,240.84405517578125,1.6599847185716499e-07,594.5791625976562,2.249836406065242e-08
high_roughness_0066,high_roughness,117.35600280761719,46.9010009765625,321.504150390625,613.4584350585938,1.5759745508603373e-08,209.2172393798828,156.0673828125,3.2434108732104505e-09,834.7936401367188,6.354509451966805e-08,6.2655858528160024e-06,1.5756233551655896e-05,98.72392272949219,5.807104574984123e-09,0.00028060830663889647,2.256776321374332e-09,252.7109832763672,3.080413932821102e-07,818.63232421875,1.6680631986787375e-08
high_roughness_0379,high_roughness,117.35600280761719,46.9010009765625,274.8284912109375,857.8629150390625,210.3504180908203,123.40514373779297,197.99075317382812,1.6422576631924812e-09,58.34980010986328,4.679189302692066e-08,70.27279663085938,0.0003251987509429455,112.2724380493164,0.1446818709373474,99.0598373413086,3.794405678547719e-09,111.85037231445312,1.744350583976484e-07,77.30686950683594,20.630395889282227
high_roughness_0234,high_roughness,117.35600280761719,46.9010009765625,320.85601806640625,0.021268395707011223,338.8334045410156,1.1374643804629159e-07,217.9678497314453,1.7565955090503849e-07,2.0675411604997862e-08,7.319731309962663e-08,5.116573831287496e-10,4.3239575808762254e-10,2.3113695402088297e-09,2.8283555053576492e-08,2.4454813174479284e-10,1.3994586600674097e-09,7.191649498139441e-09,6.802443408560066e-08,1.9083119084939426e-08,4.979782581329346
high_roughness_0333,high_roughness,117.35600280761719,46.9010009765625,1.7599271814106032e-05,270.825927734375,198.382568359375,3.796992359639262e-06,2.777312380075614e-09,8.628929748510927e-08,8.269652340686662e-08,9.508003984137758e-08,108.18601989746094,1.7353320558299856e-08,1.0562969166016956e-08,1.114548808800464e-08,9.994810312718982e-09,3.0498559233649303e-09,3.395250303128705e-08,1.3659338549132372e-07,7.864991857786663e-08,1.5586509860554543e-08
medium_roughness_0101,medium_roughness,117.35600280761719,46.9010009765625,457.1858215332031,0.0030514702666550875,224.74118041992188,2.9047828320472036e-07,1.223544716835022,0.002595402067527175,6.247191919328543e-08,786.2330932617188,1.1634944563354566e-08,8.764594383592339e-09,4.757680471811909e-09,0.00012426920875441283,5.066067565451249e-10,2.527315245970385e-09,1.699211793493305e-08,2.7691055493050953e-07,5.4966534435152425e-08,848.2745361328125
medium_roughness_0021,medium_roughness,117.35600280761719,46.9010009765625,0.0003638899652287364,494.5059814453125,513.2214965820312,445.9536437988281,1.4597721254006046e-08,1.109210390204396e-09,1.0927897875490089e-07,6.43006430323112e-08,0.00038881442742422223,83.89794158935547,80.9863510131836,7.835550874801811e-09,1.4651514902652707e-05,2.3229356216347696e-09,29.27190399169922,1.1761046181391066e-07,1.6768379396125965e-07,1.8780813348939773e-08
high_roughness_0247,high_roughness,117.35600280761719,46.9010009765625,595.744873046875,386.8703308105469,380.1855163574219,3.7592823076693094e-08,0.0003110817342530936,0.0020458255894482136,231.37904357910156,372.0781555175781,0.0016812087269499898,55.9942626953125,28.849321365356445,14.854974746704102,0.008860851638019085,0.0038696592673659325,46.410011291503906,324.9391174316406,220.0513153076172,180.30335998535156
low_roughness_0253,low_roughness,117.35600280761719,46.9010009765625,144.2171630859375,225.34121704101562,1.8253539124657436e-08,84.90907287597656,6.70147954906497e-08,334.0826110839844,4.672117270843046e-08,2.8548534203309828e-08,4.872733327943024e-10,4.886218651911634e-10,4.378226670098684e-09,2.7997248963629318e-09,2.8503946425395554e-10,7.144641545053787e-10,1.4798415826078326e-08,6.039576305738592e-08,5.0262649153864913e-08,7.0671881680084425e-09
low_roughness_0175,low_roughness,117.35600280761719,46.9010009765625,167.6798095703125,159.4783172607422,5.092259058869786e-08,606.0283813476562,304.5366516113281,67.11014556884766,1360.85400390625,1.351296674556579e-07,5.0454245226205785e-09,5.638625122372787e-09,261.8473815917969,1.6195075502878353e-08,0.000590942450799048,4.887600990599594e-09,642.6597900390625,2.4806175247249485e-07,1353.943115234375,3.8054750461924414e-08
medium_roughness_0258,medium_roughness,117.35600280761719,46.9010009765625,283.7652893066406,170.06710815429688,2.2239600383500147e-08,428.46014404296875,2.1140446904155397e-07,208.9237518310547,5.211706266550209e-08,4.6571969392061874e-08,6.951264008847602e-10,6.77669198534403e-10,4.712092493974751e-09,4.255445329448548e-09,3.6769257083513196e-10,9.936717004777051e-10,1.6277761361038756e-08,8.997105283015117e-08,5.1834724956734135e-08,1.1714820224995037e-08
low_roughness_0066,low_roughness,117.35600280761719,46.9010009765625,1.549012267787475e-05,236.11656188964844,9.300869407979917e-08,434.6912536621094,87.78215789794922,129.91477966308594,107.4532241821289,7.578419172205031e-06,4.89791202545166,0.0018077059648931026,55.2274055480957,0.007511194795370102,16.010385513305664,1.4275839177457783e-08,57.83009338378906,2.660434120116406e-06,87.8531723022461,38.13546371459961
medium_roughness_0382,medium_roughness,117.35600280761719,46.9010009765625,567.4783325195312,2.1420091798063368e-06,423.765625,189.34512329101562,4.759128842124483e-06,305.055419921875,0.010303186252713203,1.2596178748935927e-06,0.007440079469233751,20.342363357543945,112.53797149658203,0.0002862249384634197,22.234189987182617,0.0009827439207583666,117.28134155273438,2.9369591629802017e-06,20.4832706451416,1.346169756288873e-05
high_roughness_0108,high_roughness,117.35600280761719,46.9010009765625,336.557373046875,420.2906188964844,1.2639035595896075e-08,456.56195068359375,322.77520751953125,418.8127136230469,357.8486022949219,0.008017734624445438,0.0009336214861832559,0.0009860581485554576,128.1956329345703,7.643566641490906e-05,0.005707531236112118,0.00023349677212536335,152.0031280517578,0.010974312201142311,274.1141357421875,0.0020024923142045736
high_roughness_0021,high_roughness,117.35600280761719,46.9010009765625,956.5709838867188,412.5577697753906,270.324462890625,1.6977659811345802e-07,7.396352884825319e-06,257.3857116699219,1.9019999797365017e-08,453.2531433105469,4.3452136333499425e-10,4.2106740316683045e-10,1.916923952904881e-09,0.0014448349829763174,2.4954649457953337e-10,8.922740324379674e-10,6.5906742285903874e-09,0.0004628842289093882,1.727857856792525e-08,454.5211181640625
high_roughness_0207,high_roughness,117.35600280761719,46.9010009765625,907.7192993164062,962.294677734375,3.7517111195484176e-08,343.2479248046875,9.390384470009394e-09,2.9011286528657365e-07,1.0992829402312054e-07,9.576090320706498e-08,7.87816645253514e-10,8.025876074846394e-10,5.789575041603712e-09,5.753610476944004e-09,5.39599087634457e-10,1.2189707021548202e-09,2.0161827762876783e-08,2.0006824286156188e-07,9.04266101997564e-08,1.7558143383666902e-08
medium_roughness_0389,medium_roughness,117.35600280761719,46.9010009765625,490.6356201171875,862.252685546875,215.4138946533203,482.5210876464844,8.706707740202546e-05,7.534941004472273e-10,0.0006709749577566981,5.2801048866513156e-08,7.542274027549922e-10,7.698223170038432e-10,2.962570943054743e-05,5.629469335133308e-09,7.328468942802147e-10,1.8531154388767845e-09,7.416274456772953e-05,1.3640853069318837e-07,51.806861877441406,1.1964596424718366e-08
high_roughness_0017,high_roughness,117.35600280761719,46.9010009765625,371.4792175292969,0.00490140076726675,229.36660766601562,7.122294221062475e-08,364.0224914550781,69.69660949707031,5.7996132341031625e-08,709.3392944335938,3.85165815908195e-10,5.574194994473203e-10,4.6484531779356075e-09,0.00022084602096583694,4.709376222322703e-10,2.40310382704223e-10,1.7210297187375545e-08,1.4483755705896328e-07,5.357876275979834e-08,942.5154418945312
medium_roughness_0154,medium_roughness,117.35600280761719,46.9010009765625,984.822509765625,583.4320068359375,549.8434448242188,0.00022033194545656443,1.321497734352306e-06,0.0015322165563702583,3.056595332395773e-08,92.7676773071289,7.764611176241942e-10,8.303023824041134e-10,3.2471991762150765e-09,138.27322387695312,4.305087675238184e-10,0.00029304009512998164,1.1906317709531322e-08,1.1539673039351328e-07,2.8247649552781695e-08,331.6584777832031
medium_roughness_0310,medium_roughness,117.35600280761719,46.9010009765625,403.53704833984375,0.0041236127726733685,113.49641418457031,9.133125900007144e-08,401.5545654296875,0.0013534409226849675,7.674363899923264e-08,483.37786865234375,2.502511051716283e-07,31.93618392944336,7.935690327087741e-09,267.1805419921875,9.686139001985339e-09,4.6959627070464194e-05,3.6908136991087304e-08,3.760387016882305e-06,6.269693386684594e-08,563.4888305664062
low_roughness_0133,low_roughness,117.35600280761719,46.9010009765625,472.77996826171875,1.1956474033070208e-08,8.022849939948173e-09,8.73005845392072e-09,521.4485473632812,485.0279235839844,1.5021676347259927e-07,1247.4150390625,6.771613825229394e-10,7.895977760519202e-10,9.638498887909464e-09,3.507587109652377e-08,7.484921016320811e-10,1.1238834307647494e-09,3.3593959614108826e-08,165.01611328125,1.285392983163547e-07,522.1827392578125
medium_roughness_0159,medium_roughness,117.35600280761719,46.9010009765625,341.2374267578125,0.8131838440895081,0.0030369781889021397,1.3039090163147193e-07,0.003969114739447832,0.00022139296925161034,5.556812610052475e-08,631.8358764648438,2.4908380913402084e-10,2.9986904626078115e-10,3.4674614290963746e-09,1.5698276911280118e-05,3.185375019310044e-10,2.899487039353943e-10,1.2974965990508736e-08,4.5928889136348516e-08,4.8521769713261165e-08,873.4323120117188
medium_roughness_0166,medium_roughness,117.35600280761719,46.9010009765625,151.1016387939453,504.7740173339844,0.011198817752301693,3.710147211677395e-07,291.8121032714844,3.946700815049553e-07,1.316545450436024e-07,1.9509995752287068e-07,160.9312744140625,4.5781223434460117e-07,1.58409942940807e-08,6.352171055823419e-08,2.477989546889603e-08,2.0784659326977817e-08,4.952844179229032e-08,2.4770028517195897e-07,1.1753454742802205e-07,7.76664847990105e-08
low_roughness_0143,low_roughness,117.35600280761719,46.9010009765625,981.776123046875,0.0016503188526257873,194.0960693359375,1.6398554691932077e-07,4.760844149132026e-06,133.057861328125,3.772865753148835e-08,0.0021814850624650717,2.1292269336559144e-10,2.4807014775696246e-10,2.73834577235732e-09,1.5986404422463352e-09,2.2306063940380483e-10,4.907645401175387e-10,9.449027338348515e-09,3.3817553202197814e-08,3.3993067916071595e-08,290.2641296386719
medium_roughness_0178,medium_roughness,117.35600280761719,46.9010009765625,146.1140899658203,0.001996002160012722,224.3302001953125,1.0075300593825887e-07,278.82891845703125,0.004775997716933489,9.576831416779896e-07,0.0019208353478461504,99.81460571289062,0.00014166173059493303,1.4942406778573059e-07,116.10148620605469,5.2846953622065485e-06,0.004320712294429541,1.0948563158308389e-06,0.00014885382552165538,6.126028324615618e-07,61.827571868896484
medium_roughness_0317,medium_roughness,117.35600280761719,46.9010009765625,0.8632568120956421,230.1065673828125,3.4121479984605685e-05,568.8731079101562,0.002945080865174532,381.9931335449219,0.013651574030518532,3.593548925096002e-08,6.023785914521795e-10,6.14005291055264e-10,0.0003524000640027225,3.3143088273845933e-09,2.9318651286303066e-05,9.45657663287136e-10,0.0006403040606528521,8.567693043914915e-08,269.2500915527344,8.150994545985668e-09
low_roughness_0374,low_roughness,117.35600280761719,46.9010009765625,431.34759521484375,506.92889404296875,397.56048583984375,515.33740234375,118.12223815917969,1.2564876783471846e-07,2.500216282896872e-07,3.820846814051038e-06,77.81842041015625,0.0020854927133768797,3.1504609410148987e-07,156.18682861328125,0.00032311948598362505,0.0013086991384625435,1.0308683329185442e-07,3.139384716632776e-07,2.2653928510862897e-07,155.78465270996094
medium_roughness_0193,medium_roughness,117.35600280761719,46.9010009765625,400.5361022949219,508.28363037109375,8.04862931857997e-09,0.006482336204499006,363.37054443359375,2.4279725607811997e-07,0.0007487014518119395,3.2248138381874014e-08,5.679671177816203e-10,6.034100996643588e-10,1.675962448643986e-05,3.0498559233649303e-09,2.8260824236348014e-10,8.667405126949745e-10,4.9889698857441545e-05,7.76226443122141e-08,101.2225112915039,7.499787457732054e-09
medium_roughness_0364,medium_roughness,117.35600280761719,46.9010009765625,394.6388854980469,1062.3951416015625,2.2309276204168782e-08,0.052653949707746506,8.63190905420197e-08,2.1645586656404703e-08,9.562857883338438e-08,9.249036736491689e-08,7.342418339995049e-10,7.431136261892846e-10,5.39005862165709e-09,5.5866191672748755e-09,4.82283990521637e-10,1.1766858598605268e-09,1.8648206534521705e-08,1.9056483324675355e-07,7.995768669388781e-08,1.71875633725449e-08
low_roughness_0160,low_roughness,117.35600280761719,46.9010009765625,438.1349182128906,520.2133178710938,9.788476518224343e-08,449.5959167480469,426.6392822265625,432.83856201171875,1103.602294921875,9.083492358286094e-08,2.9177016358516994e-09,3.3606313287748435e-09,202.927490234375,9.660676703049376e-09,0.0007552806055173278,2.8507114446796322e-09,407.9441833496094,1.7962055665066146e-07,1131.41650390625,2.4438564949491592e-08
high_roughness_0212,high_roughness,117.35600280761719,46.9010009765625,152.53915405273438,277.2998046875,4.142576059962266e-08,149.9027099609375,63.11808395385742,1.1519809994808838e-08,586.4434814453125,3.528463139446103e-07,2.0378311091917567e-05,2.306886381120421e-05,25.746938705444336,2.3337907606446606e-08,0.00015789401368238032,1.3541561649788036e-08,170.94544982910156,1.7544520005685627e-06,561.9071655273438,8.970682330300406e-08
high_roughness_0142,high_roughness,117.35600280761719,46.9010009765625,358.0904235839844,437.43145751953125,0.5309597849845886,3.0466889455738055e-08,704.4329223632812,98.48332214355469,5.5760509098945477e-08,3.128057869616896e-05,1.1178679315548834e-08,0.00016069640696514398,4.896596017545107e-09,2.0812878574361093e-05,1.26642707432012e-09,2.8692638807115145e-06,1.5769156647138516e-08,5.388992576627061e-07,5.3025502211312414e-08,6.302308611338958e-05
low_roughness_0220,low_roughness,117.35600280761719,46.9010009765625,201.97512817382812,421.3539123535156,4.427591449029933e-08,85.58446502685547,313.355712890625,763.4117431640625,1262.367431640625,1.3887468242046452e-07,3.942774107201785e-09,4.2409822320621515e-09,195.43482971191406,1.4444724527606922e-08,0.0005326489335857332,3.898883882413884e-09,365.2701416015625,2.428998300274543e-07,1271.4654541015625,3.7626968207860045e-08
low_roughness_0215,low_roughness,117.35600280761719,46.9010009765625,628.7853393554688,1.1878581318569559e-07,440.7495422363281,3.4091044653905556e-08,466.7098388671875,385.0526428222656,2.3675498539432738e-07,1422.6043701171875,1.2392919579440331e-08,1.1867818727751e-08,3.335759046763087e-08,286.38916015625,4.949376020135787e-09,1.1190470772248773e-09,1.0523136495521612e-07,1397.537841796875,2.1678256700852216e-07,1387.913818359375
medium_roughness_0068,medium_roughness,117.35600280761719,46.9010009765625,0.015344061888754368,0.004830427002161741,3.5421440003347016e-08,97.13821411132812,0.0033567212522029877,0.0025503390934318304,9.244980248013235e-08,1.0926063254146356e-07,5.731821128840409e-10,5.712471051744217e-10,5.135201597283867e-09,5.866911401142261e-09,3.3715502611997294e-10,1.171327257409871e-09,1.7101234206506888e-08,2.169103794358307e-07,7.582119820881417e-08,1.8675757829100803e-08
low_roughness_0291,low_roughness,117.35600280761719,46.9010009765625,273.2700500488281,426.9336853027344,0.00043588565313257277,452.5209045410156,0.044936180114746094,400.19635009765625,610.3462524414062,5.0561880016175564e-08,8.039864329845159e-10,9.899118595058098e-06,4.11431360244751,4.059521163668478e-09,0.00011934618669329211,1.1139573707907857e-09,195.72792053222656,1.1579601988387367e-07,725.0127563476562,1.0518837356698896e-08
medium_roughness_0170,medium_roughness,117.35600280761719,46.9010009765625,264.3303527832031,379.4356384277344,0.06953313946723938,351.2626647949219,0.0033722729422152042,286.6924133300781,691.0927734375,3.70462274190686e-08,5.349538034771228e-10,5.016615456376883e-10,0.0008063536952249706,3.147184957086324e-09,2.52650078635952e-09,8.453296396204735e-10,0.003974197432398796,8.789375272044708e-08,836.1693725585938,8.448271415772979e-09
low_roughness_0079,low_roughness,117.35600280761719,46.9010009765625,506.9726257324219,222.24774169921875,416.616943359375,1.9017359420558932e-07,0.0004394068382680416,3.5763911832020767e-09,7.696278458979577e-08,3.682171723085048e-08,153.491943359375,1.900336314974993e-07,1.0388479410039508e-08,2.1233200087067416e-08,1.8856225025842832e-08,9.175883164402876e-09,3.297977713145883e-08,1.8678383639780805e-07,7.058489615019425e-08,4.141351439557184e-08
high_roughness_0381,high_roughness,117.35600280761719,46.9010009765625,298.7698974609375,429.2607421875,0.0017333896830677986,71.80729675292969,127.2184829711914,250.14544677734375,323.5611877441406,1.9300884446238342e-08,8.175778387631283e-10,9.691843994019678e-10,4.60098934173584,1.7423256171156254e-09,0.00022773897217120975,5.595371388444903e-10,156.2198944091797,5.337975395036665e-08,366.0184631347656,4.029213407363841e-09
low_roughness_0204,low_roughness,117.35600280761719,46.9010009765625,69.05464935302734,276.88250732421875,273.52423095703125,38.7934455871582,0.018008306622505188,417.1338195800781,374.4151306152344,231.2961883544922,6.470655989687657e-06,4.490930223255418e-05,89.11351776123047,0.04168064147233963,0.4043738842010498,6.41661230815771e-08,103.0760269165039,340.91644287109375,317.3898620605469,159.70071411132812
medium_roughness_0246,medium_roughness,117.35600280761719,46.9010009765625,397.03558349609375,511.1003112792969,2.3122449022139335e-07,355.2780456542969,21.048627853393555,0.0013983033131808043,0.0009055109112523496,3.955943483902047e-08,1.2198624062875751e-05,7.625502621522173e-05,161.64181518554688,3.6749854270823334e-09,0.00044397934107109904,9.052368299400371e-10,427.6673889160156,8.365999093484788e-08,0.038387835025787354,1.0133769379194746e-08
low_roughness_0221,low_roughness,117.35600280761719,46.9010009765625,0.014666847884654999,703.4991455078125,154.05569458007812,88.74414825439453,7.373089516704567e-08,7.655018841035144e-09,3.5574657886172645e-08,5.464811891897625e-08,9.255541044694837e-07,79.70332336425781,100.42584228515625,6.698204213506642e-09,2.1441415753997717e-07,1.9581574139948543e-09,65.17304229736328,1.0463753596923198e-07,3.413151716813445e-08,1.582257347365612e-08
high_roughness_0257,high_roughness,117.35600280761719,46.9010009765625,65.71945190429688,580.6185302734375,0.0004289133648853749,367.3846130371094,0.042737022042274475,0.0041512842290103436,0.0010446497472003102,2.9923686639676816e-08,2.110363539031823e-06,5.328767656465061e-05,44.92325210571289,3.0175917320462986e-09,0.0003158050822094083,8.8358087513285e-10,164.26132202148438,6.854644851728153e-08,48.72716522216797,7.288965875318354e-09
high_roughness_0287,high_roughness,117.35600280761719,46.9010009765625,739.6935424804688,808.1846923828125,3.84097305072828e-08,132.2267608642578,1.3130640574843255e-08,5.804989378077607e-09,1.2000722904303984e-07,1.1678170608320215e-07,9.772703757349177e-10,9.925409383271244e-10,6.982295186475085e-09,7.285894110253821e-09,6.522501982964002e-10,1.5233195815866907e-09,2.434746626533979e-08,2.275910446769558e-07,1.001953293666702e-07,2.2471644101074162e-08
medium_roughness_0069,medium_roughness,117.35600280761719,46.9010009765625,581.21484375,461.12969970703125,2.3876317811755143e-08,297.5308837890625,205.28829956054688,311.3299255371094,790.32861328125,1.4459796204846498e-07,4.416223964653909e-05,8.255155989900231e-05,43.28913116455078,1.3831050971191416e-08,0.0004153881745878607,3.5688134669698e-09,176.2109832763672,2.5147937776637264e-07,772.7618408203125,3.5782075968882054e-08
low_roughness_0325,low_roughness,117.35600280761719,46.9010009765625,370.7625427246094,0.0010584318079054356,161.68240356445312,7.337861518408317e-08,379.65020751953125,0.003942223731428385,7.045132832672607e-08,911.5057983398438,4.524425989416159e-08,4.9921087708071354e-08,5.013078840931939e-09,3.914095878601074,4.084857341268844e-09,3.1149617996106826e-08,1.7487254311276956e-08,0.0016724702436476946,5.94995732683401e-08,857.2025146484375
low_roughness_0093,low_roughness,117.35600280761719,46.9010009765625,276.6046447753906,0.0065064216032624245,357.1273193359375,0.000623654923401773,21.8157958984375,358.60455322265625,3.582195873264027e-08,275.2079162597656,1.0532161809351237e-09,1.0237720671213424e-09,3.643070511927249e-09,180.52684020996094,4.999269331840139e-10,0.0011950313346460462,1.2873012877889778e-08,0.0036406905855983496,3.257448355498127e-08,331.45684814453125
low_roughness_0360,low_roughness,117.35600280761719,46.9010009765625,738.5999145507812,938.1507568359375,2.4983775048781354e-08,186.99803161621094,0.000259144144365564,1.9324533084841278e-08,1.2943272054144472e-07,1.0200191269404968e-07,9.19464226978306e-10,9.324663263754474e-10,7.281004243964162e-09,6.802959084950544e-09,6.055742574062606e-10,1.4659935487770781e-09,2.5055451047251154e-08,2.0582758963882952e-07,1.104398208440216e-07,2.0196273098349593e-08
low_roughness_0254,low_roughness,117.35600280761719,46.9010009765625,407.6651916503906,0.0006123782368376851,122.56804656982422,4.870071634854867e-08,182.48634338378906,0.00034820789005607367,1.4463766717653925e-07,1438.904541015625,4.456258917429068e-09,4.3393684201475935e-09,1.6145543568768517e-08,143.44309997558594,2.0855532856245418e-09,1.5717469548093277e-09,5.400588776183213e-08,1381.42529296875,1.3106725305078726e-07,1440.404052734375
medium_roughness_0151,medium_roughness,117.35600280761719,46.9010009765625,291.2536315917969,442.8080139160156,4.1282518736807106e-08,370.7170104980469,195.61666870117188,240.9892578125,585.04736328125,6.140949437849486e-08,8.987886546130142e-10,1.0312645182253277e-09,24.943889617919922,5.900049782070482e-09,1.9146139038639376e-06,1.812236471998574e-09,218.67236328125,1.4152692529023625e-07,603.2911376953125,1.4052663921404474e-08
low_roughness_0311,low_roughness,117.35600280761719,46.9010009765625,467.0010681152344,515.678466796875,3.369586565327154e-08,489.8385925292969,383.8426818847656,507.957763671875,1213.6414794921875,1.3643766294535453e-07,2.698417489455096e-09,2.8021986953064015e-09,62.53959274291992,1.3106319585176607e-08,1.2152402417697772e-09,3.3225306950157574e-09,284.30902099609375,2.4884698746063805e-07,1209.5487060546875,3.4335368326310345e-08
high_roughness_0205,high_roughness,117.35600280761719,46.9010009765625,675.3873291015625,388.9232482910156,155.56039428710938,302.3975524902344,5.677738457166015e-08,0.008194820024073124,5.269430047860624e-08,133.71868896484375,5.1412494940450415e-05,4.61839427812194e-10,4.2221599549918665e-09,0.0016943872906267643,2.3622218070507017e-10,0.00011663507029879838,1.4927261204888964e-08,0.0004440208140294999,4.793169239292183e-08,508.5930480957031
medium_roughness_0044,medium_roughness,117.35600280761719,46.9010009765625,442.9896240234375,8.198944811965703e-08,1.2227638990225387e-07,5.216148402098497e-09,81.10941314697266,261.8492736816406,8.417200803023661e-08,834.7756958007812,3.3883782446508803e-09,2.716600500107802e-09,6.486131631788794e-09,0.0002046583394985646,1.859144616034314e-09,2.7400396618304512e-08,2.0272150180744575e-08,0.0048642829060554504,7.077875352479168e-08,398.7977600097656
high_roughness_0231,high_roughness,117.35600280761719,46.9010009765625,560.3153076171875,1.7073225535568781e-06,211.2951202392578,1.2637606516818778e-07,249.62857055664062,567.6592407226562,2.1486894041800042e-08,247.63682556152344,2.0539553133858135e-06,4.834674882658874e-10,2.0421511148782656e-09,76.91460418701172,2.142973298813189e-10,0.0004744714533444494,6.955525044816113e-09,0.0014384930254891515,1.8711949323346744e-08,318.6131896972656
high_roughness_0062,high_roughness,117.35600280761719,46.9010009765625,548.3198852539062,0.003436723491176963,224.42562866210938,8.748381929990501e-08,278.5254821777344,0.0003747084701899439,1.0833595354142744e-07,1307.778076171875,1.4279126769878303e-09,1.7370365146263111e-09,9.914174370351247e-09,0.002914495998993516,1.178105057952905e-09,5.87306592247927e-10,3.6800024361127726e-08,4.149330266045581e-07,9.795181199478975e-08,1311.2119140625
medium_roughness_0029,medium_roughness,117.35600280761719,46.9010009765625,462.1283264160156,243.62010192871094,1.654162957720473e-07,407.8780822753906,3.6139346775598824e-05,105.26969146728516,1.4380992752194288e-06,3.865042117467965e-07,0.0005264003411866724,15.859441757202148,62.268638610839844,6.341409175547597e-08,8.696840814081952e-05,5.088210386361425e-08,28.625316619873047,1.0000670727094985e-06,7.915211608633399e-05,1.7553713860252174e-07
high_roughness_0037,high_roughness,117.35600280761719,46.9010009765625,412.20343017578125,118.7537841796875,623.9484252929688,0.0009698673384264112,547.5430297851562,140.0437774658203,0.011379913426935673,207.6773223876953,0.00397118367254734,16.807662963867188,3.786828628449257e-09,86.23043060302734,5.281904122966807e-06,25.342981338500977,2.1317198672932136e-08,1.0762512683868408,0.9647055864334106,86.3941421508789
high_roughness_0377,high_roughness,117.35600280761719,46.9010009765625,484.3082275390625,67.07415771484375,678.0380859375,0.00044106823042966425,0.0029662533197551966,0.03907712176442146,1.2836431473317589e-08,216.43746948242188,5.041737582978101e-10,3.3036218205495516e-10,1.345568989563617e-09,14.469539642333984,1.7346352132463494e-10,0.00021171028492972255,4.370133588338376e-09,0.0007570528541691601,1.1369325036980626e-08,344.2495422363281
high_roughness_0366,high_roughness,117.35600280761719,46.9010009765625,341.6773681640625,242.92843627929688,0.0006623573717661202,455.8569030761719,214.2412567138672,416.14373779296875,850.1309204101562,9.722343818907575e-09,3.8506151045503145e-10,4.262917241426578e-10,0.005650173872709274,1.1202238026086775e-09,9.978228627005592e-05,3.0963587249743796e-10,98.49736785888672,1.953774919627449e-08,871.1438598632812,2.834726897660289e-09
medium_roughness_0094,medium_roughness,117.35600280761719,46.9010009765625,606.9612426757812,75.71994018554688,1.6554062085560872e-06,3.1277900269799375e-09,9.869388861716288e-08,9.561581038042277e-08,2.198344475345948e-07,1.8220807973534647e-08,3.1568866964981623e-10,3.37743971678961e-10,7.27031901348596e-09,1.7055621359673978e-09,2.0709332859691898e-10,5.004907599470698e-10,2.6033827538185506e-08,4.715700185897731e-08,4.261788717485615e-07,4.008050336068436e-09
medium_roughness_0196,medium_roughness,117.35600280761719,46.9010009765625,481.2188720703125,444.9927673339844,3.01684472958641e-08,630.9024047851562,415.6913146972656,142.26219177246094,777.8111572265625,0.0013705113669857383,2.8487469535320997e-05,4.301854278310202e-05,159.3965301513672,0.0004243891453370452,0.0010388940572738647,1.840841264311166e-06,233.92190551757812,0.0014457666547968984,745.8582153320312,0.0008927920134738088
low_roughness_0051,low_roughness,117.35600280761719,46.9010009765625,330.669677734375,1.0511642045685221e-07,687.6652221679688,2.2281168909898952e-08,0.3513413965702057,46.75327682495117,2.0291074065426074e-07,1468.40478515625,4.778907936042742e-09,4.9117776512730416e-09,2.1506901148882207e-08,183.76876831054688,2.72082667507334e-09,1.1342330408226076e-09,7.279493985379304e-08,1451.0159912109375,1.8225698283913516e-07,1434.884033203125
medium_roughness_0179,medium_roughness,117.35600280761719,46.9010009765625,690.33544921875,959.2279663085938,1.7501703197808638e-08,300.2424011230469,2.803524301597804e-09,1.659077611293469e-06,3.403484782893429e-08,3.301622086837597e-08,2.8864319268073757e-10,2.885853778167302e-10,2.1633110858232385e-09,2.220716277534507e-09,1.8334823936871913e-10,4.999364811020257e-10,7.321780071123385e-09,7.218726949531629e-08,2.9661666900437922e-08,6.408352959397234e-09
low_roughness_0393,low_roughness,117.35600280761719,46.9010009765625,350.47943115234375,0.0023327425587922335,419.8166809082031,3.646019663960942e-08,541.2858276367188,0.003565073711797595,3.224604938623088e-08,633.78759765625,2.774003471373021e-09,3.105830037597457e-09,2.421684630604659e-09,2.5776134862098843e-05,6.384510697898804e-10,1.0354494150988103e-08,8.180196964246989e-09,6.047264105291106e-05,2.698624790298254e-08,320.10589599609375
low_roughness_0075,low_roughness,117.35600280761719,46.9010009765625,399.2681579589844,0.001426187576726079,61.88663101196289,1.8731005013705726e-07,145.15692138671875,0.0009225317626260221,7.948145963609932e-08,1071.055908203125,4.781220974692246e-10,5.118994672592692e-10,5.844116302000657e-09,4.265089955879375e-05,4.679827081410792e-10,1.0215581713879374e-09,2.0958704993745414e-08,2.2412454825371242e-07,6.918560302437982e-08,954.8680419921875
medium_roughness_0016,medium_roughness,117.35600280761719,46.9010009765625,324.38055419921875,534.2887573242188,134.530517578125,1.5971417965943147e-08,165.379638671875,163.32618713378906,1.5969658306858037e-07,0.0007278601988218725,37.11198425292969,1.568253651385021e-06,1.8404355373036196e-08,20.491533279418945,3.998619604317355e-07,3.814285946646123e-06,8.711100463187904e-08,6.870975539641222e-07,1.4233199863156187e-07,0.0041575138457119465
medium_roughness_0054,medium_roughness,117.35600280761719,46.9010009765625,696.5431518554688,0.0006582461064681411,460.0935363769531,7.610964303239598e-09,2.223067147033575e-10,3.989653496461187e-09,1.875564770159599e-08,1.995062781645629e-08,3.138024562421293e-10,3.1298594271866875e-10,1.8937273971175728e-09,2.039866053848982e-09,1.911708985558036e-10,4.877298565020283e-10,6.491478465875389e-09,3.8436041904788e-08,1.7834437926467217e-08,5.202080100019657e-09
high_roughness_0136,high_roughness,117.35600280761719,46.9010009765625,506.0987548828125,526.9507446289062,563.1434326171875,1.6674880498612765e-07,487.4705505371094,1.0713115443650167e-05,1.590694438391438e-07,57.512210845947266,2.90060853558316e-07,103.69427490234375,2.407381849423018e-08,93.19432067871094,4.046541164370865e-07,2.456832362440764e-06,9.134746647987413e-08,0.0020114427898079157,1.3270724252834043e-07,156.850830078125
high_roughness_0022,high_roughness,117.35600280761719,46.9010009765625,846.841552734375,739.6231079101562,7.47364538256079e-07,1.6528808544080675e-07,7.515456701412404e-08,246.21694946289062,2.0944160183944405e-08,387.6263122558594,3.178747265408788e-10,3.160887662723155e-10,1.7866809143285423e-09,4.0080752938820297e-08,1.9582797883277436e-10,7.880585628505798e-10,6.108038963503759e-09,0.001075684791430831,1.8344005425774412e-08,133.3012237548828
high_roughness_0138,high_roughness,117.35600280761719,46.9010009765625,0.0005448681185953319,629.2330322265625,403.6280212402344,542.2938842773438,0.0005463085253722966,1.0327536159593365e-07,3.760879110359383e-07,1.6970716387731954e-07,249.5647430419922,0.0008868849254213274,1.2198904641991248e-07,137.86473083496094,6.974360076128505e-07,5.2076535212108865e-05,2.877303018067323e-07,4.145821890233492e-07,3.6245575074644876e-07,4.2931700590997934e-05
low_roughness_0266,low_roughness,117.35600280761719,46.9010009765625,477.49072265625,935.7515869140625,5.1749888370977715e-05,186.93040466308594,23.826763153076172,2.3370233748210012e-07,0.0006891004741191864,2.359571915633296e-08,3.093253708730259e-10,3.047539998135562e-10,4.814968335153935e-08,1.9405932416560745e-09,1.4587131502707962e-10,4.972167122474502e-10,4.291654022381408e-06,5.732461616503315e-08,0.0015287919668480754,5.127498869939018e-09
high_roughness_0030,high_roughness,117.35600280761719,46.9010009765625,629.9387817382812,785.3375854492188,1.1133675315022629e-08,8.916347660203883e-09,5.650790502187419e-09,4.363911454419167e-09,2.875686178072101e-08,2.806495125184938e-08,3.4868249954023156e-10,3.495461697866631e-10,2.307260160705482e-09,2.3246333746840264e-09,2.1827072094193767e-10,5.41877320792139e-10,7.915101463140672e-09,5.8142887837675516e-08,2.6488173432426265e-08,6.338769065195038e-09
high_roughness_0389,high_roughness,117.35600280761719,46.9010009765625,582.5394287109375,295.73968505859375,330.703125,1.0914062542610736e-08,4.729864833130648e-10,2.02555194839249e-09,1.846219177537023e-08,2.2702950630559826e-08,2.730781156756734e-10,2.64582522557788e-10,1.946127259344621e-09,2.3729163078911597e-09,1.4898658695639e-10,5.346987852483664e-10,6.336098312687e-09,4.177408641226066e-08,1.745736177838353e-08,6.052997214567313e-09
low_roughness_0268,low_roughness,117.35600280761719,46.9010009765625,456.748779296875,0.0006306624854914844,448.74462890625,8.339441137650283e-08,150.7542266845703,0.0011582787847146392,1.0619029922054324e-07,1339.01025390625,1.1833951596429415e-09,1.2756368183985956e-09,7.889599196175823e-09,0.00016376796702388674,8.702057963105858e-10,9.662421973644086e-10,2.8186189382495286e-08,1034.518798828125,9.327179384399642e-08,1272.20263671875
high_roughness_0311,high_roughness,117.35600280761719,46.9010009765625,176.57769775390625,265.61053466796875,445.598876953125,3.026094574920535e-08,247.6658935546875,130.3072967529297,104.98475646972656,269.93621826171875,4.151481789449463e-06,0.018837325274944305,5.944004442426376e-05,0.6821385025978088,27.18986701965332,0.0067594279535114765,1.7348560504615307e-05,332.78875732421875,104.1349868774414,89.46965789794922
high_roughness_0315,high_roughness,117.35600280761719,46.9010009765625,631.0485229492188,243.8919677734375,513.4061279296875,129.82249450683594,211.99850463867188,223.78086853027344,1.1745376582439349e-07,0.0015882529551163316,8.434147269476e-10,8.615650415322307e-10,6.487578918523695e-09,6.357427473346888e-09,5.899404853515477e-10,1.3664614995079205e-09,2.2119795772823636e-08,1.5397540664707776e-07,9.595653693850181e-08,1.6202307051571552e-08
high_roughness_0237,high_roughness,117.35600280761719,46.9010009765625,383.3170471191406,0.0035222102887928486,182.77935791015625,9.34953376940939e-08,277.97430419921875,0.0012461418518796563,9.240608278560103e-08,63.285972595214844,8.003275553392086e-08,26.314146041870117,9.61866497561914e-09,129.97677612304688,4.827886534997106e-09,1.6494936971866991e-07,3.098878664786753e-08,5.038240260546445e-07,8.030310283402287e-08,298.0243225097656
low_roughness_0369,low_roughness,117.35600280761719,46.9010009765625,242.43292236328125,1.9004080513695953e-06,411.6529235839844,129.11741638183594,4.12238989611069e-08,178.4670867919922,301.3438415527344,238.81552124023438,0.021039612591266632,17.152524948120117,17.66314697265625,21.09697151184082,29.913211822509766,4.351938247680664,41.74483108520508,282.20758056640625,311.95428466796875,97.82794952392578
low_roughness_0090,low_roughness,117.35600280761719,46.9010009765625,337.993896484375,305.2977600097656,2.346586285284502e-07,314.5035705566406,27.673542022705078,432.2983703613281,186.4637451171875,1.235181201764135e-08,0.0003507619840092957,0.0004298767016734928,98.22930908203125,1.2461010001629802e-09,0.0029749011155217886,5.988307748339139e-06,124.85663604736328,5.3095636332045615e-08,212.41957092285156,0.0012871659127995372
low_roughness_0353,low_roughness,117.35600280761719,46.9010009765625,0.0031796542461961508,551.5776977539062,477.29290771484375,106.9149398803711,0.003049019258469343,0.008656730875372887,2.8416670261321997e-07,4.964467947843332e-08,5.246238998779518e-10,5.286225901457442e-10,7.095537934986851e-09,3.8623269027482365e-09,3.0936075923193584e-10,9.327758565547128e-10,2.3958705241966527e-08,1.1338005379002425e-07,2.8344322799966903e-07,1.0392601446085337e-08
high_roughness_0069,high_roughness,117.35600280761719,46.9010009765625,221.60435485839844,902.4552001953125,176.1386260986328,403.8820495605469,315.31719970703125,5.29315400399355e-07,262.6151123046875,1.7375741734326766e-08,2.9863675421459845e-10,2.648243846437026e-10,0.014543013647198677,1.6928994872600356e-09,8.783624070929363e-05,4.5101447576634257e-10,100.74783325195312,3.712927920673792e-08,643.8522338867188,4.4590562353619134e-09
medium_roughness_0046,medium_roughness,117.35600280761719,46.9010009765625,607.0090942382812,0.0012674367753788829,0.0049248808063566685,2.3912413382731756e-08,334.7520446777344,3.10618787580097e-07,3.071996346193373e-08,4.1669043326919564e-08,5.145365800096613e-10,5.161210347992551e-10,2.835624623998001e-09,3.8709191407804155e-09,3.161448047794835e-10,7.897001941259418e-10,1.0055177135370741e-08,7.050536510178063e-08,2.8530571682949812e-08,1.1745875383439852e-08
high_roughness_0372,high_roughness,117.35600280761719,46.9010009765625,484.4046630859375,5.731850478696288e-07,247.40509033203125,2.889418624363316e-07,6.391803617589176e-05,770.2572021484375,2.3229820556025516e-07,1.8845663873889862e-07,36.30613708496094,93.50680541992188,49.31116485595703,2.6128143204573462e-08,0.004054543096572161,6.664612556050997e-06,36.782901763916016,2.928034348315123e-07,2.4052761204984563e-07,5.9435262045326454e-08
high_roughness_0397,high_roughness,117.35600280761719,46.9010009765625,178.62960815429688,297.1587829589844,4.281190157939818e-08,521.595947265625,397.73114013671875,79.08769226074219,950.317626953125,7.763094345136778e-08,1.2605948507271592e-09,1.2373780888808028e-09,152.59971618652344,6.3980456488366144e-09,0.0007360178278759122,1.635521384990568e-09,216.62786865234375,1.575339609871662e-07,1002.1488037109375,1.7986421241289463e-08
