profile,period,policy,rmse_nm,offload_pct,baseline_motor_work_j,assisted_motor_work_j
piecewise_0000,1,default,50.66597494229455,20.42566703629023,189.31829963811313,150.6487741152659
piecewise_0000,2,previous_period,25.35302142292627,66.73913989109039,189.31829963811313,62.96889480319915
piecewise_0000,3,previous_period,24.494012202563116,69.04936781114557,189.31829963811313,58.595210587185726
piecewise_0000,4,previous_period,24.35329494925885,68.9703711318473,189.31829963811313,58.744765757203794
piecewise_0000,5,previous_period,24.34057723230418,69.21799253725318,189.31829963811313,58.27597312294938
piecewise_0000,6,previous_period,24.339119171058567,69.12710927867298,189.31829963811313,58.4480317627491
piecewise_0000,7,previous_period,24.3397634121809,69.18521863513486,189.31829963811313,58.33802011716483
piecewise_0000,8,previous_period,24.33949313256429,69.15514131493012,189.31829963811313,58.39496198835317
piecewise_0000,9,previous_period,24.339690722223487,69.1728889205717,189.31829963811313,58.36136252312606
piecewise_0000,10,previous_period,24.33958643938247,69.16338920303878,189.31829963811313,58.3793472268298
piecewise_0000,11,previous_period,24.339650035326258,69.16883827009475,189.31829963811313,58.369031145733274
piecewise_0000,12,previous_period,24.33961734680109,69.16571348087773,189.31829963811313,58.374946943546234
piecewise_0001,1,default,62.969729087063286,-8.598924801322694,153.62246147609534,166.8323414163657
piecewise_0001,2,previous_period,33.01208979603702,48.87235258572652,153.62246147609534,78.54355045262614
piecewise_0001,3,previous_period,33.075944269820276,48.72512347371271,153.62246147609534,78.76972743851113
piecewise_0001,4,previous_period,33.07323206217474,48.73107683919301,153.62246147609534,78.76058173191964
piecewise_0001,5,previous_period,33.07327277403185,48.73098264962974,153.62246147609534,78.76072642824519
piecewise_0001,6,previous_period,33.07327145840766,48.73098459990198,153.62246147609534,78.76072343218897
piecewise_0001,7,previous_period,33.07327243382932,48.73098305440321,153.62246147609534,78.76072580642222
piecewise_0001,8,previous_period,33.07327145840766,48.73098459990198,153.62246147609534,78.76072343218897
piecewise_0001,9,previous_period,33.07327243382932,48.73098305440321,153.62246147609534,78.76072580642222
piecewise_0001,10,previous_period,33.07327145840766,48.73098459990198,153.62246147609534,78.76072343218897
piecewise_0001,11,previous_period,33.07327243382932,48.73098305440321,153.62246147609534,78.76072580642222
piecewise_0001,12,previous_period,33.07327145840766,48.73098459990198,153.62246147609534,78.76072343218897
piecewise_0002,1,default,47.05317402150559,-1.350084347619962,125.95196228118729,127.6524200094658
piecewise_0002,2,previous_period,42.6597786514912,12.133330553273536,125.95196228118729,110.66979435927644
piecewise_0002,3,previous_period,42.40142634971849,12.528909152699075,125.95196228118729,110.17155535093553
piecewise_0002,4,previous_period,42.437997853389646,12.610979592150029,125.95196228118729,110.06818602199426
piecewise_0002,5,previous_period,42.440237232642055,12.611357493779762,125.95196228118729,110.06771004747611
piecewise_0002,6,previous_period,42.44055843848394,12.611201608467892,125.95196228118729,110.06790638808533
piecewise_0002,7,previous_period,42.440595844366904,12.611181116238622,125.95196228118729,110.06793219845021
piecewise_0002,8,previous_period,42.44059933449393,12.611179257388837,125.95196228118729,110.06793453970799
piecewise_0002,9,previous_period,42.440600213336445,12.611178561722735,125.95196228118729,110.0679354159131
piecewise_0002,10,previous_period,42.44060050544206,12.611179638883163,125.95196228118729,110.0679340592084
piecewise_0002,11,previous_period,42.44060081484401,12.611177952079844,125.95196228118729,110.06793618377029
piecewise_0002,12,previous_period,42.440600460171446,12.611178834752979,125.95196228118729,110.06793507202615
piecewise_0003,1,default,57.39060208672659,-7.57778637648725,157.5222513600131,169.45895106350815
piecewise_0003,2,previous_period,31.31434434177243,46.96257609725429,157.5222513600131,83.54574419495876
piecewise_0003,3,previous_period,31.37513563043858,46.61008165685927,157.5222513600131,84.10100137338787
piecewise_0003,4,previous_period,31.375397260330633,46.626723249029226,157.5222513600131,84.07478716273961
piecewise_0003,5,previous_period,31.374959546041353,46.62713723671869,157.5222513600131,84.07413504001082
piecewise_0003,6,previous_period,31.374973044524733,46.62714552652073,157.5222513600131,84.07412198172801
piecewise_0003,7,previous_period,31.374971769979563,46.62714511980606,157.5222513600131,84.07412262239411
piecewise_0003,8,previous_period,31.374971451573487,46.62714497625971,157.5222513600131,84.07412284851156
piecewise_0003,9,previous_period,31.374971209390026,46.627145371012176,157.5222513600131,84.07412222668857
piecewise_0003,10,previous_period,31.374971209390026,46.627145371012176,157.5222513600131,84.07412222668857
piecewise_0003,11,previous_period,31.374971209390026,46.627145371012176,157.5222513600131,84.07412222668857
piecewise_0003,12,previous_period,31.374971209390026,46.627145371012176,157.5222513600131,84.07412222668857
piecewise_0004,1,default,46.485062482215646,20.225911981173418,167.9839766833158,134.00768541687347
piecewise_0004,2,previous_period,28.385593687973994,65.04588774083956,167.9839766833158,58.71730778728811
piecewise_0004,3,previous_period,27.560014244472136,65.84907147319052,167.9839766833158,57.36808781361147
piecewise_0004,4,previous_period,27.499757465171967,65.99236574164618,167.9839766833158,57.12737640310041
piecewise_0004,5,previous_period,27.47316456747866,65.92127298453248,167.9839766833158,57.246800843633814
piecewise_0004,6,previous_period,27.477679281080917,65.90048628810534,167.9839766833158,57.2817191629132
piecewise_0004,7,previous_period,27.47662694068602,65.89524585284529,167.9839766833158,57.29052225445854
piecewise_0004,8,previous_period,27.477059980549978,65.89463343786971,167.9839766833158,57.29155101348831
piecewise_0004,9,previous_period,27.47696559371911,65.8944828467816,167.9839766833158,57.29180398238667
piecewise_0004,10,previous_period,27.4769987027084,65.89447873006434,167.9839766833158,57.291810897812034
piecewise_0004,11,previous_period,27.476988486923492,65.8944805584701,167.9839766833158,57.291807826383334
piecewise_0004,12,previous_period,27.476992504216533,65.89447796729382,167.9839766833158,57.29181217914427
piecewise_0005,1,default,76.18136925754324,-8.910526573557842,195.92802051726227,213.38623885049878
piecewise_0005,2,previous_period,40.78982030706573,41.18935856307617,195.92802051726227,115.22652562086965
piecewise_0005,3,previous_period,40.79784812010399,41.17654194728145,195.92802051726227,115.25163696249355
piecewise_0005,4,previous_period,40.7978863726126,41.176480982778685,195.92802051726227,115.25175640903706
piecewise_0005,5,previous_period,40.797891298896815,41.17647142311379,195.92802051726227,115.25177513909925
piecewise_0005,6,previous_period,40.797891298896815,41.17647142311379,195.92802051726227,115.25177513909925
piecewise_0005,7,previous_period,40.797891298896815,41.17647142311379,195.92802051726227,115.25177513909925
piecewise_0005,8,previous_period,40.797891298896815,41.17647142311379,195.92802051726227,115.25177513909925
piecewise_0005,9,previous_period,40.797891298896815,41.17647142311379,195.92802051726227,115.25177513909925
piecewise_0005,10,previous_period,40.797891298896815,41.17647142311379,195.92802051726227,115.25177513909925
piecewise_0005,11,previous_period,40.797891298896815,41.17647142311379,195.92802051726227,115.25177513909925
piecewise_0005,12,previous_period,40.797891298896815,41.17647142311379,195.92802051726227,115.25177513909925
piecewise_0006,1,default,48.4408463322069,-0.8436316690207502,126.76095558604364,127.83035115132083
piecewise_0006,2,previous_period,45.81737705785963,5.395794771622997,126.76095558604364,119.92119457207255
piecewise_0006,3,previous_period,45.51896868259479,5.772709730162107,126.76095558604364,119.44341356888162
piecewise_0006,4,previous_period,45.47321400524485,5.983555448120725,126.76095558604364,119.17614352198503
piecewise_0006,5,previous_period,45.44832733268847,5.954336236348345,126.76095558604364,119.21318207404241
piecewise_0006,6,previous_period,45.447790287174016,5.957422836991999,126.76095558604364,119.20926946957138
piecewise_0006,7,previous_period,45.447917891205876,5.946730903260411,126.76095558604364,119.22282266694017
piecewise_0006,8,previous_period,45.4475848851785,5.946268064044458,126.76095558604364,119.22340936635314
piecewise_0006,9,previous_period,45.44780252577622,5.945618118032137,126.76095558604364,119.22423324412915
piecewise_0006,10,previous_period,45.44770988178083,5.945583341171079,126.76095558604364,119.22427732761055
piecewise_0006,11,previous_period,45.44774321580085,5.9455522954457996,126.76095558604364,119.2243166814686
piecewise_0006,12,previous_period,45.44773241078643,5.945543435856493,126.76095558604364,119.22432791196866
piecewise_0007,1,default,59.21597424483259,-3.0588885447521807,140.0697686948061,144.3543468040724
piecewise_0007,2,previous_period,35.44261411346272,27.403887394784697,140.0697686948061,101.68520700754604
piecewise_0007,3,previous_period,35.22078268286368,27.7769661462136,140.0697686948061,101.16263646337012
piecewise_0007,4,previous_period,35.221412154330416,27.775001464771375,140.0697686948061,101.16538838812183
piecewise_0007,5,previous_period,35.221353889765105,27.775070396242118,140.0697686948061,101.16529183597021
piecewise_0007,6,previous_period,35.22135355294263,27.775068808827285,140.0697686948061,101.16529405945849
piecewise_0007,7,previous_period,35.2213537078717,27.775068674300595,140.0697686948061,101.1652942478897
piecewise_0007,8,previous_period,35.22135370980618,27.775068647395273,140.0697686948061,101.16529428557594
piecewise_0007,9,previous_period,35.22135370980618,27.775068647395273,140.0697686948061,101.16529428557594
piecewise_0007,10,previous_period,35.22135370980618,27.775068647395273,140.0697686948061,101.16529428557594
piecewise_0007,11,previous_period,35.22135370980618,27.775068647395273,140.0697686948061,101.16529428557594
piecewise_0007,12,previous_period,35.22135370980618,27.775068647395273,140.0697686948061,101.16529428557594
piecewise_0008,1,default,43.11435932851104,17.60767134299127,143.77102087613196,118.45629203379927
piecewise_0008,2,previous_period,24.24758672989745,54.74189000626997,143.77102087613196,65.06804676722837
piecewise_0008,3,previous_period,22.786432846899075,59.00008105439806,143.77102087613196,58.94600202647855
piecewise_0008,4,previous_period,22.593462414493125,58.81894670380527,143.77102087613196,59.20642073148316
piecewise_0008,5,previous_period,22.602621343686103,58.976423845931116,143.77102087613196,58.98001423660226
piecewise_0008,6,previous_period,22.552035570075358,58.98098095377442,143.77102087613196,58.97346243613352
piecewise_0008,7,previous_period,22.58693843215954,58.984125761278975,143.77102087613196,58.96894111427964
piecewise_0008,8,previous_period,22.559123145225605,58.98563783989352,143.77102087613196,58.96676718341905
piecewise_0008,9,previous_period,22.57987072994773,58.98567238820962,143.77102087613196,58.96671751295231
piecewise_0008,10,previous_period,22.563684046010668,58.98619056052568,143.77102087613196,58.9659725313236
piecewise_0008,11,previous_period,22.575926259797065,58.986168672935435,143.77102087613196,58.96600399933554
piecewise_0008,12,previous_period,22.566432345970146,58.98638133643202,143.77102087613196,58.96569825085548
piecewise_0009,1,default,50.13259599413032,0.5733616706836031,129.22531116729976,128.48438276424486
piecewise_0009,2,previous_period,39.434935891295915,20.938069286863236,129.22531116729976,102.16802597892593
piecewise_0009,3,previous_period,39.01475030044631,21.452305283166282,129.22531116729976,101.50350291256905
piecewise_0009,4,previous_period,39.004521868916385,21.455069036317752,129.22531116729976,101.49993144395917
piecewise_0009,5,previous_period,39.004851532462844,21.45392179959511,129.22531116729976,101.50141396418383
piecewise_0009,6,previous_period,39.00490540000708,21.453797651833295,129.22531116729976,101.50157439451534
piecewise_0009,7,previous_period,39.00491240018886,21.453783988871965,129.22531116729976,101.50159205051963
piecewise_0009,8,previous_period,39.00491337720617,21.45378223907968,129.22531116729976,101.50159431169416
piecewise_0009,9,previous_period,39.004913956663536,21.45378059135863,129.22531116729976,101.50159644096681
piecewise_0009,10,previous_period,39.00491380017228,21.45378070801144,129.22531116729976,101.50159629022185
piecewise_0009,11,previous_period,39.00491377821389,21.453780795501043,129.22531116729976,101.50159617716314
piecewise_0009,12,previous_period,39.00491377821389,21.453780795501043,129.22531116729976,101.50159617716314
piecewise_0010,1,default,40.85230768854168,6.609206273132351,110.35584098982875,103.06219582436103
piecewise_0010,2,previous_period,26.46826068723807,47.68185574274334,110.35584098982875,57.73612808536738
piecewise_0010,3,previous_period,26.401093521548603,47.442312620087264,110.35584098982875,58.00047791290778
piecewise_0010,4,previous_period,26.41629615477732,47.31655959374367,110.35584098982875,58.13925372269942
piecewise_0010,5,previous_period,26.41433233645422,47.315285808135165,110.35584098982875,58.1406594195201
piecewise_0010,6,previous_period,26.414245922300946,47.314049587249706,110.35584098982875,58.14202366147473
piecewise_0010,7,previous_period,26.414205682661173,47.31394963093669,110.35584098982875,58.14213396910459
piecewise_0010,8,previous_period,26.414198897341063,47.31392767264858,110.35584098982875,58.1421582013581
piecewise_0010,9,previous_period,26.41420041938256,47.31391891323816,110.35584098982875,58.14216786787913
piecewise_0010,10,previous_period,26.414201974338493,47.313913551727694,110.35584098982875,58.142173784619104
piecewise_0010,11,previous_period,26.41420024083742,47.3139155324131,110.35584098982875,58.142171598817065
piecewise_0010,12,previous_period,26.41420016708587,47.3139149347925,110.35584098982875,58.1421722583263
piecewise_0011,1,default,59.323914731416444,6.840573524251581,183.20568736693292,170.67336762198738
piecewise_0011,2,previous_period,41.74050334864305,39.481224314638766,183.20568736693292,110.87383898041833
piecewise_0011,3,previous_period,41.70092057227347,42.515741677058664,183.20568736693292,105.31443058832802
piecewise_0011,4,previous_period,41.62391911268289,41.93217313954456,183.20568736693292,106.38356133873789
piecewise_0011,5,previous_period,41.61091343926081,42.25963368648304,183.20568736693292,105.78363499286372
piecewise_0011,6,previous_period,41.617076473622255,42.16100699432368,183.20568736693292,105.96432470216155
piecewise_0011,7,previous_period,41.61228417188502,42.19891005565767,183.20568736693292,105.89488413811151
piecewise_0011,8,previous_period,41.61478378019047,42.18489855853118,183.20568736693292,105.9205539977325
piecewise_0011,9,previous_period,41.61376398162469,42.190179276109795,183.20568736693292,105.9108794227947
piecewise_0011,10,previous_period,41.6141673489975,42.18827839130146,183.20568736693292,105.91436195187384
piecewise_0011,11,previous_period,41.61400915116849,42.18898388588074,183.20568736693292,105.91306944568055
piecewise_0011,12,previous_period,41.61407289269502,42.18872274396587,183.20568736693292,105.9135478725207
piecewise_0012,1,default,64.58212210437472,3.4456065153605775,186.16204951549418,179.74763780825953
piecewise_0012,2,previous_period,47.824710868438686,27.884432498183276,186.16204951549418,134.25181848111168
piecewise_0012,3,previous_period,47.57111941779181,29.0488599502256,186.16204951549418,132.08409647126862
piecewise_0012,4,previous_period,47.60757156024571,29.271054604553935,186.16204951549418,131.67045434885713
piecewise_0012,5,previous_period,47.609489269355294,29.33274529207981,186.16204951549418,131.55560970059878
piecewise_0012,6,previous_period,47.61074577326538,29.34554184297188,186.16204951549418,131.5317873791908
piecewise_0012,7,previous_period,47.6110870560374,29.348075267677675,186.16204951549418,131.52707110383557
piecewise_0012,8,previous_period,47.6111587827492,29.348578912761734,186.16204951549418,131.5261335078248
piecewise_0012,9,previous_period,47.61117209759225,29.348677534147647,186.16204951549418,131.5259499122315
piecewise_0012,10,previous_period,47.61117743393769,29.348694463011395,186.16204951549418,131.5259183971118
piecewise_0012,11,previous_period,47.611176539047115,29.348699962994274,186.16204951549418,131.52590815823095
piecewise_0012,12,previous_period,47.611177122184316,29.348700238815805,186.16204951549418,131.52590764475593
piecewise_0013,1,default,37.26349373738361,11.94418103841569,115.05047149506638,101.3086348941448
piecewise_0013,2,previous_period,19.23329743323157,70.4609832336145,115.05047149506638,33.98477806473324
piecewise_0013,3,previous_period,18.035824470983062,73.38573008303212,115.05047149506638,30.619843024441167
piecewise_0013,4,previous_period,18.084446355850954,74.79849958606435,115.05047149506638,28.994445050064073
piecewise_0013,5,previous_period,17.807857550047533,75.04308393838153,115.05047149506638,28.713049599520005
piecewise_0013,6,previous_period,17.758889400140667,75.09594880504083,115.05047149506638,28.652228321173233
piecewise_0013,7,previous_period,17.728909125047178,75.10313011912899,115.05047149506638,28.643966185455263
piecewise_0013,8,previous_period,17.726152917697007,75.08290947778487,115.05047149506638,28.66723012866101
piecewise_0013,9,previous_period,17.722839348193205,75.07342681635978,115.05047149506638,28.67813997534084
piecewise_0013,10,previous_period,17.721852259660206,75.06753291537983,115.05047149506638,28.68492093620773
piecewise_0013,11,previous_period,17.72132895372065,75.06471981519375,115.05047149506638,28.688157421235452
piecewise_0013,12,previous_period,17.721096500133754,75.06332086864961,115.05047149506638,28.689766915830432
piecewise_0014,1,default,38.117328424921,18.56446573923828,122.46936456721922,99.73358134107498
piecewise_0014,2,previous_period,32.60785550183835,33.43384520621967,122.46936456721922,81.5231467927743
piecewise_0014,3,previous_period,32.58547826488004,32.84699640424091,122.46936456721922,82.24185679152802
piecewise_0014,4,previous_period,32.66303065157378,32.98877636812336,122.46936456721922,82.06821977067756
piecewise_0014,5,previous_period,32.66667061090403,32.834910540406035,122.46936456721922,82.25665827216906
piecewise_0014,6,previous_period,32.674084031215095,32.91168106286138,122.46936456721922,82.16263790114306
piecewise_0014,7,previous_period,32.67141217670027,32.864107436164716,122.46936456721922,82.22090101946006
piecewise_0014,8,previous_period,32.67326346329878,32.89193636378952,122.46936456721922,82.18681910863208
piecewise_0014,9,previous_period,32.6721973386612,32.87548825097786,122.46936456721922,82.20696300787583
piecewise_0014,10,previous_period,32.672823678197815,32.885234858532286,122.46936456721922,82.19502639953706
piecewise_0014,11,previous_period,32.672448460478556,32.87948617669869,122.46936456721922,82.20206677364965
piecewise_0014,12,previous_period,32.67266792142237,32.88289200346897,122.46936456721922,82.19789567924583
piecewise_0015,1,default,35.567581953056205,-65.10695578241048,49.65783128137571,81.98853353624499
piecewise_0015,2,previous_period,17.765806624676536,18.456030988829085,49.65783128137571,40.49296655170454
piecewise_0015,3,previous_period,17.752144816140664,18.529086883534852,49.65783128137571,40.45668857877045
piecewise_0015,4,previous_period,17.752149649363997,18.5288941941532,49.65783128137571,40.45678426413849
piecewise_0015,5,previous_period,17.75214921574049,18.528902561228566,49.65783128137571,40.45678010923032
piecewise_0015,6,previous_period,17.752150236912364,18.52889814052887,49.65783128137571,40.45678230445392
piecewise_0015,7,previous_period,17.752149722810394,18.528901536688725,49.65783128137571,40.45678061799459
piecewise_0015,8,previous_period,17.752150424617657,18.52889609144921,49.65783128137571,40.45678332198244
piecewise_0015,9,previous_period,17.752149722810394,18.528901536688725,49.65783128137571,40.45678061799459
piecewise_0015,10,previous_period,17.752150424617657,18.52889609144921,49.65783128137571,40.45678332198244
piecewise_0015,11,previous_period,17.752149722810394,18.528901536688725,49.65783128137571,40.45678061799459
piecewise_0015,12,previous_period,17.752150424617657,18.52889609144921,49.65783128137571,40.45678332198244
piecewise_0016,1,default,58.07084927068125,-6.078887928967314,142.64438450845034,151.31557677968425
piecewise_0016,2,previous_period,46.49112238774348,14.762986900031382,142.64438450845034,121.58581270983743
piecewise_0016,3,previous_period,46.81447345457994,14.28783124911691,142.64438450845034,122.26359556354149
piecewise_0016,4,previous_period,46.83288202391169,14.253691110357348,142.64438450845034,122.3122945543454
piecewise_0016,5,previous_period,46.83382897862723,14.251919245657586,142.64438450845034,122.3148220198407
piecewise_0016,6,previous_period,46.83387752897767,14.251826578502325,142.64438450845034,122.31495420433397
piecewise_0016,7,previous_period,46.83388027189277,14.251824055419416,142.64438450845034,122.31495780337005
piecewise_0016,8,previous_period,46.83388089640581,14.25182302505047,142.64438450845034,122.3149592731335
piecewise_0016,9,previous_period,46.83388089640581,14.25182302505047,142.64438450845034,122.3149592731335
piecewise_0016,10,previous_period,46.83388089640581,14.25182302505047,142.64438450845034,122.3149592731335
piecewise_0016,11,previous_period,46.83388089640581,14.25182302505047,142.64438450845034,122.3149592731335
piecewise_0016,12,previous_period,46.83388089640581,14.25182302505047,142.64438450845034,122.3149592731335
piecewise_0017,1,default,78.06929758009532,0.10219235471599086,228.64891380869642,228.41525209964277
piecewise_0017,2,previous_period,42.47567982878003,47.16119049159754,228.64891380869642,120.81536401040844
piecewise_0017,3,previous_period,42.4502779927922,47.256363447567395,228.64891380869642,120.59775208034372
piecewise_0017,4,previous_period,42.45018769709893,47.2567185553468,228.64891380869642,120.59694013026328
piecewise_0017,5,previous_period,42.45018540592868,47.256722535784434,228.64891380869642,120.59693102903586
piecewise_0017,6,previous_period,42.45018534722073,47.2567226923648,228.64891380869642,120.59693067101657
piecewise_0017,7,previous_period,42.45018534722073,47.2567226923648,228.64891380869642,120.59693067101657
piecewise_0017,8,previous_period,42.45018534722073,47.2567226923648,228.64891380869642,120.59693067101657
piecewise_0017,9,previous_period,42.45018534722073,47.2567226923648,228.64891380869642,120.59693067101657
piecewise_0017,10,previous_period,42.45018534722073,47.2567226923648,228.64891380869642,120.59693067101657
piecewise_0017,11,previous_period,42.45018534722073,47.2567226923648,228.64891380869642,120.59693067101657
piecewise_0017,12,previous_period,42.45018534722073,47.2567226923648,228.64891380869642,120.59693067101657
piecewise_0018,1,default,23.582415233480518,46.74481838825645,78.73960791829342,41.93292119726196
piecewise_0018,2,previous_period,12.27055189328065,59.67127630173995,78.73960791829342,31.754678918461842
piecewise_0018,3,previous_period,9.129559157045987,68.44063448002093,78.73960791829342,24.8497206719326
piecewise_0018,4,previous_period,8.337567901368098,71.18952807988605,78.73960791829342,22.685252629307747
piecewise_0018,5,previous_period,8.218770237828721,71.53500329620866,78.73960791829342,22.413226798520444
piecewise_0018,6,previous_period,8.20431114755552,71.54942053320646,78.73960791829342,22.401874722635725
piecewise_0018,7,previous_period,8.198701390491848,71.56735097440094,78.73960791829342,22.38775636354117
piecewise_0018,8,previous_period,8.197331814734936,71.57159955216383,78.73960791829342,22.38441105006857
piecewise_0018,9,previous_period,8.197085842886107,71.57224405998657,78.73960791829342,22.38390356713594
piecewise_0018,10,previous_period,8.197018553347654,71.57244986598967,78.73960791829342,22.383741516296027
piecewise_0018,11,previous_period,8.197003729765537,71.57249523903408,78.73960791829342,22.383705789738762
piecewise_0018,12,previous_period,8.19700196664564,71.57249636378782,78.73960791829342,22.383704904112076
piecewise_0019,1,default,36.330704559102834,27.056696756555333,134.00945720488838,97.75092474385593
piecewise_0019,2,previous_period,12.03072249925463,76.29647695070784,134.00945720488838,31.764962576792012
piecewise_0019,3,previous_period,11.480445278961543,78.10263614111363,134.00945720488838,29.34453844947301
piecewise_0019,4,previous_period,11.277813774226857,78.57066775160307,134.00945720488838,28.717331828708822
piecewise_0019,5,previous_period,11.350690439614976,78.44416585007372,134.00945720488838,28.88685634030218
piecewise_0019,6,previous_period,11.295514195533876,78.54313688568656,134.00945720488838,28.75422579268734
piecewise_0019,7,previous_period,11.33373271956295,78.4740896234649,134.00945720488838,28.846755654005424
piecewise_0019,8,previous_period,11.306744299046462,78.52233113310292,134.00945720488838,28.782107468792077
piecewise_0019,9,previous_period,11.325694419272553,78.48820482474747,134.00945720488838,28.827839949383275
piecewise_0019,10,previous_period,11.312335632209534,78.5121293155958,134.00945720488838,28.7957788690584
piecewise_0019,11,previous_period,11.321731047159716,78.49523970275109,134.00945720488838,28.818412547555596
piecewise_0019,12,previous_period,11.31510907685016,78.50710952497141,134.00945720488838,28.80250586322697
piecewise_0020,1,default,59.949253583409046,-10.409267058690297,138.3842567647378,152.78904361856306
piecewise_0020,2,previous_period,31.05575648584485,49.50723348563615,138.3842567647378,69.87403966085682
piecewise_0020,3,previous_period,30.92752692449761,49.814858975794785,138.3842567647378,69.44833441268192
piecewise_0020,4,previous_period,30.926954965508152,49.81625860433749,138.3842567647378,69.44639754712563
piecewise_0020,5,previous_period,30.92694605335253,49.816276918557776,138.3842567647378,69.44637220312799
piecewise_0020,6,previous_period,30.926946847460144,49.81627541393225,138.3842567647378,69.44637428529285
piecewise_0020,7,previous_period,30.92694669845288,49.81627522330096,138.3842567647378,69.44637454909653
piecewise_0020,8,previous_period,30.92694669845288,49.81627522330096,138.3842567647378,69.44637454909653
piecewise_0020,9,previous_period,30.92694669845288,49.81627522330096,138.3842567647378,69.44637454909653
piecewise_0020,10,previous_period,30.92694669845288,49.81627522330096,138.3842567647378,69.44637454909653
piecewise_0020,11,previous_period,30.92694669845288,49.81627522330096,138.3842567647378,69.44637454909653
piecewise_0020,12,previous_period,30.92694669845288,49.81627522330096,138.3842567647378,69.44637454909653
piecewise_0021,1,default,62.399206942262396,-22.297141522739274,144.55782031113642,176.79008208809765
piecewise_0021,2,previous_period,38.170211789717996,28.180916602046548,144.55782031113642,103.82010152751877
piecewise_0021,3,previous_period,38.08995005528492,28.333949249334157,144.55782031113642,103.59888086823537
piecewise_0021,4,previous_period,38.090525013399144,28.329706353168625,144.55782031113642,103.60501430645033
piecewise_0021,5,previous_period,38.08969755879905,28.331936514018242,144.55782031113642,103.60179043453668
piecewise_0021,6,previous_period,38.08985223616252,28.331479400789494,144.55782031113642,103.60245122745651
piecewise_0021,7,previous_period,38.08979718411197,28.331623079145952,144.55782031113642,103.60224352915617
piecewise_0021,8,previous_period,38.089810291441445,28.33158891276518,144.55782031113642,103.60229291933148
piecewise_0021,9,previous_period,38.08980664261247,28.331596829902107,144.55782031113642,103.60228147449092
piecewise_0021,10,previous_period,38.08980801495082,28.33159565675154,144.55782031113642,103.6022831703718
piecewise_0021,11,previous_period,38.08980774357659,28.331596943958417,144.55782031113642,103.6022813096136
piecewise_0021,12,previous_period,38.089808464770186,28.331595141868803,144.55782031113642,103.60228391467507
piecewise_0022,1,default,24.197179274690537,-14.931279900442496,46.766115415172884,53.74889500637633
piecewise_0022,2,previous_period,15.34158125169233,17.716012540020177,46.766115415172884,38.481024543740546
piecewise_0022,3,previous_period,15.357492026752933,21.924958297942798,46.766115415172884,36.51266411282843
piecewise_0022,4,previous_period,15.320288523103745,22.967576873175666,46.766115415172884,36.025071906594995
piecewise_0022,5,previous_period,15.30272732528132,23.141650964275605,46.766115415172884,35.943664216243285
piecewise_0022,6,previous_period,15.299326682343315,23.15881953300536,46.766115415172884,35.93563514357599
piecewise_0022,7,previous_period,15.298969703430387,23.15910897239525,46.766115415172884,35.93549978401686
piecewise_0022,8,previous_period,15.298940391381523,23.1589179669762,46.766115415172884,35.93558910983158
piecewise_0022,9,previous_period,15.298958945935732,23.158836234143678,46.766115415172884,35.935627333102374
piecewise_0022,10,previous_period,15.298963013905949,23.15880823102877,46.766115415172884,35.93564042907141
piecewise_0022,11,previous_period,15.298940241825054,23.158865002811368,46.766115415172884,35.93561387911404
piecewise_0022,12,previous_period,15.298963056088562,23.158810447102628,46.766115415172884,35.935639392699755
piecewise_0023,1,default,26.455501395881722,23.359287939851303,67.4054053329475,51.6599826142004
piecewise_0023,2,previous_period,21.26546278824478,40.59236398290638,67.4054053329475,40.04395785604406
piecewise_0023,3,previous_period,20.3645616006365,48.028896593189415,67.4054053329475,35.03133290736596
piecewise_0023,4,previous_period,20.248422302814948,50.58856200050958,67.4054053329475,33.305980064394554
piecewise_0023,5,previous_period,20.24912010194072,51.0160637105869,67.4054053329475,33.01782080391166
piecewise_0023,6,previous_period,20.2504431676486,51.07347818424933,67.4054053329475,32.97912034521972
piecewise_0023,7,previous_period,20.250691680174867,51.08125370290768,67.4054053329475,32.973879225351325
piecewise_0023,8,previous_period,20.250720488257517,51.08244739856407,67.4054053329475,32.97307460995569
piecewise_0023,9,previous_period,20.25072949308467,51.08247045437675,67.4054053329475,32.973059069091704
piecewise_0023,10,previous_period,20.25073001068817,51.08249212642132,67.4054053329475,32.973044460962214
piecewise_0023,11,previous_period,20.25072740847688,51.08254404567937,67.4054053329475,32.97300946457588
piecewise_0023,12,previous_period,20.250732282741005,51.08242855695422,67.4054053329475,32.973087310219185
piecewise_0024,1,default,74.5399114018146,-0.10564444746323787,221.17746333510712,221.4111250441607
piecewise_0024,2,previous_period,38.00561912550437,51.04618680928943,221.17746333510712,108.2748022210207
piecewise_0024,3,previous_period,38.00320635809507,51.031215702195546,221.17746333510712,108.30791493592415
piecewise_0024,4,previous_period,38.00322546934619,51.03129742296579,221.17746333510712,108.30773418799748
piecewise_0024,5,previous_period,38.00322532850506,51.031296924577504,221.17746333510712,108.30773529032007
piecewise_0024,6,previous_period,38.00322537829714,51.031296916058054,221.17746333510712,108.30773530916318
piecewise_0024,7,previous_period,38.00322537829714,51.031296916058054,221.17746333510712,108.30773530916318
piecewise_0024,8,previous_period,38.00322537829714,51.031296916058054,221.17746333510712,108.30773530916318
piecewise_0024,9,previous_period,38.00322537829714,51.031296916058054,221.17746333510712,108.30773530916318
piecewise_0024,10,previous_period,38.00322537829714,51.031296916058054,221.17746333510712,108.30773530916318
piecewise_0024,11,previous_period,38.00322537829714,51.031296916058054,221.17746333510712,108.30773530916318
piecewise_0024,12,previous_period,38.00322537829714,51.031296916058054,221.17746333510712,108.30773530916318
piecewise_0025,1,default,55.28585084142123,-17.138552057426025,120.9761839053081,141.70975016100678
piecewise_0025,2,previous_period,43.0052018479516,6.350053761452912,120.9761839053081,113.2941311887669
piecewise_0025,3,previous_period,42.91731436213494,6.454104016878304,120.9761839053081,113.16825516040953
piecewise_0025,4,previous_period,42.91330208325978,6.459315122752962,120.9761839053081,113.1619509633831
piecewise_0025,5,previous_period,42.91303750596044,6.4595049033268515,120.9761839053081,113.16172137408702
piecewise_0025,6,previous_period,42.91302870907737,6.459518649052399,120.9761839053081,113.16170474503281
piecewise_0025,7,previous_period,42.91302945140756,6.459515323599252,120.9761839053081,113.16170876803912
piecewise_0025,8,previous_period,42.9130302491267,6.459514575956393,120.9761839053081,113.16170967250892
piecewise_0025,9,previous_period,42.91303027568137,6.459514544804601,120.9761839053081,113.16170971019517
piecewise_0025,10,previous_period,42.91303027568137,6.459514544804601,120.9761839053081,113.16170971019517
piecewise_0025,11,previous_period,42.91303027568137,6.459514544804601,120.9761839053081,113.16170971019517
piecewise_0025,12,previous_period,42.91303027568137,6.459514544804601,120.9761839053081,113.16170971019517
piecewise_0026,1,default,57.00764228942148,-33.907483764616295,118.92370621556923,159.24774259289333
piecewise_0026,2,previous_period,41.49756504455476,11.247421330052177,118.92370621556923,105.54785591619071
piecewise_0026,3,previous_period,41.490606203303365,11.263653185692778,118.92370621556923,105.52855239187534
piecewise_0026,4,previous_period,41.490907047979675,11.262964653653507,118.92370621556923,105.52937121969492
piecewise_0026,5,previous_period,41.49088757255575,11.263011538161727,118.92370621556923,105.52931546290012
piecewise_0026,6,previous_period,41.49088820634646,11.26300872572501,118.92370621556923,105.52931880755409
piecewise_0026,7,previous_period,41.49088849130322,11.26300850389902,118.92370621556923,105.52931907135778
piecewise_0026,8,previous_period,41.49088941640636,11.263006206415515,118.92370621556923,105.52932180361032
piecewise_0026,9,previous_period,41.49088941640636,11.263006206415515,118.92370621556923,105.52932180361032
piecewise_0026,10,previous_period,41.49088941640636,11.263006206415515,118.92370621556923,105.52932180361032
piecewise_0026,11,previous_period,41.49088941640636,11.263006206415515,118.92370621556923,105.52932180361032
piecewise_0026,12,previous_period,41.49088941640636,11.263006206415515,118.92370621556923,105.52932180361032
piecewise_0027,1,default,49.45021738405446,0.8071507301938063,132.7015298007986,131.6304284340331
piecewise_0027,2,previous_period,41.94265323078839,16.728869173566153,132.7015298007986,110.5020644891021
piecewise_0027,3,previous_period,41.64369099579088,17.82403461856521,132.7015298007986,109.04876318973862
piecewise_0027,4,previous_period,41.65211452285853,17.920178205927108,132.7015298007986,108.92117917850402
piecewise_0027,5,previous_period,41.64855148822371,17.93360149576938,132.7015298007986,108.90336626753373
piecewise_0027,6,previous_period,41.64779090267775,17.934970936099514,132.7015298007986,108.90154899926593
piecewise_0027,7,previous_period,41.64768693542654,17.935077752786064,132.7015298007986,108.9014072518888
piecewise_0027,8,previous_period,41.64767494249841,17.935086180264094,132.7015298007986,108.90139606849652
piecewise_0027,9,previous_period,41.647674547989816,17.93508283625218,132.7015298007986,108.90140050605149
piecewise_0027,10,previous_period,41.64767426226818,17.935085640678306,132.7015298007986,108.90139678453512
piecewise_0027,11,previous_period,41.6476741122335,17.9350864074581,132.7015298007986,108.9013957670066
piecewise_0027,12,previous_period,41.64767371307146,17.935087273635297,132.7015298007986,108.90139461757622
piecewise_0028,1,default,72.04825536064264,-28.532023853586665,153.84854236949806,197.74464517675864
piecewise_0028,2,previous_period,46.06333470822779,17.941661039986545,153.84854236949806,126.24555838260264
piecewise_0028,3,previous_period,46.11667413312312,17.89753864290834,153.84854236949806,126.31344004736593
piecewise_0028,4,previous_period,46.117277827664466,17.896562208483946,153.84854236949806,126.31494227749506
piecewise_0028,5,previous_period,46.11727666323967,17.89656221460787,153.84854236949806,126.3149422680735
piecewise_0028,6,previous_period,46.11727631755358,17.89656320668278,153.84854236949806,126.3149407417807
piecewise_0028,7,previous_period,46.11727542951913,17.89656567462221,153.84854236949806,126.31493694489185
piecewise_0028,8,previous_period,46.11727542951913,17.89656567462221,153.84854236949806,126.31493694489185
piecewise_0028,9,previous_period,46.11727542951913,17.89656567462221,153.84854236949806,126.31493694489185
piecewise_0028,10,previous_period,46.11727542951913,17.89656567462221,153.84854236949806,126.31493694489185
piecewise_0028,11,previous_period,46.11727542951913,17.89656567462221,153.84854236949806,126.31493694489185
piecewise_0028,12,previous_period,46.11727542951913,17.89656567462221,153.84854236949806,126.31493694489185
piecewise_0029,1,default,54.23763864889377,-19.860475364470464,124.92012720592396,149.72985829492166
piecewise_0029,2,previous_period,44.438711215113955,5.522724989980232,124.92012720592396,118.02113212320731
piecewise_0029,3,previous_period,44.425488030274124,5.570417680678441,124.92012720592396,117.96155435331917
piecewise_0029,4,previous_period,44.42289013367184,5.580676759298287,124.92012720592396,117.9487386992571
piecewise_0029,5,previous_period,44.422406646704,5.582419836713348,124.92012720592396,117.94656124473292
piecewise_0029,6,previous_period,44.42231957460062,5.582765074858475,124.92012720592396,117.94612997280285
piecewise_0029,7,previous_period,44.422301665488654,5.582830045999964,124.92012720592396,117.94604881077026
piecewise_0029,8,previous_period,44.42229977521092,5.582841498629643,124.92012720592396,117.9460345041307
piecewise_0029,9,previous_period,44.42229839554189,5.582844971751788,124.92012720592396,117.9460301655021
piecewise_0029,10,previous_period,44.42229834652579,5.58284275061286,124.92012720592396,117.94603294015167
piecewise_0029,11,previous_period,44.4222980576969,5.5828431880527996,124.92012720592396,117.94603239370115
piecewise_0029,12,previous_period,44.422298098812085,5.582843900778189,124.92012720592396,117.94603150336368
piecewise_0030,1,default,36.72890127394428,30.6054647361518,132.28792704217585,91.8005921810965
piecewise_0030,2,previous_period,18.234240430302705,79.26292468772871,132.28792704217585,27.43264705977849
piecewise_0030,3,previous_period,17.73266437138311,80.28792324868013,132.28792704217585,26.076697711283742
piecewise_0030,4,previous_period,17.599179868642018,80.502681656813,132.28792704217585,25.792598265015997
piecewise_0030,5,previous_period,17.547855562806703,80.58635095236372,132.28792704217585,25.68191388836116
piecewise_0030,6,previous_period,17.54046230929908,80.59075793600329,132.28792704217585,25.67608398105928
piecewise_0030,7,previous_period,17.547228350635677,80.60227005397974,132.28792704217585,25.660854838829593
piecewise_0030,8,previous_period,17.555663781420826,80.61103578456638,132.28792704217585,25.6492588355464
piecewise_0030,9,previous_period,17.562127354769775,80.61613879077368,132.28792704217585,25.642508174417944
piecewise_0030,10,previous_period,17.56625678031497,80.61947335896554,132.28792704217585,25.638096943281123
piecewise_0030,11,previous_period,17.568651914069452,80.62142128589733,132.28792704217585,25.635520071122777
piecewise_0030,12,previous_period,17.569969601081446,80.62248730847489,132.28792704217585,25.634109851953102
piecewise_0031,1,default,90.61996197659508,-9.715003800157685,237.9604756441907,261.07834489589715
piecewise_0031,2,previous_period,56.576759201517426,30.63407430067022,237.9604756441907,165.06348672912105
piecewise_0031,3,previous_period,56.586189442818544,30.617074436162106,237.9604756441907,165.10393968756344
piecewise_0031,4,previous_period,56.58634927323788,30.616786611153625,237.9604756441907,165.10462459732264
piecewise_0031,5,previous_period,56.586351515284036,30.61678236678793,237.9604756441907,165.10463469723544
piecewise_0031,6,previous_period,56.586352346629454,30.616781923346736,237.9604756441907,165.1046357524502
piecewise_0031,7,previous_period,56.586352362030055,30.6167818441608,237.9604756441907,165.10463594088142
piecewise_0031,8,previous_period,56.586352362030055,30.6167818441608,237.9604756441907,165.10463594088142
piecewise_0031,9,previous_period,56.586352362030055,30.6167818441608,237.9604756441907,165.10463594088142
piecewise_0031,10,previous_period,56.586352362030055,30.6167818441608,237.9604756441907,165.10463594088142
piecewise_0031,11,previous_period,56.586352362030055,30.6167818441608,237.9604756441907,165.10463594088142
piecewise_0031,12,previous_period,56.586352362030055,30.6167818441608,237.9604756441907,165.10463594088142
piecewise_0032,1,default,19.041810690369463,33.516198423271206,48.62954221062871,32.33076835098597
piecewise_0032,2,previous_period,15.042854298932657,31.609457176824517,48.62954221062871,33.25800789027423
piecewise_0032,3,previous_period,14.865193749259149,28.79147630291653,48.62954221062871,34.628379088838756
piecewise_0032,4,previous_period,14.91423481122231,27.661397726148394,48.62954221062871,35.17793112734149
piecewise_0032,5,previous_period,14.91134414089665,27.65062683697058,48.62954221062871,35.18316896144067
piecewise_0032,6,previous_period,14.910700316619161,27.657154409498897,48.62954221062871,35.17999463280269
piecewise_0032,7,previous_period,14.910625487052421,27.658386527943335,48.62954221062871,35.179395459243665
piecewise_0032,8,previous_period,14.910613665051761,27.658558609143768,48.62954221062871,35.17931177694366
piecewise_0032,9,previous_period,14.910611391861126,27.658576399457026,48.62954221062871,35.179303125595766
piecewise_0032,10,previous_period,14.910611781018622,27.658577271293783,48.62954221062871,35.179302701625545
piecewise_0032,11,previous_period,14.910611781018622,27.658577271293783,48.62954221062871,35.179302701625545
piecewise_0032,12,previous_period,14.910611781018622,27.658577271293783,48.62954221062871,35.179302701625545
piecewise_0033,1,default,46.24913967894128,-16.91820414626035,94.76468833347874,110.79717176430404
piecewise_0033,2,previous_period,19.51883489125298,54.05628868906045,94.76468833347874,43.53841483264509
piecewise_0033,3,previous_period,19.342740409810915,54.40463223069125,94.76468833347874,43.20830816108886
piecewise_0033,4,previous_period,19.338148386054147,54.40865604013532,94.76468833347874,43.20449501061006
piecewise_0033,5,previous_period,19.337399445307348,54.4102254934416,94.76468833347874,43.203007723075814
piecewise_0033,6,previous_period,19.337382043246794,54.41023594254477,94.76468833347874,43.202997821015764
piecewise_0033,7,previous_period,19.3373768591813,54.410248549074545,94.76468833347874,43.20298587447711
piecewise_0033,8,previous_period,19.337378175915422,54.4102438763072,94.76468833347874,43.20299030261052
piecewise_0033,9,previous_period,19.337376915342865,54.410249771947704,94.76468833347874,43.20298471562517
piecewise_0033,10,previous_period,19.337377113624612,54.410245397442104,94.76468833347874,43.20298886111178
piecewise_0033,11,previous_period,19.33737782551419,54.410248061913705,94.76468833347874,43.20298633613357
piecewise_0033,12,previous_period,19.337377240777066,54.41024814145017,94.76468833347874,43.20298626076109
piecewise_0034,1,default,39.11796827300956,-73.4294297084318,59.67078322577696,103.48669905101957
piecewise_0034,2,previous_period,15.905034633563575,37.21995970083114,59.67078322577696,37.46134175597247
piecewise_0034,3,previous_period,15.703091501465464,37.72043102213573,59.67078322577696,37.16270659872963
piecewise_0034,4,previous_period,15.670286832729555,37.76462393871901,59.67078322577696,37.13633633927407
piecewise_0034,5,previous_period,15.664932408816906,37.7718159986248,59.67078322577696,37.13204478079821
piecewise_0034,6,previous_period,15.664053802353042,37.7729461763093,59.67078322577696,37.13137039492203
piecewise_0034,7,previous_period,15.663905642913752,37.773156552082476,59.67078322577696,37.13124486205046
piecewise_0034,8,previous_period,15.663878041414373,37.77324181395391,59.67078322577696,37.13119398562398
piecewise_0034,9,previous_period,15.663875236030254,37.77323273514352,59.67078322577696,37.13119940302124
piecewise_0034,10,previous_period,15.663866739073857,37.773303013030535,59.67078322577696,37.13115746765563
piecewise_0034,11,previous_period,15.663868460850288,37.77327558712855,59.67078322577696,37.13117383290615
piecewise_0034,12,previous_period,15.663868252986873,37.77327675553197,59.67078322577696,37.13117313571068
piecewise_0035,1,default,34.67948587609019,-88.70916295079545,42.97400315708999,81.09588164419293
piecewise_0035,2,previous_period,16.138292929066445,28.28676775118868,42.97400315708999,30.818046690655454
piecewise_0035,3,previous_period,16.13251250345995,28.35336724312708,42.97400315708999,30.789426222887236
piecewise_0035,4,previous_period,16.132453552593454,28.3551913083123,42.97400315708999,30.788642349056953
piecewise_0035,5,previous_period,16.132451967482133,28.355246096039444,42.97400315708999,30.78861880457736
piecewise_0035,6,previous_period,16.13245268231517,28.355249428466234,42.97400315708999,30.78861737250017
piecewise_0035,7,previous_period,16.132451856659003,28.355248639207254,42.97400315708999,30.78861771167635
piecewise_0035,8,previous_period,16.13245275793486,28.355246512592803,42.97400315708999,30.78861862556771
piecewise_0035,9,previous_period,16.132451856659003,28.355248639207254,42.97400315708999,30.78861771167635
piecewise_0035,10,previous_period,16.13245275793486,28.355246512592803,42.97400315708999,30.78861862556771
piecewise_0035,11,previous_period,16.132451856659003,28.355248639207254,42.97400315708999,30.78861771167635
piecewise_0035,12,previous_period,16.13245275793486,28.355246512592803,42.97400315708999,30.78861862556771
piecewise_0036,1,default,50.710775244359205,-11.574170754891533,116.48651071260741,129.96885836889962
piecewise_0036,2,previous_period,42.94338122692451,7.0733211201068125,116.48651071260741,108.24704574829707
piecewise_0036,3,previous_period,43.23307351134947,5.6939455458203785,116.48651071260741,109.85383222440532
piecewise_0036,4,previous_period,43.04091780819716,6.611779328621181,116.48651071260741,108.78467967667913
piecewise_0036,5,previous_period,43.102123006769105,6.33197201032859,116.48651071260741,109.1106174584767
piecewise_0036,6,previous_period,43.07594255714987,6.453205069734846,116.48651071260741,108.96939729774421
piecewise_0036,7,previous_period,43.08486509233466,6.412444705465803,116.48651071260741,109.01687762383496
piecewise_0036,8,previous_period,43.08135854719006,6.428618824244559,116.48651071260741,108.99803695723108
piecewise_0036,9,previous_period,43.08260858116373,6.422893103560623,116.48651071260741,109.00470664946894
piecewise_0036,10,previous_period,43.0821314245769,6.425087667400787,116.48651071260741,109.00215027862617
piecewise_0036,11,previous_period,43.08230259868022,6.424297774210186,116.48651071260741,109.00307039764226
piecewise_0036,12,previous_period,43.08224114703606,6.424582431298454,116.48651071260741,109.00273881053265
piecewise_0037,1,default,74.32153748965591,-11.004582288585297,178.2410233245353,197.8557034083003
piecewise_0037,2,previous_period,55.518015135015254,12.59634701669543,178.2410233245353,155.7891655004678
piecewise_0037,3,previous_period,55.2293800527934,13.035695290861227,178.2410233245353,155.006066640636
piecewise_0037,4,previous_period,55.20106830853203,13.058257657843464,178.2410233245353,154.9658512468406
piecewise_0037,5,previous_period,55.17958030399989,13.09220247206695,178.2410233245353,154.90534766260305
piecewise_0037,6,previous_period,55.17897262738979,13.091164800760403,178.2410233245353,154.9071972185586
piecewise_0037,7,previous_period,55.177057626514056,13.094380344392198,178.2410233245353,154.90146580068384
piecewise_0037,8,previous_period,55.17718755020177,13.093973016474358,178.2410233245353,154.90219182613288
piecewise_0037,9,previous_period,55.17699913009926,13.094307225172274,178.2410233245353,154.90159612912967
piecewise_0037,10,previous_period,55.177029277707376,13.094239000653241,178.2410233245353,154.90171773321055
piecewise_0037,11,previous_period,55.17700890436072,13.094274981462172,178.2410233245353,154.9016536006485
piecewise_0037,12,previous_period,55.177012367290196,13.0942674596918,178.2410233245353,154.901667007529
piecewise_0038,1,default,38.58980423613341,-64.68931668048758,69.72296043256503,114.82626710579808
piecewise_0038,2,previous_period,18.808385186015695,24.674865298358583,69.72296043256503,52.51891386380176
piecewise_0038,3,previous_period,18.81104611821949,24.77417782853838,69.72296043256503,52.44967022767992
piecewise_0038,4,previous_period,18.810627318187166,24.763517323382132,69.72296043256503,52.45710304747192
piecewise_0038,5,previous_period,18.8106668674227,24.76467428025837,69.72296043256503,52.456296382886876
piecewise_0038,6,previous_period,18.810669271257314,24.764515166425948,69.72296043256503,52.4564073217613
piecewise_0038,7,previous_period,18.810661749960865,24.764559434529133,69.72296043256503,52.45637645672923
piecewise_0038,8,previous_period,18.810663520683985,24.76456531261977,69.72296043256503,52.45637235835043
piecewise_0038,9,previous_period,18.810654403241276,24.76460763487226,69.72296043256503,52.45634285002307
piecewise_0038,10,previous_period,18.81066360241136,24.764565136952697,69.72296043256503,52.45637248083071
piecewise_0038,11,previous_period,18.81065462680688,24.764606864639703,69.72296043256503,52.45634338705201
piecewise_0038,12,previous_period,18.810662842968437,24.764567677368866,69.72296043256503,52.45637070957735
piecewise_0039,1,default,30.431803080485977,24.745529574634308,101.98124860262328,76.7454485690798
piecewise_0039,2,previous_period,19.536576156363402,48.253274172635074,101.98124860262328,52.77195710972289
piecewise_0039,3,previous_period,19.14414614250263,49.213995589648185,101.98124860262328,51.79220141306011
piecewise_0039,4,previous_period,19.191539283225797,49.064644196104524,101.98124860262328,51.94451182900135
piecewise_0039,5,previous_period,19.281438403908364,48.88348281452192,101.98124860262328,52.12926246792505
piecewise_0039,6,previous_period,19.30936226670919,48.822516650403216,101.98124860262328,52.19143652331844
piecewise_0039,7,previous_period,19.316346323476097,48.80673949916484,101.98124860262328,52.20752625914525
piecewise_0039,8,previous_period,19.318366558149307,48.80223212572675,101.98124860262328,52.212122934856595
piecewise_0039,9,previous_period,19.31894618207521,48.8009424280046,101.98124860262328,52.21343818469685
piecewise_0039,10,previous_period,19.31910318114704,48.80059044030249,101.98124860262328,52.213797146150384
piecewise_0039,11,previous_period,19.31914722145072,48.800488770363856,101.98124860262328,52.213900830423256
piecewise_0039,12,previous_period,19.319158887190763,48.800464574673796,101.98124860262328,52.213925505490096
piecewise_0040,1,default,58.52237657616649,17.773506291994956,213.43505758747494,175.50016419784203
piecewise_0040,2,previous_period,26.24728039887002,71.14433742726834,213.43505758747494,61.588100029357264
piecewise_0040,3,previous_period,26.065430219252875,72.07436605743365,213.43505758747494,59.603092886983944
piecewise_0040,4,previous_period,25.896794128818048,72.21657297255675,213.43505758747494,59.29957347579759
piecewise_0040,5,previous_period,25.87266425646908,72.2389546584235,213.43505758747494,59.251803111678846
piecewise_0040,6,previous_period,25.86948802975365,72.24143987324993,213.43505758747494,59.24649879198289
piecewise_0040,7,previous_period,25.868403285872706,72.24232836939919,213.43505758747494,59.24460242971503
piecewise_0040,8,previous_period,25.868207572079175,72.24249802674547,213.43505758747494,59.2442403214603
piecewise_0040,9,previous_period,25.86816708453048,72.24252782294383,213.43505758747494,59.24417672592719
piecewise_0040,10,previous_period,25.86815521915572,72.24253739745556,213.43505758747494,59.24415629056255
piecewise_0040,11,previous_period,25.86815351734901,72.24254127758272,213.43505758747494,59.2441480090109
piecewise_0040,12,previous_period,25.868153314979896,72.24254126433996,213.43505758747494,59.24414803727559
piecewise_0041,1,default,53.312070977595084,-3.6430488780432535,126.49886418626741,131.10727963874268
piecewise_0041,2,previous_period,24.531248671971035,54.81954504098749,126.49886418626741,57.15276235733895
piecewise_0041,3,previous_period,24.365796869558693,55.540423246225856,126.49886418626741,56.24085961554607
piecewise_0041,4,previous_period,24.356548692151758,55.586363537566854,126.49886418626741,56.182745668795846
piecewise_0041,5,previous_period,24.35605972903147,55.58890592193529,126.49886418626741,56.17952958144652
piecewise_0041,6,previous_period,24.35603168020543,55.58904302362871,126.49886418626741,56.17935614936157
piecewise_0041,7,previous_period,24.356029268393083,55.58904974167127,126.49886418626741,56.17934765111403
piecewise_0041,8,previous_period,24.356029187053217,55.58904953312893,126.49886418626741,56.17934791491772
piecewise_0041,9,previous_period,24.356030125491458,55.589048371250186,126.49886418626741,56.17934938468115
piecewise_0041,10,previous_period,24.356030125491458,55.589048371250186,126.49886418626741,56.17934938468115
piecewise_0041,11,previous_period,24.356030125491458,55.589048371250186,126.49886418626741,56.17934938468115
piecewise_0041,12,previous_period,24.356030125491458,55.589048371250186,126.49886418626741,56.17934938468115
piecewise_0042,1,default,54.12578077581683,-7.067882478216214,139.18000016686725,149.01707901184255
piecewise_0042,2,previous_period,34.34873368520435,36.14821495957933,139.18000016686725,88.86891452580521
piecewise_0042,3,previous_period,34.14610054145664,36.38180130225568,139.18000016686725,88.54380905367849
piecewise_0042,4,previous_period,34.15189334423128,36.39445956607873,139.18000016686725,88.52619128206844
piecewise_0042,5,previous_period,34.151591470598284,36.39326829850595,139.18000016686725,88.52784928827822
piecewise_0042,6,previous_period,34.15161216760546,36.39348360397487,139.18000016686725,88.52754962612622
piecewise_0042,7,previous_period,34.151608028672015,36.39347816142951,139.18000016686725,88.52755720106084
piecewise_0042,8,previous_period,34.15160862427161,36.393482101182485,139.18000016686725,88.52755171771267
piecewise_0042,9,previous_period,34.15160927774249,36.39347883836304,139.18000016686725,88.52755625890478
piecewise_0042,10,previous_period,34.15160963025568,36.39347845928026,139.18000016686725,88.52755678651218
piecewise_0042,11,previous_period,34.15160926711015,36.393478960211056,139.18000016686725,88.5275560893167
piecewise_0042,12,previous_period,34.15160912603569,36.39347966422189,139.18000016686725,88.52755510947442
piecewise_0043,1,default,35.960368208522354,29.05467696744629,137.3708713153385,97.45820840730056
piecewise_0043,2,previous_period,17.249291959057146,75.24759255217182,137.3708713153385,34.002597782604305
piecewise_0043,3,previous_period,16.762900838073673,75.70422599638876,137.3708713153385,33.37531644156626
piecewise_0043,4,previous_period,17.077223839172678,74.68651807511957,137.3708713153385,34.77335068045897
piecewise_0043,5,previous_period,17.283621379167624,73.64826882432743,137.3708713153385,36.199602722697094
piecewise_0043,6,previous_period,17.432790971106765,73.13071201277488,137.3708713153385,36.91057502427873
piecewise_0043,7,previous_period,17.473460553731588,72.88367387228267,137.3708713153385,37.24993347035409
piecewise_0043,8,previous_period,17.507959195863357,72.8019517463952,137.3708713153385,37.3621958667431
piecewise_0043,9,previous_period,17.508678993545804,72.75298434523847,137.3708713153385,37.4294628123726
piecewise_0043,10,previous_period,17.51900480935599,72.74546649932192,137.3708713153385,37.43979014281231
piecewise_0043,11,previous_period,17.515549809659113,72.73290359306704,137.3708713153385,37.45704791659717
piecewise_0043,12,previous_period,17.5199757771082,72.73511187431676,137.3708713153385,37.45401438140332
piecewise_0044,1,default,19.695433414077318,-28.003740626953455,37.15500914337549,47.5598015338072
piecewise_0044,2,previous_period,8.043335896648284,54.96733105234125,37.15500914337549,16.73189226500862
piecewise_0044,3,previous_period,8.557027900175072,48.970808436936096,37.15500914337549,18.959900791046984
piecewise_0044,4,previous_period,8.853918909267227,46.30653361865637,37.15500914337549,19.94981234338347
piecewise_0044,5,previous_period,9.194665922633003,43.110380007009596,37.15500914337549,21.137343510027154
piecewise_0044,6,previous_period,9.422331289172003,41.07761646497481,37.15500914337549,21.892616989933384
piecewise_0044,7,previous_period,9.56116416867813,39.80465928450971,37.15500914337549,22.365584346726443
piecewise_0044,8,previous_period,9.632167662989977,39.16989231537573,37.15500914337549,22.6014320721473
piecewise_0044,9,previous_period,9.668392492827861,38.8427163281348,37.15500914337549,22.722994340121602
piecewise_0044,10,previous_period,9.686021584474307,38.68478654374757,37.15500914337549,22.781673165950785
piecewise_0044,11,previous_period,9.694585016536879,38.607762852606854,37.15500914337549,22.810291325436687
piecewise_0044,12,previous_period,9.698720355356917,38.57063222698528,37.15500914337549,22.824087212781375
piecewise_0045,1,default,42.239016926874314,16.50226653454038,122.6807161970141,102.4356174236998
piecewise_0045,2,previous_period,40.12228364295222,22.230232280216743,122.6807161970141,95.40850802338439
piecewise_0045,3,previous_period,39.92129809133702,22.01076707315369,122.6807161970141,95.6777495112126
piecewise_0045,4,previous_period,39.923287861395046,21.92206302328501,122.6807161970141,95.78657227488725
piecewise_0045,5,previous_period,39.92107482707135,21.907241485362437,122.6807161970141,95.80475544376208
piecewise_0045,6,previous_period,39.92029000215472,21.90439670986455,122.6807161970141,95.80824543471708
piecewise_0045,7,previous_period,39.920092810885734,21.90382027623382,122.6807161970141,95.80895260762367
piecewise_0045,8,previous_period,39.92004469116997,21.903707023102914,122.6807161970141,95.80909154737577
piecewise_0045,9,previous_period,39.920035537945004,21.903684713457217,122.6807161970141,95.8091189170089
piecewise_0045,10,previous_period,39.92003374499958,21.903678961331696,122.6807161970141,95.80912597375769
piecewise_0045,11,previous_period,39.92003254719742,21.903678277834782,122.6807161970141,95.80912681227659
piecewise_0045,12,previous_period,39.920032470852156,21.90367852358648,122.6807161970141,95.80912651078665
piecewise_0046,1,default,68.91950143718195,-1.9210461843761184,185.04087380875228,188.59559445459155
piecewise_0046,2,previous_period,33.911178120346406,52.043709181907005,185.04087380875228,88.73873957606571
piecewise_0046,3,previous_period,33.9585876192552,51.91953773582001,185.04087380875228,88.96850750492607
piecewise_0046,4,previous_period,33.95889868274531,51.91755735393704,185.04087380875228,88.97217202086706
piecewise_0046,5,previous_period,33.95891212469494,51.91748523636668,185.04087380875228,88.97230546784942
piecewise_0046,6,previous_period,33.9589160666473,51.917479859626035,185.04087380875228,88.97231541701728
piecewise_0046,7,previous_period,33.958915965138694,51.91748028732132,185.04087380875228,88.9723146256062
piecewise_0046,8,previous_period,33.958915978770946,51.91748024658844,185.04087380875228,88.97231470097867
piecewise_0046,9,previous_period,33.958915965138694,51.91748028732132,185.04087380875228,88.9723146256062
piecewise_0046,10,previous_period,33.958915978770946,51.91748024658844,185.04087380875228,88.97231470097867
piecewise_0046,11,previous_period,33.958915965138694,51.91748028732132,185.04087380875228,88.9723146256062
piecewise_0046,12,previous_period,33.958915978770946,51.91748024658844,185.04087380875228,88.97231470097867
piecewise_0047,1,default,31.49190220949201,6.338759411599271,53.68651898814315,50.2834597130222
piecewise_0047,2,previous_period,24.866713542789444,6.070926714312441,53.68651898814315,50.42724976490754
piecewise_0047,3,previous_period,24.592537687818837,10.406146205470035,53.68651898814315,48.09982132960954
piecewise_0047,4,previous_period,24.601449810176252,11.592392098503378,53.68651898814315,47.462967203000126
piecewise_0047,5,previous_period,24.60589649274647,11.819033288292747,53.68651898814315,47.3412914376089
piecewise_0047,6,previous_period,24.607022152459084,11.864919187087741,53.68651898814315,47.31665689583945
piecewise_0047,7,previous_period,24.60719344227217,11.874581301121346,53.68651898814315,47.31146964315414
piecewise_0047,8,previous_period,24.607217794048015,11.876623836232703,53.68651898814315,47.31037307715374
piecewise_0047,9,previous_period,24.607264685153773,11.876924807393873,53.68651898814315,47.31021149621415
piecewise_0047,10,previous_period,24.607248468827724,11.877061596912153,53.68651898814315,47.31013805868345
piecewise_0047,11,previous_period,24.607246747987947,11.87708403577198,53.68651898814315,47.310126012040705
piecewise_0047,12,previous_period,24.60725440108129,11.877065699040223,53.68651898814315,47.310135856393686
piecewise_0048,1,default,82.76636764148475,-24.633016407900456,185.3670221507042,231.02851113192364
piecewise_0048,2,previous_period,59.78605441283474,9.618957721780685,185.3670221507042,167.53664665990414
piecewise_0048,3,previous_period,59.788774879420075,9.647338975487507,185.3670221507042,167.48403717505875
piecewise_0048,4,previous_period,59.789057737434284,9.649011040893996,185.3670221507042,167.48093771720633
piecewise_0048,5,previous_period,59.789063482223305,9.649128729698564,185.3670221507042,167.4807195609739
piecewise_0048,6,previous_period,59.78906361801261,9.649137436281263,185.3670221507042,167.48070342184081
piecewise_0048,7,previous_period,59.789070884764236,9.649127636928423,185.3670221507042,167.48072158660938
piecewise_0048,8,previous_period,59.789070778536754,9.649127855482442,185.3670221507042,167.4807211814823
piecewise_0048,9,previous_period,59.789070884764236,9.649127636928423,185.3670221507042,167.48072158660938
piecewise_0048,10,previous_period,59.789070778536754,9.649127855482442,185.3670221507042,167.4807211814823
piecewise_0048,11,previous_period,59.789070884764236,9.649127636928423,185.3670221507042,167.48072158660938
piecewise_0048,12,previous_period,59.789070778536754,9.649127855482442,185.3670221507042,167.4807211814823
piecewise_0049,1,default,67.82343328169988,-14.415421420026831,150.8255338827202,172.56767020091968
piecewise_0049,2,previous_period,38.55084431933614,40.929753408901746,150.8255338827202,89.09301478686328
piecewise_0049,3,previous_period,38.34699856466229,41.48924773118215,150.8255338827202,88.24915448824035
piecewise_0049,4,previous_period,38.342611880676564,41.5031765056181,150.8255338827202,88.22814633983401
piecewise_0049,5,previous_period,38.34245361361298,41.50374856862571,150.8255338827202,88.22728352274864
piecewise_0049,6,previous_period,38.34244889724822,41.50377203108606,150.8255338827202,88.22724813536755
piecewise_0049,7,previous_period,38.34244773132641,41.50377740946155,150.8255338827202,88.227240023404
piecewise_0049,8,previous_period,38.34244723665537,41.50377795916776,150.8255338827202,88.22723919430666
piecewise_0049,9,previous_period,38.34244773132641,41.50377740946155,150.8255338827202,88.227240023404
piecewise_0049,10,previous_period,38.34244723665537,41.50377795916776,150.8255338827202,88.22723919430666
piecewise_0049,11,previous_period,38.34244773132641,41.50377740946155,150.8255338827202,88.227240023404
piecewise_0049,12,previous_period,38.34244723665537,41.50377795916776,150.8255338827202,88.22723919430666
piecewise_0050,1,default,71.35556578878241,-27.206422511445826,158.1074657817343,201.12285094445258
piecewise_0050,2,previous_period,50.779458583948355,12.774231976285533,158.1074657817343,137.9104513309493
piecewise_0050,3,previous_period,50.73168358251581,12.78548699655284,158.1074657817343,137.89265630363144
piecewise_0050,4,previous_period,50.72892951851184,12.78564536782969,158.1074657817343,137.89240590681908
piecewise_0050,5,previous_period,50.72877909388269,12.785647715659875,158.1074657817343,137.89240219472427
piecewise_0050,6,previous_period,50.728766807423476,12.785653162149202,158.1074657817343,137.89239358341803
piecewise_0050,7,previous_period,50.728768919568786,12.785649813213762,158.1074657817343,137.89239887833497
piecewise_0050,8,previous_period,50.728768919568786,12.785649813213762,158.1074657817343,137.89239887833497
piecewise_0050,9,previous_period,50.728768919568786,12.785649813213762,158.1074657817343,137.89239887833497
piecewise_0050,10,previous_period,50.728768919568786,12.785649813213762,158.1074657817343,137.89239887833497
piecewise_0050,11,previous_period,50.728768919568786,12.785649813213762,158.1074657817343,137.89239887833497
piecewise_0050,12,previous_period,50.728768919568786,12.785649813213762,158.1074657817343,137.89239887833497
piecewise_0051,1,default,46.17919739550746,-0.34574854647733133,99.00521048776591,99.34751956396417
piecewise_0051,2,previous_period,34.19036143922049,12.727409169215498,99.00521048776591,86.40441225014489
piecewise_0051,3,previous_period,34.16107882681323,12.887737141893584,99.00521048776591,86.24567920332417
piecewise_0051,4,previous_period,34.16626241339526,12.944845703815954,99.00521048776591,86.1891387513864
piecewise_0051,5,previous_period,34.163302729943474,12.97508879625603,99.00521048776591,86.1591965140581
piecewise_0051,6,previous_period,34.16345225031817,12.987045326301283,99.00521048776591,86.14735892631975
piecewise_0051,7,previous_period,34.16314789705689,12.992535608725387,99.00521048776591,86.1419232606494
piecewise_0051,8,previous_period,34.163113428242525,12.994826611799803,99.00521048776591,86.1396550482333
piecewise_0051,9,previous_period,34.16307357374447,12.995832581660272,99.00521048776591,86.13865908565549
piecewise_0051,10,previous_period,34.16306810018967,12.996229103802225,99.00521048776591,86.13826650807422
piecewise_0051,11,previous_period,34.16306670063037,12.996383295226476,99.00521048776591,86.13811385053009
piecewise_0051,12,previous_period,34.16305357343758,12.996508490707392,99.00521048776591,86.13798990048069
piecewise_0052,1,default,69.48473862243475,-9.134192639804484,168.79034210203156,184.20797710701612
piecewise_0052,2,previous_period,45.165629503333086,31.67231796488663,168.79034210203156,115.33052825745622
piecewise_0052,3,previous_period,45.110546214373464,31.764345818758734,168.79034210203156,115.17519412807634
piecewise_0052,4,previous_period,45.11053748165079,31.763832015706505,168.79034210203156,115.17606137800593
piecewise_0052,5,previous_period,45.11052022489436,31.763951801403323,168.79034210203156,115.17585919131847
piecewise_0052,6,previous_period,45.11052249664673,31.76393299069512,168.79034210203156,115.1758909419772
piecewise_0052,7,previous_period,45.110522695896876,31.763935067129378,168.79034210203156,115.17588743715672
piecewise_0052,8,previous_period,45.11052191346372,31.763936021619323,168.79034210203156,115.17588582606987
piecewise_0052,9,previous_period,45.11052378869689,31.763933730285288,168.79034210203156,115.17588969362043
piecewise_0052,10,previous_period,45.110524135871266,31.763932979531507,168.79034210203156,115.17589096082031
piecewise_0052,11,previous_period,45.110524135871266,31.763932979531507,168.79034210203156,115.17589096082031
piecewise_0052,12,previous_period,45.110524135871266,31.763932979531507,168.79034210203156,115.17589096082031
piecewise_0053,1,default,42.52388878815618,7.34884591625452,91.9476609966059,85.19056906636528
piecewise_0053,2,previous_period,35.76349664015698,11.443968838670859,91.9476609966059,81.42519932426761
piecewise_0053,3,previous_period,35.519595817924234,15.094380763939185,91.9476609966059,78.06873094224221
piecewise_0053,4,previous_period,35.50948121355898,15.98932565911253,91.9476609966059,77.24585004392179
piecewise_0053,5,previous_period,35.51027526786792,16.315219100499355,91.9476609966059,76.94619864722526
piecewise_0053,6,previous_period,35.51141753465006,16.450720770959183,91.9476609966059,76.82160803062612
piecewise_0053,7,previous_period,35.51204458116386,16.508851355231325,91.9476609966059,76.76815831806422
piecewise_0053,8,previous_period,35.512349440504735,16.534037818031656,91.9476609966059,76.74499995463154
piecewise_0053,9,previous_period,35.51247908726101,16.545045926021317,91.9476609966059,76.73487825681507
piecewise_0053,10,previous_period,35.51254123910519,16.549853537867442,91.9476609966059,76.73045777017276
piecewise_0053,11,previous_period,35.51256590851182,16.55196274730909,91.9476609966059,76.72851840142565
piecewise_0053,12,previous_period,35.51257916893071,16.552882270044556,91.9476609966059,76.72767292177805
piecewise_0054,1,default,68.51346102218453,-20.061223892843305,175.46893144345842,210.67014664271034
piecewise_0054,2,previous_period,45.509719923300985,25.48084900844231,175.46893144345842,130.75795796562363
piecewise_0054,3,previous_period,45.51496515251409,25.429265368905096,175.46893144345842,130.84847122671923
piecewise_0054,4,previous_period,45.51519619681712,25.428700716158314,175.46893144345842,130.84946201686037
piecewise_0054,5,previous_period,45.515202447366796,25.428684645660717,175.46893144345842,130.84949021559078
piecewise_0054,6,previous_period,45.5152023810118,25.428684226850528,175.46893144345842,130.84949095047253
piecewise_0054,7,previous_period,45.51520261024845,25.428684747678552,175.46893144345842,130.84949003658116
piecewise_0054,8,previous_period,45.51520217553375,25.42868519333552,175.46893144345842,130.84948925459165
piecewise_0054,9,previous_period,45.51520261024845,25.428684747678552,175.46893144345842,130.84949003658116
piecewise_0054,10,previous_period,45.51520217553375,25.42868519333552,175.46893144345842,130.84948925459165
piecewise_0054,11,previous_period,45.51520261024845,25.428684747678552,175.46893144345842,130.84949003658116
piecewise_0054,12,previous_period,45.51520217553375,25.42868519333552,175.46893144345842,130.84948925459165
piecewise_0055,1,default,51.16204113215831,11.51090630086058,154.23299478281223,136.47937926835152
piecewise_0055,2,previous_period,42.854954551451826,26.99385771181043,154.23299478281223,112.5995596264759
piecewise_0055,3,previous_period,42.32585921668863,28.102344339969022,154.23299478281223,110.88990750309988
piecewise_0055,4,previous_period,42.32705057359025,28.10685715719873,154.23299478281223,110.88294724993743
piecewise_0055,5,previous_period,42.33108359496122,28.100267238683685,154.23299478281223,110.89311107861693
piecewise_0055,6,previous_period,42.33201549256914,28.098769469954398,154.23299478281223,110.89542113218303
piecewise_0055,7,previous_period,42.33221927782402,28.098452797315744,154.23299478281223,110.89590954587729
piecewise_0055,8,previous_period,42.3322684606233,28.09837542510043,154.23299478281223,110.89602887936209
piecewise_0055,9,previous_period,42.33228115050391,28.098358552997283,154.23299478281223,110.89605490171206
piecewise_0055,10,previous_period,42.332282664927,28.09835540704031,154.23299478281223,110.8960597538157
piecewise_0055,11,previous_period,42.33228260772962,28.098357056376965,154.23299478281223,110.89605720999438
piecewise_0055,12,previous_period,42.33228385454681,28.098354698436413,154.23299478281223,110.89606084671672
piecewise_0056,1,default,54.25332064597021,-25.080194491833296,122.19871190272654,152.8463865144454
piecewise_0056,2,previous_period,25.572472574643186,41.39614559262109,122.19871190272654,71.61315521116626
piecewise_0056,3,previous_period,25.425263190328458,41.77548014999649,122.19871190272654,71.14961326825161
piecewise_0056,4,previous_period,25.416380792151347,41.79994838546751,122.19871190272654,71.1197133996807
piecewise_0056,5,previous_period,25.415474948896527,41.80244648227306,122.19871190272654,71.11666075756224
piecewise_0056,6,previous_period,25.41538263853768,41.802699764552266,122.19871190272654,71.11635124987957
piecewise_0056,7,previous_period,25.415372081199067,41.80272953298795,122.19871190272654,71.11631487323461
piecewise_0056,8,previous_period,25.415368834883573,41.802737721042504,122.19871190272654,71.11630486753742
piecewise_0056,9,previous_period,25.41536990107568,41.80273533864245,122.19871190272654,71.1163077787996
piecewise_0056,10,previous_period,25.415369356846742,41.80273659537775,122.19871190272654,71.11630624308525
piecewise_0056,11,previous_period,25.41536990107568,41.80273533864245,122.19871190272654,71.1163077787996
piecewise_0056,12,previous_period,25.415369356846742,41.80273659537775,122.19871190272654,71.11630624308525
piecewise_0057,1,default,48.064303408759045,-54.6996082467184,83.5598421231364,129.2667484160684
piecewise_0057,2,previous_period,25.96225806495166,21.544162539609268,83.5598421231364,65.557573918287
piecewise_0057,3,previous_period,25.91214858690721,21.52770361156525,83.5598421231364,65.57132697257575
piecewise_0057,4,previous_period,25.91427917892524,21.54032849260954,83.5598421231364,65.56077764190691
piecewise_0057,5,previous_period,25.913948631491554,21.538767257263057,83.5598421231364,65.5620822076976
piecewise_0057,6,previous_period,25.91399524876594,21.538957628167022,83.5598421231364,65.5619231340708
piecewise_0057,7,previous_period,25.913987633822135,21.538944007694848,83.5598421231364,65.56193451531584
piecewise_0057,8,previous_period,25.91399260583558,21.53892592223349,83.5598421231364,65.5619496274988
piecewise_0057,9,previous_period,25.913990039411296,21.538935596376785,83.5598421231364,65.56194154379993
piecewise_0057,10,previous_period,25.913987030121994,21.538946567171013,83.5598421231364,65.5619323766216
piecewise_0057,11,previous_period,25.9139877349698,21.538940444723664,83.5598421231364,65.56193749252894
piecewise_0057,12,previous_period,25.91399100729851,21.53893146964433,83.5598421231364,65.56194499209106
piecewise_0058,1,default,58.53415707419221,-14.459404095935513,112.0541313995141,128.2564910647604
piecewise_0058,2,previous_period,46.217939706160635,5.0739909714346165,112.0541313995141,106.36851488918327
piecewise_0058,3,previous_period,46.28832905955929,4.960100792258293,112.0541313995141,106.49613354020866
piecewise_0058,4,previous_period,46.29155909612688,4.979936178984834,112.0541313995141,106.4739071699025
piecewise_0058,5,previous_period,46.290579307906974,4.989487275317172,112.0541313995141,106.46320477186816
piecewise_0058,6,previous_period,46.290100211194584,4.992018907880502,112.0541313995141,106.4603679729891
piecewise_0058,7,previous_period,46.28997604783843,4.992629104844005,112.0541313995141,106.45968422208182
piecewise_0058,8,previous_period,46.28991755428449,4.9928199043782096,112.0541313995141,106.45947042332105
piecewise_0058,9,previous_period,46.28989090013406,4.9928917258884375,112.0541313995141,106.45938994435161
piecewise_0058,10,previous_period,46.28995281531545,4.992784645246484,112.0541313995141,106.45950993263484
piecewise_0058,11,previous_period,46.28990751689153,4.992861990841502,112.0541313995141,106.45942326370017
piecewise_0058,12,previous_period,46.28990792019968,4.992866421880593,112.0541313995141,106.45941829853781
piecewise_0059,1,default,53.77642932109306,-17.64231266778442,111.07510313505094,130.67132012620064
piecewise_0059,2,previous_period,40.163834178215474,6.1991459668987225,111.07510313505094,104.18939535882583
piecewise_0059,3,previous_period,40.093484187415356,6.285353135377014,111.07510313505094,104.09364065752877
piecewise_0059,4,previous_period,40.08711960564654,6.293328225496975,111.07510313505094,104.0847823179529
piecewise_0059,5,previous_period,40.08642168342068,6.294201955138012,111.07510313505094,104.083811821853
piecewise_0059,6,previous_period,40.086341215214446,6.294307999017812,111.07510313505094,104.08369403350414
piecewise_0059,7,previous_period,40.086332522002365,6.2943159213489475,111.07510313505094,104.08368523376666
piecewise_0059,8,previous_period,40.08633045564127,6.294320408408016,111.07510313505094,104.08368024976117
piecewise_0059,9,previous_period,40.08633108241832,6.294320552604615,111.07510313505094,104.08368008959465
piecewise_0059,10,previous_period,40.08633045564127,6.294320408408016,111.07510313505094,104.08368024976117
piecewise_0059,11,previous_period,40.08633108241832,6.294320552604615,111.07510313505094,104.08368008959465
piecewise_0059,12,previous_period,40.08633045564127,6.294320408408016,111.07510313505094,104.08368024976117
piecewise_0060,1,default,67.99044067955909,-27.084249926402105,156.82626079864048,199.30147722357543
piecewise_0060,2,previous_period,42.689654564805004,19.141557234131433,156.82626079864048,126.80727232972048
piecewise_0060,3,previous_period,42.589459684497065,19.35495231597908,156.82626079864048,126.47261280213063
piecewise_0060,4,previous_period,42.58411278518153,19.366807106011063,156.82626079864048,126.45402137819792
piecewise_0060,5,previous_period,42.58375633272114,19.367600355073343,156.82626079864048,126.45277735535474
piecewise_0060,6,previous_period,42.5837310303756,19.367655012601105,156.82626079864048,126.4526916379977
piecewise_0060,7,previous_period,42.58372875809748,19.367660119096897,156.82626079864048,126.4526836296713
piecewise_0060,8,previous_period,42.5837292847112,19.367659049736595,156.82626079864048,126.45268530670907
piecewise_0060,9,previous_period,42.583729284562246,19.36765921795057,156.82626079864048,126.45268504290539
piecewise_0060,10,previous_period,42.5837292847112,19.367659049736595,156.82626079864048,126.45268530670907
piecewise_0060,11,previous_period,42.583729284562246,19.36765921795057,156.82626079864048,126.45268504290539
piecewise_0060,12,previous_period,42.5837292847112,19.367659049736595,156.82626079864048,126.45268530670907
piecewise_0061,1,default,38.2079846631494,19.3287839081006,125.14453310776112,100.95561673056056
piecewise_0061,2,previous_period,31.03051537163941,42.71877744194872,125.14453310776112,71.68431852869082
piecewise_0061,3,previous_period,30.828737312604705,40.82134960880003,125.14453310776112,74.05884573154145
piecewise_0061,4,previous_period,30.87306415292875,41.45365240043218,125.14453310776112,73.26755335512605
piecewise_0061,5,previous_period,30.863364538276215,41.15274945188764,125.14453310776112,73.64411694518961
piecewise_0061,6,previous_period,30.873670045461935,41.29108505497027,125.14453310776112,73.47099750059004
piecewise_0061,7,previous_period,30.873536348540668,41.220067266346824,125.14453310776112,73.55987238058631
piecewise_0061,8,previous_period,30.87677004006928,41.254567557937925,125.14453310776112,73.51669715175382
piecewise_0061,9,previous_period,30.877191685921577,41.23604121675808,125.14453310776112,73.53988185492528
piecewise_0061,10,previous_period,30.878255552027404,41.245021963453844,125.14453310776112,73.52864294140328
piecewise_0061,11,previous_period,30.878496829633303,41.24004072531346,125.14453310776112,73.53487668861705
piecewise_0061,12,previous_period,30.878853316447994,41.24241031928457,125.14453310776112,73.53191127130535
piecewise_0062,1,default,75.2067462259533,-17.59391260892076,163.46797046602143,192.22838233338962
piecewise_0062,2,previous_period,44.75128061034755,33.487180962468614,163.46797046602143,108.72715538039009
piecewise_0062,3,previous_period,44.807830229114636,33.57253812815267,163.46797046602143,108.58762375399903
piecewise_0062,4,previous_period,44.803249389735505,33.573189928177705,163.46797046602143,108.58655826972661
piecewise_0062,5,previous_period,44.80339622513317,33.57317653080255,163.46797046602143,108.58658017014388
piecewise_0062,6,previous_period,44.80339147949131,33.5731772109016,163.46797046602143,108.58657905839976
piecewise_0062,7,previous_period,44.80339062079316,33.57318111282588,163.46797046602143,108.58657268000333
piecewise_0062,8,previous_period,44.803390990177526,33.57318051053476,163.46797046602143,108.5865736645564
piecewise_0062,9,previous_period,44.80339062079316,33.57318111282588,163.46797046602143,108.58657268000333
piecewise_0062,10,previous_period,44.803390990177526,33.57318051053476,163.46797046602143,108.5865736645564
piecewise_0062,11,previous_period,44.80339062079316,33.57318111282588,163.46797046602143,108.58657268000333
piecewise_0062,12,previous_period,44.803390990177526,33.57318051053476,163.46797046602143,108.5865736645564
piecewise_0063,1,default,74.40455803247099,-28.183244237822038,159.874741444804,204.93263030077958
piecewise_0063,2,previous_period,50.72959741663086,13.692830736328387,159.874741444804,137.98336370862432
piecewise_0063,3,previous_period,50.65263771314881,13.724250440470021,159.874741444804,137.93313153786517
piecewise_0063,4,previous_period,50.65170383987999,13.725036124746282,159.874741444804,137.93187542715992
piecewise_0063,5,previous_period,50.65171116643774,13.725037662842443,159.874741444804,137.93187296813267
piecewise_0063,6,previous_period,50.65171260052615,13.725035853664224,159.874741444804,137.93187586055166
piecewise_0063,7,previous_period,50.651712659792004,13.72503551481159,159.874741444804,137.93187640229144
piecewise_0063,8,previous_period,50.651712659792004,13.72503551481159,159.874741444804,137.93187640229144
piecewise_0063,9,previous_period,50.651712659792004,13.72503551481159,159.874741444804,137.93187640229144
piecewise_0063,10,previous_period,50.651712659792004,13.72503551481159,159.874741444804,137.93187640229144
piecewise_0063,11,previous_period,50.651712659792004,13.72503551481159,159.874741444804,137.93187640229144
piecewise_0063,12,previous_period,50.651712659792004,13.72503551481159,159.874741444804,137.93187640229144
piecewise_0064,1,default,72.50681477267237,-16.23040041098054,166.60154399938125,193.64164168135676
piecewise_0064,2,previous_period,57.867989187674596,6.208971604534563,166.60154399938125,156.25730143974351
piecewise_0064,3,previous_period,57.72746912538923,6.409632318415315,166.60154399938125,155.922997592218
piecewise_0064,4,previous_period,57.71265137881103,6.422910680266813,166.60154399938125,155.90087563635558
piecewise_0064,5,previous_period,57.71095918400408,6.424316368584105,166.60154399938125,155.89853373791516
piecewise_0064,6,previous_period,57.71076211345168,6.424476318732008,166.60154399938125,155.89826725849912
piecewise_0064,7,previous_period,57.71073910750482,6.424494002373393,166.60154399938125,155.89823779727953
piecewise_0064,8,previous_period,57.71073460206624,6.424497966630705,166.60154399938125,155.89823119276565
piecewise_0064,9,previous_period,57.71073324993893,6.424499731036248,166.60154399938125,155.89822825323876
piecewise_0064,10,previous_period,57.71073485181295,6.424497163599973,166.60154399938125,155.89823253062724
piecewise_0064,11,previous_period,57.71073489871202,6.424497095738224,166.60154399938125,155.89823264368596
piecewise_0064,12,previous_period,57.71073489871202,6.424497095738224,166.60154399938125,155.89823264368596
piecewise_0065,1,default,15.94423666310267,19.74765392415392,46.82505691294706,37.578206723990164
piecewise_0065,2,previous_period,13.518759047416626,44.8376966742693,46.82505691294706,25.82977992676589
piecewise_0065,3,previous_period,13.861878314977535,34.910539075887435,46.82505691294706,30.478177122046148
piecewise_0065,4,previous_period,13.996443993195939,33.021387694505734,46.82505691294706,31.362773331549857
piecewise_0065,5,previous_period,14.027191404065587,32.42230333474917,46.82505691294706,31.64329492396243
piecewise_0065,6,previous_period,14.050072069979441,32.1322071506113,46.82505691294706,31.779132627287275
piecewise_0065,7,previous_period,14.053398964279108,32.07501216099171,46.82505691294706,31.805914213728002
piecewise_0065,8,previous_period,14.055836741322112,32.04590543975782,46.82505691294706,31.819543452511265
piecewise_0065,9,previous_period,14.056072525344637,32.04115488649762,46.82505691294706,31.821767901779033
piecewise_0065,10,previous_period,14.056329449902174,32.03817685205939,46.82505691294706,31.823162368099624
piecewise_0065,11,previous_period,14.056348479940825,32.03777707254577,46.82505691294706,31.8233495650844
piecewise_0065,12,previous_period,14.056379507216594,32.03743224284599,46.82505691294706,31.823511031787575
piecewise_0066,1,default,53.82712425278715,-2.5921005634499172,142.6202687923098,146.31712958326904
piecewise_0066,2,previous_period,47.32332285435949,9.862278275390102,142.6202687923098,128.55466100690285
piecewise_0066,3,previous_period,46.90288219082162,10.891113031587752,142.6202687923098,127.08733411218506
piecewise_0066,4,previous_period,46.938261122359584,10.917616910641003,142.6202687923098,127.04953420863892
piecewise_0066,5,previous_period,46.932704683482804,10.926808503491925,142.6202687923098,127.03642513420864
piecewise_0066,6,previous_period,46.93323199415522,10.926759892902938,142.6202687923098,127.03649446276131
piecewise_0066,7,previous_period,46.93316240882015,10.926854395692986,142.6202687923098,127.03635968262813
piecewise_0066,8,previous_period,46.93316908931107,10.92685158482045,142.6202687923098,127.03636369150209
piecewise_0066,9,previous_period,46.933169765716585,10.926849104250213,142.6202687923098,127.03636722929804
piecewise_0066,10,previous_period,46.93317023815984,10.926848463463745,142.6202687923098,127.03636814318942
piecewise_0066,11,previous_period,46.93317035531616,10.926848001040524,142.6202687923098,127.03636880269866
piecewise_0066,12,previous_period,46.93317035531616,10.926848001040524,142.6202687923098,127.03636880269866
piecewise_0067,1,default,51.904241802316086,22.205209430222126,195.5475412418303,152.12580017343188
piecewise_0067,2,previous_period,19.970882887781357,74.36305725381176,195.5475412418303,50.13241118974688
piecewise_0067,3,previous_period,19.799556010506862,74.94181355871008,195.5475412418303,49.00066746573613
piecewise_0067,4,previous_period,19.911337293888405,74.99483323658434,195.5475412418303,48.896988789278694
piecewise_0067,5,previous_period,19.96974195955363,75.04062414440654,195.5475412418303,48.80744579492004
piecewise_0067,6,previous_period,20.00551993166228,75.05395330265787,195.5475412418303,48.78138095369134
piecewise_0067,7,previous_period,20.02353905251691,75.05936986947465,195.5475412418303,48.77078899046141
piecewise_0067,8,previous_period,20.03215801483787,75.06095172865356,195.5475412418303,48.76769570373113
piecewise_0067,9,previous_period,20.03615335278987,75.06169516199611,195.5475412418303,48.766241938109005
piecewise_0067,10,previous_period,20.03796362222462,75.0619739049327,195.5475412418303,48.76569686315014
piecewise_0067,11,previous_period,20.038790515769087,75.06210397276406,195.5475412418303,48.76544251870395
piecewise_0067,12,previous_period,20.039163781040415,75.06215725066001,195.5475412418303,48.76533833508839
piecewise_0068,1,default,47.91352083281116,-68.70101526635521,60.97725404905162,102.86924666229478
piecewise_0068,2,previous_period,31.376164686112357,4.46270702071102,60.97725404905162,58.256017851567805
piecewise_0068,3,previous_period,31.226652289135423,1.4613178378486302,60.97725404905162,60.08618255860256
piecewise_0068,4,previous_period,31.213758041859528,1.239685223290421,60.97725404905162,60.22132804103727
piecewise_0068,5,previous_period,31.21326553974808,1.2352673044000007,60.97725404905162,60.22402196666276
piecewise_0068,6,previous_period,31.213269582369556,1.2353525163478651,60.97725404905162,60.223970006756836
piecewise_0068,7,previous_period,31.21326903409855,1.2354353952034214,60.97725404905162,60.22391946950653
piecewise_0068,8,previous_period,31.21326487768344,1.2355722132992408,60.97725404905162,60.223836041588655
piecewise_0068,9,previous_period,31.213260929260272,1.2353577696682994,60.97725404905162,60.223966803426286
piecewise_0068,10,previous_period,31.21326357184927,1.235460039456704,60.97725404905162,60.22390444211759
piecewise_0068,11,previous_period,31.21326452422532,1.2354021602261178,60.97725404905162,60.223939735283075
piecewise_0068,12,previous_period,31.21326604338357,1.235352825366709,60.97725404905162,60.22396981832563
piecewise_0069,1,default,76.03273812173519,6.155787594119733,232.29128516591518,217.9919270514505
piecewise_0069,2,previous_period,44.99626752886951,46.67304538338922,232.29128516591518,123.8738682187695
piecewise_0069,3,previous_period,44.94396060276517,46.7188801676659,232.29128516591518,123.76739800932019
piecewise_0069,4,previous_period,44.93747219911673,46.73255710390842,232.29128516591518,123.73562767835111
piecewise_0069,5,previous_period,44.9371259559241,46.73331627573849,232.29128516591518,123.73386418835044
piecewise_0069,6,previous_period,44.93709778103184,46.73337871264896,232.29128516591518,123.7337191528487
piecewise_0069,7,previous_period,44.937096645442736,46.73338328773243,232.29128516591518,123.7337085253285
piecewise_0069,8,previous_period,44.9370942889513,46.733385688840066,232.29128516591518,123.73370294776471
piecewise_0069,9,previous_period,44.9370942361635,46.73338583485337,232.29128516591518,123.73370260858854
piecewise_0069,10,previous_period,44.93709426544015,46.73338578618227,232.29128516591518,123.73370272164726
piecewise_0069,11,previous_period,44.93709426544015,46.73338578618227,232.29128516591518,123.73370272164726
piecewise_0069,12,previous_period,44.93709426544015,46.73338578618227,232.29128516591518,123.73370272164726
piecewise_0070,1,default,88.41624277404549,-20.381158263798895,218.76978674281878,263.357603212248
piecewise_0070,2,previous_period,66.41949157380395,10.341230057459128,218.76978674281878,196.14629979953116
piecewise_0070,3,previous_period,66.41851986041331,10.341700528709396,218.76978674281878,196.14527055058028
piecewise_0070,4,previous_period,66.41839548459515,10.341925488764236,218.76978674281878,196.14477840594805
piecewise_0070,5,previous_period,66.41838689072894,10.341936875439794,218.76978674281878,196.1447534953422
piecewise_0070,6,previous_period,66.41839222390823,10.341929506830915,218.76978674281878,196.14476961563213
piecewise_0070,7,previous_period,66.41838846808508,10.341934558483867,218.76978674281878,196.14475856414174
piecewise_0070,8,previous_period,66.41839271593602,10.341928955584878,218.76978674281878,196.14477082159192
piecewise_0070,9,previous_period,66.41838846808508,10.341934558483867,218.76978674281878,196.14475856414174
piecewise_0070,10,previous_period,66.41839271593602,10.341928955584878,218.76978674281878,196.14477082159192
piecewise_0070,11,previous_period,66.41838846808508,10.341934558483867,218.76978674281878,196.14475856414174
piecewise_0070,12,previous_period,66.41839271593602,10.341928955584878,218.76978674281878,196.14477082159192
piecewise_0071,1,default,40.41627217714331,11.238306795611418,107.85272910995923,95.7319085251423
piecewise_0071,2,previous_period,36.590380020007096,20.40520321843178,107.85272910995923,85.84516055844732
piecewise_0071,3,previous_period,36.21349936529937,23.825308743537644,107.85272910995923,82.15648341118015
piecewise_0071,4,previous_period,36.160442410518925,24.37308435997261,107.85272910995923,81.56569245945613
piecewise_0071,5,previous_period,36.157639978245854,24.43811337789232,107.85272910995923,81.49555688891631
piecewise_0071,6,previous_period,36.157038595957786,24.44652294081009,107.85272910995923,81.48648694580328
piecewise_0071,7,previous_period,36.156985487648576,24.44753356869146,107.85272910995923,81.48539695605209
piecewise_0071,8,previous_period,36.156977919464424,24.447657334376117,107.85272910995923,81.48526347138348
piecewise_0071,9,previous_period,36.15697691011458,24.447673386002712,107.85272910995923,81.48524615926613
piecewise_0071,10,previous_period,36.156975583707016,24.44767565288548,107.85272910995923,81.4852437143712
piecewise_0071,11,previous_period,36.15697607453282,24.447674482317893,107.85272910995923,81.48524497686029
piecewise_0071,12,previous_period,36.15697606793466,24.447675137486303,107.85272910995923,81.48524427024327
piecewise_0072,1,default,72.20174613994584,-4.442166257006286,186.2192372972914,194.49140542056614
piecewise_0072,2,previous_period,64.26781604325024,6.643852622552027,186.2192372972914,173.8471056164189
piecewise_0072,3,previous_period,64.17915874881821,7.061397905246281,186.2192372972914,173.06955597561486
piecewise_0072,4,previous_period,64.17355068858105,7.105221067720457,186.2192372972914,172.98794881669588
piecewise_0072,5,previous_period,64.17442899514882,7.107838154394575,186.2192372972914,172.98307529785194
piecewise_0072,6,previous_period,64.17413928933301,7.108457315150196,186.2192372972914,172.98192230141518
piecewise_0072,7,previous_period,64.17421627381448,7.10840761421675,186.2192372972914,172.98201485411437
piecewise_0072,8,previous_period,64.17419612624747,7.108429559327845,186.2192372972914,172.98197398809586
piecewise_0072,9,previous_period,64.17420185024494,7.108421451652802,186.2192372972914,172.98198908614648
piecewise_0072,10,previous_period,64.17419816133138,7.1084271991216585,186.2192372972914,172.98197838325382
piecewise_0072,11,previous_period,64.174200328309,7.108424057239482,186.2192372972914,172.98198423404284
piecewise_0072,12,previous_period,64.17420053572648,7.108424107833389,186.2192372972914,172.98198413982726
piecewise_0073,1,default,50.56763918882706,-14.20480399116839,118.82556183709627,135.7044999874604
piecewise_0073,2,previous_period,34.45846371876238,36.26192917070582,118.82556183709627,75.73712076703518
piecewise_0073,3,previous_period,34.560715356395185,35.71587207249386,118.82556183709627,76.38597618193688
piecewise_0073,4,previous_period,34.589037754575564,35.608141652066514,118.82556183709627,76.51398745927914
piecewise_0073,5,previous_period,34.591675717663236,35.5978104335875,118.82556183709627,76.52626358768146
piecewise_0073,6,previous_period,34.59189096717784,35.597139886479766,118.82556183709627,76.5270603690496
piecewise_0073,7,previous_period,34.591901805545085,35.59713759502755,118.82556183709627,76.52706309188056
piecewise_0073,8,previous_period,34.59190001195464,35.59715396820691,118.82556183709627,76.5270436363582
piecewise_0073,9,previous_period,34.59189935602998,35.597155252688786,118.82556183709627,76.5270421100654
piecewise_0073,10,previous_period,34.5919001589083,35.59715489192381,118.82556183709627,76.5270425387464
piecewise_0073,11,previous_period,34.59190003715301,35.59715391666906,118.82556183709627,76.52704369759834
piecewise_0073,12,previous_period,34.59189901178565,35.59715414660717,118.82556183709627,76.52704342437309
piecewise_0074,1,default,37.742113879284794,-12.728447162741663,85.6353822151932,96.53543659306594
piecewise_0074,2,previous_period,32.24102549522886,1.3486403278688774,85.6353822151932,84.48046891571445
piecewise_0074,3,previous_period,32.639245058582894,0.07023040435223393,85.6353822151932,85.57524013999489
piecewise_0074,4,previous_period,32.626901013143275,0.09176587095913735,85.6353822151932,85.55679816085424
piecewise_0074,5,previous_period,32.62116758496111,0.1079047059038385,85.6353822151932,85.54297760786427
piecewise_0074,6,previous_period,32.621191710241085,0.1079154107995195,85.6353822151932,85.54296844068594
piecewise_0074,7,previous_period,32.621237792839,0.10778985656575424,85.6353822151932,85.54307595953391
piecewise_0074,8,previous_period,32.62123903272098,0.10778274930715037,85.6353822151932,85.54308204586198
piecewise_0074,9,previous_period,32.621239506791994,0.10778268329546536,85.6353822151932,85.54308210239134
piecewise_0074,10,previous_period,32.62123883276611,0.10778261728378036,85.6353822151932,85.5430821589207
piecewise_0074,11,previous_period,32.621239172956514,0.10778153909286603,85.6353822151932,85.54308308223361
piecewise_0074,12,previous_period,32.62123952841075,0.10778037288635689,85.6353822151932,85.54308408091902
piecewise_0075,1,default,42.39750399100411,25.458100023611518,149.8111827054796,111.6721019657632
piecewise_0075,2,previous_period,28.430538661083162,50.64029254479634,149.8111827054796,73.94636151860539
piecewise_0075,3,previous_period,27.98701681870003,51.53850962338019,149.8111827054796,72.60073188991632
piecewise_0075,4,previous_period,28.02354758573801,51.614765625481596,149.8111827054796,72.4864918712843
piecewise_0075,5,previous_period,28.004842240990993,51.67130822673354,149.8111827054796,72.40178473161632
piecewise_0075,6,previous_period,28.00080992757703,51.685102034514394,149.8111827054796,72.38112006503968
piecewise_0075,7,previous_period,28.0002670877439,51.688297585498056,149.8111827054796,72.37633277231711
piecewise_0075,8,previous_period,28.00009552535464,51.68921598071652,149.8111827054796,72.37495691357842
piecewise_0075,9,previous_period,28.000045295662723,51.68947507944493,149.8111827054796,72.374568754709
piecewise_0075,10,previous_period,28.000032910807928,51.689547666583536,149.8111827054796,72.37446001105818
piecewise_0075,11,previous_period,28.000028333577436,51.689568338384305,149.8111827054796,72.37442904238895
piecewise_0075,12,previous_period,28.00002884678832,51.68957301736812,149.8111827054796,72.37442203274796
piecewise_0076,1,default,34.84731450356238,25.294382107132975,112.86930429745374,84.31971118679313
piecewise_0076,2,previous_period,19.92522955873433,54.81444175532961,112.86930429745374,51.00062523368021
piecewise_0076,3,previous_period,17.850459861601536,61.02157575108619,112.86930429745374,43.99467627585903
piecewise_0076,4,previous_period,17.519407845131,61.9067141376344,112.86930429745374,42.99562673689235
piecewise_0076,5,previous_period,17.499517951027883,62.003299958640646,112.86930429745374,42.886610992672615
piecewise_0076,6,previous_period,17.49808849134642,61.99373209621777,112.86930429745374,42.89741017242547
piecewise_0076,7,previous_period,17.498035133700405,61.9986877323394,112.86930429745374,42.89181678041146
piecewise_0076,8,previous_period,17.498014310045512,61.99709401218348,112.86930429745374,42.89361560126389
piecewise_0076,9,previous_period,17.498019849193746,61.997649860130764,112.86930429745374,42.89298821955285
piecewise_0076,10,previous_period,17.498017340032124,61.9974582390844,112.86930429745374,42.89320450089476
piecewise_0076,11,previous_period,17.49801820071249,61.99752284733056,112.86930429745374,42.893131578016806
piecewise_0076,12,previous_period,17.498018405880817,61.997503181047875,112.86930429745374,42.89315377521325
piecewise_0077,1,default,36.41422956323433,13.21909213483725,100.57037385504691,87.27588347479798
piecewise_0077,2,previous_period,34.838127303205816,17.617115614493486,100.57037385504691,82.85277481907497
piecewise_0077,3,previous_period,34.70807486673089,17.187672678550715,100.57037385504691,83.2846671852467
piecewise_0077,4,previous_period,34.69107558243169,17.10657006664529,100.57037385504691,83.36623238524619
piecewise_0077,5,previous_period,34.689332411190534,17.085059656407243,100.57037385504691,83.38786548524035
piecewise_0077,6,previous_period,34.686633159943156,17.09077853265243,100.57037385504691,83.38211399002026
piecewise_0077,7,previous_period,34.687973081685016,17.08616303441857,100.57037385504691,83.38675581384933
piecewise_0077,8,previous_period,34.68715335858981,17.088475659645674,100.57037385504691,83.38442999801256
piecewise_0077,9,previous_period,34.68759130954727,17.08723064492055,100.57037385504691,83.38568211397617
piecewise_0077,10,previous_period,34.687358364984675,17.08789308392491,100.57037385504691,83.38501589659292
piecewise_0077,11,previous_period,34.687478244346856,17.08754285649283,100.57037385504691,83.3853681216307
piecewise_0077,12,previous_period,34.68741616741904,17.087739502849043,100.57037385504691,83.3851703536551
piecewise_0078,1,default,93.02189137090376,-10.273479369161876,246.12697353479055,271.41277738282974
piecewise_0078,2,previous_period,60.81531858811284,27.88195360484379,246.12697353479055,177.5019649648141
piecewise_0078,3,previous_period,60.90117661227462,27.75854155002133,246.12697353479055,177.8057153203257
piecewise_0078,4,previous_period,60.901230367509974,27.758281534263386,246.12697353479055,177.80635528924145
piecewise_0078,5,previous_period,60.901236388745815,27.758271750082386,246.12697353479055,177.80637937075002
piecewise_0078,6,previous_period,60.90123633421249,27.7582720639724,246.12697353479055,177.80637859818205
piecewise_0078,7,previous_period,60.90123633421249,27.7582720639724,246.12697353479055,177.80637859818205
piecewise_0078,8,previous_period,60.90123633421249,27.7582720639724,246.12697353479055,177.80637859818205
piecewise_0078,9,previous_period,60.90123633421249,27.7582720639724,246.12697353479055,177.80637859818205
piecewise_0078,10,previous_period,60.90123633421249,27.7582720639724,246.12697353479055,177.80637859818205
piecewise_0078,11,previous_period,60.90123633421249,27.7582720639724,246.12697353479055,177.80637859818205
piecewise_0078,12,previous_period,60.90123633421249,27.7582720639724,246.12697353479055,177.80637859818205
piecewise_0079,1,default,35.158090306201366,28.454348143674903,122.60480974036355,87.71841033595027
piecewise_0079,2,previous_period,19.23649829059375,68.48168354431773,122.60480974036355,38.642971923854944
piecewise_0079,3,previous_period,17.765895368279082,74.93782096595615,122.60480974036355,30.72743692147875
piecewise_0079,4,previous_period,16.40909317720763,75.98361979227548,122.60480974036355,29.44523726020297
piecewise_0079,5,previous_period,15.938959664562983,78.02954765470518,122.60480974036355,26.936831297045956
piecewise_0079,6,previous_period,15.644485039189622,77.46723244655087,122.60480974036355,27.626256788144683
piecewise_0079,7,previous_period,15.565627235549956,77.196133404947,122.60480974036355,27.95863725231104
piecewise_0079,8,previous_period,15.543819439361771,77.04914286327654,122.60480974036355,28.138854726262444
piecewise_0079,9,previous_period,15.538514771314986,76.9980309510214,122.60480974036355,28.201520389037526
piecewise_0079,10,previous_period,15.537418258867906,76.98419337331264,122.60480974036355,28.218485924860026
piecewise_0079,11,previous_period,15.537204490771725,76.98118916610383,122.60480974036355,28.222169227392577
piecewise_0079,12,previous_period,15.537196637580498,76.98062005240499,122.60480974036355,28.222866988160256
piecewise_0080,1,default,60.671328288256426,-27.848834486147076,127.71587558191732,163.283258385259
piecewise_0080,2,previous_period,41.64704244275752,24.43961537173841,127.71587558191732,96.50260682104874
piecewise_0080,3,previous_period,41.57068210433568,24.522024708853827,127.71587558191732,96.39735701459054
piecewise_0080,4,previous_period,41.563026707996,24.526418697119347,127.71587558191732,96.39174519400427
piecewise_0080,5,previous_period,41.56212743461149,24.5268556276121,127.71587558191732,96.39118716439977
piecewise_0080,6,previous_period,41.56201955157661,24.52690480248696,127.71587558191732,96.39112436027777
piecewise_0080,7,previous_period,41.562006578831415,24.52691022455914,127.71587558191732,96.39111743543081
piecewise_0080,8,previous_period,41.56200517323479,24.526910903240285,127.71587558191732,96.39111656864725
piecewise_0080,9,previous_period,41.56200477409288,24.526912275356484,127.71587558191732,96.39111481623702
piecewise_0080,10,previous_period,41.56200481996786,24.52691207617833,127.71587558191732,96.39111507061915
piecewise_0080,11,previous_period,41.562004802457444,24.52691203929348,127.71587558191732,96.39111511772695
piecewise_0080,12,previous_period,41.562004802457444,24.52691203929348,127.71587558191732,96.39111511772695
piecewise_0081,1,default,40.72311681503004,-65.04408954678817,65.18982499026723,107.59195313233114
piecewise_0081,2,previous_period,22.51442815337457,16.82553813526383,65.18982499026723,54.22128612621806
piecewise_0081,3,previous_period,22.532609309100348,17.66781252416243,65.18982499026723,53.672208926157225
piecewise_0081,4,previous_period,22.534309191166695,17.717840262910777,65.18982499026723,53.63959593082059
piecewise_0081,5,previous_period,22.534432693655777,17.721629275239327,65.18982499026723,53.63712588031475
piecewise_0081,6,previous_period,22.534446915434504,17.72191807957759,65.18982499026723,53.63693760927207
piecewise_0081,7,previous_period,22.53442779142399,17.7219829424045,65.18982499026723,53.63689532530872
piecewise_0081,8,previous_period,22.53442343410356,17.722011861860075,65.18982499026723,53.63687647276625
piecewise_0081,9,previous_period,22.53442534430482,17.72199414309319,65.18982499026723,53.63688802359937
piecewise_0081,10,previous_period,22.534466554983542,17.721905982833817,65.18982499026723,53.63694549511816
piecewise_0081,11,previous_period,22.534461033992052,17.72190117015079,65.18982499026723,53.636948632497806
piecewise_0081,12,previous_period,22.534460827603297,17.721900982268266,65.18982499026723,53.63694875497809
piecewise_0082,1,default,58.49398923835838,6.059957237121283,154.5258961692429,145.16169294110836
piecewise_0082,2,previous_period,41.449584597476665,31.927542853988,154.5258961692429,105.18957444929887
piecewise_0082,3,previous_period,41.47245206788767,32.16044023413641,154.5258961692429,104.82968768546986
piecewise_0082,4,previous_period,41.45552097354012,32.15003440426353,154.5258961692429,104.84576738733477
piecewise_0082,5,previous_period,41.459800538721154,32.14946744331565,154.5258961692429,104.84664348882042
piecewise_0082,6,previous_period,41.4588073634244,32.15038347402649,154.5258961692429,104.84522798415531
piecewise_0082,7,previous_period,41.45901238271809,32.149982103550414,154.5258961692429,104.84584820548042
piecewise_0082,8,previous_period,41.458977024678,32.15011572705572,154.5258961692429,104.84564172256137
piecewise_0082,9,previous_period,41.458982305186794,32.1500740779334,154.5258961692429,104.84570608124086
piecewise_0082,10,previous_period,41.45898090230299,32.150086119657395,154.5258961692429,104.84568747365896
piecewise_0082,11,previous_period,41.45897947864497,32.1500869610538,154.5258961692429,104.84568617348361
piecewise_0082,12,previous_period,41.45898039703767,32.15008501608675,154.5258961692429,104.84568917896138
piecewise_0083,1,default,52.71686227949457,12.39477602517396,148.23131591754668,129.85837631039874
piecewise_0083,2,previous_period,45.448622570105286,22.734017528989447,148.23131591754668,114.5323825733999
piecewise_0083,3,previous_period,44.63270780605694,26.200544492024747,148.23131591754668,109.3939040394561
piecewise_0083,4,previous_period,44.59652212776548,26.280228003539285,148.23131591754668,109.27578812176878
piecewise_0083,5,previous_period,44.59518694321591,26.289523733549313,148.23131591754668,109.26200893885078
piecewise_0083,6,previous_period,44.595078198984325,26.2904920170424,148.23131591754668,109.26057363948718
piecewise_0083,7,previous_period,44.59507611622928,26.29056888632708,148.23131591754668,109.26045969513495
piecewise_0083,8,previous_period,44.59507562282313,26.290575413923854,148.23131591754668,109.26045001919235
piecewise_0083,9,previous_period,44.59507566755633,26.29057616393009,148.23131591754668,109.26044890744824
piecewise_0083,10,previous_period,44.5950756690685,26.29057611308221,148.23131591754668,109.26044898282072
piecewise_0083,11,previous_period,44.5950756690685,26.29057611308221,148.23131591754668,109.26044898282072
piecewise_0083,12,previous_period,44.5950756690685,26.29057611308221,148.23131591754668,109.26044898282072
piecewise_0084,1,default,57.00673255593541,-27.157355636377865,134.2497645159861,170.70845050659227
piecewise_0084,2,previous_period,32.020846589289484,33.6057743469079,134.2497645159861,89.13409159148858
piecewise_0084,3,previous_period,31.991846161656294,33.69365709062423,134.2497645159861,89.01610921499922
piecewise_0084,4,previous_period,31.996282109940577,33.67983870753165,134.2497645159861,89.03466036176093
piecewise_0084,5,previous_period,31.99555482365349,33.68210340550248,134.2497645159861,89.03162001006808
piecewise_0084,6,previous_period,31.99568023818866,33.68171570322328,134.2497645159861,89.03214049946493
piecewise_0084,7,previous_period,31.995657692537943,33.68178278064066,134.2497645159861,89.03205044819006
piecewise_0084,8,previous_period,31.99566225596965,33.6817686886283,134.2497645159861,89.03206936668347
piecewise_0084,9,previous_period,31.995660499919705,33.68177361170932,134.2497645159861,89.03206275745879
piecewise_0084,10,previous_period,31.995661632355954,33.68177098700183,134.2497645159861,89.03206628112241
piecewise_0084,11,previous_period,31.995660932654317,33.68177319414223,134.2497645159861,89.03206331804162
piecewise_0084,12,previous_period,31.995660450923264,33.68177440824487,134.2497645159861,89.0320616881117
piecewise_0085,1,default,47.9379471448114,-1.8516516654758952,128.32500109378435,130.70113311375937
piecewise_0085,2,previous_period,39.74435981288286,15.624171033943002,128.32500109378435,108.27528344358225
piecewise_0085,3,previous_period,38.85631591467842,18.013661737101682,128.32500109378435,105.20896947261801
piecewise_0085,4,previous_period,38.78636933213968,18.16600285830908,128.32500109378435,105.01347772716232
piecewise_0085,5,previous_period,38.73520671742525,18.297818259480213,128.32500109378435,104.8443256121677
piecewise_0085,6,previous_period,38.72800779327036,18.34280489792016,128.32500109378435,104.78659650789757
piecewise_0085,7,previous_period,38.72554140194671,18.336843350066268,128.32500109378435,104.79424666424629
piecewise_0085,8,previous_period,38.724872948056365,18.347869919970037,128.32500109378435,104.78009681829667
piecewise_0085,9,previous_period,38.72482854110731,18.342438975013998,128.32500109378435,104.78706607847091
piecewise_0085,10,previous_period,38.72472450909426,18.346260211596643,128.32500109378435,104.78216247658443
piecewise_0085,11,previous_period,38.72476159462098,18.343954368667248,128.32500109378435,104.7851214495488
piecewise_0085,12,previous_period,38.7247283350206,18.345426929370355,128.32500109378435,104.78323178601043
piecewise_0086,1,default,46.43550811229657,15.85985507712847,123.11808002653652,103.59173096058477
piecewise_0086,2,previous_period,43.6911911685889,18.575319678263224,123.11808002653652,100.24850307986742
piecewise_0086,3,previous_period,43.44847276035606,18.51096152713605,123.11808002653652,100.32773959987577
piecewise_0086,4,previous_period,43.45835566533235,18.472892578822997,123.11808002653652,100.3746093581251
piecewise_0086,5,previous_period,43.465136401890135,18.463315564784445,123.11808002653652,100.38640039393323
piecewise_0086,6,previous_period,43.46659990848484,18.461559294859363,123.11808002653652,100.38856267974508
piecewise_0086,7,previous_period,43.46687337818017,18.4612434166613,123.11808002653652,100.38895158291776
piecewise_0086,8,previous_period,43.4669234252054,18.46119017085236,123.11808002653652,100.38901713813542
piecewise_0086,9,previous_period,43.46693154982449,18.46117872277383,123.11808002653652,100.3890312327899
piecewise_0086,10,previous_period,43.46693386431755,18.461175799534544,123.11808002653652,100.38903483182598
piecewise_0086,11,previous_period,43.46693379415707,18.461176687219783,123.11808002653652,100.38903373892497
piecewise_0086,12,previous_period,43.46693355937699,18.461176059718156,123.11808002653652,100.38903451149292
piecewise_0087,1,default,50.070868451243086,0.7146230934737208,121.47026002136742,120.60220549155216
piecewise_0087,2,previous_period,34.10008339050405,32.34371058624001,121.47026002136742,82.18227067170315
piecewise_0087,3,previous_period,34.03184298350736,33.944843730939134,121.47026002136742,80.23737007754882
piecewise_0087,4,previous_period,34.06107483978625,34.046400648274364,121.47026002136742,80.11400862599203
piecewise_0087,5,previous_period,34.06514492184737,34.05539628018614,121.47026002136742,80.10308160851824
piecewise_0087,6,previous_period,34.065514033275335,34.056020260415146,121.47026002136742,80.10232365811157
piecewise_0087,7,previous_period,34.06553533162863,34.05608286902076,121.47026002136742,80.10224760727553
piecewise_0087,8,previous_period,34.06553352962757,34.05610699489636,121.47026002136742,80.10221830151171
piecewise_0087,9,previous_period,34.065538328384704,34.05609066407139,121.47026002136742,80.10223813860726
piecewise_0087,10,previous_period,34.06552907527833,34.056130139603894,121.47026002136742,80.1021901875753
piecewise_0087,11,previous_period,34.065538817763056,34.0560915715549,121.47026002136742,80.10223703628469
piecewise_0087,12,previous_period,34.06552906871412,34.05612962381197,121.47026002136742,80.10219081410908
piecewise_0088,1,default,60.6202550581687,-28.96280708777428,132.38336937561542,170.72530926417056
piecewise_0088,2,previous_period,36.31655744199145,24.84749429874611,132.38336937561542,99.48941921752137
piecewise_0088,3,previous_period,36.41388225208796,24.494471139868633,132.38336937561542,99.95676316991961
piecewise_0088,4,previous_period,36.41611396268132,24.486243148530406,132.38336937561542,99.96765566208508
piecewise_0088,5,previous_period,36.41614988237743,24.486116137199954,132.38336937561542,99.96782380396382
piecewise_0088,6,previous_period,36.41615390555557,24.486105362249454,132.38336937561542,99.96783806820635
piecewise_0088,7,previous_period,36.41614991214848,24.4861162724206,132.38336937561542,99.96782362495418
piecewise_0088,8,previous_period,36.41615390555557,24.486105362249454,132.38336937561542,99.96783806820635
piecewise_0088,9,previous_period,36.41614991214848,24.4861162724206,132.38336937561542,99.96782362495418
piecewise_0088,10,previous_period,36.41615390555557,24.486105362249454,132.38336937561542,99.96783806820635
piecewise_0088,11,previous_period,36.41614991214848,24.4861162724206,132.38336937561542,99.96782362495418
piecewise_0088,12,previous_period,36.41615390555557,24.486105362249454,132.38336937561542,99.96783806820635
piecewise_0089,1,default,72.4582632238933,-9.583121933546801,180.33489748086635,197.6166105951944
piecewise_0089,2,previous_period,43.74397155864113,32.82397688629182,180.33489748086635,121.14181241382873
piecewise_0089,3,previous_period,43.7919498839786,32.74986254513199,180.33489748086635,121.27546643497791
piecewise_0089,4,previous_period,43.792900418777855,32.74842518622365,180.33489748086635,121.27805849469172
piecewise_0089,5,previous_period,43.792909950854174,32.748409627722516,180.33489748086635,121.27808655209878
piecewise_0089,6,previous_period,43.79291140973403,32.74840831115359,180.33489748086635,121.27808892633202
piecewise_0089,7,previous_period,43.79291140973403,32.74840831115359,180.33489748086635,121.27808892633202
piecewise_0089,8,previous_period,43.79291140973403,32.74840831115359,180.33489748086635,121.27808892633202
piecewise_0089,9,previous_period,43.79291140973403,32.74840831115359,180.33489748086635,121.27808892633202
piecewise_0089,10,previous_period,43.79291140973403,32.74840831115359,180.33489748086635,121.27808892633202
piecewise_0089,11,previous_period,43.79291140973403,32.74840831115359,180.33489748086635,121.27808892633202
piecewise_0089,12,previous_period,43.79291140973403,32.74840831115359,180.33489748086635,121.27808892633202
piecewise_0090,1,default,63.77640886253212,-12.416431786112469,151.10578889730394,169.8677361006048
piecewise_0090,2,previous_period,49.18516739604507,14.318448847157505,151.10578889730394,129.46978380894967
piecewise_0090,3,previous_period,48.97233471252858,15.172949152532034,151.10578889730394,128.17858438138362
piecewise_0090,4,previous_period,48.98701476609932,15.028985506431136,151.10578889730394,128.3961217845497
piecewise_0090,5,previous_period,48.98422049924139,15.044708813479811,151.10578889730394,128.37236295739305
piecewise_0090,6,previous_period,48.98443632425583,15.04312284089675,151.10578889730394,128.3747594537764
piecewise_0090,7,previous_period,48.984412388970775,15.043283127548857,151.10578889730394,128.37451725136623
piecewise_0090,8,previous_period,48.984415617165055,15.043265496313275,151.10578889730394,128.37454389318384
piecewise_0090,9,previous_period,48.984414880202095,15.043267865642074,151.10578889730394,128.37454031299086
piecewise_0090,10,previous_period,48.98441546408051,15.043266782297682,151.10578889730394,128.37454194998696
piecewise_0090,11,previous_period,48.984414779709745,15.043267952933148,151.10578889730394,128.374540181089
piecewise_0090,12,previous_period,48.98441502515541,15.043267736264266,151.10578889730394,128.37454050848822
piecewise_0091,1,default,54.13513088258428,3.9118949393885494,146.2675995835153,140.54576475744267
piecewise_0091,2,previous_period,51.779529118259866,7.050165575603751,146.2675995835153,135.95549162941637
piecewise_0091,3,previous_period,51.63499235329256,7.284991031511224,146.2675995835153,135.61201807184946
piecewise_0091,4,previous_period,51.627542780728255,7.310542103372686,146.2675995835153,135.57464513236985
piecewise_0091,5,previous_period,51.625661272466054,7.311338237330622,146.2675995835153,135.5734806463401
piecewise_0091,6,previous_period,51.62571191202134,7.311399339668245,146.2675995835153,135.57339127341757
piecewise_0091,7,previous_period,51.62567595001235,7.311407623202526,146.2675995835153,135.57337915729082
piecewise_0091,8,previous_period,51.62567896499776,7.311409001644464,146.2675995835153,135.5733771410769
piecewise_0091,9,previous_period,51.62567692829562,7.311408318864832,146.2675995835153,135.57337813976227
piecewise_0091,10,previous_period,51.62567868373148,7.311405317210862,146.2675995835153,135.57338253020947
piecewise_0091,11,previous_period,51.62567686476179,7.311408099860028,146.2675995835153,135.57337846009534
piecewise_0091,12,previous_period,51.62567871820278,7.311405239915059,146.2675995835153,135.5733826432682
piecewise_0092,1,default,52.87331265902754,3.752307482174122,150.53418226728616,144.88567688284115
piecewise_0092,2,previous_period,23.526453733325393,58.946151983941306,150.53418226728616,61.80007440022843
piecewise_0092,3,previous_period,23.259587779655504,59.620120292959335,150.53418226728616,60.78552171750749
piecewise_0092,4,previous_period,23.26886053147643,59.566542594579566,150.53418226728616,60.8661744676411
piecewise_0092,5,previous_period,23.26604478372712,59.583870511522804,150.53418226728616,60.84009002956664
piecewise_0092,6,previous_period,23.266968028513457,59.578158849966776,150.53418226728616,60.84868803258388
piecewise_0092,7,previous_period,23.26665886402116,59.58006261823585,150.53418226728616,60.84582221058777
piecewise_0092,8,previous_period,23.266762348497544,59.57942863799798,150.53418226728616,60.84677656755459
piecewise_0092,9,previous_period,23.266729891883017,59.57963512672899,150.53418226728616,60.84646573143188
piecewise_0092,10,previous_period,23.26673758437318,59.57957336536873,150.53418226728616,60.846558703390514
piecewise_0092,11,previous_period,23.26673559936143,59.579592736204766,150.53418226728616,60.84652954366088
piecewise_0092,12,previous_period,23.26673868873833,59.579578697825056,150.53418226728616,60.84655067622099
piecewise_0093,1,default,33.92957034319033,8.411256970117709,94.78462301469722,86.8120448047737
piecewise_0093,2,previous_period,28.385555849562596,19.26840694799833,94.78462301469722,76.52113612809927
piecewise_0093,3,previous_period,27.189898171666915,23.789247523795552,94.78462301469722,72.23607443123441
piecewise_0093,4,previous_period,26.87593551390028,24.319317354349078,94.78462301469722,71.7336497406296
piecewise_0093,5,previous_period,26.86699171397019,24.39106755651371,94.78462301469722,71.66564158199557
piecewise_0093,6,previous_period,26.864839090384958,24.385437916917386,94.78462301469722,71.67097761466404
piecewise_0093,7,previous_period,26.86504426095903,24.387586739031676,94.78462301469722,71.66894086172375
piecewise_0093,8,previous_period,26.864966775807027,24.387148545516613,94.78462301469722,71.66935620179508
piecewise_0093,9,previous_period,26.864982429888006,24.387261205105105,94.78462301469722,71.66924941782884
piecewise_0093,10,previous_period,26.86497973161407,24.387232677399183,94.78462301469722,71.66927645770735
piecewise_0093,11,previous_period,26.864981261004555,24.387234804552172,94.78462301469722,71.66927444149341
piecewise_0093,12,previous_period,26.86498155652458,24.38723204124128,94.78462301469722,71.66927706068722
piecewise_0094,1,default,63.90165688189845,4.872131426980408,202.58395316730576,192.71379671902218
piecewise_0094,2,previous_period,27.209402517149144,60.106136188815896,202.58395316730576,80.81856637987795
piecewise_0094,3,previous_period,27.213008312823202,60.09267610272657,202.58395316730576,80.84583435437743
piecewise_0094,4,previous_period,27.212644193967673,60.09199595728092,202.58395316730576,80.8472122199085
piecewise_0094,5,previous_period,27.21258691091978,60.091877625013936,202.58395316730576,80.84745194209285
piecewise_0094,6,previous_period,27.212578371954702,60.09185522726994,202.58395316730576,80.84749731632803
piecewise_0094,7,previous_period,27.212574439009593,60.09185530168107,202.58395316730576,80.84749716558304
piecewise_0094,8,previous_period,27.2125733098463,60.091856696889366,202.58395316730576,80.8474943391149
piecewise_0094,9,previous_period,27.21257337418668,60.09185656666993,202.58395316730576,80.8474946029186
piecewise_0094,10,previous_period,27.21257337418668,60.09185656666993,202.58395316730576,80.8474946029186
piecewise_0094,11,previous_period,27.21257337418668,60.09185656666993,202.58395316730576,80.8474946029186
piecewise_0094,12,previous_period,27.21257337418668,60.09185656666993,202.58395316730576,80.8474946029186
piecewise_0095,1,default,59.19875386627872,-34.26947830579164,116.19426494453626,156.01343336227816
piecewise_0095,2,previous_period,39.97356700774732,13.150840395068164,116.19426494453626,100.91374261345766
piecewise_0095,3,previous_period,39.92561906977842,13.177826373409008,116.19426494453626,100.88238645428642
piecewise_0095,4,previous_period,39.92732790450546,13.178248410418014,116.19426494453626,100.88189607148601
piecewise_0095,5,previous_period,39.927134381136156,13.17824038304688,116.19426494453626,100.8819053988309
piecewise_0095,6,previous_period,39.92715538517227,13.178234082776829,116.19426494453626,100.88191271938337
piecewise_0095,7,previous_period,39.9271534581681,13.178235907179358,116.19426494453626,100.88191059953226
piecewise_0095,8,previous_period,39.92715419916382,13.178234650368726,116.19426494453626,100.88191205987414
piecewise_0095,9,previous_period,39.927153793967705,13.178235801769434,116.19426494453626,100.88191072201255
piecewise_0095,10,previous_period,39.92715393558585,13.178235023357699,116.19426494453626,100.88191162648235
piecewise_0095,11,previous_period,39.927153793967705,13.178235801769434,116.19426494453626,100.88191072201255
piecewise_0095,12,previous_period,39.92715393558585,13.178235023357699,116.19426494453626,100.88191162648235
piecewise_0096,1,default,86.40121940840973,-19.024926929014118,208.45055434388524,248.10811999093426
piecewise_0096,2,previous_period,66.9361242198773,7.0587555189416396,208.45055434388524,193.7365393348718
piecewise_0096,3,previous_period,66.94770823948191,7.03625980766952,208.45055434388524,193.78343176972214
piecewise_0096,4,previous_period,66.94899962545477,7.033999045954831,208.45055434388524,193.7881443400488
piecewise_0096,5,previous_period,66.94911959766861,7.033788499836469,208.45055434388524,193.78858322459968
piecewise_0096,6,previous_period,66.9491328153678,7.033766949401931,208.45055434388524,193.78862814659993
piecewise_0096,7,previous_period,66.94913249455793,7.033767175392224,208.45055434388524,193.78862767552192
piecewise_0096,8,previous_period,66.94913124021336,7.033767405902314,208.45055434388524,193.78862719502234
piecewise_0096,9,previous_period,66.94913124021336,7.033767405902314,208.45055434388524,193.78862719502234
piecewise_0096,10,previous_period,66.94913124021336,7.033767405902314,208.45055434388524,193.78862719502234
piecewise_0096,11,previous_period,66.94913124021336,7.033767405902314,208.45055434388524,193.78862719502234
piecewise_0096,12,previous_period,66.94913124021336,7.033767405902314,208.45055434388524,193.78862719502234
piecewise_0097,1,default,46.9936260759681,-41.245246864099606,86.45415287064702,122.11238164641145
piecewise_0097,2,previous_period,26.01029599335016,27.173074189853185,86.45415287064702,62.96190177089702
piecewise_0097,3,previous_period,25.947992079836144,27.319634905270195,86.45415287064702,62.83519394594208
piecewise_0097,4,previous_period,25.948565670918722,27.31831598285879,86.45415287064702,62.83633420913989
piecewise_0097,5,previous_period,25.948555883356537,27.31834139641992,86.45415287064702,62.8363122380609
piecewise_0097,6,previous_period,25.948556075188833,27.31833647063534,86.45415287064702,62.83631649660623
piecewise_0097,7,previous_period,25.9485558556256,27.318337266171334,86.45415287064702,62.836315808832325
piecewise_0097,8,previous_period,25.948556075188833,27.31833647063534,86.45415287064702,62.83631649660623
piecewise_0097,9,previous_period,25.9485558556256,27.318337266171334,86.45415287064702,62.836315808832325
piecewise_0097,10,previous_period,25.948556075188833,27.31833647063534,86.45415287064702,62.83631649660623
piecewise_0097,11,previous_period,25.9485558556256,27.318337266171334,86.45415287064702,62.836315808832325
piecewise_0097,12,previous_period,25.948556075188833,27.31833647063534,86.45415287064702,62.83631649660623
piecewise_0098,1,default,80.96190413304348,-15.22866210197309,193.95836350418,223.49562730074828
piecewise_0098,2,previous_period,49.421391528594235,29.37839865879628,193.95836350418,136.97650224184477
piecewise_0098,3,previous_period,49.40962481773216,29.40135591070935,193.95836350418,136.93197473172864
piecewise_0098,4,previous_period,49.40538487498406,29.40719325202362,193.95836350418,136.92065272004334
piecewise_0098,5,previous_period,49.405810484499796,29.406609436771657,193.95836350418,136.92178507855192
piecewise_0098,6,previous_period,49.40576441136357,29.40667310424684,193.95836350418,136.92166159015898
piecewise_0098,7,previous_period,49.4057692283895,29.406666872052543,193.95836350418,136.92167367802105
piecewise_0098,8,previous_period,49.40576928279484,29.406668193297158,193.95836350418,136.92167111535662
piecewise_0098,9,previous_period,49.40576932126851,29.406667654112784,193.95836350418,136.92167216114981
piecewise_0098,10,previous_period,49.40576807635812,29.40666930081105,193.95836350418,136.9216689672408
piecewise_0098,11,previous_period,49.40576921861452,29.406667843555933,193.95836350418,136.92167179370898
piecewise_0098,12,previous_period,49.405768053988616,29.406669291095998,193.95836350418,136.92166898608394
piecewise_0099,1,default,31.52354283917979,-87.52071329088025,42.791813818058486,80.24351450172873
piecewise_0099,2,previous_period,10.136008782013363,61.187330620973526,42.791813818058486,16.60864521849161
piecewise_0099,3,previous_period,9.684842928011703,69.14456394799092,42.791813818058486,13.20360074812582
piecewise_0099,4,previous_period,9.754633630440079,67.97192365751158,42.791813818058486,13.705394797983281
piecewise_0099,5,previous_period,9.734434239708005,68.32903797339334,42.791813818058486,13.552579104813521
piecewise_0099,6,previous_period,9.73973709988157,68.238986094467,42.791813818058486,13.591113937183353
piecewise_0099,7,previous_period,9.738306850982225,68.26320862844555,42.791813818058486,13.580748675541232
piecewise_0099,8,previous_period,9.738689418888429,68.25673928070037,42.791813818058486,13.58351702678359
piecewise_0099,9,previous_period,9.738589533398962,68.25844375346917,42.791813818058486,13.582787651969785
piecewise_0099,10,previous_period,9.738614865585555,68.25800094348504,42.791813818058486,13.58297713839376
piecewise_0099,11,previous_period,9.73860625347784,68.25812808182303,42.791813818058486,13.58292273359288
piecewise_0099,12,previous_period,9.738609939084121,68.2581086626501,42.791813818058486,13.582931043409207
piecewise_0100,1,default,49.40575536924377,5.60328330164338,132.92959957544483,125.48117751949252
piecewise_0100,2,previous_period,39.54753381402128,20.143038204909026,132.92959957544483,106.1535395473304
piecewise_0100,3,previous_period,39.18590824229176,22.410755244536695,132.92959957544483,103.1390723670492
piecewise_0100,4,previous_period,39.14978733678308,22.648809462379948,132.92959957544483,102.8226278484977
piecewise_0100,5,previous_period,39.152715903324726,22.617001050102424,132.92959957544483,102.86491064356952
piecewise_0100,6,previous_period,39.15370122507792,22.607979051306348,132.92959957544483,102.87690355044285
piecewise_0100,7,previous_period,39.15375985364151,22.60747439066524,132.92959957544483,102.8775743938123
piecewise_0100,8,previous_period,39.15374923901183,22.607577281814862,132.92959957544483,102.8774376210191
piecewise_0100,9,previous_period,39.15374408242499,22.607610218039454,132.92959957544483,102.87739383902763
piecewise_0100,10,previous_period,39.15374483046708,22.607606227702792,132.92959957544483,102.87739914336618
piecewise_0100,11,previous_period,39.15374509221499,22.607609845938804,132.92959957544483,102.87739433365954
piecewise_0100,12,previous_period,39.15374466445219,22.607602414556936,132.92959957544483,102.87740421216569
piecewise_0101,1,default,40.11345041872105,33.486155979417696,117.90827989736802,78.42532937828696
piecewise_0101,2,previous_period,18.274693726519,59.471054786914564,117.90827989736802,47.78698216129571
piecewise_0101,3,previous_period,16.19397070407729,63.497190790576276,117.90827989736802,43.039834453049565
piecewise_0101,4,previous_period,14.959149968208868,66.5052255388705,117.90827989736802,39.49311242262071
piecewise_0101,5,previous_period,14.575508283960469,67.4348985751122,117.90827989736802,38.39695093691849
piecewise_0101,6,previous_period,14.526088387158694,67.64900580104816,117.90827989736802,38.14450078968143
piecewise_0101,7,previous_period,14.521945104098018,67.66131746954676,117.90827989736802,38.12998431312807
piecewise_0101,8,previous_period,14.52157794853774,67.66331890314984,117.90827989736802,38.12762445719337
piecewise_0101,9,previous_period,14.521548310941908,67.66335877616532,117.90827989736802,38.127577443606675
piecewise_0101,10,previous_period,14.521546152051396,67.66337953570326,117.90827989736802,38.1275529663926
piecewise_0101,11,previous_period,14.521546190355838,67.66337982336428,117.90827989736802,38.127552627216424
piecewise_0101,12,previous_period,14.521545487964167,67.66338252418176,117.90827989736802,38.12754944272899
piecewise_0102,1,default,83.55718534493467,-1.928789750112303,237.17188797441082,241.7464350398091
piecewise_0102,2,previous_period,47.99527617119542,42.8261064442205,237.17188797441082,135.60040277472223
piecewise_0102,3,previous_period,47.995816899173974,42.82219985469011,237.17188797441082,135.60966810686688
piecewise_0102,4,previous_period,47.995816330629935,42.82220207926821,237.17188797441082,135.60966283079298
piecewise_0102,5,previous_period,47.99581658641445,42.82220175352642,237.17188797441082,135.60966360336096
piecewise_0102,6,previous_period,47.99581658641445,42.82220175352642,237.17188797441082,135.60966360336096
piecewise_0102,7,previous_period,47.99581658641445,42.82220175352642,237.17188797441082,135.60966360336096
piecewise_0102,8,previous_period,47.99581658641445,42.82220175352642,237.17188797441082,135.60966360336096
piecewise_0102,9,previous_period,47.99581658641445,42.82220175352642,237.17188797441082,135.60966360336096
piecewise_0102,10,previous_period,47.99581658641445,42.82220175352642,237.17188797441082,135.60966360336096
piecewise_0102,11,previous_period,47.99581658641445,42.82220175352642,237.17188797441082,135.60966360336096
piecewise_0102,12,previous_period,47.99581658641445,42.82220175352642,237.17188797441082,135.60966360336096
piecewise_0103,1,default,58.67055386570092,-7.361190878574031,146.38970300342962,157.1657284680897
piecewise_0103,2,previous_period,48.91905375665381,10.668577224210374,146.38970300342962,130.77200449021652
piecewise_0103,3,previous_period,48.65992274438945,11.088321960835435,146.38970300342962,130.15754141689857
piecewise_0103,4,previous_period,48.66119912874985,11.085591446899812,146.38970300342962,130.16153860813938
piecewise_0103,5,previous_period,48.66120425330301,11.085595849086062,146.38970300342962,130.161532163792
piecewise_0103,6,previous_period,48.66120327265459,11.085599273008684,146.38970300342962,130.16152715152185
piecewise_0103,7,previous_period,48.66120299506611,11.085600186912847,146.38970300342962,130.16152581366026
piecewise_0103,8,previous_period,48.66120299506611,11.085600186912847,146.38970300342962,130.16152581366026
piecewise_0103,9,previous_period,48.66120299506611,11.085600186912847,146.38970300342962,130.16152581366026
piecewise_0103,10,previous_period,48.66120299506611,11.085600186912847,146.38970300342962,130.16152581366026
piecewise_0103,11,previous_period,48.66120299506611,11.085600186912847,146.38970300342962,130.16152581366026
piecewise_0103,12,previous_period,48.66120299506611,11.085600186912847,146.38970300342962,130.16152581366026
piecewise_0104,1,default,68.63188515457276,-16.96458556985485,160.7884620259327,188.06555825277562
piecewise_0104,2,previous_period,50.27504784252356,15.327775464107107,160.7884620259327,136.1431675944066
piecewise_0104,3,previous_period,50.14071950405117,15.39997374418266,160.7884620259327,136.02708109026395
piecewise_0104,4,previous_period,50.12359752639978,15.489777865825072,160.7884620259327,135.8826864242392
piecewise_0104,5,previous_period,50.12155932726609,15.500593790606986,160.7884620259327,135.86529566512849
piecewise_0104,6,previous_period,50.12131274092629,15.50190904810581,160.7884620259327,135.86318088282445
piecewise_0104,7,previous_period,50.12128541485051,15.502066794393055,160.7884620259327,135.8629272449953
piecewise_0104,8,previous_period,50.12127797083,15.502093666517903,160.7884620259327,135.86288403771903
piecewise_0104,9,previous_period,50.12127883347136,15.50209269382432,160.7884620259327,135.86288560169808
piecewise_0104,10,previous_period,50.121278032396454,15.502093895042302,160.7884620259327,135.86288367027817
piecewise_0104,11,previous_period,50.121278631791725,15.502093127434712,160.7884620259327,135.8628849045026
piecewise_0104,12,previous_period,50.121276965825295,15.502096004498245,160.7884620259327,135.8628802785164
piecewise_0105,1,default,64.86843936717091,-25.973283851778994,151.38800798790075,190.70844502015206
piecewise_0105,2,previous_period,47.972333148779505,12.910355956401077,151.38800798790075,131.84327728135787
piecewise_0105,3,previous_period,47.78505732070298,13.472603298640928,151.38800798790075,130.99210222997604
piecewise_0105,4,previous_period,47.76012519026363,13.553005205308022,151.38800798790075,130.87038338508845
piecewise_0105,5,previous_period,47.75629188835321,13.565607441047444,151.38800798790075,130.85130511144058
piecewise_0105,6,previous_period,47.755654814499174,13.567698135165129,151.38800798790075,130.8481400512627
piecewise_0105,7,previous_period,47.75554930478926,13.568037257304244,151.38800798790075,130.84762666101165
piecewise_0105,8,previous_period,47.75553235857441,13.568091127507332,151.38800798790075,130.8475451079843
piecewise_0105,9,previous_period,47.75553921408013,13.56805729059718,151.38800798790075,130.84759633300854
piecewise_0105,10,previous_period,47.75554006714772,13.568092104589336,151.38800798790075,130.84754362879931
piecewise_0105,11,previous_period,47.75553431275065,13.568102877385268,151.38800798790075,130.84752732007814
piecewise_0105,12,previous_period,47.75553327304949,13.568113413689986,151.38800798790075,130.84751136937632
piecewise_0106,1,default,94.13581961168339,-11.887943662796552,248.94967506415844,278.54467218450066
piecewise_0106,2,previous_period,62.06949944207311,24.943244848540125,248.94967506415844,186.85354806326035
piecewise_0106,3,previous_period,62.040436271755325,24.978971974700737,248.94967506415844,186.76460549877376
piecewise_0106,4,previous_period,62.04032381877907,24.979095357755575,248.94967506415844,186.76429833705964
piecewise_0106,5,previous_period,62.04032120172205,24.979098181010563,248.94967506415844,186.76429130857554
piecewise_0106,6,previous_period,62.04032125445654,24.97909809775104,248.94967506415844,186.76429151584983
piecewise_0106,7,previous_period,62.04032125445654,24.97909809775104,248.94967506415844,186.76429151584983
piecewise_0106,8,previous_period,62.04032125445654,24.97909809775104,248.94967506415844,186.76429151584983
piecewise_0106,9,previous_period,62.04032125445654,24.97909809775104,248.94967506415844,186.76429151584983
piecewise_0106,10,previous_period,62.04032125445654,24.97909809775104,248.94967506415844,186.76429151584983
piecewise_0106,11,previous_period,62.04032125445654,24.97909809775104,248.94967506415844,186.76429151584983
piecewise_0106,12,previous_period,62.04032125445654,24.97909809775104,248.94967506415844,186.76429151584983
piecewise_0107,1,default,38.90371083309259,23.969315076915876,128.18107620128023,97.45695017761375
piecewise_0107,2,previous_period,17.265084171921735,76.08665168124989,128.18107620128023,30.652387230734636
piecewise_0107,3,previous_period,16.334138341502015,78.25428659004523,128.18107620128023,27.87388947652614
piecewise_0107,4,previous_period,16.09056254772452,78.95533817991819,128.18107620128023,26.975274003900797
piecewise_0107,5,previous_period,15.975303820099533,78.74640097644749,128.18107620128023,27.243091959894393
piecewise_0107,6,previous_period,15.94468977082353,79.0846364790892,128.18107620128023,26.80953805251344
piecewise_0107,7,previous_period,15.916164920306846,78.83967120842136,128.18107620128023,27.12353717277486
piecewise_0107,8,previous_period,15.920420183748492,79.08829555371027,128.18107620128023,26.80484781128515
piecewise_0107,9,previous_period,15.90760476100552,78.8721922098546,128.18107620128023,27.08185140314628
piecewise_0107,10,previous_period,15.915864101714114,79.0739411793475,128.18107620128023,26.823247402825302
piecewise_0107,11,previous_period,15.90690243688652,78.89251958877217,128.18107620128023,27.055795550086252
piecewise_0107,12,previous_period,15.914541904133706,79.05921470865752,128.18107620128023,26.842123951442183
piecewise_0108,1,default,54.56546023950413,-17.28248491737927,110.45358683629559,129.54271132198278
piecewise_0108,2,previous_period,35.6857273291056,17.928741799960633,110.45358683629559,90.65064844362084
piecewise_0108,3,previous_period,35.43404300549364,18.526277919496582,110.45358683629559,89.99064836695098
piecewise_0108,4,previous_period,35.39842668346773,18.581642518700402,110.45358683629559,89.92949618129282
piecewise_0108,5,previous_period,35.38805700143129,18.601576492204707,110.45358683629559,89.90747839255832
piecewise_0108,6,previous_period,35.38557490910771,18.606183411022315,110.45358683629559,89.90238988548163
piecewise_0108,7,previous_period,35.38496202366912,18.607314505343165,110.45358683629559,89.90114055123375
piecewise_0108,8,previous_period,35.38480538365464,18.607613336959073,110.45358683629559,89.90081048099537
piecewise_0108,9,previous_period,35.3847762708636,18.607646931898756,110.45358683629559,89.9007733741795
piecewise_0108,10,previous_period,35.38475001888037,18.607728025485535,110.45358683629559,89.9006838034042
piecewise_0108,11,previous_period,35.38475398575817,18.607714381939523,110.45358683629559,89.90069887319015
piecewise_0108,12,previous_period,35.38475616869841,18.607704689861258,110.45358683629559,89.90070957843824
piecewise_0109,1,default,100.6867396445835,-15.045288282321723,253.65262206669627,291.81539029229873
piecewise_0109,2,previous_period,69.34183720932917,17.46762054154114,253.65262206669627,209.34554455041632
piecewise_0109,3,previous_period,69.34810912227604,17.467427417334257,253.65262206669627,209.3460344150309
piecewise_0109,4,previous_period,69.349047711921,17.46700084587577,253.65262206669627,209.34711642472035
piecewise_0109,5,previous_period,69.34913553164809,17.466959475382716,253.65262206669627,209.34722136206076
piecewise_0109,6,previous_period,69.34914051404158,17.466958216216145,253.65262206669627,209.34722455596977
piecewise_0109,7,previous_period,69.34914202367106,17.466957254198036,253.65262206669627,209.34722699615395
piecewise_0109,8,previous_period,69.34914125638628,17.46695830164632,253.65262206669627,209.3472243392739
piecewise_0109,9,previous_period,69.34914115423933,17.46695850222153,253.65262206669627,209.34722383050962
piecewise_0109,10,previous_period,69.34914115423933,17.46695850222153,253.65262206669627,209.34722383050962
piecewise_0109,11,previous_period,69.34914115423933,17.46695850222153,253.65262206669627,209.34722383050962
piecewise_0109,12,previous_period,69.34914115423933,17.46695850222153,253.65262206669627,209.34722383050962
piecewise_0110,1,default,67.0934096419914,-10.866969774073464,156.30366777401815,173.28914010678892
piecewise_0110,2,previous_period,47.29019530120998,18.991313603759117,156.30366777401815,126.61954805287658
piecewise_0110,3,previous_period,47.15711940310503,19.133726207452305,156.30366777401815,126.39695192993166
piecewise_0110,4,previous_period,47.16123652245533,19.131511885284624,156.30366777401815,126.40041299669608
piecewise_0110,5,previous_period,47.161116206706346,19.13149232530621,156.30366777401815,126.40044356965976
piecewise_0110,6,previous_period,47.1611253915187,19.131491294564682,156.30366777401815,126.40044518074656
piecewise_0110,7,previous_period,47.161127956958715,19.13148616496787,156.30366777401815,126.40045319849452
piecewise_0110,8,previous_period,47.16112759032398,19.131486942544807,156.30366777401815,126.40045198311326
piecewise_0110,9,previous_period,47.16112758194106,19.131486990766643,156.30366777401815,126.40045190774076
piecewise_0110,10,previous_period,47.16112758194106,19.131486990766643,156.30366777401815,126.40045190774076
piecewise_0110,11,previous_period,47.16112758194106,19.131486990766643,156.30366777401815,126.40045190774076
piecewise_0110,12,previous_period,47.16112758194106,19.131486990766643,156.30366777401815,126.40045190774076
piecewise_0111,1,default,32.936064600381094,32.70487008985066,117.65917934247847,79.17889758973648
piecewise_0111,2,previous_period,19.106981659526078,68.20992081336227,117.65917934247847,37.403946283322
piecewise_0111,3,previous_period,19.34889538372535,68.17397036220022,117.65917934247847,37.446245289129195
piecewise_0111,4,previous_period,19.51298486479482,68.01307342603668,117.65917934247847,37.635555303806406
piecewise_0111,5,previous_period,19.58770097430744,67.86999335670446,117.65917934247847,37.80390213918536
piecewise_0111,6,previous_period,19.613406522382245,67.81668325583053,117.65917934247847,37.86662636638026
piecewise_0111,7,previous_period,19.621133821149268,67.79866576905857,117.65917934247847,37.887825593454274
piecewise_0111,8,previous_period,19.623288312561428,67.79330005446002,117.65917934247847,37.8941388492168
piecewise_0111,9,previous_period,19.623868108489695,67.79179432389245,117.65917934247847,37.89591047944573
piecewise_0111,10,previous_period,19.624020654680933,67.79138646981495,117.65917934247847,37.89639035720621
piecewise_0111,11,previous_period,19.624061326010665,67.79127729554055,117.65917934247847,37.89651881076152
piecewise_0111,12,previous_period,19.624072716425015,67.7912437761396,117.65917934247847,37.89655824941361
piecewise_0112,1,default,75.07972314022209,-24.385544613106667,167.84453724555706,208.7743417562348
piecewise_0112,2,previous_period,53.37012492890952,14.89917419161223,167.84453724555706,142.83708727023605
piecewise_0112,3,previous_period,53.31056311499094,15.017035609808516,167.84453724555706,142.63926331827344
piecewise_0112,4,previous_period,53.30375235341332,15.029645682930493,167.84453724555706,142.61809799939553
piecewise_0112,5,previous_period,53.30293665585045,15.03115716147201,167.84453724555706,142.61556106523196
piecewise_0112,6,previous_period,53.30284067736325,15.031338638364055,167.84453724555706,142.6152564661823
piecewise_0112,7,previous_period,53.30282883319497,15.03136007542718,167.84453724555706,142.6152204852429
piecewise_0112,8,previous_period,53.30282625491838,15.031363942967502,167.84453724555706,142.61521399378773
piecewise_0112,9,previous_period,53.30282628861146,15.031363836315448,167.84453724555706,142.61521417279738
piecewise_0112,10,previous_period,53.30282688989404,15.031361344025317,167.84453724555706,142.61521835597023
piecewise_0112,11,previous_period,53.30282603731799,15.031364493067588,167.84453724555706,142.6152130704748
piecewise_0112,12,previous_period,53.302827536357576,15.03136032241088,167.84453724555706,142.61522007069425
piecewise_0113,1,default,65.75938962226029,1.3298397131770834,195.23171302116216,192.63544416869084
piecewise_0113,2,previous_period,41.28840509360026,45.27252383199426,195.23171302116216,106.84538921604589
piecewise_0113,3,previous_period,41.32866994519144,45.30209653960586,195.23171302116216,106.787653912389
piecewise_0113,4,previous_period,41.37093969540142,45.10440465234975,195.23171302116216,107.17361117038298
piecewise_0113,5,previous_period,41.34957636200402,45.20446389777756,195.23171302116216,106.97826379149822
piecewise_0113,6,previous_period,41.360885867955524,45.15117722005033,195.23171302116216,107.08229628523716
piecewise_0113,7,previous_period,41.35476057613834,45.17989649320864,195.23171302116216,107.02622715628297
piecewise_0113,8,previous_period,41.35802403931018,45.164550767209064,195.23171302116216,107.05618688002747
piecewise_0113,9,previous_period,41.35626801314058,45.17279309081081,195.23171302116216,107.04009525046703
piecewise_0113,10,previous_period,41.35720930542414,45.168377567548646,195.23171302116216,107.04871575217061
piecewise_0113,11,previous_period,41.35670391022112,45.170747626838704,195.23171302116216,107.044088644819
piecewise_0113,12,previous_period,41.356974318839285,45.16947550776123,195.23171302116216,107.04657222468565
piecewise_0114,1,default,58.282609703047775,-22.424528012447432,124.6734250902484,152.6308522236888
piecewise_0114,2,previous_period,39.52572297245777,17.415095983516725,124.6734250902484,102.96142844484382
piecewise_0114,3,previous_period,39.41807230199337,17.582554014527318,124.6734250902484,102.75265278199421
piecewise_0114,4,previous_period,39.409766968874294,17.589946626601936,124.6734250902484,102.74343615931716
piecewise_0114,5,previous_period,39.40887048113879,17.590708613195016,124.6734250902484,102.74248616453283
piecewise_0114,6,previous_period,39.408775488735785,17.590781985917246,124.6734250902484,102.74239468824695
piecewise_0114,7,previous_period,39.40876337779098,17.59079856406793,124.6734250902484,102.74237401969867
piecewise_0114,8,previous_period,39.408763573356026,17.590797203809416,124.6734250902484,102.74237571557956
piecewise_0114,9,previous_period,39.40876188102579,17.59080124302149,124.6734250902484,102.74237067975551
piecewise_0114,10,previous_period,39.40876341500256,17.590798261788255,124.6734250902484,102.7423743965611
piecewise_0114,11,previous_period,39.40876216841728,17.590800487322323,124.6734250902484,102.74237162191156
piecewise_0114,12,previous_period,39.40876248962771,17.59080085383643,124.6734250902484,102.74237116496586
piecewise_0115,1,default,76.46754103471666,-2.0200269328023657,222.75326865416793,227.25294467467972
piecewise_0115,2,previous_period,42.43120658200319,42.559191582684264,222.75326865416793,127.95127829094922
piecewise_0115,3,previous_period,42.42914453629416,42.56191851236119,222.75326865416793,127.94520396595999
piecewise_0115,4,previous_period,42.42916831010924,42.5618896580661,222.75326865416793,127.94526823984543
piecewise_0115,5,previous_period,42.42917043180039,42.56188729795226,222.75326865416793,127.94527349707616
piecewise_0115,6,previous_period,42.42917001471732,42.56188761940144,222.75326865416793,127.9452727810376
piecewise_0115,7,previous_period,42.42917022465049,42.56188746713605,222.75326865416793,127.94527312021374
piecewise_0115,8,previous_period,42.42917022465049,42.56188746713605,222.75326865416793,127.94527312021374
piecewise_0115,9,previous_period,42.42917022465049,42.56188746713605,222.75326865416793,127.94527312021374
piecewise_0115,10,previous_period,42.42917022465049,42.56188746713605,222.75326865416793,127.94527312021374
piecewise_0115,11,previous_period,42.42917022465049,42.56188746713605,222.75326865416793,127.94527312021374
piecewise_0115,12,previous_period,42.42917022465049,42.56188746713605,222.75326865416793,127.94527312021374
piecewise_0116,1,default,40.2822851023426,28.172050213716172,150.9267667708283,108.40760225021225
piecewise_0116,2,previous_period,31.626035608377563,46.51370251405071,150.9267667708283,80.72513946097007
piecewise_0116,3,previous_period,31.26557959081831,47.32702476190479,150.9267667708283,79.49761848885609
piecewise_0116,4,previous_period,31.32118649150993,47.20726479037539,150.9267667708283,79.67836834177109
piecewise_0116,5,previous_period,31.34668030230836,47.32422802924169,150.9267667708283,79.50183950703973
piecewise_0116,6,previous_period,31.368977959617283,47.27912147803484,150.9267667708283,79.56991736637806
piecewise_0116,7,previous_period,31.374704393718027,47.294380925042844,150.9267667708283,79.54688677638177
piecewise_0116,8,previous_period,31.37745320468519,47.288613505588096,150.9267667708283,79.55559135609094
piecewise_0116,9,previous_period,31.377963338778322,47.29052099264632,150.9267667708283,79.55271244754738
piecewise_0116,10,previous_period,31.378246446782658,47.289838603112536,150.9267667708283,79.55374235600752
piecewise_0116,11,previous_period,31.37828689788651,47.290063406997604,150.9267667708283,79.5534030667722
piecewise_0116,12,previous_period,31.37831441594423,47.28998592544086,150.9267667708283,79.55352000718065
piecewise_0117,1,default,56.95402753346928,-3.4339898606960073,141.68997991281597,146.55559945664427
piecewise_0117,2,previous_period,37.82392149319987,25.325303051471593,141.68997991281597,105.8065631063261
piecewise_0117,3,previous_period,37.523355496447024,26.175543768536393,141.68997991281597,104.60185720510641
piecewise_0117,4,previous_period,37.54005974728369,26.18980100061805,141.68997991281597,104.58165613583378
piecewise_0117,5,previous_period,37.569591563017056,26.154527202548085,141.68997991281597,104.63163557323361
piecewise_0117,6,previous_period,37.5650556338244,26.149106636067298,141.68997991281597,104.6393159727914
piecewise_0117,7,previous_period,37.56683507162466,26.149524153086958,141.68997991281597,104.63872439301011
piecewise_0117,8,previous_period,37.56508418799663,26.150405972438428,141.68997991281597,104.63747494334814
piecewise_0117,9,previous_period,37.565833448827576,26.150341433177537,141.68997991281597,104.63756638901393
piecewise_0117,10,previous_period,37.56546738486288,26.150385691710465,141.68997991281597,104.63750367910751
piecewise_0117,11,previous_period,37.56566740311902,26.150344066347454,141.68997991281597,104.637562658076
piecewise_0117,12,previous_period,37.56556542592003,26.15036187349157,141.68997991281597,104.63753742713709
piecewise_0118,1,default,73.69558644283471,-8.702164007033652,191.58294162015193,208.25480340943707
piecewise_0118,2,previous_period,41.472670997521206,41.324631305819246,191.58294162015193,112.41199735078122
piecewise_0118,3,previous_period,41.51584698844197,41.23873664451624,191.58294162015193,112.57655686960018
piecewise_0118,4,previous_period,41.51611711797706,41.23809720980978,191.58294162015193,112.57778191742057
piecewise_0118,5,previous_period,41.51611951113516,41.23809052167663,191.58294162015193,112.5777947307428
piecewise_0118,6,previous_period,41.516118862927144,41.23809290186519,191.58294162015193,112.57779017070753
piecewise_0118,7,previous_period,41.516118862927144,41.23809290186519,191.58294162015193,112.57779017070753
piecewise_0118,8,previous_period,41.516118862927144,41.23809290186519,191.58294162015193,112.57779017070753
piecewise_0118,9,previous_period,41.516118862927144,41.23809290186519,191.58294162015193,112.57779017070753
piecewise_0118,10,previous_period,41.516118862927144,41.23809290186519,191.58294162015193,112.57779017070753
piecewise_0118,11,previous_period,41.516118862927144,41.23809290186519,191.58294162015193,112.57779017070753
piecewise_0118,12,previous_period,41.516118862927144,41.23809290186519,191.58294162015193,112.57779017070753
piecewise_0119,1,default,53.25292339622402,-3.5633823332791303,102.41722985467048,106.06674732954568
piecewise_0119,2,previous_period,39.58539941116619,5.070595589839755,102.41722985467048,97.22406631442351
piecewise_0119,3,previous_period,39.54524060790264,5.087948509306939,102.41722985467048,97.20629393500631
piecewise_0119,4,previous_period,39.55183846436448,5.0958046952405915,102.41722985467048,97.19824784700083
piecewise_0119,5,previous_period,39.55162071985608,5.097192885929713,102.41722985467048,97.19682610055193
piecewise_0119,6,previous_period,39.55171250099202,5.097427630982065,102.41722985467048,97.1965856811721
piecewise_0119,7,previous_period,39.55171506424729,5.097464303572041,102.41722985467048,97.19654812212133
piecewise_0119,8,previous_period,39.55171707681837,5.097467104726839,102.41722985467048,97.19654525325618
piecewise_0119,9,previous_period,39.55171638566956,5.097471322557667,102.41722985467048,97.19654093347069
piecewise_0119,10,previous_period,39.551716023234526,5.097469307933999,102.41722985467048,97.19654299679243
piecewise_0119,11,previous_period,39.551716235645024,5.097469537913868,102.41722985467048,97.19654276125343
piecewise_0119,12,previous_period,39.55171603799064,5.097469234340435,102.41722985467048,97.19654307216493
piecewise_0120,1,default,31.08175015968897,21.83102580501709,104.1584307507633,81.4195768554633
piecewise_0120,2,previous_period,24.884904217296643,47.46637045150938,104.1584307507633,54.718204154127136
piecewise_0120,3,previous_period,23.6679201192674,46.15074748024486,104.1584307507633,56.088536395592826
piecewise_0120,4,previous_period,23.463851278976026,47.781201868508674,104.1584307507633,54.39028069067028
piecewise_0120,5,previous_period,23.40283200696205,47.855255997143374,104.1584307507633,54.313147072378214
piecewise_0120,6,previous_period,23.395809590370607,48.03499637259988,104.1584307507633,54.125932317877194
piecewise_0120,7,previous_period,23.38877421893269,47.994525674244315,104.1584307507633,54.16808596219823
piecewise_0120,8,previous_period,23.38993086791104,48.032201448461244,104.1584307507633,54.12884346700067
piecewise_0120,9,previous_period,23.388507331957978,48.01439974961826,104.1584307507633,54.1473854371625
piecewise_0120,10,previous_period,23.389133373448693,48.02561946308086,104.1584307507633,54.13569915968512
piecewise_0120,11,previous_period,23.3887197496924,48.019448609821936,104.1584307507633,54.14212662360355
piecewise_0120,12,previous_period,23.388952523198306,48.02304408921179,104.1584307507633,54.13838162869312
piecewise_0121,1,default,57.9728990419836,3.2879753774233467,162.48026565996216,157.13795453189056
piecewise_0121,2,previous_period,33.789428082485166,42.17943692652521,162.48026565996216,93.94700448786782
piecewise_0121,3,previous_period,34.08800764645681,41.76000296161052,162.48026565996216,94.62850190832931
piecewise_0121,4,previous_period,34.15069577710625,41.6494336502044,162.48026565996216,94.80815521924038
piecewise_0121,5,previous_period,34.142736587606514,41.66600357802329,162.48026565996216,94.78123235650057
piecewise_0121,6,previous_period,34.148591804449524,41.65182381639646,162.48026565996216,94.80427167086181
piecewise_0121,7,previous_period,34.14426018102751,41.66075657531294,162.48026565996216,94.78975770044353
piecewise_0121,8,previous_period,34.146791505125805,41.654932346406056,162.48026565996216,94.79922092304409
piecewise_0121,9,previous_period,34.145007621991795,41.65874505688808,162.48026565996216,94.79302602092406
piecewise_0121,10,previous_period,34.146124578290134,41.656243778161354,162.48026565996216,94.79709010524414
piecewise_0121,11,previous_period,34.14536657889972,41.65788730662293,162.48026565996216,94.79441969583357
piecewise_0121,12,previous_period,34.14585380453681,41.65680809670197,162.48026565996216,94.79617319898017
piecewise_0122,1,default,83.2580124878581,-0.09066495378935446,257.7199891332134,257.95365084226694
piecewise_0122,2,previous_period,46.85940539330018,45.051889849112605,257.7199891332134,141.61226350977313
piecewise_0122,3,previous_period,46.71362419447053,45.277552399137534,257.7199891332134,141.03068601037114
piecewise_0122,4,previous_period,46.74308818800189,45.21433191802301,257.7199891332134,141.19361782742948
piecewise_0122,5,previous_period,46.717900588372636,45.26126681700063,257.7199891332134,141.07265721088464
piecewise_0122,6,previous_period,46.724772591436576,45.243161868656635,257.7199891332134,141.11931728178936
piecewise_0122,7,previous_period,46.72016876471006,45.25464394081262,257.7199891332134,141.0897256866767
piecewise_0122,8,previous_period,46.72285907033771,45.24768539135923,257.7199891332134,141.10765925957182
piecewise_0122,9,previous_period,46.72113953911303,45.25203714751376,257.7199891332134,141.09644391408327
piecewise_0122,10,previous_period,46.72218262940977,45.24936308503076,257.7199891332134,141.10333550762385
piecewise_0122,11,previous_period,46.721530779565015,45.25102406468077,257.7199891332134,141.09905483105035
piecewise_0122,12,previous_period,46.72193243606226,45.24999745562741,257.7199891332134,141.1017006077911
piecewise_0123,1,default,61.68559375104408,-21.325104423154272,137.0279899004824,166.24935183570955
piecewise_0123,2,previous_period,39.142870401396436,29.006102425710225,137.0279899004824,97.28151079805662
piecewise_0123,3,previous_period,39.136429525469914,29.016750875542318,137.0279899004824,97.26691944129612
piecewise_0123,4,previous_period,39.13674861997358,29.015980617469918,137.0279899004824,97.2679749104498
piecewise_0123,5,previous_period,39.13671828111591,29.016051268177534,137.0279899004824,97.26787809920529
piecewise_0123,6,previous_period,39.13672124213131,29.016044160477772,137.0279899004824,97.2678878387434
piecewise_0123,7,previous_period,39.136721193963965,29.01604676634787,137.0279899004824,97.267884267972
piecewise_0123,8,previous_period,39.13672025312731,29.016047632679342,137.0279899004824,97.26788308085538
piecewise_0123,9,previous_period,39.13672025312731,29.016047632679342,137.0279899004824,97.26788308085538
piecewise_0123,10,previous_period,39.13672025312731,29.016047632679342,137.0279899004824,97.26788308085538
piecewise_0123,11,previous_period,39.13672025312731,29.016047632679342,137.0279899004824,97.26788308085538
piecewise_0123,12,previous_period,39.13672025312731,29.016047632679342,137.0279899004824,97.26788308085538
piecewise_0124,1,default,61.68515730454452,0.12531008071101635,186.46680915678445,186.23314744773083
piecewise_0124,2,previous_period,25.12096035183306,59.07156696620671,186.46680915678445,76.31794311598566
piecewise_0124,3,previous_period,25.12578111156558,59.04487915511165,186.46680915678445,76.36770702576841
piecewise_0124,4,previous_period,25.125278518438172,59.04652436648114,186.46680915678445,76.36463925262385
piecewise_0124,5,previous_period,25.125301591075072,59.046453467355974,186.46680915678445,76.36477145596024
piecewise_0124,6,previous_period,25.125301920784562,59.04645337640785,186.46680915678445,76.36477162554831
piecewise_0124,7,previous_period,25.125301920784562,59.04645337640785,186.46680915678445,76.36477162554831
piecewise_0124,8,previous_period,25.125301920784562,59.04645337640785,186.46680915678445,76.36477162554831
piecewise_0124,9,previous_period,25.125301920784562,59.04645337640785,186.46680915678445,76.36477162554831
piecewise_0124,10,previous_period,25.125301920784562,59.04645337640785,186.46680915678445,76.36477162554831
piecewise_0124,11,previous_period,25.125301920784562,59.04645337640785,186.46680915678445,76.36477162554831
piecewise_0124,12,previous_period,25.125301920784562,59.04645337640785,186.46680915678445,76.36477162554831
piecewise_0125,1,default,61.01895406037241,19.80840751491536,176.09501414104392,141.2133961265381
piecewise_0125,2,previous_period,29.805957637582427,59.25479970425174,176.09501414104392,71.75026622259458
piecewise_0125,3,previous_period,29.49133878134891,60.056584819904245,176.09501414104392,70.3383626098055
piecewise_0125,4,previous_period,29.4090394657431,59.81912068745555,176.09501414104392,70.75652510742094
piecewise_0125,5,previous_period,29.505391855465128,60.013194860495425,176.09501414104392,70.41477016496226
piecewise_0125,6,previous_period,29.416975735606528,59.83205679202144,176.09501414104392,70.73374527225633
piecewise_0125,7,previous_period,29.49978814185285,60.00118733826238,176.09501414104392,70.43591481293652
piecewise_0125,8,previous_period,29.422139369399694,59.843088991954254,176.09501414104392,70.7143181182246
piecewise_0125,9,previous_period,29.494760945839516,59.991711360952515,176.09501414104392,70.45260153652033
piecewise_0125,10,previous_period,29.426326450518367,59.85232064913926,176.09501414104392,70.69806163019919
piecewise_0125,11,previous_period,29.490540491066728,59.98375875560171,176.09501414104392,70.46660567803742
piecewise_0125,12,previous_period,29.429883714767946,59.860105849860986,176.09501414104392,70.68435227988735
piecewise_0126,1,default,68.97055362346117,-0.1094790445955729,213.43053359369318,213.6641953027468
piecewise_0126,2,previous_period,33.08905140850624,54.90705389473789,213.43053359369318,96.2421154855774
piecewise_0126,3,previous_period,33.01753754281741,54.92327244831879,213.43053359369318,96.2075001401285
piecewise_0126,4,previous_period,33.025263350295475,54.920402049062446,213.43053359369318,96.2136264485776
piecewise_0126,5,previous_period,33.02462783142786,54.92063266549021,213.43053359369318,96.21313424270525
piecewise_0126,6,previous_period,33.024681019051265,54.920613946459504,213.43053359369318,96.21317419483239
piecewise_0126,7,previous_period,33.024677570109795,54.92061341894525,213.43053359369318,96.21317532070887
piecewise_0126,8,previous_period,33.02467902281915,54.92061278327955,213.43053359369318,96.21317667741357
piecewise_0126,9,previous_period,33.024679111065154,54.920612672920925,213.43053359369318,96.21317691295258
piecewise_0126,10,previous_period,33.02467917496799,54.92061261112009,213.43053359369318,96.21317704485442
piecewise_0126,11,previous_period,33.02467917496799,54.92061261112009,213.43053359369318,96.21317704485442
piecewise_0126,12,previous_period,33.02467917496799,54.92061261112009,213.43053359369318,96.21317704485442
piecewise_0127,1,default,57.06992122935012,16.32397780276813,188.39728639397796,157.6433551820075
piecewise_0127,2,previous_period,36.831092743836386,55.76251037443145,188.39728639397796,83.34223002338868
piecewise_0127,3,previous_period,36.332007720166864,59.5040051388942,188.39728639397796,76.2933554165681
piecewise_0127,4,previous_period,35.886791334403114,58.36525187275681,188.39728639397796,78.43873566869372
piecewise_0127,5,previous_period,35.95252058878754,59.12112180684436,188.39728639397796,77.01469722420484
piecewise_0127,6,previous_period,35.8376701488072,58.47485423268189,188.39728639397796,78.2322477967711
piecewise_0127,7,previous_period,35.91657484501754,59.001993540473904,188.39728639397796,77.23913164537495
piecewise_0127,8,previous_period,35.84650284232886,58.555464234703415,188.39728639397796,78.08038074040044
piecewise_0127,9,previous_period,35.90380583500392,58.94140984623961,188.39728639397796,77.35326968130958
piecewise_0127,10,previous_period,35.85344077424619,58.609074576042055,188.39728639397796,77.9793803120919
piecewise_0127,11,previous_period,35.89595285831825,58.90225805283802,188.39728639397796,77.42703059765279
piecewise_0127,12,previous_period,35.85843996358039,58.6470247031106,188.39728639397796,77.90788330251166
piecewise_0128,1,default,91.52173900312363,-0.4416949646529833,264.6533150825558,265.82227544906266
piecewise_0128,2,previous_period,55.395660089723506,39.72287994427822,264.6533150825558,159.5253964637598
piecewise_0128,3,previous_period,55.39703532571111,39.7199097103939,264.6533150825558,159.53325728620038
piecewise_0128,4,previous_period,55.397035187762164,39.71990985279241,264.6533150825558,159.53325690933798
piecewise_0128,5,previous_period,55.397035187762164,39.71990985279241,264.6533150825558,159.53325690933798
piecewise_0128,6,previous_period,55.397035187762164,39.71990985279241,264.6533150825558,159.53325690933798
piecewise_0128,7,previous_period,55.397035187762164,39.71990985279241,264.6533150825558,159.53325690933798
piecewise_0128,8,previous_period,55.397035187762164,39.71990985279241,264.6533150825558,159.53325690933798
piecewise_0128,9,previous_period,55.397035187762164,39.71990985279241,264.6533150825558,159.53325690933798
piecewise_0128,10,previous_period,55.397035187762164,39.71990985279241,264.6533150825558,159.53325690933798
piecewise_0128,11,previous_period,55.397035187762164,39.71990985279241,264.6533150825558,159.53325690933798
piecewise_0128,12,previous_period,55.397035187762164,39.71990985279241,264.6533150825558,159.53325690933798
piecewise_0129,1,default,70.96632789780176,-17.40251046124324,172.4724190347307,202.486949800009
piecewise_0129,2,previous_period,45.84867518764213,30.590487103109286,172.4724190347307,119.7122659334908
piecewise_0129,3,previous_period,45.810623061055665,30.56869775991157,172.4724190347307,119.74984654079569
piecewise_0129,4,previous_period,45.8128263959563,30.561413450439634,172.4724190347307,119.76240996555191
piecewise_0129,5,previous_period,45.81289256499856,30.56127291836748,172.4724190347307,119.76265234461628
piecewise_0129,6,previous_period,45.81289420711084,30.561271465303207,172.4724190347307,119.76265485075137
piecewise_0129,7,previous_period,45.812894452734675,30.561272470430367,172.4724190347307,119.76265311718424
piecewise_0129,8,previous_period,45.812894258158686,30.56127191324032,172.4724190347307,119.7626540781834
piecewise_0129,9,previous_period,45.81289474567117,30.56127072238315,172.4724190347307,119.76265613208358
piecewise_0129,10,previous_period,45.81289444517262,30.561272732637455,172.4724190347307,119.76265266494934
piecewise_0129,11,previous_period,45.812894258158686,30.56127191324032,172.4724190347307,119.7626540781834
piecewise_0129,12,previous_period,45.81289474567117,30.56127072238315,172.4724190347307,119.76265613208358
piecewise_0130,1,default,79.51515787837714,-1.0321174086131313,228.0268982567385,230.38040356996683
piecewise_0130,2,previous_period,44.3381278601393,44.12060507977933,228.0268982567385,127.42005100121268
piecewise_0130,3,previous_period,44.33914047333002,44.11553367191375,228.0268982567385,127.43161517526651
piecewise_0130,4,previous_period,44.33912419622314,44.11556975058102,228.0268982567385,127.4315329062006
piecewise_0130,5,previous_period,44.33912429956606,44.115569337403436,228.0268982567385,127.43153384835662
piecewise_0130,6,previous_period,44.339124318639136,44.115569304349236,228.0268982567385,127.43153392372912
piecewise_0130,7,previous_period,44.339124318639136,44.115569304349236,228.0268982567385,127.43153392372912
piecewise_0130,8,previous_period,44.339124318639136,44.115569304349236,228.0268982567385,127.43153392372912
piecewise_0130,9,previous_period,44.339124318639136,44.115569304349236,228.0268982567385,127.43153392372912
piecewise_0130,10,previous_period,44.339124318639136,44.115569304349236,228.0268982567385,127.43153392372912
piecewise_0130,11,previous_period,44.339124318639136,44.115569304349236,228.0268982567385,127.43153392372912
piecewise_0130,12,previous_period,44.339124318639136,44.115569304349236,228.0268982567385,127.43153392372912
piecewise_0131,1,default,56.38021440070371,-15.05216329037873,131.29107218533719,151.05321875636315
piecewise_0131,2,previous_period,28.30645796183985,46.876991647988895,131.29107218533719,69.7457672424616
piecewise_0131,3,previous_period,28.2826627113798,46.923842742963565,131.29107218533719,69.6842559375388
piecewise_0131,4,previous_period,28.282634190698687,46.92392346316871,131.29107218533719,69.68414995911597
piecewise_0131,5,previous_period,28.282623017420356,46.92394701867154,131.29107218533719,69.68411903284375
piecewise_0131,6,previous_period,28.28262486988935,46.923940129628825,131.29107218533719,69.6841280775418
piecewise_0131,7,previous_period,28.282623516459807,46.923944173353384,131.29107218533719,69.68412276849247
piecewise_0131,8,previous_period,28.282625188639717,46.92394068218747,131.29107218533719,69.68412735208163
piecewise_0131,9,previous_period,28.28262364283487,46.92394345574476,131.29107218533719,69.68412371064852
piecewise_0131,10,previous_period,28.282624926798608,46.923942228634054,131.29107218533719,69.68412532173534
piecewise_0131,11,previous_period,28.282623516459807,46.923944173353384,131.29107218533719,69.68412276849247
piecewise_0131,12,previous_period,28.282625188639717,46.92394068218747,131.29107218533719,69.68412735208163
piecewise_0132,1,default,37.87659776036425,-33.689021963573154,72.41467335640864,96.8104685682989
piecewise_0132,2,previous_period,24.184198245375423,15.841316179723941,72.41467335640864,60.94323598950564
piecewise_0132,3,previous_period,24.09228393955757,16.135486811480348,72.41467335640864,60.73021328740875
piecewise_0132,4,previous_period,24.098786026326685,16.119154111791932,72.41467335640864,60.7420405585384
piecewise_0132,5,previous_period,24.099541001255187,16.11774292051267,72.41467335640864,60.74306246809371
piecewise_0132,6,previous_period,24.099749425973975,16.117300255445688,72.41467335640864,60.74338302255603
piecewise_0132,7,previous_period,24.09979291287657,16.117212681311166,72.41467335640864,60.74344643907949
piecewise_0132,8,previous_period,24.099803642318008,16.11718498831677,72.41467335640864,60.74346649287093
piecewise_0132,9,previous_period,24.099803680784387,16.11719010147007,72.41467335640864,60.74346279019767
piecewise_0132,10,previous_period,24.09980529172886,16.117186627648373,72.41467335640864,60.7434653057543
piecewise_0132,11,previous_period,24.0998054121642,16.11718864428643,72.41467335640864,60.743463845412435
piecewise_0132,12,previous_period,24.099805345076298,16.117188358053937,72.41467335640864,60.74346405268676
piecewise_0133,1,default,53.527294609323754,7.520779990470627,154.99998723078195,143.34277920589727
piecewise_0133,2,previous_period,30.388812245689248,50.066947368172045,154.99998723078195,77.39622520327296
piecewise_0133,3,previous_period,29.60731434453767,51.45059465537201,154.99998723078195,75.25157208479396
piecewise_0133,4,previous_period,29.68492065038376,51.18933010064968,154.99998723078195,75.65653211125212
piecewise_0133,5,previous_period,29.648166190719383,51.38381462551901,154.99998723078195,75.35508112253882
piecewise_0133,6,previous_period,29.672014973158227,51.22018544624798,154.99998723078195,75.60870632951475
piecewise_0133,7,previous_period,29.648851851292186,51.37132165000471,154.99998723078195,75.37444523299072
piecewise_0133,8,previous_period,29.667591383818255,51.23645413623048,154.99998723078195,75.58348986211925
piecewise_0133,9,previous_period,29.649093432306092,51.36080434296129,154.99998723078195,75.39074705756505
piecewise_0133,10,previous_period,29.664644488134993,51.2486602733216,154.99998723078195,75.56457035118666
piecewise_0133,11,previous_period,29.64946801752693,51.35271599950257,154.99998723078195,75.40328398889324
piecewise_0133,12,previous_period,29.662507987429347,51.25829664615414,154.99998723078195,75.5496339745267
piecewise_0134,1,default,59.29065852131143,-16.929485521559172,144.11545610251576,168.51346137772015
piecewise_0134,2,previous_period,40.790677717679436,28.01373049272623,144.11545610251576,103.74334063159382
piecewise_0134,3,previous_period,40.79802464323895,27.758224105897977,144.11545610251576,104.11156482634242
piecewise_0134,4,previous_period,40.79923919872099,27.75358464518399,144.11545610251576,104.11825100631107
piecewise_0134,5,previous_period,40.79931905340999,27.753220492875187,144.11545610251576,104.11877580607182
piecewise_0134,6,previous_period,40.79932385118306,27.753194741628473,144.11545610251576,104.11881291759848
piecewise_0134,7,previous_period,40.79932387269169,27.753191211373775,144.11545610251576,104.11881800524112
piecewise_0134,8,previous_period,40.79932387269169,27.753191211373775,144.11545610251576,104.11881800524112
piecewise_0134,9,previous_period,40.79932387269169,27.753191211373775,144.11545610251576,104.11881800524112
piecewise_0134,10,previous_period,40.79932387269169,27.753191211373775,144.11545610251576,104.11881800524112
piecewise_0134,11,previous_period,40.79932387269169,27.753191211373775,144.11545610251576,104.11881800524112
piecewise_0134,12,previous_period,40.79932387269169,27.753191211373775,144.11545610251576,104.11881800524112
piecewise_0135,1,default,78.00474819066558,-9.280879774900018,206.1018488017487,225.22991360288523
piecewise_0135,2,previous_period,44.38363095129719,37.48552490305801,206.1018488017487,128.84348894350623
piecewise_0135,3,previous_period,44.34375641301997,37.55612799011736,206.1018488017487,128.6979746757658
piecewise_0135,4,previous_period,44.3438311355644,37.555890935542834,206.1018488017487,128.69846324962657
piecewise_0135,5,previous_period,44.343833003797585,37.555888343608416,206.1018488017487,128.69846859165133
piecewise_0135,6,previous_period,44.343832875514046,37.555888526460926,206.1018488017487,128.69846821478893
piecewise_0135,7,previous_period,44.343832875514046,37.555888526460926,206.1018488017487,128.69846821478893
piecewise_0135,8,previous_period,44.343832875514046,37.555888526460926,206.1018488017487,128.69846821478893
piecewise_0135,9,previous_period,44.343832875514046,37.555888526460926,206.1018488017487,128.69846821478893
piecewise_0135,10,previous_period,44.343832875514046,37.555888526460926,206.1018488017487,128.69846821478893
piecewise_0135,11,previous_period,44.343832875514046,37.555888526460926,206.1018488017487,128.69846821478893
piecewise_0135,12,previous_period,44.343832875514046,37.555888526460926,206.1018488017487,128.69846821478893
piecewise_0136,1,default,61.33012060882046,-21.788635775544197,136.62558701433514,166.39443854508784
piecewise_0136,2,previous_period,43.62709250722226,20.860618467131975,136.62558701433514,108.12464457879528
piecewise_0136,3,previous_period,43.37230378290623,21.62980453962906,136.62558701433514,107.07373959201362
piecewise_0136,4,previous_period,43.356066620045404,21.6488690896096,136.62558701433514,107.04769253869107
piecewise_0136,5,previous_period,43.35605173656638,21.646808167886366,136.62558701433514,107.05050828509334
piecewise_0136,6,previous_period,43.35612278792546,21.646624812867355,136.62558701433514,107.0507587949644
piecewise_0136,7,previous_period,43.35612770098744,21.646626164463257,136.62558701433514,107.05075694833856
piecewise_0136,8,previous_period,43.35612715047897,21.646627267806863,136.62558701433514,107.05075544088888
piecewise_0136,9,previous_period,43.356127084486204,21.646627488475577,136.62558701433514,107.05075513939894
piecewise_0136,10,previous_period,43.356127084486204,21.646627488475577,136.62558701433514,107.05075513939894
piecewise_0136,11,previous_period,43.356127084486204,21.646627488475577,136.62558701433514,107.05075513939894
piecewise_0136,12,previous_period,43.356127084486204,21.646627488475577,136.62558701433514,107.05075513939894
piecewise_0137,1,default,53.473456641673884,-10.913301494284777,126.12503491189494,139.88944023160198
piecewise_0137,2,previous_period,34.02471653809464,31.100989428260696,126.12503491189494,86.8989011375564
piecewise_0137,3,previous_period,33.45421246559072,32.40538203523885,126.12503491189494,85.253735506617
piecewise_0137,4,previous_period,33.579402356717104,32.13399903073268,126.12503491189494,85.59601741579536
piecewise_0137,5,previous_period,33.547511733415504,32.20274268340136,126.12503491189494,85.50931445986728
piecewise_0137,6,previous_period,33.55559043094698,32.185291732194166,126.12503491189494,85.53132447816982
piecewise_0137,7,previous_period,33.55354274452674,32.18970811778434,126.12503491189494,85.52575431030236
piecewise_0137,8,previous_period,33.55406179761444,32.18858975925848,126.12503491189494,85.52716484038355
piecewise_0137,9,previous_period,33.55393293281778,32.18886836845034,126.12503491189494,85.52681344444304
piecewise_0137,10,previous_period,33.55396314116803,32.188803177619505,126.12503491189494,85.52689566640119
piecewise_0137,11,previous_period,33.55395594656947,32.188821389518864,126.12503491189494,85.52687269663677
piecewise_0137,12,previous_period,33.55395887913722,32.188812739240156,126.12503491189494,85.5268836068038
piecewise_0138,1,default,53.006643672645794,-6.508302346819095,141.81300649209777,151.04262572171768
piecewise_0138,2,previous_period,34.15476736843014,36.56265806257637,141.81300649209777,89.96240184013284
piecewise_0138,3,previous_period,33.68157404360919,37.92381466777937,141.81300649209777,88.0321047352287
piecewise_0138,4,previous_period,33.669579077692,37.96379742519351,141.81300649209777,87.97540398486125
piecewise_0138,5,previous_period,33.67010231911203,37.96215228460434,141.81300649209777,87.97773700819177
piecewise_0138,6,previous_period,33.670096940572705,37.962160509443635,141.81300649209777,87.9777253442999
piecewise_0138,7,previous_period,33.67009511853281,37.96216787060833,141.81300649209777,87.97771490521092
piecewise_0138,8,previous_period,33.67009543616512,37.96216737897821,141.81300649209777,87.97771560240639
piecewise_0138,9,previous_period,33.67009555972777,37.96216678104965,141.81300649209777,87.97771645034683
piecewise_0138,10,previous_period,33.6700934830027,37.96217050813756,141.81300649209777,87.97771116485143
piecewise_0138,11,previous_period,33.67009667954647,37.96216351901729,141.81300649209777,87.97772107633301
piecewise_0138,12,previous_period,33.670093224206,37.96217090675659,141.81300649209777,87.9777105995578
piecewise_0139,1,default,36.69911121874561,9.847556289812708,113.65270097509686,102.46068727168168
piecewise_0139,2,previous_period,14.408942485018756,67.87537696392816,113.65270097509686,36.510501758563805
piecewise_0139,3,previous_period,11.723841539751623,78.92542343281386,113.65270097509686,23.951825487671897
piecewise_0139,4,previous_period,11.516574283774046,78.58527975877057,113.65270097509686,24.338407960418024
piecewise_0139,5,previous_period,11.441137265750935,78.41387535596927,113.65270097509686,24.533213693791943
piecewise_0139,6,previous_period,11.35048415389425,78.53782556835822,113.65270097509686,24.39234092954753
piecewise_0139,7,previous_period,11.327692367909302,78.45655344685943,113.65270097509686,24.484708890770662
piecewise_0139,8,previous_period,11.294974904845377,78.5025351731413,113.65270097509686,24.432449416896343
piecewise_0139,9,previous_period,11.285330004991684,78.47427641090717,113.65270097509686,24.46456626343757
piecewise_0139,10,previous_period,11.27276400008657,78.49013327055488,113.65270097509686,24.44654451415812
piecewise_0139,11,previous_period,11.26839310171496,78.48053236904482,113.65270097509686,24.457456198042248
piecewise_0139,12,previous_period,11.263395394136733,78.4858966119774,113.65270097509686,24.451359591062506
piecewise_0140,1,default,55.953022308364865,-29.932107592388757,112.58577236332847,146.28506688084184
piecewise_0140,2,previous_period,34.767961371547685,23.315050372335012,112.58577236332847,86.33634282473601
piecewise_0140,3,previous_period,34.761433902473904,23.32581328799196,112.58577236332847,86.32422531301482
piecewise_0140,4,previous_period,34.762201817440015,23.32130951842145,112.58577236332847,86.32929591677124
piecewise_0140,5,previous_period,34.762019074180735,23.322430595670298,112.58577236332847,86.32803374329184
piecewise_0140,6,previous_period,34.762064877388745,23.322161792030226,112.58577236332847,86.32833637794616
piecewise_0140,7,previous_period,34.762054556016224,23.322224851657893,112.58577236332847,86.3282653817773
piecewise_0140,8,previous_period,34.76205544939788,23.32221329079587,112.58577236332847,86.3282783976631
piecewise_0140,9,previous_period,34.76205596327394,23.32220998530149,112.58577236332847,86.32828211917948
piecewise_0140,10,previous_period,34.762055046742496,23.322211751021293,112.58577236332847,86.3282801312302
piecewise_0140,11,previous_period,34.762055395512824,23.32221091418727,112.58577236332847,86.32828107338625
piecewise_0140,12,previous_period,34.762055046742496,23.322211751021293,112.58577236332847,86.3282801312302
piecewise_0141,1,default,50.95778018260467,22.038766348971983,164.2668215834678,128.06444058580465
piecewise_0141,2,previous_period,40.62094248878728,40.85171914995912,164.2668215834678,97.1610009736251
piecewise_0141,3,previous_period,39.759143463118626,42.327956679734655,164.2668215834678,94.73603250444052
piecewise_0141,4,previous_period,39.73250659296054,42.238510369452364,164.2668215834678,94.88296311536493
piecewise_0141,5,previous_period,39.730444514408916,42.25145325269416,164.2668215834678,94.86170225244237
piecewise_0141,6,previous_period,39.730461178667284,42.250290926123824,164.2668215834678,94.86361156935588
piecewise_0141,7,previous_period,39.73046499661582,42.25038317626721,164.2668215834678,94.86346003297743
piecewise_0141,8,previous_period,39.73046265860201,42.25037485975963,164.2668215834678,94.8634736942401
piecewise_0141,9,previous_period,39.730463343797204,42.25037577744324,164.2668215834678,94.86347218679042
piecewise_0141,10,previous_period,39.73046342572473,42.250375479196066,164.2668215834678,94.86347267671157
piecewise_0141,11,previous_period,39.73046350431194,42.250375295659346,164.2668215834678,94.8634729782015
piecewise_0141,12,previous_period,39.73046339158131,42.2503756168486,164.2668215834678,94.86347245059412
piecewise_0142,1,default,60.05519992306203,20.715994156944863,219.88550537910365,174.33403693279985
piecewise_0142,2,previous_period,33.67890788526387,61.29683584803013,219.88550537910365,85.10264809326303
piecewise_0142,3,previous_period,33.268617637718584,61.339720491895555,219.88550537910365,85.0083509773695
piecewise_0142,4,previous_period,33.25531601782302,61.37320039933043,219.88550537910365,84.93473351370586
piecewise_0142,5,previous_period,33.256110819212225,61.37797631846964,219.88550537910365,84.92423195977013
piecewise_0142,6,previous_period,33.25699969362832,61.378775138645736,219.88550537910365,84.92247546998885
piecewise_0142,7,previous_period,33.257439118525014,61.37889808118977,219.88550537910365,84.92220513715458
piecewise_0142,8,previous_period,33.257626516451275,61.37890641504291,219.88550537910365,84.92218681221946
piecewise_0142,9,previous_period,33.25769927205321,61.37892425677271,219.88550537910365,84.92214758084171
piecewise_0142,10,previous_period,33.25772755893464,61.37892181874576,219.88550537910365,84.92215294170961
piecewise_0142,11,previous_period,33.257738524459455,61.378919102209565,219.88550537910365,84.92215891497895
piecewise_0142,12,previous_period,33.25774641800855,61.3789051296157,219.88550537910365,84.9221896386876
piecewise_0143,1,default,55.94006980157395,-5.144305626986068,134.49443616210579,141.41324100957618
piecewise_0143,2,previous_period,48.35908695388785,8.828051177962593,134.49443616210579,122.62119850620286
piecewise_0143,3,previous_period,48.03164224599901,9.551130058753177,134.49443616210579,121.6486976424763
piecewise_0143,4,previous_period,48.01718672552291,9.595926143130495,134.49443616210579,121.58844940137033
piecewise_0143,5,previous_period,48.01571927537019,9.601131238232307,134.49443616210579,121.58144883806143
piecewise_0143,6,previous_period,48.015540371227175,9.60181351877486,134.49443616210579,121.58053120869269
piecewise_0143,7,previous_period,48.015519391099524,9.6019038469065,134.49443616210579,121.58040972238135
piecewise_0143,8,previous_period,48.01551617323189,9.60191319530248,134.49443616210579,121.58039714930888
piecewise_0143,9,previous_period,48.01551453809338,9.601918626058515,134.49443616210579,121.58038984524417
piecewise_0143,10,previous_period,48.01551578253893,9.601917941303405,134.49443616210579,121.58039076620169
piecewise_0143,11,previous_period,48.01551478005687,9.60191945617087,134.49443616210579,121.58038872878923
piecewise_0143,12,previous_period,48.01551479343538,9.601919513963509,134.49443616210579,121.58038865106136
piecewise_0144,1,default,52.26412410052267,-49.15019448471914,91.27382311225894,136.13508468557274
piecewise_0144,2,previous_period,29.83915349285912,22.13163222809419,91.27382311225894,71.07343626053256
piecewise_0144,3,previous_period,29.77501427876217,22.352058803801857,91.27382311225894,70.87224449772873
piecewise_0144,4,previous_period,29.773684870727237,22.356432755774225,91.27382311225894,70.86825222454246
piecewise_0144,5,previous_period,29.77366618457149,22.35648743301253,91.27382311225894,70.86820231853669
piecewise_0144,6,previous_period,29.77366713733715,22.35648417116479,91.27382311225894,70.86820529574982
piecewise_0144,7,previous_period,29.77366713733715,22.35648417116479,91.27382311225894,70.86820529574982
piecewise_0144,8,previous_period,29.77366713733715,22.35648417116479,91.27382311225894,70.86820529574982
piecewise_0144,9,previous_period,29.77366713733715,22.35648417116479,91.27382311225894,70.86820529574982
piecewise_0144,10,previous_period,29.77366713733715,22.35648417116479,91.27382311225894,70.86820529574982
piecewise_0144,11,previous_period,29.77366713733715,22.35648417116479,91.27382311225894,70.86820529574982
piecewise_0144,12,previous_period,29.77366713733715,22.35648417116479,91.27382311225894,70.86820529574982
piecewise_0145,1,default,51.63136313368613,-31.70242964029375,91.36735100674242,120.33302117385517
piecewise_0145,2,previous_period,32.081941980892694,15.784855044236645,91.36735100674242,76.94514709256924
piecewise_0145,3,previous_period,31.83584465098725,16.283105957690914,91.36735100674242,76.48990843157918
piecewise_0145,4,previous_period,31.82189185163289,16.30787185110637,91.36735100674242,76.46728049081233
piecewise_0145,5,previous_period,31.821057460669657,16.309376653121955,91.36735100674242,76.46590559307279
piecewise_0145,6,previous_period,31.821012200696064,16.309424303656193,91.36735100674242,76.46586205604191
piecewise_0145,7,previous_period,31.821004756907318,16.30944116334532,91.36735100674242,76.46584665179057
piecewise_0145,8,previous_period,31.821005226064617,16.30944108085144,91.36735100674242,76.46584672716304
piecewise_0145,9,previous_period,31.82100293308283,16.309463467631314,91.36735100674242,76.4658262729553
piecewise_0145,10,previous_period,31.821005975167548,16.309439771260912,91.36735100674242,76.46584792370122
piecewise_0145,11,previous_period,31.82100409240519,16.30946158058354,91.36735100674242,76.46582799710086
piecewise_0145,12,previous_period,31.821005762492128,16.30944001874258,91.36735100674242,76.46584769758377
piecewise_0146,1,default,69.39545197676873,-30.243888408537224,144.39646403048303,188.0675694777359
piecewise_0146,2,previous_period,44.61424541429357,17.650886822987776,144.39646403048303,118.90920758806621
piecewise_0146,3,previous_period,44.575066538656955,17.711883362031866,144.39646403048303,118.82113074250557
piecewise_0146,4,previous_period,44.57247758232433,17.715954136950906,144.39646403048303,118.81525268746384
piecewise_0146,5,previous_period,44.572287842516616,17.716255268880488,144.39646403048303,118.81481786360546
piecewise_0146,6,previous_period,44.572249987612274,17.71631785462906,144.39646403048303,118.81472749199754
piecewise_0146,7,previous_period,44.57223054961273,17.716354067192086,144.39646403048303,118.81467520233699
piecewise_0146,8,previous_period,44.57226562070118,17.716291083431557,144.39646403048303,118.81476614866011
piecewise_0146,9,previous_period,44.5722845914987,17.7162600189248,144.39646403048303,118.81481100470944
piecewise_0146,10,previous_period,44.57228494034172,17.716258433401755,144.39646403048303,118.81481329414865
piecewise_0146,11,previous_period,44.57223775360383,17.716339914930977,144.39646403048303,118.81469563770162
piecewise_0146,12,previous_period,44.57226338505623,17.716293360581904,144.39646403048303,118.81476286053552
piecewise_0147,1,default,48.073379981076,-12.269547038997764,114.93908781053074,129.04159325563876
piecewise_0147,2,previous_period,34.101616211631956,22.47214084075041,114.93908781053074,89.10981411667449
piecewise_0147,3,previous_period,34.28106520810338,21.763863059478616,114.93908781053074,89.92390213763295
piecewise_0147,4,previous_period,34.25335718006801,21.97396269924401,114.93908781053074,89.68241552819339
piecewise_0147,5,previous_period,34.30349861447172,21.7425373512505,114.93908781053074,89.94841371213948
piecewise_0147,6,previous_period,34.27621045077363,21.88241902482736,114.93908781053074,89.78763499251613
piecewise_0147,7,previous_period,34.29685985488859,21.780824099280427,114.93908781053074,89.90440727320157
piecewise_0147,8,previous_period,34.28300542844132,21.84983850976674,114.93908781053074,89.82508273933078
piecewise_0147,9,previous_period,34.292658733651464,21.801908180353045,114.93908781053074,89.88017342274347
piecewise_0147,10,previous_period,34.286004553209075,21.834964904400657,114.93908781053074,89.8421783256631
piecewise_0147,11,previous_period,34.290600841596145,21.81212563391586,114.93908781053074,89.86842957482091
piecewise_0147,12,previous_period,34.28742587268803,21.82789904274299,114.93908781053074,89.85029976259837
piecewise_0148,1,default,78.53651168746356,5.299982234818024,235.29562949373724,222.8250029312659
piecewise_0148,2,previous_period,42.54540198815392,50.56609066461314,235.29562949373724,116.31582815406185
piecewise_0148,3,previous_period,42.5512125513714,50.649720519182196,235.29562949373724,116.11905076130888
piecewise_0148,4,previous_period,42.55180396603713,50.658434170981955,235.29562949373724,116.09854791945475
piecewise_0148,5,previous_period,42.55186501605615,50.65929845604607,235.29562949373724,116.09651429447251
piecewise_0148,6,previous_period,42.55187031189994,50.65938724379028,235.29562949373724,116.09630538079088
piecewise_0148,7,previous_period,42.551872298761296,50.65939491571767,235.29562949373724,116.09628732908104
piecewise_0148,8,previous_period,42.551872363197084,50.65939679766228,235.29562949373724,116.09628290094761
piecewise_0148,9,previous_period,42.55187243961076,50.659396701562976,235.29562949373724,116.09628312706508
piecewise_0148,10,previous_period,42.55187243961076,50.659396701562976,235.29562949373724,116.09628312706508
piecewise_0148,11,previous_period,42.55187243961076,50.659396701562976,235.29562949373724,116.09628312706508
piecewise_0148,12,previous_period,42.55187243961076,50.659396701562976,235.29562949373724,116.09628312706508
piecewise_0149,1,default,61.67586573251761,-29.248549785902167,119.8276448737051,154.87549324186477
piecewise_0149,2,previous_period,44.12075620440016,7.9753640712837415,119.8276448737051,110.27095393698215
piecewise_0149,3,previous_period,44.02234534028216,7.979442127204839,119.8276448737051,110.26606729861527
piecewise_0149,4,previous_period,44.008698893947894,7.996024411314884,119.8276448737051,110.24619713809993
piecewise_0149,5,previous_period,44.0073357584123,7.99778914680881,119.8276448737051,110.24408249711931
piecewise_0149,6,previous_period,44.00720121091916,7.997970756990447,119.8276448737051,110.2438648779158
piecewise_0149,7,previous_period,44.00718977725033,7.997977581721494,119.8276448737051,110.24385670000132
piecewise_0149,8,previous_period,44.007188230375725,7.997981674201327,119.8276448737051,110.24385179607911
piecewise_0149,9,previous_period,44.00718845996543,7.997981009812216,119.8276448737051,110.24385259220094
piecewise_0149,10,previous_period,44.00718875625529,7.9979809036671785,119.8276448737051,110.24385271939204
piecewise_0149,11,previous_period,44.00718874700913,7.997980950842742,119.8276448737051,110.24385266286268
piecewise_0149,12,previous_period,44.00718874700913,7.997980950842742,119.8276448737051,110.24385266286268
piecewise_0150,1,default,43.33071133280221,3.801704012013063,119.50989211959705,114.96647975613385
piecewise_0150,2,previous_period,34.35345319713323,30.910318771829072,119.50989211959705,82.56900350156057
piecewise_0150,3,previous_period,34.29885578998684,30.60496954148082,119.50989211959705,82.93392603733778
piecewise_0150,4,previous_period,34.26726648930504,30.739111997241665,119.50989211959705,82.77361253317143
piecewise_0150,5,previous_period,34.26801494009068,30.73194280684408,119.50989211959705,82.78218042488143
piecewise_0150,6,previous_period,34.267796702337094,30.732993598348823,119.50989211959705,82.7809246250877
piecewise_0150,7,previous_period,34.26780674204896,30.732926194437326,119.50989211959705,82.78100517942963
piecewise_0150,8,previous_period,34.26780567650586,30.732934330207694,119.50989211959705,82.78099545637923
piecewise_0150,9,previous_period,34.267805256128,30.73293582807237,119.50989211959705,82.78099366628277
piecewise_0150,10,previous_period,34.26780474877149,30.732937420539063,119.50989211959705,82.78099176312755
piecewise_0150,11,previous_period,34.26780509240259,30.732936632189222,119.50989211959705,82.7809927052836
piecewise_0150,12,previous_period,34.267804732079725,30.732937199801114,119.50989211959705,82.78099202693123
piecewise_0151,1,default,50.38554901441928,1.648981673967298,112.9941008145564,111.13084879946024
piecewise_0151,2,previous_period,38.91993764747027,13.79027565224339,112.9941008145564,97.41190284145529
piecewise_0151,3,previous_period,38.9021727217786,14.168640170656598,112.9941008145564,96.98437325607296
piecewise_0151,4,previous_period,38.911382697626976,14.282902201561177,112.9941008145564,96.85526390167988
piecewise_0151,5,previous_period,38.91468287128175,14.319248819063757,112.9941008145564,96.81419436805632
piecewise_0151,6,previous_period,38.91575605850316,14.33098258445269,112.9941008145564,96.80093590536342
piecewise_0151,7,previous_period,38.91610450637051,14.33477129592491,112.9941008145564,96.79665488490292
piecewise_0151,8,previous_period,38.91621578134823,14.335993169351436,112.9941008145564,96.79527424001152
piecewise_0151,9,previous_period,38.91624552344122,14.33638749057996,112.9941008145564,96.79482868028504
piecewise_0151,10,previous_period,38.91626331061407,14.336513700221765,112.9941008145564,96.79468607083513
piecewise_0151,11,previous_period,38.91626407337047,14.336550425380656,112.9941008145564,96.79464457357207
piecewise_0151,12,previous_period,38.91626804178801,14.336563395294299,112.9941008145564,96.79462991833478
piecewise_0152,1,default,55.941173679254305,-10.269053393509854,117.03960797562256,129.05846781019386
piecewise_0152,2,previous_period,40.69804170879482,8.856473641408769,117.03960797562256,106.67402594525339
piecewise_0152,3,previous_period,40.57287754242643,8.677632271728065,117.03960797562256,106.88334118322592
piecewise_0152,4,previous_period,40.54752802095902,8.629621419804279,117.03960797562256,106.93953289610327
piecewise_0152,5,previous_period,40.54106606733914,8.617700586286103,117.03960797562256,106.95348499292038
piecewise_0152,6,previous_period,40.53947517639133,8.614640291556942,117.03960797562256,106.95706674987429
piecewise_0152,7,previous_period,40.53907320769337,8.613856835949353,117.03960797562256,106.95798370324607
piecewise_0152,8,previous_period,40.53896736180864,8.613670617828916,117.03960797562256,106.95820165220421
piecewise_0152,9,previous_period,40.538943749043575,8.613610855440735,117.03960797562256,106.95827159786906
piecewise_0152,10,previous_period,40.53893376511949,8.613603763487065,117.03960797562256,106.95827989826383
piecewise_0152,11,previous_period,40.5389353953052,8.61359544795003,117.03960797562256,106.95828963073578
piecewise_0152,12,previous_period,40.538932972364655,8.613601445118558,117.03960797562256,106.95828261167324
piecewise_0153,1,default,58.62696060332621,18.009711589744793,183.25598605430582,150.25211149498242
piecewise_0153,2,previous_period,20.975344306466948,72.02317321630989,183.25598605430582,51.26920978915645
piecewise_0153,3,previous_period,19.835184261691364,73.02784784995546,183.25598605430582,49.428083382631755
piecewise_0153,4,previous_period,19.639224770002873,73.84393439021525,183.25598605430582,47.932555946222216
piecewise_0153,5,previous_period,19.62433635167332,73.77896584285746,183.25598605430582,48.05161469830791
piecewise_0153,6,previous_period,19.609736614208142,73.8500962853569,183.25598605430582,47.92126390452074
piecewise_0153,7,previous_period,19.608171419818902,73.84426377674639,183.25598605430582,47.93195232568665
piecewise_0153,8,previous_period,19.606725670175862,73.851301794407,183.25598605430582,47.91905473702404
piecewise_0153,9,previous_period,19.606555250295525,73.85079213676816,183.25598605430582,47.91998871515558
piecewise_0153,10,previous_period,19.606407100423493,73.85149138137275,183.25598605430582,47.91870730756051
piecewise_0153,11,previous_period,19.606389847530888,73.85144309520336,183.25598605430582,47.91879579485635
piecewise_0153,12,previous_period,19.606368043097337,73.85152494313955,183.25598605430582,47.91864580361383
piecewise_0154,1,default,87.43115105002602,-4.2646282547748715,228.58499830167676,238.33329872542674
piecewise_0154,2,previous_period,52.043843100112156,38.76641181290703,228.58499830167676,139.97079651752222
piecewise_0154,3,previous_period,52.10313718886488,38.66796879005769,228.58499830167676,140.19582249963048
piecewise_0154,4,previous_period,52.10374428741871,38.66708519906956,228.58499830167676,140.1978422560757
piecewise_0154,5,previous_period,52.103749384621544,38.66707801084568,228.58499830167676,140.19785868727715
piecewise_0154,6,previous_period,52.1037487331515,38.667078653829,228.58499830167676,140.19785721751373
piecewise_0154,7,previous_period,52.1037485328538,38.66707890113029,228.58499830167676,140.19785665222008
piecewise_0154,8,previous_period,52.1037485328538,38.66707890113029,228.58499830167676,140.19785665222008
piecewise_0154,9,previous_period,52.1037485328538,38.66707890113029,228.58499830167676,140.19785665222008
piecewise_0154,10,previous_period,52.1037485328538,38.66707890113029,228.58499830167676,140.19785665222008
piecewise_0154,11,previous_period,52.1037485328538,38.66707890113029,228.58499830167676,140.19785665222008
piecewise_0154,12,previous_period,52.1037485328538,38.66707890113029,228.58499830167676,140.19785665222008
piecewise_0155,1,default,33.54722714464246,16.21407567130486,110.00075623845557,92.16515038294477
piecewise_0155,2,previous_period,20.715211198519118,50.41143034830742,110.00075623845557,54.54780162469511
piecewise_0155,3,previous_period,20.144140577809463,55.99779564264,110.00075623845557,48.402757554686644
piecewise_0155,4,previous_period,19.520960522333052,55.704735445544664,110.00075623845557,48.72512598772542
piecewise_0155,5,previous_period,19.442814173390367,57.12005010872529,110.00075623845557,47.16826915507299
piecewise_0155,6,previous_period,19.176738567925234,56.94675785311176,110.00075623845557,47.358891946750546
piecewise_0155,7,previous_period,19.224603781932817,57.1949132656959,110.00075623845557,47.08591911626133
piecewise_0155,8,previous_period,19.088637445455078,57.073457382302095,110.00075623845557,47.21952150649061
piecewise_0155,9,previous_period,19.17176442491614,57.20623603634421,110.00075623845557,47.073463982921055
piecewise_0155,10,previous_period,19.075720314624427,57.10130800875668,110.00075623845557,47.18888560677343
piecewise_0155,11,previous_period,19.157010463011392,57.205513047895074,110.00075623845557,47.07425927568261
piecewise_0155,12,previous_period,19.077157632708513,57.11219301138667,110.00075623845557,47.17691202156386
piecewise_0156,1,default,31.459843654443006,36.19467445321733,88.04799384922859,56.17930911291148
piecewise_0156,2,previous_period,25.270638813629155,34.257393010519735,88.04799384922859,57.885046558420115
piecewise_0156,3,previous_period,25.2740823108948,33.6456884531975,88.04799384922859,58.423640149426646
piecewise_0156,4,previous_period,25.262445358129565,33.939844843780534,88.04799384922859,58.16464134873898
piecewise_0156,5,previous_period,25.292037090138425,33.55869284299388,88.04799384922859,58.50023803894783
piecewise_0156,6,previous_period,25.284308660802882,33.76252464966383,88.04799384922859,58.32076822234829
piecewise_0156,7,previous_period,25.29600479285079,33.57566714730602,88.04799384922859,58.48529250453112
piecewise_0156,8,previous_period,25.290513354104668,33.69459117917937,88.04799384922859,58.38058228026202
piecewise_0156,9,previous_period,25.295989129901837,33.59855734195416,88.04799384922859,58.46513814735525
piecewise_0156,10,previous_period,25.292679229070178,33.66476942576644,88.04799384922859,58.40683973587277
piecewise_0156,11,previous_period,25.295444443775892,33.614124832388256,88.04799384922859,58.45143128433536
piecewise_0156,12,previous_period,25.293577750615732,33.65029232523275,88.04799384922859,58.41958653246022
piecewise_0157,1,default,75.75621602296995,-26.354801579618957,168.16870024685755,212.48922751594102
piecewise_0157,2,previous_period,51.58042274712699,14.740141685082818,168.16870024685755,143.38039556050853
piecewise_0157,3,previous_period,51.57295034635461,14.750346288188387,168.16870024685755,143.36323461210054
piecewise_0157,4,previous_period,51.57244944780649,14.750910981120924,168.16870024685755,143.3622849753355
piecewise_0157,5,previous_period,51.57239463663013,14.750973560441672,168.16870024685755,143.3621797365052
piecewise_0157,6,previous_period,51.57238949337155,14.75097893878975,168.16870024685755,143.36217069180714
piecewise_0157,7,previous_period,51.572384827875936,14.75098770101514,168.16870024685755,143.3621559564866
piecewise_0157,8,previous_period,51.572388636258886,14.750979588673474,168.16870024685755,143.36216959890612
piecewise_0157,9,previous_period,51.572387423413105,14.750982429113545,168.16870024685755,143.36216482217498
piecewise_0157,10,previous_period,51.572387423413105,14.750982429113545,168.16870024685755,143.36216482217498
piecewise_0157,11,previous_period,51.572387423413105,14.750982429113545,168.16870024685755,143.36216482217498
piecewise_0157,12,previous_period,51.572387423413105,14.750982429113545,168.16870024685755,143.36216482217498
piecewise_0158,1,default,62.90900514061017,9.692248357283862,190.63280014989982,172.15619570892693
piecewise_0158,2,previous_period,45.48146367988585,42.35397079245908,190.63280014989982,109.89223965356435
piecewise_0158,3,previous_period,45.38442508738112,44.08834753217407,190.63280014989982,106.58594870949715
piecewise_0158,4,previous_period,45.39393932444978,43.96189774644629,190.63280014989982,106.82700347681356
piecewise_0158,5,previous_period,45.40310387829748,43.97652502932403,190.63280014989982,106.79911907787786
piecewise_0158,6,previous_period,45.40305903392226,43.97494243008347,190.63280014989982,106.80213603112529
piecewise_0158,7,previous_period,45.40316176599255,43.97510850964452,190.63280014989982,106.8018194290076
piecewise_0158,8,previous_period,45.40316347287192,43.97508930403882,190.63280014989982,106.80185604119154
piecewise_0158,9,previous_period,45.4031628242254,43.97509327761241,190.63280014989982,106.80184846625693
piecewise_0158,10,previous_period,45.40316286106479,43.97509304532639,190.63280014989982,106.80184890907027
piecewise_0158,11,previous_period,45.403162901246716,43.97509302555736,190.63280014989982,106.80184894675651
piecewise_0158,12,previous_period,45.403162901246716,43.97509302555736,190.63280014989982,106.80184894675651
piecewise_0159,1,default,70.93130695897597,-19.088612668207205,167.61863849646662,199.61471115877958
piecewise_0159,2,previous_period,49.681353787389774,21.74966352219596,167.61863849646662,131.1621486229991
piecewise_0159,3,previous_period,49.74892732222237,21.465665958327197,167.61863849646662,131.63818147291906
piecewise_0159,4,previous_period,49.738558679962736,21.499235461134504,167.61863849646662,131.5819127293634
piecewise_0159,5,previous_period,49.73960589202465,21.495807288179524,167.61863849646662,131.58765898619586
piecewise_0159,6,previous_period,49.7394990887774,21.496155560491538,167.61863849646662,131.5870752168882
piecewise_0159,7,previous_period,49.73950946408687,21.496121908576093,167.61863849646662,131.5871316237707
piecewise_0159,8,previous_period,49.73950825061429,21.496125224866404,167.61863849646662,131.58712606505003
piecewise_0159,9,previous_period,49.73950846209755,21.496124881995726,167.61863849646662,131.5871266397652
piecewise_0159,10,previous_period,49.73950789121856,21.49612548904547,167.61863849646662,131.58712562223667
piecewise_0159,11,previous_period,49.739508142236105,21.49612531479972,167.61863849646662,131.58712591430503
piecewise_0159,12,previous_period,49.73950846209755,21.496124881995726,167.61863849646662,131.5871266397652
piecewise_0160,1,default,37.92441498054666,13.59879756155421,100.79963314017633,87.09209508665444
piecewise_0160,2,previous_period,35.39189158585718,21.02444362266318,100.79963314017633,79.60707109876864
piecewise_0160,3,previous_period,35.39119750823658,19.465901948007247,100.79963314017633,81.17807538915858
piecewise_0160,4,previous_period,35.344566095852855,19.33946765152097,100.79963314017633,81.30552069618011
piecewise_0160,5,previous_period,35.34136355338606,19.324416093098773,100.79963314017633,81.32069261185157
piecewise_0160,6,previous_period,35.34105361479946,19.322949941537214,100.79963314017633,81.3221704872469
piecewise_0160,7,previous_period,35.34102587344645,19.322792185906057,100.79963314017633,81.32232950434437
piecewise_0160,8,previous_period,35.34102372268794,19.322777586172922,100.79963314017633,81.3223442208218
piecewise_0160,9,previous_period,35.341022464027894,19.322776810386845,100.79963314017633,81.32234500281132
piecewise_0160,10,previous_period,35.34102289898474,19.322775399017,100.79963314017633,81.32234642546695
piecewise_0160,11,previous_period,35.34102330676878,19.32277468865866,100.79963314017633,81.32234714150555
piecewise_0160,12,previous_period,35.34102289898474,19.322775399017,100.79963314017633,81.32234642546695
piecewise_0161,1,default,52.225731250369016,-21.840778076513633,110.02295117059523,134.0528197689959
piecewise_0161,2,previous_period,39.19620148696381,11.518979866167767,110.02295117059523,97.34942957709077
piecewise_0161,3,previous_period,39.302549032147255,11.174377838764515,110.02295117059523,97.72857089743354
piecewise_0161,4,previous_period,39.31294615493162,11.132341876647,110.02295117059523,97.77482010350818
piecewise_0161,5,previous_period,39.31410796351914,11.127130960924914,110.02295117059523,97.78055330676864
piecewise_0161,6,previous_period,39.314250652400574,11.12647334902025,110.02295117059523,97.78127683079339
piecewise_0161,7,previous_period,39.314266035616285,11.126396639263147,110.02295117059523,97.78136122913199
piecewise_0161,8,previous_period,39.31426744443639,11.126388564101164,110.02295117059523,97.78137011366351
piecewise_0161,9,previous_period,39.314268439089474,11.126385601210364,110.02295117059523,97.78137337352342
piecewise_0161,10,previous_period,39.31426834216395,11.12638599512069,110.02295117059523,97.78137294013165
piecewise_0161,11,previous_period,39.31426859057496,11.126385292932694,110.02295117059523,97.7813737126996
piecewise_0161,12,previous_period,39.31426826873918,11.126386157822798,110.02295117059523,97.78137276112199
piecewise_0162,1,default,58.577996574021846,11.017418934429879,190.70246760315706,169.69197782902182
piecewise_0162,2,previous_period,26.847002939621603,60.97537554049202,190.70246760315706,74.42092181714693
piecewise_0162,3,previous_period,26.373706199844047,62.29605080147389,190.70246760315706,71.90236150543006
piecewise_0162,4,previous_period,26.3836386023294,62.284030765161404,190.70246760315706,71.92528401128475
piecewise_0162,5,previous_period,26.38321323450605,62.28324717023458,190.70246760315706,71.92677834614622
piecewise_0162,6,previous_period,26.38324612377433,62.28339894086502,190.70246760315706,71.92648891580887
piecewise_0162,7,previous_period,26.383242743071577,62.2833797126328,190.70246760315706,71.92652558452218
piecewise_0162,8,previous_period,26.383243913521465,62.28338085881726,190.70246760315706,71.92652339872015
piecewise_0162,9,previous_period,26.38324345848636,62.283380957626264,190.70246760315706,71.92652321028893
piecewise_0162,10,previous_period,26.383243567167586,62.28338087857907,190.70246760315706,71.9265233610339
piecewise_0162,11,previous_period,26.383243567167586,62.28338087857907,190.70246760315706,71.9265233610339
piecewise_0162,12,previous_period,26.383243567167586,62.28338087857907,190.70246760315706,71.9265233610339
piecewise_0163,1,default,39.919559597636415,-28.827337209462446,89.23680003614993,114.96139329750457
piecewise_0163,2,previous_period,17.729732299907653,46.45091263937999,89.23680003614993,47.78549200917971
piecewise_0163,3,previous_period,17.297889297386277,48.464738555098386,89.23680003614993,45.988418203693925
piecewise_0163,4,previous_period,17.327704939117687,48.32419967903119,89.23680003614993,46.11383059950306
piecewise_0163,5,previous_period,17.322899596981355,48.3483671913296,89.23680003614993,46.09226428487962
piecewise_0163,6,previous_period,17.323468367678863,48.3455182390212,89.23680003614993,46.09480659875419
piecewise_0163,7,previous_period,17.323393590834492,48.345895130790495,89.23680003614993,46.09447027259967
piecewise_0163,8,previous_period,17.323402703083993,48.34584673323127,89.23680003614993,46.09451346103282
piecewise_0163,9,previous_period,17.32340308807629,48.345846865205424,89.23680003614993,46.09451334326331
piecewise_0163,10,previous_period,17.323402393205964,48.345848359152754,89.23680003614993,46.09451201011251
piecewise_0163,11,previous_period,17.323402746383106,48.345845878038794,89.23680003614993,46.09451422417922
piecewise_0163,12,previous_period,17.32340173287029,48.34584994812149,89.23680003614993,46.09451059216766
piecewise_0164,1,default,46.75563775867349,-14.392994065834653,113.25395209483872,129.5545866991721
piecewise_0164,2,previous_period,26.491401342197783,44.44108034401918,113.25395209483872,62.922672251594456
piecewise_0164,3,previous_period,26.62139517602359,43.79341353320493,113.25395209483872,63.6561805112482
piecewise_0164,4,previous_period,26.61004237015836,43.84110794253009,113.25395209483872,63.60216470775916
piecewise_0164,5,previous_period,26.610765080866315,43.836607763310845,113.25395209483872,63.607261338576315
piecewise_0164,6,previous_period,26.610688051485102,43.83679210333109,113.25395209483872,63.60705256621808
piecewise_0164,7,previous_period,26.610688304293195,43.836746390599856,113.25395209483872,63.60710433769282
piecewise_0164,8,previous_period,26.61068669580925,43.83674320443497,113.25395209483872,63.60710794615047
piecewise_0164,9,previous_period,26.61068549765683,43.83674384499554,113.25395209483872,63.60710722069032
piecewise_0164,10,previous_period,26.61068535487655,43.8367457999531,113.25395209483872,63.60710500662361
piecewise_0164,11,previous_period,26.610685495592406,43.83674391154728,113.25395209483872,63.60710714531783
piecewise_0164,12,previous_period,26.61068535487655,43.8367457999531,113.25395209483872,63.60710500662361
piecewise_0165,1,default,55.480974512010256,1.7595732534974484,150.56096647807504,147.91173598171957
piecewise_0165,2,previous_period,33.652463918523146,42.40556057386614,150.56096647807504,86.71474463761663
piecewise_0165,3,previous_period,33.38592063699929,42.686900479977176,150.56096647807504,86.29115655588735
piecewise_0165,4,previous_period,33.464164195379524,42.62553018325067,150.56096647807504,86.38355626776925
piecewise_0165,5,previous_period,33.43157284621386,42.651194390500635,150.56096647807504,86.34491598929476
piecewise_0165,6,previous_period,33.44520292620906,42.64039731773062,150.56096647807504,86.36117216640864
piecewise_0165,7,previous_period,33.43939978749184,42.64497653842532,150.56096647807504,86.35427764747354
piecewise_0165,8,previous_period,33.44185147533393,42.64303810360149,150.56096647807504,86.35719617367883
piecewise_0165,9,previous_period,33.44081170206872,42.64385755383102,150.56096647807504,86.35596240149344
piecewise_0165,10,previous_period,33.4412504901322,42.64351194447662,150.56096647807504,86.35648275427768
piecewise_0165,11,previous_period,33.441064376634124,42.64365613297462,150.56096647807504,86.35626566268154
piecewise_0165,12,previous_period,33.44114233392468,42.64359848761208,150.56096647807504,86.35635245409651
piecewise_0166,1,default,37.18803759238078,-45.73801754760227,66.38702522159154,96.75113446677423
piecewise_0166,2,previous_period,22.289044961307546,29.480461542096602,66.38702522159154,46.81582378219828
piecewise_0166,3,previous_period,22.076437640166628,31.63894015037465,66.38702522159154,45.38287404411807
piecewise_0166,4,previous_period,22.067290411929502,31.789130172533387,66.38702522159154,45.28316735622724
piecewise_0166,5,previous_period,22.064495561286723,31.826191858423826,66.38702522159154,45.2585632054676
piecewise_0166,6,previous_period,22.064133411350905,31.831399437473017,66.38702522159154,45.25510604865078
piecewise_0166,7,previous_period,22.064069494752328,31.832280695845995,66.38702522159154,45.254521007432444
piecewise_0166,8,previous_period,22.064058610381004,31.83247556441594,66.38702522159154,45.25439163998577
piecewise_0166,9,previous_period,22.06405645607169,31.83246968898168,66.38702522159154,45.254395540511794
piecewise_0166,10,previous_period,22.064058789111076,31.832491799915474,66.38702522159154,45.2543808617206
piecewise_0166,11,previous_period,22.064056691448023,31.832471604884137,66.38702522159154,45.254394268601146
piecewise_0166,12,previous_period,22.064058585282467,31.832494028039104,66.38702522159154,45.2543793825356
piecewise_0167,1,default,41.22275413574062,5.5639905102634835,112.31186288426647,106.06284149148576
piecewise_0167,2,previous_period,39.661497815362104,9.188592885629133,112.31186288426647,101.99198304156522
piecewise_0167,3,previous_period,38.99849786828254,10.8273734832545,112.31186288426647,100.15143802378626
piecewise_0167,4,previous_period,38.88394803759901,10.938159865212372,112.31186288426647,100.02701177438729
piecewise_0167,5,previous_period,38.85155620989244,10.972961270613112,112.31186288426647,99.98792566767182
piecewise_0167,6,previous_period,38.85012771824974,10.947540852406368,112.31186288426647,100.01647581291277
piecewise_0167,7,previous_period,38.85042383059235,10.941762363208863,112.31186288426647,100.02296574177706
piecewise_0167,8,previous_period,38.850874241788354,10.937358974552058,112.31186288426647,100.02791126960756
piecewise_0167,9,previous_period,38.851064383168584,10.936435733985173,112.31186288426647,100.02894817828712
piecewise_0167,10,previous_period,38.851110153479965,10.93599707790257,112.31186288426647,100.02944084110516
piecewise_0167,11,previous_period,38.851129551123314,10.935905078490471,112.31186288426647,100.02954416735872
piecewise_0167,12,previous_period,38.85113310967761,10.935866431523088,112.31186288426647,100.02958757248774
piecewise_0168,1,default,70.35865576911644,3.1643513742253937,209.50253526356434,202.8731389099147
piecewise_0168,2,previous_period,38.893353293034565,51.74866355129544,209.50253526356434,101.08777315858836
piecewise_0168,3,previous_period,38.77806145822805,50.92031908748289,209.50253526356434,102.82317581099102
piecewise_0168,4,previous_period,38.641590028139376,51.44387921886781,209.50253526356434,101.72630406211037
piecewise_0168,5,previous_period,38.66541457418318,51.31681464855061,209.50253526356434,101.99250755834665
piecewise_0168,6,previous_period,38.65602974170936,51.360851388664045,209.50253526356434,101.90024947136159
piecewise_0168,7,previous_period,38.65889554731878,51.346907665911544,209.50253526356434,101.9294619240382
piecewise_0168,8,previous_period,38.657947815829736,51.35146343669628,209.50253526356434,101.91991746874338
piecewise_0168,9,previous_period,38.65825605892447,51.34998685544269,209.50253526356434,101.92301094390487
piecewise_0168,10,previous_period,38.65815705096008,51.35046294654031,209.50253526356434,101.9220135209852
piecewise_0168,11,previous_period,38.65819097042766,51.35030642910732,209.50253526356434,101.92234142897544
piecewise_0168,12,previous_period,38.65818131701887,51.35035466511428,209.50253526356434,101.92224037331795
piecewise_0169,1,default,72.60196881526252,-11.668518495173629,179.84225531065638,200.8271821337177
piecewise_0169,2,previous_period,62.13160235789164,4.1088127360957465,179.84225531065638,172.4528738195703
piecewise_0169,3,previous_period,62.14139511050576,4.066105891848504,179.84225531065638,172.52967877143655
piecewise_0169,4,previous_period,62.13600958141644,4.0839518541242015,179.84225531065638,172.49758419039804
piecewise_0169,5,previous_period,62.136747719954755,4.081818850115382,179.84225531065638,172.50142023291338
piecewise_0169,6,previous_period,62.13651279056448,4.082621214226001,179.84225531065638,172.49997724320104
piecewise_0169,7,previous_period,62.136542894093886,4.082538475375297,179.84225531065638,172.50012604261616
piecewise_0169,8,previous_period,62.13653244236369,4.082574697688179,179.84225531065638,172.50006089959174
piecewise_0169,9,previous_period,62.136532105735434,4.082573610638973,179.84225531065638,172.50006285456556
piecewise_0169,10,previous_period,62.13653243254399,4.082573251781785,179.84225531065638,172.50006349994243
piecewise_0169,11,previous_period,62.13653329714774,4.082573449546145,179.84225531065638,172.50006314427853
piecewise_0169,12,previous_period,62.13653267351617,4.0825738280488295,179.84225531065638,172.50006246357077
piecewise_0170,1,default,50.572268520309954,-36.8396846446807,87.14587609968842,119.25014203565782
piecewise_0170,2,previous_period,36.07337945251344,5.802279265210386,87.14587609968842,82.08942900027027
piecewise_0170,3,previous_period,36.05763221745767,5.813796671004368,87.14587609968842,82.07939205608714
piecewise_0170,4,previous_period,36.04764260962997,5.796031680826442,87.14587609968842,82.09487351241673
piecewise_0170,5,previous_period,36.04828441725231,5.796715335765901,87.14587609968842,82.09427773533024
piecewise_0170,6,previous_period,36.04816913113571,5.796529209247736,87.14587609968842,82.09443993691514
piecewise_0170,7,previous_period,36.04818380434936,5.796554448116032,87.14587609968842,82.09441794228225
piecewise_0170,8,previous_period,36.04818248018205,5.796541604348415,87.14587609968842,82.09442913509606
piecewise_0170,9,previous_period,36.04818341226788,5.796544350406463,87.14587609968842,82.09442674201972
piecewise_0170,10,previous_period,36.04818330710156,5.796541458396498,87.14587609968842,82.09442926228714
piecewise_0170,11,previous_period,36.048183071461224,5.79654416120956,87.14587609968842,82.09442690689701
piecewise_0170,12,previous_period,36.04818293569281,5.796544793667813,87.14587609968842,82.09442635573573
piecewise_0171,1,default,60.80544492446188,-17.922204098901595,130.45070461714462,153.83034614708453
piecewise_0171,2,previous_period,46.28700105392676,10.028905557284773,130.45070461714462,117.36792665227867
piecewise_0171,3,previous_period,46.369134657768846,9.923090373269961,130.45070461714462,117.50596330541791
piecewise_0171,4,previous_period,46.38421019643638,9.907622980978969,130.45070461714462,117.52614062764741
piecewise_0171,5,previous_period,46.388353550293054,9.903486454382449,130.45070461714462,117.53153675573924
piecewise_0171,6,previous_period,46.38951070979839,9.90231931748794,130.45070461714462,117.53305929404198
piecewise_0171,7,previous_period,46.38983731563795,9.902000213956052,130.45070461714462,117.53347556684778
piecewise_0171,8,previous_period,46.389924677493404,9.90191907125002,130.45070461714462,117.53358141807955
piecewise_0171,9,previous_period,46.38995015861057,9.901899043771268,130.45070461714462,117.5336075440667
piecewise_0171,10,previous_period,46.38995886013715,9.901888448635553,130.45070461714462,117.53362136549589
piecewise_0171,11,previous_period,46.389960800367916,9.901883555517333,130.45070461714462,117.5336277486031
piecewise_0171,12,previous_period,46.389960454535164,9.90188440775045,130.45070461714462,117.53362663685898
piecewise_0172,1,default,37.51154402926238,-3.2164414271989017,82.95283590246902,85.62096528147237
piecewise_0172,2,previous_period,31.337747169212914,5.724390465903195,82.95283590246902,78.20429167287176
piecewise_0172,3,previous_period,30.756216103365787,7.190105091287691,82.95283590246902,76.98843982487807
piecewise_0172,4,previous_period,30.46671454969809,8.583371997230794,82.95283590246902,75.83268541470768
piecewise_0172,5,previous_period,30.43909525007888,8.732344413909187,82.95283590246902,75.70910857036051
piecewise_0172,6,previous_period,30.43967944655293,8.730774639108663,82.95283590246902,75.71041074307483
piecewise_0172,7,previous_period,30.440153915634202,8.728457525568544,82.95283590246902,75.71233285446743
piecewise_0172,8,previous_period,30.4402076870033,8.728177466622643,82.95283590246902,75.71256517130526
piecewise_0172,9,previous_period,30.440207922678788,8.728169334486813,82.95283590246902,75.71257191714255
piecewise_0172,10,previous_period,30.440207938828806,8.728168266860026,82.95283590246902,75.71257280276924
piecewise_0172,11,previous_period,30.440207736290066,8.728169379917738,82.95283590246902,75.7125718794563
piecewise_0172,12,previous_period,30.44020740888308,8.72817090185377,82.95283590246902,75.71257061696721
piecewise_0173,1,default,29.020141054848523,32.77048167204016,121.20655509553877,81.48658317264398
piecewise_0173,2,previous_period,9.661037112332973,77.68745598679428,121.20655509553877,27.044265952582542
piecewise_0173,3,previous_period,7.584450676219437,83.32909533015298,121.20655509553877,20.206229253582876
piecewise_0173,4,previous_period,8.301639051538787,81.18138801710766,121.20655509553877,22.809391301260064
piecewise_0173,5,previous_period,8.209108057167708,81.44855620725974,121.20655509553877,22.48556594166562
piecewise_0173,6,previous_period,8.207402013194459,81.4452062774347,121.20655509553877,22.489626276204664
piecewise_0173,7,previous_period,8.207990755225508,81.44387883037216,121.20655509553877,22.491235229059914
piecewise_0173,8,previous_period,8.208812856971623,81.44151913306253,121.20655509553877,22.494095336879592
piecewise_0173,9,previous_period,8.208552256206337,81.44226402571016,121.20655509553877,22.49319247816225
piecewise_0173,10,previous_period,8.208580610999853,81.44216564102241,121.20655509553877,22.493311726852994
piecewise_0173,11,previous_period,8.208585947082478,81.44215779791979,121.20655509553877,22.493321233207503
piecewise_0173,12,previous_period,8.208581375682968,81.44217067801993,121.20655509553877,22.493305621681813
piecewise_0174,1,default,74.34400120842533,-8.702596077834057,174.9712774800745,190.1983210113916
piecewise_0174,2,previous_period,43.64616638819284,37.55777461362191,174.9712774800745,109.25595944553312
piecewise_0174,3,previous_period,43.61964169140867,37.59925680014653,174.9712774800745,109.18337753384432
piecewise_0174,4,previous_period,43.61909319410713,37.60019763546343,174.9712774800745,109.18173134227136
piecewise_0174,5,previous_period,43.61908576515182,37.600209126269405,174.9712774800745,109.18171123666136
piecewise_0174,6,previous_period,43.61908531525129,37.600209890887236,174.9712774800745,109.18170989879977
piecewise_0174,7,previous_period,43.61908562338678,37.600210483196825,174.9712774800745,109.18170886242811
piecewise_0174,8,previous_period,43.619085457372115,37.600210946275226,174.9712774800745,109.18170805217392
piecewise_0174,9,previous_period,43.619085697682614,37.60021037550418,174.9712774800745,109.18170905085931
piecewise_0174,10,previous_period,43.619085457372115,37.600210946275226,174.9712774800745,109.18170805217392
piecewise_0174,11,previous_period,43.619085697682614,37.60021037550418,174.9712774800745,109.18170905085931
piecewise_0174,12,previous_period,43.619085457372115,37.600210946275226,174.9712774800745,109.18170805217392
piecewise_0175,1,default,34.06277994021572,-34.07429044662433,73.24298253215206,98.20000913192787
piecewise_0175,2,previous_period,21.261991670159034,27.146256168926787,73.24298253215206,53.36025486821176
piecewise_0175,3,previous_period,21.42385530921961,25.866874841393216,73.24298253215206,54.297311910456784
piecewise_0175,4,previous_period,21.486708400127366,25.06178911300654,73.24298253215206,54.88698070986789
piecewise_0175,5,previous_period,21.49055322995542,24.990482629307454,73.24298253215206,54.939207705267904
piecewise_0175,6,previous_period,21.492539552122743,24.96796288449992,73.24298253215206,54.95570183802357
piecewise_0175,7,previous_period,21.492869665131977,24.96311142866583,73.24298253215206,54.95925518897269
piecewise_0175,8,previous_period,21.492945293184093,24.962194655160175,73.24298253215206,54.95992666123129
piecewise_0175,9,previous_period,21.49295978397062,24.9619700178502,73.24298253215206,54.960091192297
piecewise_0175,10,previous_period,21.492963995828976,24.961930366324392,73.24298253215206,54.96012023425712
piecewise_0175,11,previous_period,21.492964602520946,24.96191991478677,73.24298253215206,54.960127889275
piecewise_0175,12,previous_period,21.492962834356153,24.961929186104605,73.24298253215206,54.96012109868529
piecewise_0176,1,default,35.50845715882224,0.21723928086681,107.55960345718987,107.32594174813627
piecewise_0176,2,previous_period,11.020807540011814,76.3657037908888,107.55960345718987,25.42095528241767
piecewise_0176,3,previous_period,9.255681211005552,79.13136853366807,107.55960345718987,22.446217252128967
piecewise_0176,4,previous_period,8.814639528809456,79.93281692519113,107.55960345718987,21.584182540292737
piecewise_0176,5,previous_period,8.880369523572746,80.05780718134672,107.55960345718987,21.449743516411665
piecewise_0176,6,previous_period,8.877498118210639,80.05210319204905,107.55960345718987,21.45587870468149
piecewise_0176,7,previous_period,8.876072196687906,80.05056744400224,107.55960345718987,21.45753054919073
piecewise_0176,8,previous_period,8.876526195850953,80.05119623650043,107.55960345718987,21.456854222473098
piecewise_0176,9,previous_period,8.876448903195794,80.0510726766066,107.55960345718987,21.45698712300495
piecewise_0176,10,previous_period,8.87645387803893,80.0510968875485,107.55960345718987,21.456961081811833
piecewise_0176,11,previous_period,8.876455590425802,80.05109169323282,107.55960345718987,21.456966668797186
piecewise_0176,12,previous_period,8.876454510668484,80.05109473273964,107.55960345718987,21.456963399515708
piecewise_0177,1,default,68.98090989968938,0.5229877698913921,180.46906906948442,179.52523790981417
piecewise_0177,2,previous_period,46.99614766736148,33.679938496568965,180.46906906948442,119.6871976015515
piecewise_0177,3,previous_period,46.778790220863705,34.68478250927759,180.46906906948442,117.87376496621579
piecewise_0177,4,previous_period,46.794090630685346,34.7089125019799,180.46906906948442,117.8302177930194
piecewise_0177,5,previous_period,46.79728458382253,34.7042971847554,180.46906906948442,117.83854701304907
piecewise_0177,6,previous_period,46.79758761398812,34.70342632674544,180.46906906948442,117.84011864239254
piecewise_0177,7,previous_period,46.79761460236564,34.70334052625511,180.46906906948442,117.8402734857387
piecewise_0177,8,previous_period,46.79760863014361,34.70333473661449,180.46906906948442,117.84028393424924
piecewise_0177,9,previous_period,46.797615665773954,34.703332272493306,180.46906906948442,117.8402883812258
piecewise_0177,10,previous_period,46.79760825407595,34.70333367161296,180.46906906948442,117.84028585624759
piecewise_0177,11,previous_period,46.79761593001891,34.703331497234856,180.46906906948442,117.84028978032751
piecewise_0177,12,previous_period,46.79760694971259,34.70333549360086,180.46906906948442,117.84028256812299
piecewise_0178,1,default,45.92936411257313,3.2735292228095347,121.40112192948341,117.42702072630314
piecewise_0178,2,previous_period,34.07048975276537,26.966233878338585,121.40112192948341,88.66381145905191
piecewise_0178,3,previous_period,33.80237017379699,28.088493728260254,121.40112192948341,87.30137541028287
piecewise_0178,4,previous_period,33.84174130767314,27.75158590640654,121.40112192948341,87.71038528588147
piecewise_0178,5,previous_period,33.84546031256221,27.86958174294769,121.40112192948341,87.56713701649043
piecewise_0178,6,previous_period,33.854632822733926,27.790950638233745,121.40112192948341,87.66259605979872
piecewise_0178,7,previous_period,33.855024247941685,27.820873780970857,121.40112192948341,87.6262690287993
piecewise_0178,8,previous_period,33.8569895594467,27.80253442513524,121.40112192948341,87.64853321253838
piecewise_0178,9,previous_period,33.85697961139576,27.809915846870126,121.40112192948341,87.63957208373787
piecewise_0178,10,previous_period,33.85740775130442,27.80560490969962,121.40112192948341,87.64480560982855
piecewise_0178,11,previous_period,33.85738734184003,27.80740410068979,121.40112192948341,87.64262137178082
piecewise_0178,12,previous_period,33.85747877763659,27.80638976344505,121.40112192948341,87.6438527885761
piecewise_0179,1,default,75.7706851942948,-0.10449913726473525,223.6015676011124,223.835229310166
piecewise_0179,2,previous_period,43.05957743754995,46.709857334529346,223.6015676011124,119.1575943768616
piecewise_0179,3,previous_period,43.09373520607696,46.67332903355445,223.6015676011124,119.2392722304595
piecewise_0179,4,previous_period,43.09673258162932,46.67716743612221,223.6015676011124,119.23068950214716
piecewise_0179,5,previous_period,43.0985405613101,46.671969235081164,223.6015676011124,119.242312761162
piecewise_0179,6,previous_period,43.09790446111207,46.67523869799805,223.6015676011124,119.23500219082773
piecewise_0179,7,previous_period,43.09845766966503,46.67286171731928,223.6015676011124,119.24031715688703
piecewise_0179,8,previous_period,43.09808224210287,46.674534167410364,223.6015676011124,119.23657753226603
piecewise_0179,9,previous_period,43.098350503353814,46.67335037307077,223.6015676011124,119.23922451496654
piecewise_0179,10,previous_period,43.09816467146329,46.67418316934122,223.6015676011124,119.23736236945086
piecewise_0179,11,previous_period,43.09829886550405,46.67359075390496,223.6015676011124,119.23868701965307
piecewise_0179,12,previous_period,43.09820232094907,46.674012778707485,223.6015676011124,119.23774336557894
piecewise_0180,1,default,77.92430013428904,-6.357838896616141,224.13550768554853,238.38568217430839
piecewise_0180,2,previous_period,49.98343656383214,39.886604420407245,224.13550768554853,134.7354643693423
piecewise_0180,3,previous_period,49.90515056602307,40.05653897305657,224.13550768554853,134.35458069702858
piecewise_0180,4,previous_period,49.90508339660355,40.0567018086612,224.13550768554853,134.35421572461945
piecewise_0180,5,previous_period,49.905082433325845,40.056703784311296,224.13550768554853,134.35421129648608
piecewise_0180,6,previous_period,49.905082433325845,40.056703784311296,224.13550768554853,134.35421129648608
piecewise_0180,7,previous_period,49.905082433325845,40.056703784311296,224.13550768554853,134.35421129648608
piecewise_0180,8,previous_period,49.905082433325845,40.056703784311296,224.13550768554853,134.35421129648608
piecewise_0180,9,previous_period,49.905082433325845,40.056703784311296,224.13550768554853,134.35421129648608
piecewise_0180,10,previous_period,49.905082433325845,40.056703784311296,224.13550768554853,134.35421129648608
piecewise_0180,11,previous_period,49.905082433325845,40.056703784311296,224.13550768554853,134.35421129648608
piecewise_0180,12,previous_period,49.905082433325845,40.056703784311296,224.13550768554853,134.35421129648608
piecewise_0181,1,default,70.96941961705835,-16.43395339928684,164.687840442765,191.75256339542088
piecewise_0181,2,previous_period,48.89876073309967,24.73627567451644,164.687840442765,123.95020222843488
piecewise_0181,3,previous_period,49.143205010132924,23.53485539231296,164.687840442765,125.92879534583717
piecewise_0181,4,previous_period,49.15523636680585,23.62417410657722,164.687840442765,125.78169828420411
piecewise_0181,5,previous_period,49.15264446713383,23.620768564550886,164.687840442765,125.78730679782265
piecewise_0181,6,previous_period,49.15286675858673,23.620787597851447,164.687840442765,125.787275452291
piecewise_0181,7,previous_period,49.15285587390933,23.62079427981567,164.687840442765,125.78726444790841
piecewise_0181,8,previous_period,49.15285590193248,23.62079403953956,164.687840442765,125.78726484361394
piecewise_0181,9,previous_period,49.15285600978614,23.62079430269911,164.687840442765,125.78726441022216
piecewise_0181,10,previous_period,49.152855902815084,23.62079402809786,164.687840442765,125.78726486245705
piecewise_0181,11,previous_period,49.15285600978614,23.62079430269911,164.687840442765,125.78726441022216
piecewise_0181,12,previous_period,49.152855902815084,23.62079402809786,164.687840442765,125.78726486245705
piecewise_0182,1,default,80.15826463716297,-0.09504324542308762,245.8477801483462,246.0814418573998
piecewise_0182,2,previous_period,43.586763661624246,46.90874823759824,245.8477801483462,130.52366391083444
piecewise_0182,3,previous_period,43.394179849213906,47.280458213258456,245.8477801483462,129.60982318708386
piecewise_0182,4,previous_period,43.50777249128692,47.03855120423096,245.8477801483462,130.2045461988012
piecewise_0182,5,previous_period,43.41879902589326,47.218647631343266,245.8477801483462,129.7617831306191
piecewise_0182,6,previous_period,43.48496829576741,47.08041854431531,245.8477801483462,130.1016162725967
piecewise_0182,7,previous_period,43.432303498656594,47.187721274375725,245.8477801483462,129.83781489270459
piecewise_0182,8,previous_period,43.47284326037216,47.10364143470438,245.8477801483462,130.04452331208887
piecewise_0182,9,previous_period,43.44050349797638,47.169760831930496,245.8477801483462,129.881970241761
piecewise_0182,10,previous_period,43.465750357120214,47.11758263420751,245.8477801483462,130.01024918258437
piecewise_0182,11,previous_period,43.445627963692,47.15880977759773,245.8477801483462,129.90889316574095
piecewise_0182,12,previous_period,43.461444424890885,47.12618632876513,245.8477801483462,129.9890971905037
piecewise_0183,1,default,66.5327237764835,0.099526056022059,167.67884391390396,167.51195977377307
piecewise_0183,2,previous_period,33.304177148997134,52.58721198841436,167.67884391390396,79.50121480517686
piecewise_0183,3,previous_period,33.29256224760332,52.56011402159666,167.67884391390396,79.54665236266095
piecewise_0183,4,previous_period,33.29656432055072,52.55119813990567,167.67884391390396,79.56160241000514
piecewise_0183,5,previous_period,33.29680228498947,52.55066566186651,167.67884391390396,79.56249526302528
piecewise_0183,6,previous_period,33.296817568163405,52.550638084732945,167.67884391390396,79.56254150404402
piecewise_0183,7,previous_period,33.2968181837729,52.55063674183668,167.67884391390396,79.56254375579697
piecewise_0183,8,previous_period,33.29681709043107,52.55063856233206,167.67884391390396,79.56254070321135
piecewise_0183,9,previous_period,33.29681704402762,52.55063863537662,167.67884391390396,79.56254058073108
piecewise_0183,10,previous_period,33.29681709043107,52.55063856233206,167.67884391390396,79.56254070321135
piecewise_0183,11,previous_period,33.29681704402762,52.55063863537662,167.67884391390396,79.56254058073108
piecewise_0183,12,previous_period,33.29681709043107,52.55063856233206,167.67884391390396,79.56254070321135
piecewise_0184,1,default,96.48667820160794,-18.666910281221007,242.35967412407473,287.6007370506754
piecewise_0184,2,previous_period,72.24027745912123,9.344399115935865,242.35967412407473,219.71261887783965
piecewise_0184,3,previous_period,72.19502696516548,9.37932996372769,242.35967412407473,219.6279605889626
piecewise_0184,4,previous_period,72.1933033022353,9.380664634755153,242.35967412407473,219.6247258846098
piecewise_0184,5,previous_period,72.1932389034572,9.380713223731263,242.35967412407473,219.62460812452565
piecewise_0184,6,previous_period,72.19324606887395,9.38070408049807,242.35967412407473,219.62463028403582
piecewise_0184,7,previous_period,72.19324880555011,9.380700476851322,242.35967412407473,219.62463901782235
piecewise_0184,8,previous_period,72.19324599768296,9.380703901676334,242.35967412407473,219.6246307174276
piecewise_0184,9,previous_period,72.19324851187201,9.380700822832488,242.35967412407473,219.6246381793035
piecewise_0184,10,previous_period,72.19324599768296,9.380703901676334,242.35967412407473,219.6246307174276
piecewise_0184,11,previous_period,72.19324851187201,9.380700822832488,242.35967412407473,219.6246381793035
piecewise_0184,12,previous_period,72.19324599768296,9.380703901676334,242.35967412407473,219.6246307174276
piecewise_0185,1,default,63.07838268426681,0.1244604742402955,187.73969043574522,187.50602872669162
piecewise_0185,2,previous_period,31.261753563204145,58.3268961070848,187.73969043574522,78.23695624352548
piecewise_0185,3,previous_period,31.168321433727687,58.68465426941087,187.73969043574522,77.56530217706592
piecewise_0185,4,previous_period,31.178558155857715,58.590568431253345,187.73969043574522,77.74193863836672
piecewise_0185,5,previous_period,31.171436806195437,58.63062185225587,187.73969043574522,77.66674246976767
piecewise_0185,6,previous_period,31.173490378943345,58.616010786487614,187.73969043574522,77.69417323941033
piecewise_0185,7,previous_period,31.17255641503184,58.62178066119997,187.73969043574522,77.68334089448683
piecewise_0185,8,previous_period,31.17288597712294,58.61959519079929,187.73969043574522,77.68744388985165
piecewise_0185,9,previous_period,31.172751944416433,58.6204412457141,187.73969043574522,77.68585550897367
piecewise_0185,10,previous_period,31.172804375403476,58.620113066337176,187.73969043574522,77.68647163191997
piecewise_0185,11,previous_period,31.172786345441846,58.62023544043468,187.73969043574522,77.68624188716814
piecewise_0185,12,previous_period,31.172792234024783,58.6201898129877,187.73969043574522,77.68632754799586
piecewise_0186,1,default,58.353734965148256,-6.33536807145989,147.03067405669233,156.3456084361323
piecewise_0186,2,previous_period,48.33221010622176,10.909664174779454,147.03067405669233,130.99012128319262
piecewise_0186,3,previous_period,48.34984285588867,10.84441053824955,147.03067405669233,131.08606414482904
piecewise_0186,4,previous_period,48.36630670434751,10.811818728678013,147.03067405669233,131.13398410212935
piecewise_0186,5,previous_period,48.369627610404535,10.805400223120309,147.03067405669233,131.1434212741152
piecewise_0186,6,previous_period,48.37028078996272,10.80413132839444,147.03067405669233,131.14528693858372
piecewise_0186,7,previous_period,48.37040797542238,10.803882273023701,147.03067405669233,131.1456531263741
piecewise_0186,8,previous_period,48.370432287743434,10.803835445782417,147.03067405669233,131.1457219767826
piecewise_0186,9,previous_period,48.37043854974503,10.803821808195446,147.03067405669233,131.14574202821865
piecewise_0186,10,previous_period,48.37043816381132,10.803822580345923,147.03067405669233,131.1457408929206
piecewise_0186,11,previous_period,48.370438731405805,10.803822455392131,147.03067405669233,131.145741076641
piecewise_0186,12,previous_period,48.37043957718778,10.80382134362361,147.03067405669233,131.14574271128174
piecewise_0187,1,default,39.89517830452558,18.490641877560776,133.673135482078,108.95611471358033
piecewise_0187,2,previous_period,18.08473731838778,67.55766358104344,133.673135482078,43.36668831486334
piecewise_0187,3,previous_period,17.123515411478444,69.9397726033695,133.673135482078,40.18244849411863
piecewise_0187,4,previous_period,16.85684192188806,70.37520609004895,133.673135482078,39.60039089953527
piecewise_0187,5,previous_period,16.817036216013413,70.43602926570183,133.673135482078,39.5190866535403
piecewise_0187,6,previous_period,16.82108983195974,70.433211497917,133.673135482078,39.522853252088865
piecewise_0187,7,previous_period,16.817755399889627,70.43846274404875,133.673135482078,39.515833746732696
piecewise_0187,8,previous_period,16.818801553122544,70.43728616556375,133.673135482078,39.51740651608499
piecewise_0187,9,previous_period,16.81823904766951,70.43810652762281,133.673135482078,39.51630991239835
piecewise_0187,10,previous_period,16.818451125173816,70.43784141633184,133.673135482078,39.516664294973495
piecewise_0187,11,previous_period,16.81834751418107,70.43798749044002,133.673135482078,39.51646903313296
piecewise_0187,12,previous_period,16.818392067631894,70.43792538868044,133.673135482078,39.51655204650218
piecewise_0188,1,default,55.27916378284385,-19.269734405354356,113.03110720127927,134.81190135439715
piecewise_0188,2,previous_period,28.626681801174502,35.70685648351951,113.03110720127927,72.6712519711854
piecewise_0188,3,previous_period,28.243237718937444,36.43466643841797,113.03110720127927,71.84860032084254
piecewise_0188,4,previous_period,28.275948663378177,36.37113782779379,113.03110720127927,71.92040741282064
piecewise_0188,5,previous_period,28.257792130710488,36.40601133012975,113.03110720127927,71.88098950701044
piecewise_0188,6,previous_period,28.263382374384026,36.395248109191535,113.03110720127927,71.89315529480741
piecewise_0188,7,previous_period,28.261429684975887,36.39900360159435,113.03110720127927,71.88891042016365
piecewise_0188,8,previous_period,28.262092706281177,36.39773091569888,113.03110720127927,71.8903489511225
piecewise_0188,9,previous_period,28.261868051532275,36.39816126249193,113.03110720127927,71.88986252537751
piecewise_0188,10,previous_period,28.261941118412302,36.398020903204554,113.03110720127927,71.8900211750341
piecewise_0188,11,previous_period,28.261916891359327,36.39806573082185,113.03110720127927,71.88997050588193
piecewise_0188,12,previous_period,28.2619271070233,36.398045492544654,113.03110720127927,71.88999338143073
piecewise_0189,1,default,44.780881482621346,-19.3118947946449,95.29937465840578,113.70348963239158
piecewise_0189,2,previous_period,33.47901166225336,22.335978180096873,95.29937465840578,74.0133271289355
piecewise_0189,3,previous_period,33.42631604309363,23.699867991517,95.29937465840578,72.7135486676224
piecewise_0189,4,previous_period,33.49250474065638,23.682129105916182,95.29937465840578,72.73045371467136
piecewise_0189,5,previous_period,33.518537418867524,23.64459880621571,95.29937465840578,72.76621985559333
piecewise_0189,6,previous_period,33.5270130558034,23.62993712329259,95.29937465840578,72.78019234773346
piecewise_0189,7,previous_period,33.5296617721498,23.625252609648673,95.29937465840578,72.7846566599419
piecewise_0189,8,previous_period,33.530479857436085,23.623795730749674,95.29937465840578,72.78604505642218
piecewise_0189,9,previous_period,33.530730663986745,23.623351772637335,95.29937465840578,72.78646814572699
piecewise_0189,10,previous_period,33.5308075855641,23.62321117741606,95.29937465840578,72.78660213209366
piecewise_0189,11,previous_period,33.5308341788385,23.623162670396404,95.29937465840578,72.78664835898006
piecewise_0189,12,previous_period,33.53083967971731,23.62315615781121,95.29937465840578,72.78665456543303
piecewise_0190,1,default,53.23995682230707,-1.4343591061703576,112.56753600419977,114.18215870746761
piecewise_0190,2,previous_period,35.55742892107049,23.748021331954693,112.56753600419977,85.83497354106663
piecewise_0190,3,previous_period,35.484703595040415,23.665629960354284,112.56753600419977,85.92771947795727
piecewise_0190,4,previous_period,35.470650989227714,23.648242427646714,112.56753600419977,85.9472921950981
piecewise_0190,5,previous_period,35.467980232514634,23.64559454879922,112.56753600419977,85.95027284707311
piecewise_0190,6,previous_period,35.467515776305675,23.64519020878969,112.56753600419977,85.95072800265892
piecewise_0190,7,previous_period,35.467439923434966,23.64512915185799,112.56753600419977,85.9507967329425
piecewise_0190,8,previous_period,35.46742868139573,23.645113492156945,112.56753600419977,85.9508143606821
piecewise_0190,9,previous_period,35.467428052280965,23.645107968157618,112.56753600419977,85.95082057891203
piecewise_0190,10,previous_period,35.46742811433413,23.645106369545708,112.56753600419977,85.95082237843006
piecewise_0190,11,previous_period,35.46742434496431,23.645115450665777,112.56753600419977,85.95081215603696
piecewise_0190,12,previous_period,35.46742646267884,23.645112826766123,112.56753600419977,85.95081510969615
piecewise_0191,1,default,49.825517449894804,8.397420795757382,148.22512570387403,135.7780381734794
piecewise_0191,2,previous_period,41.21034553543428,29.37456856867138,148.22512570387403,104.6846345179902
piecewise_0191,3,previous_period,40.40091077772709,30.72890704644844,148.22512570387403,102.67716460684922
piecewise_0191,4,previous_period,40.351705135464776,31.177854901275836,148.22512570387403,102.01171108468647
piecewise_0191,5,previous_period,40.34279359609625,31.156992974866093,148.22512570387403,102.04263370133157
piecewise_0191,6,previous_period,40.34284356198431,31.171683553993823,148.22512570387403,102.02085857195286
piecewise_0191,7,previous_period,40.342655400826736,31.168261958864196,148.22512570387403,102.02593023563482
piecewise_0191,8,previous_period,40.34268644041712,31.16927021276131,148.22512570387403,102.0244357500284
piecewise_0191,9,previous_period,40.34267801834869,31.169002385785515,148.22512570387403,102.02483273689995
piecewise_0191,10,previous_period,40.3426796592311,31.16907330882985,148.22512570387403,102.02472761112833
piecewise_0191,11,previous_period,40.34267812669759,31.169054926553088,148.22512570387403,102.02475485828117
piecewise_0191,12,previous_period,40.342679567490464,31.16906055819113,148.22512570387403,102.02474651077861
piecewise_0192,1,default,50.22280091391146,-8.045159990553552,92.6899836671092,100.1470411483461
piecewise_0192,2,previous_period,31.305897602590942,35.99486630119131,92.6899836671092,59.32634797153719
piecewise_0192,3,previous_period,30.94657780328366,36.4218245504272,92.6899836671092,58.93060044005505
piecewise_0192,4,previous_period,30.967821916267695,36.23638325382043,92.6899836671092,59.10248594759196
piecewise_0192,5,previous_period,30.961512457909798,36.24928436481966,92.6899836671092,59.090527909913895
piecewise_0192,6,previous_period,30.961992370451558,36.24619381749192,92.6899836671092,59.0933925377272
piecewise_0192,7,previous_period,30.96188252548613,36.24648307896503,92.6899836671092,59.09312442131502
piecewise_0192,8,previous_period,30.961893919402534,36.24642719910987,92.6899836671092,59.09317621634364
piecewise_0192,9,previous_period,30.96189302021267,36.24642954967221,92.6899836671092,59.09317403760779
piecewise_0192,10,previous_period,30.96189216709664,36.24643170456613,92.6899836671092,59.093172040236965
piecewise_0192,11,previous_period,30.961891695957462,36.24643324704325,92.6899836671092,59.09317061051517
piecewise_0192,12,previous_period,30.96189133950228,36.246432718484364,92.6899836671092,59.093171100436315
piecewise_0193,1,default,59.66183018401902,-12.195195566879136,138.48417779927908,155.3725941110858
piecewise_0193,2,previous_period,34.55344580068368,34.80548802077216,138.48417779927908,90.28408388468618
piecewise_0193,3,previous_period,34.46385842192357,34.96719697489059,138.48417779927908,90.06014256914746
piecewise_0193,4,previous_period,34.46282478397412,34.96910517111799,138.48417779927908,90.05750001929115
piecewise_0193,5,previous_period,34.46280849303316,34.96913428944719,138.48417779927908,90.05745969501237
piecewise_0193,6,previous_period,34.46280810387736,34.96913535757281,138.48417779927908,90.05745821582738
piecewise_0193,7,previous_period,34.46280810387736,34.96913535757281,138.48417779927908,90.05745821582738
piecewise_0193,8,previous_period,34.46280810387736,34.96913535757281,138.48417779927908,90.05745821582738
piecewise_0193,9,previous_period,34.46280810387736,34.96913535757281,138.48417779927908,90.05745821582738
piecewise_0193,10,previous_period,34.46280810387736,34.96913535757281,138.48417779927908,90.05745821582738
piecewise_0193,11,previous_period,34.46280810387736,34.96913535757281,138.48417779927908,90.05745821582738
piecewise_0193,12,previous_period,34.46280810387736,34.96913535757281,138.48417779927908,90.05745821582738
piecewise_0194,1,default,60.7831448521891,-6.472048710697975,150.39272345476627,160.12621377410403
piecewise_0194,2,previous_period,52.20420723541998,9.127992089773961,150.39272345476627,136.66488755421958
piecewise_0194,3,previous_period,52.45537147385039,9.158753188479885,150.39272345476627,136.61862510011113
piecewise_0194,4,previous_period,52.47098661253805,9.186673122395494,150.39272345476627,136.57663555110867
piecewise_0194,5,previous_period,52.47306967054611,9.189723780518278,150.39272345476627,136.57204758327453
piecewise_0194,6,previous_period,52.47330073477565,9.190102329130646,150.39272345476627,136.5714782737068
piecewise_0194,7,previous_period,52.47332821236464,9.190148543368881,150.39272345476627,136.57140877085527
piecewise_0194,8,previous_period,52.47333204492881,9.190152082889657,150.39272345476627,136.5714034476736
piecewise_0194,9,previous_period,52.47333092151877,9.190155166657943,150.39272345476627,136.57139880991048
piecewise_0194,10,previous_period,52.473330493668335,9.19015679233165,150.39272345476627,136.57139636501552
piecewise_0194,11,previous_period,52.47333076037081,9.190156190926357,150.39272345476627,136.57139726948532
piecewise_0194,12,previous_period,52.47333071895562,9.190156341277667,150.39272345476627,136.57139704336788
piecewise_0195,1,default,48.694817322567424,-11.2514116088954,102.51975721543835,114.05467708018756
piecewise_0195,2,previous_period,33.93513927677297,12.201696367499926,102.51975721543835,90.01060772331246
piecewise_0195,3,previous_period,33.9591590667783,11.978098185671925,102.51975721543835,90.23984003646066
piecewise_0195,4,previous_period,33.95765650122646,11.929512584961488,102.51975721543835,90.28964987635067
piecewise_0195,5,previous_period,33.958043874979346,11.912746486924785,102.51975721543835,90.30683843935239
piecewise_0195,6,previous_period,33.95822362241426,11.908170227874127,102.51975721543835,90.31153000902069
piecewise_0195,7,previous_period,33.958278584479494,11.906870321475404,102.51975721543835,90.31286266990467
piecewise_0195,8,previous_period,33.958292175009234,11.906513336123503,102.51975721543835,90.31322865042074
piecewise_0195,9,previous_period,33.95829767039094,11.906404425493944,102.51975721543835,90.31334030533375
piecewise_0195,10,previous_period,33.95829490826385,11.906390631311591,102.51975721543835,90.313354447096
piecewise_0195,11,previous_period,33.958297233013106,11.906376497099448,102.51975721543835,90.31336893745598
piecewise_0195,12,previous_period,33.95829150241157,11.906394941419196,102.51975721543835,90.31335002838415
piecewise_0196,1,default,39.9336124416616,0.5603606387599935,115.73840468028641,115.08985221652932
piecewise_0196,2,previous_period,10.788647106346017,75.33777794857545,115.73840468028641,28.543662361028574
piecewise_0196,3,previous_period,10.878784483424889,74.76739824284589,115.73840468028641,29.203810733060088
piecewise_0196,4,previous_period,10.860924341962582,74.8512919724245,115.73840468028641,29.106713468818995
piecewise_0196,5,previous_period,10.860447758786124,74.83972256163331,115.73840468028641,29.12010372029963
piecewise_0196,6,previous_period,10.860462733702942,74.84168302864944,115.73840468028641,29.11783470705088
piecewise_0196,7,previous_period,10.86036753836291,74.8412929898813,115.73840468028641,29.11828613169877
piecewise_0196,8,previous_period,10.860381548572038,74.84138211903921,115.73840468028641,29.118182975033292
piecewise_0196,9,previous_period,10.860375966740378,74.84136073422802,115.73840468028641,29.11820772547262
piecewise_0196,10,previous_period,10.860375245890394,74.84136942816724,115.73840468028641,29.11819766324605
piecewise_0196,11,previous_period,10.860377663790114,74.84136191458492,115.73840468028641,29.118206359346352
piecewise_0196,12,previous_period,10.860377133364763,74.8413617273559,115.73840468028641,29.118206576042244
piecewise_0197,1,default,73.15715656002345,3.900427390732264,206.9617460415314,198.88935341058976
piecewise_0197,2,previous_period,54.796936887077095,28.687495377968265,206.9617460415314,147.58960471170465
piecewise_0197,3,previous_period,54.81546647229644,30.355204059260465,206.9617460415314,144.1380857060161
piecewise_0197,4,previous_period,55.10250656766436,30.793209128591982,206.9617460415314,143.2315827667772
piecewise_0197,5,previous_period,55.18360862858487,30.908758202801224,206.9617460415314,142.99244038525893
piecewise_0197,6,previous_period,55.20097445838408,30.93013103906784,206.9617460415314,142.94820679014293
piecewise_0197,7,previous_period,55.20507046451437,30.934389324494326,206.9617460415314,142.93939376827285
piecewise_0197,8,previous_period,55.20601353017984,30.935367836522044,206.9617460415314,142.93736862269506
piecewise_0197,9,previous_period,55.20622304053702,30.9355881687984,206.9617460415314,142.93691261916882
piecewise_0197,10,previous_period,55.20626929388673,30.935634852837566,206.9617460415314,142.93681600106623
piecewise_0197,11,previous_period,55.206279902191774,30.9356445174124,206.9617460415314,142.93679599909342
piecewise_0197,12,previous_period,55.206282529667035,30.935647603885208,206.9617460415314,142.9367896112754
piecewise_0198,1,default,68.5946466889718,-29.586920254884852,146.20411405684115,189.46140869219963
piecewise_0198,2,previous_period,45.70940896612968,15.880092668642586,146.20411405684115,122.98676525924688
piecewise_0198,3,previous_period,45.76185011952081,15.655814544264867,146.20411405684115,123.31466910401662
piecewise_0198,4,previous_period,45.76754161741152,15.6343448234332,146.20411405684115,123.34605871914904
piecewise_0198,5,previous_period,45.767866012412874,15.63317494600527,146.20411405684115,123.3477691280781
piecewise_0198,6,previous_period,45.767877709271005,15.633124469256654,146.20411405684115,123.34784292716121
piecewise_0198,7,previous_period,45.76787613417304,15.633127781531497,146.20411405684115,123.34783808447912
piecewise_0198,8,previous_period,45.7678830697319,15.633116987639772,146.20411405684115,123.34785386559288
piecewise_0198,9,previous_period,45.76787979522559,15.63312126653178,146.20411405684115,123.34784760967673
piecewise_0198,10,previous_period,45.76788684956492,15.633107814442827,146.20411405684115,123.3478672771842
piecewise_0198,11,previous_period,45.76787953608795,15.633121678955108,146.20411405684115,123.34784700669687
piecewise_0198,12,previous_period,45.76788677237588,15.63310809153976,146.20411405684115,123.3478668720571
piecewise_0199,1,default,42.88158479147118,17.962839033260856,127.2422387352932,104.38592020895499
piecewise_0199,2,previous_period,30.89015992525852,50.44497915824182,127.2422387352932,63.05491792479425
piecewise_0199,3,previous_period,30.457443349145446,51.75774959174905,127.2422387352932,61.384519435744636
piecewise_0199,4,previous_period,30.456348064440107,52.20845994723674,127.2422387352932,60.811025489210294
piecewise_0199,5,previous_period,30.514175807222735,51.94154594161275,127.2422387352932,61.15065284546431
piecewise_0199,6,previous_period,30.551322219833512,51.84972297344953,127.2422387352932,61.267490445828386
piecewise_0199,7,previous_period,30.572407323707356,51.7876818743828,127.2422387352932,61.34643292921688
piecewise_0199,8,previous_period,30.583958091112045,51.7564202592122,127.2422387352932,61.386210908224754
piecewise_0199,9,previous_period,30.59017183965531,51.73970455477792,127.2422387352932,61.40748034476731
piecewise_0199,10,previous_period,30.59350305691667,51.73090344385911,127.2422387352932,61.418679075333976
piecewise_0199,11,previous_period,30.595282037356892,51.726230834891474,127.2422387352932,61.42462460759174
piecewise_0199,12,previous_period,30.596232533065663,51.72374025173754,127.2422387352932,61.42779368135437
