profile,period,policy,rmse_nm,offload_pct,baseline_motor_work_j,assisted_motor_work_j
piecewise_0000,1,default,56.56465131109623,-9.93940784517655,145.62745155791555,160.10195790279369
piecewise_0000,2,previous_period,41.79303318517981,22.018097576287175,145.62745155791555,113.56305717603337
piecewise_0000,3,previous_period,41.79303318517981,22.018097576287175,145.62745155791555,113.56305717603337
piecewise_0000,4,previous_period,41.79303318517981,22.018097576287175,145.62745155791555,113.56305717603337
piecewise_0000,5,previous_period,41.79303318517981,22.018097576287175,145.62745155791555,113.56305717603337
piecewise_0000,6,previous_period,41.79303318517981,22.018097576287175,145.62745155791555,113.56305717603337
piecewise_0001,1,default,37.66013020458965,-21.64552820373773,82.60573399470402,100.48618144443225
piecewise_0001,2,previous_period,19.39563338616711,39.19777351305359,82.60573399470402,50.22612547466443
piecewise_0001,3,previous_period,19.39563338616711,39.19777351305359,82.60573399470402,50.22612547466443
piecewise_0001,4,previous_period,19.39563338616711,39.19777351305359,82.60573399470402,50.22612547466443
piecewise_0001,5,previous_period,19.39563338616711,39.19777351305359,82.60573399470402,50.22612547466443
piecewise_0001,6,previous_period,19.39563338616711,39.19777351305359,82.60573399470402,50.22612547466443
piecewise_0002,1,default,39.821369331309334,11.369627615124545,107.58704577887802,95.35479931170602
piecewise_0002,2,previous_period,29.80916265441647,30.452942345716504,107.58704577887802,74.82362475637667
piecewise_0002,3,previous_period,29.80916265441647,30.452942345716504,107.58704577887802,74.82362475637667
piecewise_0002,4,previous_period,29.80916265441647,30.452942345716504,107.58704577887802,74.82362475637667
piecewise_0002,5,previous_period,29.80916265441647,30.452942345716504,107.58704577887802,74.82362475637667
piecewise_0002,6,previous_period,29.80916265441647,30.452942345716504,107.58704577887802,74.82362475637667
piecewise_0003,1,default,63.40687903645799,2.8147882500565435,173.89630752009828,169.00149468874037
piecewise_0003,2,previous_period,38.58691702457985,37.75920524286214,173.89630752009828,108.23444385382567
piecewise_0003,3,previous_period,38.58691702457985,37.75920524286214,173.89630752009828,108.23444385382567
piecewise_0003,4,previous_period,38.58691702457985,37.75920524286214,173.89630752009828,108.23444385382567
piecewise_0003,5,previous_period,38.58691702457985,37.75920524286214,173.89630752009828,108.23444385382567
piecewise_0003,6,previous_period,38.58691702457985,37.75920524286214,173.89630752009828,108.23444385382567
piecewise_0004,1,default,70.51303084083439,-7.66784705531165,175.17770378352833,188.61006218465616
piecewise_0004,2,previous_period,52.92251417910348,20.071528690755912,175.17770378352833,140.01686070881004
piecewise_0004,3,previous_period,52.92251417910348,20.071528690755912,175.17770378352833,140.01686070881004
piecewise_0004,4,previous_period,52.92251417910348,20.071528690755912,175.17770378352833,140.01686070881004
piecewise_0004,5,previous_period,52.92251417910348,20.071528690755912,175.17770378352833,140.01686070881004
piecewise_0004,6,previous_period,52.92251417910348,20.071528690755912,175.17770378352833,140.01686070881004
piecewise_0005,1,default,69.4007334196755,2.303336235128195,189.72546089569582,185.35544560762128
piecewise_0005,2,previous_period,45.64058311266872,31.985940890949614,189.72546089569582,129.03998711851682
piecewise_0005,3,previous_period,45.64058311266872,31.985940890949614,189.72546089569582,129.03998711851682
piecewise_0005,4,previous_period,45.64058311266872,31.985940890949614,189.72546089569582,129.03998711851682
piecewise_0005,5,previous_period,45.64058311266872,31.985940890949614,189.72546089569582,129.03998711851682
piecewise_0005,6,previous_period,45.64058311266872,31.985940890949614,189.72546089569582,129.03998711851682
piecewise_0006,1,default,64.74359932119333,4.082639868848858,202.20103466141347,193.9458946051017
piecewise_0006,2,previous_period,34.32444436896086,52.34757244441395,202.20103466141347,96.35370155867548
piecewise_0006,3,previous_period,34.32444436896086,52.34757244441395,202.20103466141347,96.35370155867548
piecewise_0006,4,previous_period,34.32444436896086,52.34757244441395,202.20103466141347,96.35370155867548
piecewise_0006,5,previous_period,34.32444436896086,52.34757244441395,202.20103466141347,96.35370155867548
piecewise_0006,6,previous_period,34.32444436896086,52.34757244441395,202.20103466141347,96.35370155867548
piecewise_0007,1,default,53.92161873771942,-11.083223745526327,122.09991831770809,135.63252545796456
piecewise_0007,2,previous_period,42.268021521734674,10.59885613893109,122.09991831770809,109.15872362946183
piecewise_0007,3,previous_period,42.268021521734674,10.59885613893109,122.09991831770809,109.15872362946183
piecewise_0007,4,previous_period,42.268021521734674,10.59885613893109,122.09991831770809,109.15872362946183
piecewise_0007,5,previous_period,42.268021521734674,10.59885613893109,122.09991831770809,109.15872362946183
piecewise_0007,6,previous_period,42.268021521734674,10.59885613893109,122.09991831770809,109.15872362946183
piecewise_0008,1,default,49.54449708518422,-1.200354867475606,128.3915676071555,129.93272203835625
piecewise_0008,2,previous_period,39.19916163846325,23.798245963318397,128.3915676071555,97.8366265518444
piecewise_0008,3,previous_period,39.19916163846325,23.798245963318397,128.3915676071555,97.8366265518444
piecewise_0008,4,previous_period,39.19916163846325,23.798245963318397,128.3915676071555,97.8366265518444
piecewise_0008,5,previous_period,39.19916163846325,23.798245963318397,128.3915676071555,97.8366265518444
piecewise_0008,6,previous_period,39.19916163846325,23.798245963318397,128.3915676071555,97.8366265518444
piecewise_0009,1,default,63.22370379892252,-12.262291141489023,160.26573475645597,179.91798575233918
piecewise_0009,2,previous_period,34.58316418982172,39.76141728169661,160.26573475645597,96.54180720036445
piecewise_0009,3,previous_period,34.58316418982172,39.76141728169661,160.26573475645597,96.54180720036445
piecewise_0009,4,previous_period,34.58316418982172,39.76141728169661,160.26573475645597,96.54180720036445
piecewise_0009,5,previous_period,34.58316418982172,39.76141728169661,160.26573475645597,96.54180720036445
piecewise_0009,6,previous_period,34.58316418982172,39.76141728169661,160.26573475645597,96.54180720036445
piecewise_0010,1,default,63.468817445638514,9.706093761544121,192.6299568360163,173.9331126126906
piecewise_0010,2,previous_period,40.16724633703169,50.285731068554185,192.6299568360163,95.76457478398514
piecewise_0010,3,previous_period,40.16724633703169,50.285731068554185,192.6299568360163,95.76457478398514
piecewise_0010,4,previous_period,40.16724633703169,50.285731068554185,192.6299568360163,95.76457478398514
piecewise_0010,5,previous_period,40.16724633703169,50.285731068554185,192.6299568360163,95.76457478398514
piecewise_0010,6,previous_period,40.16724633703169,50.285731068554185,192.6299568360163,95.76457478398514
piecewise_0011,1,default,38.313594284848826,1.5916179152090426,90.92762199635246,89.48040167478496
piecewise_0011,2,previous_period,38.32419895594731,0.746032343150993,90.92762199635246,90.24927252740159
piecewise_0011,3,previous_period,38.32419895594731,0.746032343150993,90.92762199635246,90.24927252740159
piecewise_0011,4,previous_period,38.32419895594731,0.746032343150993,90.92762199635246,90.24927252740159
piecewise_0011,5,previous_period,38.32419895594731,0.746032343150993,90.92762199635246,90.24927252740159
piecewise_0011,6,previous_period,38.32419895594731,0.746032343150993,90.92762199635246,90.24927252740159
piecewise_0012,1,default,47.72926872141798,-17.526754475877638,101.39844537713077,119.17030194073737
piecewise_0012,2,previous_period,29.64540530624798,34.573531644902545,101.39844537713077,66.34142177722924
piecewise_0012,3,previous_period,29.64540530624798,34.573531644902545,101.39844537713077,66.34142177722924
piecewise_0012,4,previous_period,29.64540530624798,34.573531644902545,101.39844537713077,66.34142177722924
piecewise_0012,5,previous_period,29.64540530624798,34.573531644902545,101.39844537713077,66.34142177722924
piecewise_0012,6,previous_period,29.64540530624798,34.573531644902545,101.39844537713077,66.34142177722924
piecewise_0013,1,default,37.14732581733,11.774753245351544,113.09026968259579,99.77416948296752
piecewise_0013,2,previous_period,26.78208889259653,45.64799093451924,113.09026968259579,61.4668336300611
piecewise_0013,3,previous_period,26.78208889259653,45.64799093451924,113.09026968259579,61.4668336300611
piecewise_0013,4,previous_period,26.78208889259653,45.64799093451924,113.09026968259579,61.4668336300611
piecewise_0013,5,previous_period,26.78208889259653,45.64799093451924,113.09026968259579,61.4668336300611
piecewise_0013,6,previous_period,26.78208889259653,45.64799093451924,113.09026968259579,61.4668336300611
piecewise_0014,1,default,42.9747320577978,8.844273563619865,117.67302956321174,107.26570491804202
piecewise_0014,2,previous_period,33.18730731951194,25.794277203233683,117.67302956321174,87.32012212423378
piecewise_0014,3,previous_period,33.18730731951194,25.794277203233683,117.67302956321174,87.32012212423378
piecewise_0014,4,previous_period,33.18730731951194,25.794277203233683,117.67302956321174,87.32012212423378
piecewise_0014,5,previous_period,33.18730731951194,25.794277203233683,117.67302956321174,87.32012212423378
piecewise_0014,6,previous_period,33.18730731951194,25.794277203233683,117.67302956321174,87.32012212423378
piecewise_0015,1,default,67.6797785545912,-12.724627478210259,169.66877088611028,191.25848992822588
piecewise_0015,2,previous_period,37.39561328582909,43.91917064687429,169.66877088611028,95.15165386618534
piecewise_0015,3,previous_period,37.39561328582909,43.91917064687429,169.66877088611028,95.15165386618534
piecewise_0015,4,previous_period,37.39561328582909,43.91917064687429,169.66877088611028,95.15165386618534
piecewise_0015,5,previous_period,37.39561328582909,43.91917064687429,169.66877088611028,95.15165386618534
piecewise_0015,6,previous_period,37.39561328582909,43.91917064687429,169.66877088611028,95.15165386618534
piecewise_0016,1,default,32.95497406675195,-7.578352642414088,81.95160288710906,88.16218435000499
piecewise_0016,2,previous_period,13.672265602827537,56.27238419169207,81.95160288710906,35.835482059225235
piecewise_0016,3,previous_period,13.672265602827537,56.27238419169207,81.95160288710906,35.835482059225235
piecewise_0016,4,previous_period,13.672265602827537,56.27238419169207,81.95160288710906,35.835482059225235
piecewise_0016,5,previous_period,13.672265602827537,56.27238419169207,81.95160288710906,35.835482059225235
piecewise_0016,6,previous_period,13.672265602827537,56.27238419169207,81.95160288710906,35.835482059225235
piecewise_0017,1,default,43.074320048209806,-21.291054066892002,100.3458446942733,121.7105327420105
piecewise_0017,2,previous_period,30.757570196864698,42.134763000806494,100.3458446942733,58.06536085118388
piecewise_0017,3,previous_period,30.757570196864698,42.134763000806494,100.3458446942733,58.06536085118388
piecewise_0017,4,previous_period,30.757570196864698,42.134763000806494,100.3458446942733,58.06536085118388
piecewise_0017,5,previous_period,30.757570196864698,42.134763000806494,100.3458446942733,58.06536085118388
piecewise_0017,6,previous_period,30.757570196864698,42.134763000806494,100.3458446942733,58.06536085118388
piecewise_0018,1,default,27.809049269290348,22.9418679874124,94.94455955320072,73.16250403927526
piecewise_0018,2,previous_period,6.964544190179923,82.10904935566697,94.94455955320072,16.986484289142524
piecewise_0018,3,previous_period,6.964544190179923,82.10904935566697,94.94455955320072,16.986484289142524
piecewise_0018,4,previous_period,6.964544190179923,82.10904935566697,94.94455955320072,16.986484289142524
piecewise_0018,5,previous_period,6.964544190179923,82.10904935566697,94.94455955320072,16.986484289142524
piecewise_0018,6,previous_period,6.964544190179923,82.10904935566697,94.94455955320072,16.986484289142524
piecewise_0019,1,default,48.91475935822474,6.53519255278685,138.24269394898312,129.20826770925726
piecewise_0019,2,previous_period,27.3348144588871,44.206395783495644,138.24269394898312,77.13058152012906
piecewise_0019,3,previous_period,27.3348144588871,44.206395783495644,138.24269394898312,77.13058152012906
piecewise_0019,4,previous_period,27.3348144588871,44.206395783495644,138.24269394898312,77.13058152012906
piecewise_0019,5,previous_period,27.3348144588871,44.206395783495644,138.24269394898312,77.13058152012906
piecewise_0019,6,previous_period,27.3348144588871,44.206395783495644,138.24269394898312,77.13058152012906
piecewise_0020,1,default,50.28652133824782,11.325596824578653,146.28288823159915,129.71547808713922
piecewise_0020,2,previous_period,27.709636359721312,59.45156617404663,146.28288823159915,59.31542013328331
piecewise_0020,3,previous_period,27.709636359721312,59.45156617404663,146.28288823159915,59.31542013328331
piecewise_0020,4,previous_period,27.709636359721312,59.45156617404663,146.28288823159915,59.31542013328331
piecewise_0020,5,previous_period,27.709636359721312,59.45156617404663,146.28288823159915,59.31542013328331
piecewise_0020,6,previous_period,27.709636359721312,59.45156617404663,146.28288823159915,59.31542013328331
piecewise_0021,1,default,63.819383515667646,2.17229197081098,170.00272834345324,166.3097727254888
piecewise_0021,2,previous_period,63.408003575055254,2.553211874172301,170.00272834345324,165.6621984969713
piecewise_0021,3,previous_period,63.408003575055254,2.553211874172301,170.00272834345324,165.6621984969713
piecewise_0021,4,previous_period,63.408003575055254,2.553211874172301,170.00272834345324,165.6621984969713
piecewise_0021,5,previous_period,63.408003575055254,2.553211874172301,170.00272834345324,165.6621984969713
piecewise_0021,6,previous_period,63.408003575055254,2.553211874172301,170.00272834345324,165.6621984969713
piecewise_0022,1,default,49.288692436654316,4.505813058967334,133.83373271937123,127.80343491319836
piecewise_0022,2,previous_period,37.464207184368846,26.961512875331238,133.83373271937123,97.75013364070155
piecewise_0022,3,previous_period,37.464207184368846,26.961512875331238,133.83373271937123,97.75013364070155
piecewise_0022,4,previous_period,37.464207184368846,26.961512875331238,133.83373271937123,97.75013364070155
piecewise_0022,5,previous_period,37.464207184368846,26.961512875331238,133.83373271937123,97.75013364070155
piecewise_0022,6,previous_period,37.464207184368846,26.961512875331238,133.83373271937123,97.75013364070155
piecewise_0023,1,default,32.63443806570411,-6.71364549000828,74.92994330113196,79.96047406023416
piecewise_0023,2,previous_period,16.53981945839006,49.35256501851283,74.92994330113196,37.950094315106014
piecewise_0023,3,previous_period,16.53981945839006,49.35256501851283,74.92994330113196,37.950094315106014
piecewise_0023,4,previous_period,16.53981945839006,49.35256501851283,74.92994330113196,37.950094315106014
piecewise_0023,5,previous_period,16.53981945839006,49.35256501851283,74.92994330113196,37.950094315106014
piecewise_0023,6,previous_period,16.53981945839006,49.35256501851283,74.92994330113196,37.950094315106014
piecewise_0024,1,default,53.67655538546124,-8.460230349972854,134.30275666293605,145.66507924298395
piecewise_0024,2,previous_period,45.13290782064617,12.400845982850594,134.30275666293605,117.64807865844273
piecewise_0024,3,previous_period,45.13290782064617,12.400845982850594,134.30275666293605,117.64807865844273
piecewise_0024,4,previous_period,45.13290782064617,12.400845982850594,134.30275666293605,117.64807865844273
piecewise_0024,5,previous_period,45.13290782064617,12.400845982850594,134.30275666293605,117.64807865844273
piecewise_0024,6,previous_period,45.13290782064617,12.400845982850594,134.30275666293605,117.64807865844273
piecewise_0025,1,default,58.538244201700394,4.172307122982122,158.24932365373715,151.64667585086124
piecewise_0025,2,previous_period,41.68661970623895,29.784124642343723,158.24932365373715,111.11614785104216
piecewise_0025,3,previous_period,41.68661970623895,29.784124642343723,158.24932365373715,111.11614785104216
piecewise_0025,4,previous_period,41.68661970623895,29.784124642343723,158.24932365373715,111.11614785104216
piecewise_0025,5,previous_period,41.68661970623895,29.784124642343723,158.24932365373715,111.11614785104216
piecewise_0025,6,previous_period,41.68661970623895,29.784124642343723,158.24932365373715,111.11614785104216
piecewise_0026,1,default,56.50708186181448,10.71578463163181,172.36441189279032,153.89421273278015
piecewise_0026,2,previous_period,34.41401271842866,47.175035974465814,172.36441189279032,91.05143857519005
piecewise_0026,3,previous_period,34.41401271842866,47.175035974465814,172.36441189279032,91.05143857519005
piecewise_0026,4,previous_period,34.41401271842866,47.175035974465814,172.36441189279032,91.05143857519005
piecewise_0026,5,previous_period,34.41401271842866,47.175035974465814,172.36441189279032,91.05143857519005
piecewise_0026,6,previous_period,34.41401271842866,47.175035974465814,172.36441189279032,91.05143857519005
piecewise_0027,1,default,68.04684887367239,7.6412301496835315,228.17023664492314,210.73522372980702
piecewise_0027,2,previous_period,25.222186918727562,69.26363724912366,228.17023664492314,70.13123162471655
piecewise_0027,3,previous_period,25.222186918727562,69.26363724912366,228.17023664492314,70.13123162471655
piecewise_0027,4,previous_period,25.222186918727562,69.26363724912366,228.17023664492314,70.13123162471655
piecewise_0027,5,previous_period,25.222186918727562,69.26363724912366,228.17023664492314,70.13123162471655
piecewise_0027,6,previous_period,25.222186918727562,69.26363724912366,228.17023664492314,70.13123162471655
piecewise_0028,1,default,44.12742406828895,-0.8633095979838412,111.90651128244386,112.87261093511407
piecewise_0028,2,previous_period,36.27543073305698,19.4792875317401,111.90651128244386,90.10792018299745
piecewise_0028,3,previous_period,36.27543073305698,19.4792875317401,111.90651128244386,90.10792018299745
piecewise_0028,4,previous_period,36.27543073305698,19.4792875317401,111.90651128244386,90.10792018299745
piecewise_0028,5,previous_period,36.27543073305698,19.4792875317401,111.90651128244386,90.10792018299745
piecewise_0028,6,previous_period,36.27543073305698,19.4792875317401,111.90651128244386,90.10792018299745
piecewise_0029,1,default,30.343853423851968,9.182737581448585,82.74990477449708,75.15119817015642
piecewise_0029,2,previous_period,26.532267699155145,18.444942160672404,82.74990477449708,67.4867327008296
piecewise_0029,3,previous_period,26.532267699155145,18.444942160672404,82.74990477449708,67.4867327008296
piecewise_0029,4,previous_period,26.532267699155145,18.444942160672404,82.74990477449708,67.4867327008296
piecewise_0029,5,previous_period,26.532267699155145,18.444942160672404,82.74990477449708,67.4867327008296
piecewise_0029,6,previous_period,26.532267699155145,18.444942160672404,82.74990477449708,67.4867327008296
piecewise_0030,1,default,41.66565914637678,8.441469659403488,118.42082994976694,108.42437151914356
piecewise_0030,2,previous_period,33.57474101451576,23.310599556220446,118.42082994976694,90.816224489024
piecewise_0030,3,previous_period,33.57474101451576,23.310599556220446,118.42082994976694,90.816224489024
piecewise_0030,4,previous_period,33.57474101451576,23.310599556220446,118.42082994976694,90.816224489024
piecewise_0030,5,previous_period,33.57474101451576,23.310599556220446,118.42082994976694,90.816224489024
piecewise_0030,6,previous_period,33.57474101451576,23.310599556220446,118.42082994976694,90.816224489024
piecewise_0031,1,default,39.131455020163536,13.364829696951519,129.5019111587785,112.19420127811031
piecewise_0031,2,previous_period,16.545583234255584,75.45974495865667,129.5019111587785,31.7800992817781
piecewise_0031,3,previous_period,16.545583234255584,75.45974495865667,129.5019111587785,31.7800992817781
piecewise_0031,4,previous_period,16.545583234255584,75.45974495865667,129.5019111587785,31.7800992817781
piecewise_0031,5,previous_period,16.545583234255584,75.45974495865667,129.5019111587785,31.7800992817781
piecewise_0031,6,previous_period,16.545583234255584,75.45974495865667,129.5019111587785,31.7800992817781
piecewise_0032,1,default,34.10629215826621,-9.608135771713645,84.49923754655381,92.61803901608954
piecewise_0032,2,previous_period,31.3436121671005,5.560518477415711,84.49923754655381,79.8006418295023
piecewise_0032,3,previous_period,31.3436121671005,5.560518477415711,84.49923754655381,79.8006418295023
piecewise_0032,4,previous_period,31.3436121671005,5.560518477415711,84.49923754655381,79.8006418295023
piecewise_0032,5,previous_period,31.3436121671005,5.560518477415711,84.49923754655381,79.8006418295023
piecewise_0032,6,previous_period,31.3436121671005,5.560518477415711,84.49923754655381,79.8006418295023
piecewise_0033,1,default,42.677796283162614,3.684633764001255,113.26815053799506,109.09463401941233
piecewise_0033,2,previous_period,38.46713051633677,17.70939853730028,113.26815053799506,93.20904234339228
piecewise_0033,3,previous_period,38.46713051633677,17.70939853730028,113.26815053799506,93.20904234339228
piecewise_0033,4,previous_period,38.46713051633677,17.70939853730028,113.26815053799506,93.20904234339228
piecewise_0033,5,previous_period,38.46713051633677,17.70939853730028,113.26815053799506,93.20904234339228
piecewise_0033,6,previous_period,38.46713051633677,17.70939853730028,113.26815053799506,93.20904234339228
piecewise_0034,1,default,73.43704825173403,-4.635913939251268,193.99057246072928,202.98380845026958
piecewise_0034,2,previous_period,54.32864910531146,22.942923708454977,193.99057246072928,149.4834634194691
piecewise_0034,3,previous_period,54.32864910531146,22.942923708454977,193.99057246072928,149.4834634194691
piecewise_0034,4,previous_period,54.32864910531146,22.942923708454977,193.99057246072928,149.4834634194691
piecewise_0034,5,previous_period,54.32864910531146,22.942923708454977,193.99057246072928,149.4834634194691
piecewise_0034,6,previous_period,54.32864910531146,22.942923708454977,193.99057246072928,149.4834634194691
piecewise_0035,1,default,46.65413313425589,-10.678149019040939,109.77477893662832,121.49669341680426
piecewise_0035,2,previous_period,29.101655215084516,33.48364735624861,109.77477893662832,73.01817907138621
piecewise_0035,3,previous_period,29.101655215084516,33.48364735624861,109.77477893662832,73.01817907138621
piecewise_0035,4,previous_period,29.101655215084516,33.48364735624861,109.77477893662832,73.01817907138621
piecewise_0035,5,previous_period,29.101655215084516,33.48364735624861,109.77477893662832,73.01817907138621
piecewise_0035,6,previous_period,29.101655215084516,33.48364735624861,109.77477893662832,73.01817907138621
piecewise_0036,1,default,62.91244767638681,-8.95747035668606,153.26157535911904,166.98993554010218
piecewise_0036,2,previous_period,44.99736464304713,22.977167185898406,153.26157535911904,118.04640695711258
piecewise_0036,3,previous_period,44.99736464304713,22.977167185898406,153.26157535911904,118.04640695711258
piecewise_0036,4,previous_period,44.99736464304713,22.977167185898406,153.26157535911904,118.04640695711258
piecewise_0036,5,previous_period,44.99736464304713,22.977167185898406,153.26157535911904,118.04640695711258
piecewise_0036,6,previous_period,44.99736464304713,22.977167185898406,153.26157535911904,118.04640695711258
piecewise_0037,1,default,34.84241793160996,15.759933200318166,112.71782561804287,94.95357159578819
piecewise_0037,2,previous_period,15.675442159500495,63.20550596320291,112.71782561804287,41.473953625438114
piecewise_0037,3,previous_period,15.675442159500495,63.20550596320291,112.71782561804287,41.473953625438114
piecewise_0037,4,previous_period,15.675442159500495,63.20550596320291,112.71782561804287,41.473953625438114
piecewise_0037,5,previous_period,15.675442159500495,63.20550596320291,112.71782561804287,41.473953625438114
piecewise_0037,6,previous_period,15.675442159500495,63.20550596320291,112.71782561804287,41.473953625438114
piecewise_0038,1,default,64.1509429014298,-7.01499630839475,151.52939674459986,162.15917833236637
piecewise_0038,2,previous_period,42.46589125290841,28.625927727484747,151.52939674459986,108.15270114659708
piecewise_0038,3,previous_period,42.46589125290841,28.625927727484747,151.52939674459986,108.15270114659708
piecewise_0038,4,previous_period,42.46589125290841,28.625927727484747,151.52939674459986,108.15270114659708
piecewise_0038,5,previous_period,42.46589125290841,28.625927727484747,151.52939674459986,108.15270114659708
piecewise_0038,6,previous_period,42.46589125290841,28.625927727484747,151.52939674459986,108.15270114659708
piecewise_0039,1,default,52.932576731058624,-2.1638998965358702,132.35294090564162,135.21692605696097
piecewise_0039,2,previous_period,40.64754550196147,21.25054626903651,132.35294090564162,104.2272179600577
piecewise_0039,3,previous_period,40.64754550196147,21.25054626903651,132.35294090564162,104.2272179600577
piecewise_0039,4,previous_period,40.64754550196147,21.25054626903651,132.35294090564162,104.2272179600577
piecewise_0039,5,previous_period,40.64754550196147,21.25054626903651,132.35294090564162,104.2272179600577
piecewise_0039,6,previous_period,40.64754550196147,21.25054626903651,132.35294090564162,104.2272179600577
piecewise_0040,1,default,38.008621046883015,-9.979217591700152,81.62785869677926,89.7736803315764
piecewise_0040,2,previous_period,16.254135629597762,47.2939994461324,81.62785869677926,43.02277965683473
piecewise_0040,3,previous_period,16.254135629597762,47.2939994461324,81.62785869677926,43.02277965683473
piecewise_0040,4,previous_period,16.254135629597762,47.2939994461324,81.62785869677926,43.02277965683473
piecewise_0040,5,previous_period,16.254135629597762,47.2939994461324,81.62785869677926,43.02277965683473
piecewise_0040,6,previous_period,16.254135629597762,47.2939994461324,81.62785869677926,43.02277965683473
piecewise_0041,1,default,30.799250344571277,13.714270071636614,92.1650868602037,79.52531793643689
piecewise_0041,2,previous_period,27.73484206212582,39.24770383676894,92.1650868602037,55.99240652841011
piecewise_0041,3,previous_period,27.73484206212582,39.24770383676894,92.1650868602037,55.99240652841011
piecewise_0041,4,previous_period,27.73484206212582,39.24770383676894,92.1650868602037,55.99240652841011
piecewise_0041,5,previous_period,27.73484206212582,39.24770383676894,92.1650868602037,55.99240652841011
piecewise_0041,6,previous_period,27.73484206212582,39.24770383676894,92.1650868602037,55.99240652841011
piecewise_0042,1,default,72.50094049060495,-4.5912227648047255,193.2584441910294,202.1313698756354
piecewise_0042,2,previous_period,53.7819606549865,23.084711818394787,193.2584441910294,148.64528928481695
piecewise_0042,3,previous_period,53.7819606549865,23.084711818394787,193.2584441910294,148.64528928481695
piecewise_0042,4,previous_period,53.7819606549865,23.084711818394787,193.2584441910294,148.64528928481695
piecewise_0042,5,previous_period,53.7819606549865,23.084711818394787,193.2584441910294,148.64528928481695
piecewise_0042,6,previous_period,53.7819606549865,23.084711818394787,193.2584441910294,148.64528928481695
piecewise_0043,1,default,42.108039811643216,8.712533977420433,119.91887267999013,109.47090015240644
piecewise_0043,2,previous_period,39.120814094685215,22.077433364774013,119.91887267999013,93.44386347227712
piecewise_0043,3,previous_period,39.120814094685215,22.077433364774013,119.91887267999013,93.44386347227712
piecewise_0043,4,previous_period,39.120814094685215,22.077433364774013,119.91887267999013,93.44386347227712
piecewise_0043,5,previous_period,39.120814094685215,22.077433364774013,119.91887267999013,93.44386347227712
piecewise_0043,6,previous_period,39.120814094685215,22.077433364774013,119.91887267999013,93.44386347227712
piecewise_0044,1,default,50.52327668729301,9.332198777111323,149.5760414059385,135.617307899002
piecewise_0044,2,previous_period,34.39526187342102,38.42645914581856,149.5760414059385,92.09926496315289
piecewise_0044,3,previous_period,34.39526187342102,38.42645914581856,149.5760414059385,92.09926496315289
piecewise_0044,4,previous_period,34.39526187342102,38.42645914581856,149.5760414059385,92.09926496315289
piecewise_0044,5,previous_period,34.39526187342102,38.42645914581856,149.5760414059385,92.09926496315289
piecewise_0044,6,previous_period,34.39526187342102,38.42645914581856,149.5760414059385,92.09926496315289
piecewise_0045,1,default,52.622691784809724,0.9485649291680831,138.79213674799672,137.47560321436222
piecewise_0045,2,previous_period,49.41928771925291,5.231100888580487,138.79213674799672,131.53178004929242
piecewise_0045,3,previous_period,49.41928771925291,5.231100888580487,138.79213674799672,131.53178004929242
piecewise_0045,4,previous_period,49.41928771925291,5.231100888580487,138.79213674799672,131.53178004929242
piecewise_0045,5,previous_period,49.41928771925291,5.231100888580487,138.79213674799672,131.53178004929242
piecewise_0045,6,previous_period,49.41928771925291,5.231100888580487,138.79213674799672,131.53178004929242
piecewise_0046,1,default,39.481765695926974,-17.656539043890042,92.3147501789665,108.61434008758528
piecewise_0046,2,previous_period,21.159791612643463,37.42426726240444,92.3147501789665,57.76663134936909
piecewise_0046,3,previous_period,21.159791612643463,37.42426726240444,92.3147501789665,57.76663134936909
piecewise_0046,4,previous_period,21.159791612643463,37.42426726240444,92.3147501789665,57.76663134936909
piecewise_0046,5,previous_period,21.159791612643463,37.42426726240444,92.3147501789665,57.76663134936909
piecewise_0046,6,previous_period,21.159791612643463,37.42426726240444,92.3147501789665,57.76663134936909
piecewise_0047,1,default,45.78666180031569,13.610967440463861,153.21860967985887,132.36407460360186
piecewise_0047,2,previous_period,17.017430547625196,73.17208983363554,153.21860967985887,41.10535096306512
piecewise_0047,3,previous_period,17.017430547625196,73.17208983363554,153.21860967985887,41.10535096306512
piecewise_0047,4,previous_period,17.017430547625196,73.17208983363554,153.21860967985887,41.10535096306512
piecewise_0047,5,previous_period,17.017430547625196,73.17208983363554,153.21860967985887,41.10535096306512
piecewise_0047,6,previous_period,17.017430547625196,73.17208983363554,153.21860967985887,41.10535096306512
piecewise_0048,1,default,68.86538668353366,-7.691762469378394,179.62011295373998,193.4360653893708
piecewise_0048,2,previous_period,53.862738152983326,15.597216480404796,179.62011295373998,151.60437509399753
piecewise_0048,3,previous_period,53.862738152983326,15.597216480404796,179.62011295373998,151.60437509399753
piecewise_0048,4,previous_period,53.862738152983326,15.597216480404796,179.62011295373998,151.60437509399753
piecewise_0048,5,previous_period,53.862738152983326,15.597216480404796,179.62011295373998,151.60437509399753
piecewise_0048,6,previous_period,53.862738152983326,15.597216480404796,179.62011295373998,151.60437509399753
piecewise_0049,1,default,74.44422711862715,-9.299730677371265,205.4964421026453,224.60705776977147
piecewise_0049,2,previous_period,33.09772335315324,51.541306215141134,205.4964421026453,99.58089161730067
piecewise_0049,3,previous_period,33.09772335315324,51.541306215141134,205.4964421026453,99.58089161730067
piecewise_0049,4,previous_period,33.09772335315324,51.541306215141134,205.4964421026453,99.58089161730067
piecewise_0049,5,previous_period,33.09772335315324,51.541306215141134,205.4964421026453,99.58089161730067
piecewise_0049,6,previous_period,33.09772335315324,51.541306215141134,205.4964421026453,99.58089161730067
piecewise_0050,1,default,66.65012576005692,5.7596686641306905,203.15660269773147,191.45545551303775
piecewise_0050,2,previous_period,44.852379466053236,35.58642940888909,203.15660269773147,130.860421689206
piecewise_0050,3,previous_period,44.852379466053236,35.58642940888909,203.15660269773147,130.860421689206
piecewise_0050,4,previous_period,44.852379466053236,35.58642940888909,203.15660269773147,130.860421689206
piecewise_0050,5,previous_period,44.852379466053236,35.58642940888909,203.15660269773147,130.860421689206
piecewise_0050,6,previous_period,44.852379466053236,35.58642940888909,203.15660269773147,130.860421689206
piecewise_0051,1,default,54.02860982419184,-2.0120657426190736,139.37509546783835,142.17941401748936
piecewise_0051,2,previous_period,49.5572865863431,6.729969311856898,139.37509546783835,129.99519431448158
piecewise_0051,3,previous_period,49.5572865863431,6.729969311856898,139.37509546783835,129.99519431448158
piecewise_0051,4,previous_period,49.5572865863431,6.729969311856898,139.37509546783835,129.99519431448158
piecewise_0051,5,previous_period,49.5572865863431,6.729969311856898,139.37509546783835,129.99519431448158
piecewise_0051,6,previous_period,49.5572865863431,6.729969311856898,139.37509546783835,129.99519431448158
piecewise_0052,1,default,55.75219752415477,11.380560179651166,150.2170966299363,133.12154954784165
piecewise_0052,2,previous_period,30.347140519191854,52.368870470317106,150.2170966299363,71.55009987153387
piecewise_0052,3,previous_period,30.347140519191854,52.368870470317106,150.2170966299363,71.55009987153387
piecewise_0052,4,previous_period,30.347140519191854,52.368870470317106,150.2170966299363,71.55009987153387
piecewise_0052,5,previous_period,30.347140519191854,52.368870470317106,150.2170966299363,71.55009987153387
piecewise_0052,6,previous_period,30.347140519191854,52.368870470317106,150.2170966299363,71.55009987153387
piecewise_0053,1,default,72.07674652651312,-4.926104810615239,197.44184798267815,207.1680403543205
piecewise_0053,2,previous_period,35.9711462696226,54.32971891049242,197.44184798267815,90.17224696200736
piecewise_0053,3,previous_period,35.9711462696226,54.32971891049242,197.44184798267815,90.17224696200736
piecewise_0053,4,previous_period,35.9711462696226,54.32971891049242,197.44184798267815,90.17224696200736
piecewise_0053,5,previous_period,35.9711462696226,54.32971891049242,197.44184798267815,90.17224696200736
piecewise_0053,6,previous_period,35.9711462696226,54.32971891049242,197.44184798267815,90.17224696200736
piecewise_0054,1,default,45.037705979913326,0.3381021659734085,109.62248443359874,109.25184843933488
piecewise_0054,2,previous_period,24.529031837647747,47.46535850009431,109.62248443359874,57.58977920048102
piecewise_0054,3,previous_period,24.529031837647747,47.46535850009431,109.62248443359874,57.58977920048102
piecewise_0054,4,previous_period,24.529031837647747,47.46535850009431,109.62248443359874,57.58977920048102
piecewise_0054,5,previous_period,24.529031837647747,47.46535850009431,109.62248443359874,57.58977920048102
piecewise_0054,6,previous_period,24.529031837647747,47.46535850009431,109.62248443359874,57.58977920048102
piecewise_0055,1,default,58.26945142751739,-2.382577646666939,157.44224684336177,161.1934306230619
piecewise_0055,2,previous_period,55.36931731572534,2.65261367735532,157.44224684336177,153.26591226965922
piecewise_0055,3,previous_period,55.36931731572534,2.65261367735532,157.44224684336177,153.26591226965922
piecewise_0055,4,previous_period,55.36931731572534,2.65261367735532,157.44224684336177,153.26591226965922
piecewise_0055,5,previous_period,55.36931731572534,2.65261367735532,157.44224684336177,153.26591226965922
piecewise_0055,6,previous_period,55.36931731572534,2.65261367735532,157.44224684336177,153.26591226965922
piecewise_0056,1,default,47.48887589159458,13.144542989141483,157.9942371061494,137.22661668936547
piecewise_0056,2,previous_period,23.794804570887496,57.93270704428335,157.9942371061494,66.46389857659344
piecewise_0056,3,previous_period,23.794804570887496,57.93270704428335,157.9942371061494,66.46389857659344
piecewise_0056,4,previous_period,23.794804570887496,57.93270704428335,157.9942371061494,66.46389857659344
piecewise_0056,5,previous_period,23.794804570887496,57.93270704428335,157.9942371061494,66.46389857659344
piecewise_0056,6,previous_period,23.794804570887496,57.93270704428335,157.9942371061494,66.46389857659344
piecewise_0057,1,default,79.18891470997602,-10.767637992610313,203.07263149413166,224.9387573154873
piecewise_0057,2,previous_period,54.069729955274134,24.7708866832842,203.07263149413166,152.769740061957
piecewise_0057,3,previous_period,54.069729955274134,24.7708866832842,203.07263149413166,152.769740061957
piecewise_0057,4,previous_period,54.069729955274134,24.7708866832842,203.07263149413166,152.769740061957
piecewise_0057,5,previous_period,54.069729955274134,24.7708866832842,203.07263149413166,152.769740061957
piecewise_0057,6,previous_period,54.069729955274134,24.7708866832842,203.07263149413166,152.769740061957
piecewise_0058,1,default,50.20016204569235,-7.9259984121825555,126.4023086643,136.42095364199452
piecewise_0058,2,previous_period,39.80778835794918,16.114787249864893,126.4023086643,106.03284554413051
piecewise_0058,3,previous_period,39.80778835794918,16.114787249864893,126.4023086643,106.03284554413051
piecewise_0058,4,previous_period,39.80778835794918,16.114787249864893,126.4023086643,106.03284554413051
piecewise_0058,5,previous_period,39.80778835794918,16.114787249864893,126.4023086643,106.03284554413051
piecewise_0058,6,previous_period,39.80778835794918,16.114787249864893,126.4023086643,106.03284554413051
piecewise_0059,1,default,49.65950656300645,14.423748290399207,151.3958503407598,129.55889396549912
piecewise_0059,2,previous_period,31.482071009909436,48.64481335300568,151.3958503407598,77.74962151830138
piecewise_0059,3,previous_period,31.482071009909436,48.64481335300568,151.3958503407598,77.74962151830138
piecewise_0059,4,previous_period,31.482071009909436,48.64481335300568,151.3958503407598,77.74962151830138
piecewise_0059,5,previous_period,31.482071009909436,48.64481335300568,151.3958503407598,77.74962151830138
piecewise_0059,6,previous_period,31.482071009909436,48.64481335300568,151.3958503407598,77.74962151830138
piecewise_0060,1,default,30.389641552634405,-9.700548512636399,66.81064335588914,73.29164222623166
piecewise_0060,2,previous_period,27.33026327189223,0.2883920830450526,66.81064335588914,66.61796674981929
piecewise_0060,3,previous_period,27.33026327189223,0.2883920830450526,66.81064335588914,66.61796674981929
piecewise_0060,4,previous_period,27.33026327189223,0.2883920830450526,66.81064335588914,66.61796674981929
piecewise_0060,5,previous_period,27.33026327189223,0.2883920830450526,66.81064335588914,66.61796674981929
piecewise_0060,6,previous_period,27.33026327189223,0.2883920830450526,66.81064335588914,66.61796674981929
piecewise_0061,1,default,39.46102773895164,4.701111973953442,108.03425558270187,102.95544425753201
piecewise_0061,2,previous_period,38.86222144866944,3.7454187136534367,108.03425558270187,103.98792035695118
piecewise_0061,3,previous_period,38.86222144866944,3.7454187136534367,108.03425558270187,103.98792035695118
piecewise_0061,4,previous_period,38.86222144866944,3.7454187136534367,108.03425558270187,103.98792035695118
piecewise_0061,5,previous_period,38.86222144866944,3.7454187136534367,108.03425558270187,103.98792035695118
piecewise_0061,6,previous_period,38.86222144866944,3.7454187136534367,108.03425558270187,103.98792035695118
piecewise_0062,1,default,36.82697695678735,-0.08961991995333207,95.56511025625589,95.65075563157086
piecewise_0062,2,previous_period,22.18567490424497,66.23574589314497,95.56511025625589,32.26684666441842
piecewise_0062,3,previous_period,22.18567490424497,66.23574589314497,95.56511025625589,32.26684666441842
piecewise_0062,4,previous_period,22.18567490424497,66.23574589314497,95.56511025625589,32.26684666441842
piecewise_0062,5,previous_period,22.18567490424497,66.23574589314497,95.56511025625589,32.26684666441842
piecewise_0062,6,previous_period,22.18567490424497,66.23574589314497,95.56511025625589,32.26684666441842
piecewise_0063,1,default,68.67420654778847,6.466754920221751,210.55528810797944,196.9391936544696
piecewise_0063,2,previous_period,35.37216746563018,53.94207716794701,210.55528810797944,96.97739211558002
piecewise_0063,3,previous_period,35.37216746563018,53.94207716794701,210.55528810797944,96.97739211558002
piecewise_0063,4,previous_period,35.37216746563018,53.94207716794701,210.55528810797944,96.97739211558002
piecewise_0063,5,previous_period,35.37216746563018,53.94207716794701,210.55528810797944,96.97739211558002
piecewise_0063,6,previous_period,35.37216746563018,53.94207716794701,210.55528810797944,96.97739211558002
piecewise_0064,1,default,52.804917948308265,-15.809161749057754,128.94185621047842,149.32648282103042
piecewise_0064,2,previous_period,18.68244389224825,59.13796532464865,128.94185621047842,52.688265995767374
piecewise_0064,3,previous_period,18.68244389224825,59.13796532464865,128.94185621047842,52.688265995767374
piecewise_0064,4,previous_period,18.68244389224825,59.13796532464865,128.94185621047842,52.688265995767374
piecewise_0064,5,previous_period,18.68244389224825,59.13796532464865,128.94185621047842,52.688265995767374
piecewise_0064,6,previous_period,18.68244389224825,59.13796532464865,128.94185621047842,52.688265995767374
piecewise_0065,1,default,79.46070145712041,-4.910801592140723,215.93025233752348,226.53415860722808
piecewise_0065,2,previous_period,43.71459563166757,44.98811496449987,215.93025233752348,118.78730217278374
piecewise_0065,3,previous_period,43.71459563166757,44.98811496449987,215.93025233752348,118.78730217278374
piecewise_0065,4,previous_period,43.71459563166757,44.98811496449987,215.93025233752348,118.78730217278374
piecewise_0065,5,previous_period,43.71459563166757,44.98811496449987,215.93025233752348,118.78730217278374
piecewise_0065,6,previous_period,43.71459563166757,44.98811496449987,215.93025233752348,118.78730217278374
piecewise_0066,1,default,56.39753341781121,-1.3952250593078919,159.63610333812835,161.86338625560455
piecewise_0066,2,previous_period,36.23155693214627,38.245711852887624,159.63610333812835,98.58213924224987
piecewise_0066,3,previous_period,36.23155693214627,38.245711852887624,159.63610333812835,98.58213924224987
piecewise_0066,4,previous_period,36.23155693214627,38.245711852887624,159.63610333812835,98.58213924224987
piecewise_0066,5,previous_period,36.23155693214627,38.245711852887624,159.63610333812835,98.58213924224987
piecewise_0066,6,previous_period,36.23155693214627,38.245711852887624,159.63610333812835,98.58213924224987
piecewise_0067,1,default,79.09427540359293,5.607625154462948,228.28011573770124,215.47902254495676
piecewise_0067,2,previous_period,50.04906615105475,40.56314973032735,228.28011573770124,135.6825105864529
piecewise_0067,3,previous_period,50.04906615105475,40.56314973032735,228.28011573770124,135.6825105864529
piecewise_0067,4,previous_period,50.04906615105475,40.56314973032735,228.28011573770124,135.6825105864529
piecewise_0067,5,previous_period,50.04906615105475,40.56314973032735,228.28011573770124,135.6825105864529
piecewise_0067,6,previous_period,50.04906615105475,40.56314973032735,228.28011573770124,135.6825105864529
piecewise_0068,1,default,78.78941545310185,2.9321814043679617,228.69543130340134,221.98966639408388
piecewise_0068,2,previous_period,50.5162766761078,39.18502583642758,228.69543130340134,139.08106746043404
piecewise_0068,3,previous_period,50.5162766761078,39.18502583642758,228.69543130340134,139.08106746043404
piecewise_0068,4,previous_period,50.5162766761078,39.18502583642758,228.69543130340134,139.08106746043404
piecewise_0068,5,previous_period,50.5162766761078,39.18502583642758,228.69543130340134,139.08106746043404
piecewise_0068,6,previous_period,50.5162766761078,39.18502583642758,228.69543130340134,139.08106746043404
piecewise_0069,1,default,50.66646495038535,-6.015959690720374,133.6223872170061,141.66105616975946
piecewise_0069,2,previous_period,46.370500071269824,8.467759432499111,133.6223872170061,122.30756491950757
piecewise_0069,3,previous_period,46.370500071269824,8.467759432499111,133.6223872170061,122.30756491950757
piecewise_0069,4,previous_period,46.370500071269824,8.467759432499111,133.6223872170061,122.30756491950757
piecewise_0069,5,previous_period,46.370500071269824,8.467759432499111,133.6223872170061,122.30756491950757
piecewise_0069,6,previous_period,46.370500071269824,8.467759432499111,133.6223872170061,122.30756491950757
piecewise_0070,1,default,40.65311390787529,-13.547067716939765,98.60015837614003,111.95758860036557
piecewise_0070,2,previous_period,30.45653459224104,18.76488968364891,98.60015837614003,80.09794742895424
piecewise_0070,3,previous_period,30.45653459224104,18.76488968364891,98.60015837614003,80.09794742895424
piecewise_0070,4,previous_period,30.45653459224104,18.76488968364891,98.60015837614003,80.09794742895424
piecewise_0070,5,previous_period,30.45653459224104,18.76488968364891,98.60015837614003,80.09794742895424
piecewise_0070,6,previous_period,30.45653459224104,18.76488968364891,98.60015837614003,80.09794742895424
piecewise_0071,1,default,30.776082176264694,14.392649036426807,107.25405571450706,91.81735589818439
piecewise_0071,2,previous_period,10.94430776224639,74.32847865444454,107.25405571450706,27.53374780672363
piecewise_0071,3,previous_period,10.94430776224639,74.32847865444454,107.25405571450706,27.53374780672363
piecewise_0071,4,previous_period,10.94430776224639,74.32847865444454,107.25405571450706,27.53374780672363
piecewise_0071,5,previous_period,10.94430776224639,74.32847865444454,107.25405571450706,27.53374780672363
piecewise_0071,6,previous_period,10.94430776224639,74.32847865444454,107.25405571450706,27.53374780672363
piecewise_0072,1,default,58.41054926573121,2.698310629520828,171.32570168833468,166.7028020685772
piecewise_0072,2,previous_period,44.04174692377015,37.800117833043934,171.32570168833468,106.56438457185483
piecewise_0072,3,previous_period,44.04174692377015,37.800117833043934,171.32570168833468,106.56438457185483
piecewise_0072,4,previous_period,44.04174692377015,37.800117833043934,171.32570168833468,106.56438457185483
piecewise_0072,5,previous_period,44.04174692377015,37.800117833043934,171.32570168833468,106.56438457185483
piecewise_0072,6,previous_period,44.04174692377015,37.800117833043934,171.32570168833468,106.56438457185483
piecewise_0073,1,default,49.96830772653491,-4.745614195685377,139.55163692044246,146.17421921245028
piecewise_0073,2,previous_period,28.819709130868457,52.69043162434963,139.55163692044246,66.02127708821607
piecewise_0073,3,previous_period,28.819709130868457,52.69043162434963,139.55163692044246,66.02127708821607
piecewise_0073,4,previous_period,28.819709130868457,52.69043162434963,139.55163692044246,66.02127708821607
piecewise_0073,5,previous_period,28.819709130868457,52.69043162434963,139.55163692044246,66.02127708821607
piecewise_0073,6,previous_period,28.819709130868457,52.69043162434963,139.55163692044246,66.02127708821607
piecewise_0074,1,default,51.60462813524618,-6.767150131910271,125.31005449137866,133.78997400918882
piecewise_0074,2,previous_period,42.957261173458605,10.051279676510461,125.31005449137866,112.71479045166254
piecewise_0074,3,previous_period,42.957261173458605,10.051279676510461,125.31005449137866,112.71479045166254
piecewise_0074,4,previous_period,42.957261173458605,10.051279676510461,125.31005449137866,112.71479045166254
piecewise_0074,5,previous_period,42.957261173458605,10.051279676510461,125.31005449137866,112.71479045166254
piecewise_0074,6,previous_period,42.957261173458605,10.051279676510461,125.31005449137866,112.71479045166254
piecewise_0075,1,default,65.01264929137001,9.037862933690855,211.55285415262415,192.43299716199905
piecewise_0075,2,previous_period,24.141514822164083,67.74219483197778,211.55285415262415,68.2423075199437
piecewise_0075,3,previous_period,24.141514822164083,67.74219483197778,211.55285415262415,68.2423075199437
piecewise_0075,4,previous_period,24.141514822164083,67.74219483197778,211.55285415262415,68.2423075199437
piecewise_0075,5,previous_period,24.141514822164083,67.74219483197778,211.55285415262415,68.2423075199437
piecewise_0075,6,previous_period,24.141514822164083,67.74219483197778,211.55285415262415,68.2423075199437
piecewise_0076,1,default,44.5162517870449,-20.59138259958373,104.8483215622058,126.43804060432144
piecewise_0076,2,previous_period,25.908456826948044,45.832244248564265,104.8483215622058,56.79398273329556
piecewise_0076,3,previous_period,25.908456826948044,45.832244248564265,104.8483215622058,56.79398273329556
piecewise_0076,4,previous_period,25.908456826948044,45.832244248564265,104.8483215622058,56.79398273329556
piecewise_0076,5,previous_period,25.908456826948044,45.832244248564265,104.8483215622058,56.79398273329556
piecewise_0076,6,previous_period,25.908456826948044,45.832244248564265,104.8483215622058,56.79398273329556
piecewise_0077,1,default,42.930816977723026,2.0397607429897047,115.96924340274015,113.60374830186888
piecewise_0077,2,previous_period,42.12484895196593,2.0097085235070034,115.96924340274015,113.6385996334287
piecewise_0077,3,previous_period,42.12484895196593,2.0097085235070034,115.96924340274015,113.6385996334287
piecewise_0077,4,previous_period,42.12484895196593,2.0097085235070034,115.96924340274015,113.6385996334287
piecewise_0077,5,previous_period,42.12484895196593,2.0097085235070034,115.96924340274015,113.6385996334287
piecewise_0077,6,previous_period,42.12484895196593,2.0097085235070034,115.96924340274015,113.6385996334287
piecewise_0078,1,default,70.25401861157131,-8.364893527043815,181.70879692230113,196.9085443141239
piecewise_0078,2,previous_period,56.093570734569305,15.334596087762131,181.70879692230113,153.8444868583343
piecewise_0078,3,previous_period,56.093570734569305,15.334596087762131,181.70879692230113,153.8444868583343
piecewise_0078,4,previous_period,56.093570734569305,15.334596087762131,181.70879692230113,153.8444868583343
piecewise_0078,5,previous_period,56.093570734569305,15.334596087762131,181.70879692230113,153.8444868583343
piecewise_0078,6,previous_period,56.093570734569305,15.334596087762131,181.70879692230113,153.8444868583343
piecewise_0079,1,default,52.46770618717151,4.957958032258325,146.2738329289703,139.0216376801763
piecewise_0079,2,previous_period,47.77332949100358,13.375437103961318,146.2738329289703,126.70906840600242
piecewise_0079,3,previous_period,47.77332949100358,13.375437103961318,146.2738329289703,126.70906840600242
piecewise_0079,4,previous_period,47.77332949100358,13.375437103961318,146.2738329289703,126.70906840600242
piecewise_0079,5,previous_period,47.77332949100358,13.375437103961318,146.2738329289703,126.70906840600242
piecewise_0079,6,previous_period,47.77332949100358,13.375437103961318,146.2738329289703,126.70906840600242
piecewise_0080,1,default,35.70561151772918,-3.798080594687425,91.11550046544522,94.57614060737563
piecewise_0080,2,previous_period,28.202046883993777,35.55874317612025,91.11550046544522,58.7159736613009
piecewise_0080,3,previous_period,28.202046883993777,35.55874317612025,91.11550046544522,58.7159736613009
piecewise_0080,4,previous_period,28.202046883993777,35.55874317612025,91.11550046544522,58.7159736613009
piecewise_0080,5,previous_period,28.202046883993777,35.55874317612025,91.11550046544522,58.7159736613009
piecewise_0080,6,previous_period,28.202046883993777,35.55874317612025,91.11550046544522,58.7159736613009
piecewise_0081,1,default,68.65425283077258,1.9702781054593443,195.18946543348292,191.34369013188387
piecewise_0081,2,previous_period,58.23282859981114,19.163266613745744,195.18946543348292,157.7847877705195
piecewise_0081,3,previous_period,58.23282859981114,19.163266613745744,195.18946543348292,157.7847877705195
piecewise_0081,4,previous_period,58.23282859981114,19.163266613745744,195.18946543348292,157.7847877705195
piecewise_0081,5,previous_period,58.23282859981114,19.163266613745744,195.18946543348292,157.7847877705195
piecewise_0081,6,previous_period,58.23282859981114,19.163266613745744,195.18946543348292,157.7847877705195
piecewise_0082,1,default,62.103367594534035,7.121630223417541,172.67582683647123,160.37849296394896
piecewise_0082,2,previous_period,47.68724608650557,28.627248197645685,172.67582683647123,123.24348931065774
piecewise_0082,3,previous_period,47.68724608650557,28.627248197645685,172.67582683647123,123.24348931065774
piecewise_0082,4,previous_period,47.68724608650557,28.627248197645685,172.67582683647123,123.24348931065774
piecewise_0082,5,previous_period,47.68724608650557,28.627248197645685,172.67582683647123,123.24348931065774
piecewise_0082,6,previous_period,47.68724608650557,28.627248197645685,172.67582683647123,123.24348931065774
piecewise_0083,1,default,55.031502796549525,-11.812116387188908,128.60802637240826,143.79935613078374
piecewise_0083,2,previous_period,38.920533465714946,25.20608901245427,128.60802637240826,96.19097276781838
piecewise_0083,3,previous_period,38.920533465714946,25.20608901245427,128.60802637240826,96.19097276781838
piecewise_0083,4,previous_period,38.920533465714946,25.20608901245427,128.60802637240826,96.19097276781838
piecewise_0083,5,previous_period,38.920533465714946,25.20608901245427,128.60802637240826,96.19097276781838
piecewise_0083,6,previous_period,38.920533465714946,25.20608901245427,128.60802637240826,96.19097276781838
piecewise_0084,1,default,44.48252878818106,12.345383877104965,136.90898436558535,120.00704468340822
piecewise_0084,2,previous_period,22.838087891726055,56.90900560532833,136.90898436558535,58.995442778776294
piecewise_0084,3,previous_period,22.838087891726055,56.90900560532833,136.90898436558535,58.995442778776294
piecewise_0084,4,previous_period,22.838087891726055,56.90900560532833,136.90898436558535,58.995442778776294
piecewise_0084,5,previous_period,22.838087891726055,56.90900560532833,136.90898436558535,58.995442778776294
piecewise_0084,6,previous_period,22.838087891726055,56.90900560532833,136.90898436558535,58.995442778776294
piecewise_0085,1,default,65.4294086864106,-6.202145565398887,164.24940452115652,174.4363916798595
piecewise_0085,2,previous_period,50.67196632586681,15.896454908077162,164.24940452115652,138.13957199466563
piecewise_0085,3,previous_period,50.67196632586681,15.896454908077162,164.24940452115652,138.13957199466563
piecewise_0085,4,previous_period,50.67196632586681,15.896454908077162,164.24940452115652,138.13957199466563
piecewise_0085,5,previous_period,50.67196632586681,15.896454908077162,164.24940452115652,138.13957199466563
piecewise_0085,6,previous_period,50.67196632586681,15.896454908077162,164.24940452115652,138.13957199466563
piecewise_0086,1,default,32.248078984017546,-6.525789000138804,75.33590041457971,80.25216231698988
piecewise_0086,2,previous_period,18.20914807582941,64.1143970594617,75.33590041457971,27.034742094455428
piecewise_0086,3,previous_period,18.20914807582941,64.1143970594617,75.33590041457971,27.034742094455428
piecewise_0086,4,previous_period,18.20914807582941,64.1143970594617,75.33590041457971,27.034742094455428
piecewise_0086,5,previous_period,18.20914807582941,64.1143970594617,75.33590041457971,27.034742094455428
piecewise_0086,6,previous_period,18.20914807582941,64.1143970594617,75.33590041457971,27.034742094455428
piecewise_0087,1,default,51.45755985013153,1.5556744416799217,141.908701545654,139.7010641451884
piecewise_0087,2,previous_period,46.3585270718371,20.96084825021619,141.908701545654,112.16343396081726
piecewise_0087,3,previous_period,46.3585270718371,20.96084825021619,141.908701545654,112.16343396081726
piecewise_0087,4,previous_period,46.3585270718371,20.96084825021619,141.908701545654,112.16343396081726
piecewise_0087,5,previous_period,46.3585270718371,20.96084825021619,141.908701545654,112.16343396081726
piecewise_0087,6,previous_period,46.3585270718371,20.96084825021619,141.908701545654,112.16343396081726
piecewise_0088,1,default,41.885604767206225,0.21284523557326684,109.30677237169076,109.07411811453869
piecewise_0088,2,previous_period,41.42792358049602,2.565971652709198,109.30677237169076,106.5019915781418
piecewise_0088,3,previous_period,41.42792358049602,2.565971652709198,109.30677237169076,106.5019915781418
piecewise_0088,4,previous_period,41.42792358049602,2.565971652709198,109.30677237169076,106.5019915781418
piecewise_0088,5,previous_period,41.42792358049602,2.565971652709198,109.30677237169076,106.5019915781418
piecewise_0088,6,previous_period,41.42792358049602,2.565971652709198,109.30677237169076,106.5019915781418
piecewise_0089,1,default,19.23156461183956,-0.25751031997540696,42.40068136959677,42.50986749986337
piecewise_0089,2,previous_period,9.94717617376704,50.06993244053013,42.40068136959677,21.17068885351522
piecewise_0089,3,previous_period,9.94717617376704,50.06993244053013,42.40068136959677,21.17068885351522
piecewise_0089,4,previous_period,9.94717617376704,50.06993244053013,42.40068136959677,21.17068885351522
piecewise_0089,5,previous_period,9.94717617376704,50.06993244053013,42.40068136959677,21.17068885351522
piecewise_0089,6,previous_period,9.94717617376704,50.06993244053013,42.40068136959677,21.17068885351522
piecewise_0090,1,default,48.094580241997264,-11.942899767646043,115.04122193362355,128.78047976063144
piecewise_0090,2,previous_period,28.360923631190147,32.23506774475805,115.04122193362355,77.95760610892253
piecewise_0090,3,previous_period,28.360923631190147,32.23506774475805,115.04122193362355,77.95760610892253
piecewise_0090,4,previous_period,28.360923631190147,32.23506774475805,115.04122193362355,77.95760610892253
piecewise_0090,5,previous_period,28.360923631190147,32.23506774475805,115.04122193362355,77.95760610892253
piecewise_0090,6,previous_period,28.360923631190147,32.23506774475805,115.04122193362355,77.95760610892253
piecewise_0091,1,default,39.24877636168598,-23.287949264646677,83.8285897268954,103.35054917176362
piecewise_0091,2,previous_period,26.19486854930497,46.552535340202496,83.8285897268954,44.80425586908906
piecewise_0091,3,previous_period,26.19486854930497,46.552535340202496,83.8285897268954,44.80425586908906
piecewise_0091,4,previous_period,26.19486854930497,46.552535340202496,83.8285897268954,44.80425586908906
piecewise_0091,5,previous_period,26.19486854930497,46.552535340202496,83.8285897268954,44.80425586908906
piecewise_0091,6,previous_period,26.19486854930497,46.552535340202496,83.8285897268954,44.80425586908906
piecewise_0092,1,default,38.79793281182146,14.505579499848341,118.41483634560687,101.23807811987956
piecewise_0092,2,previous_period,25.88635124867117,47.443189398602,118.41483634560687,62.235061262116005
piecewise_0092,3,previous_period,25.88635124867117,47.443189398602,118.41483634560687,62.235061262116005
piecewise_0092,4,previous_period,25.88635124867117,47.443189398602,118.41483634560687,62.235061262116005
piecewise_0092,5,previous_period,25.88635124867117,47.443189398602,118.41483634560687,62.235061262116005
piecewise_0092,6,previous_period,25.88635124867117,47.443189398602,118.41483634560687,62.235061262116005
piecewise_0093,1,default,58.32649034456642,11.802901111444042,185.91697138910854,163.97337510666034
piecewise_0093,2,previous_period,35.85523179457473,46.67054561299011,185.91697138910854,99.14850645466487
piecewise_0093,3,previous_period,35.85523179457473,46.67054561299011,185.91697138910854,99.14850645466487
piecewise_0093,4,previous_period,35.85523179457473,46.67054561299011,185.91697138910854,99.14850645466487
piecewise_0093,5,previous_period,35.85523179457473,46.67054561299011,185.91697138910854,99.14850645466487
piecewise_0093,6,previous_period,35.85523179457473,46.67054561299011,185.91697138910854,99.14850645466487
piecewise_0094,1,default,19.696372918404702,-3.47466663017284,44.844145352658465,46.40232990681349
piecewise_0094,2,previous_period,16.27639292791314,8.901888606862151,44.844145352658465,40.85216948666546
piecewise_0094,3,previous_period,16.27639292791314,8.901888606862151,44.844145352658465,40.85216948666546
piecewise_0094,4,previous_period,16.27639292791314,8.901888606862151,44.844145352658465,40.85216948666546
piecewise_0094,5,previous_period,16.27639292791314,8.901888606862151,44.844145352658465,40.85216948666546
piecewise_0094,6,previous_period,16.27639292791314,8.901888606862151,44.844145352658465,40.85216948666546
piecewise_0095,1,default,52.347080293837756,-14.838173965580737,126.87938719066344,145.70597138847683
piecewise_0095,2,previous_period,30.36431935536525,44.57965240290105,126.87938719066344,70.31699741013472
piecewise_0095,3,previous_period,30.36431935536525,44.57965240290105,126.87938719066344,70.31699741013472
piecewise_0095,4,previous_period,30.36431935536525,44.57965240290105,126.87938719066344,70.31699741013472
piecewise_0095,5,previous_period,30.36431935536525,44.57965240290105,126.87938719066344,70.31699741013472
piecewise_0095,6,previous_period,30.36431935536525,44.57965240290105,126.87938719066344,70.31699741013472
piecewise_0096,1,default,63.50734804961896,-9.48866960257908,180.16800877383255,197.26355585592722
piecewise_0096,2,previous_period,19.378659051493177,73.36421545768626,180.16800877383255,47.98916263117495
piecewise_0096,3,previous_period,19.378659051493177,73.36421545768626,180.16800877383255,47.98916263117495
piecewise_0096,4,previous_period,19.378659051493177,73.36421545768626,180.16800877383255,47.98916263117495
piecewise_0096,5,previous_period,19.378659051493177,73.36421545768626,180.16800877383255,47.98916263117495
piecewise_0096,6,previous_period,19.378659051493177,73.36421545768626,180.16800877383255,47.98916263117495
piecewise_0097,1,default,39.3338330550802,0.17777519650038487,98.73562710461543,98.56009964951431
piecewise_0097,2,previous_period,30.583936099938576,20.318264739861426,98.73562710461543,78.67426099693729
piecewise_0097,3,previous_period,30.583936099938576,20.318264739861426,98.73562710461543,78.67426099693729
piecewise_0097,4,previous_period,30.583936099938576,20.318264739861426,98.73562710461543,78.67426099693729
piecewise_0097,5,previous_period,30.583936099938576,20.318264739861426,98.73562710461543,78.67426099693729
piecewise_0097,6,previous_period,30.583936099938576,20.318264739861426,98.73562710461543,78.67426099693729
piecewise_0098,1,default,40.95555968260918,3.8092120754581127,123.57472489407886,118.86750155119947
piecewise_0098,2,previous_period,26.827857347042674,44.55369750683092,123.57472489407886,68.51761576987246
piecewise_0098,3,previous_period,26.827857347042674,44.55369750683092,123.57472489407886,68.51761576987246
piecewise_0098,4,previous_period,26.827857347042674,44.55369750683092,123.57472489407886,68.51761576987246
piecewise_0098,5,previous_period,26.827857347042674,44.55369750683092,123.57472489407886,68.51761576987246
piecewise_0098,6,previous_period,26.827857347042674,44.55369750683092,123.57472489407886,68.51761576987246
piecewise_0099,1,default,46.00631983301405,10.9082827573316,128.65424919157275,114.620279910434
piecewise_0099,2,previous_period,24.62482688550611,52.06433915938662,128.65424919157275,61.6712645495099
piecewise_0099,3,previous_period,24.62482688550611,52.06433915938662,128.65424919157275,61.6712645495099
piecewise_0099,4,previous_period,24.62482688550611,52.06433915938662,128.65424919157275,61.6712645495099
piecewise_0099,5,previous_period,24.62482688550611,52.06433915938662,128.65424919157275,61.6712645495099
piecewise_0099,6,previous_period,24.62482688550611,52.06433915938662,128.65424919157275,61.6712645495099
piecewise_0100,1,default,46.52613903738311,-3.2654241174259635,109.21023300838573,112.77641029573866
piecewise_0100,2,previous_period,34.285618927529654,26.254884692282843,109.21023300838573,80.53721225986064
piecewise_0100,3,previous_period,34.285618927529654,26.254884692282843,109.21023300838573,80.53721225986064
piecewise_0100,4,previous_period,34.285618927529654,26.254884692282843,109.21023300838573,80.53721225986064
piecewise_0100,5,previous_period,34.285618927529654,26.254884692282843,109.21023300838573,80.53721225986064
piecewise_0100,6,previous_period,34.285618927529654,26.254884692282843,109.21023300838573,80.53721225986064
piecewise_0101,1,default,58.86938246403585,-14.775652319298494,149.0631462765654,171.08819850659802
piecewise_0101,2,previous_period,39.39158285632634,31.675547576254992,149.0631462765654,101.84657845906935
piecewise_0101,3,previous_period,39.39158285632634,31.675547576254992,149.0631462765654,101.84657845906935
piecewise_0101,4,previous_period,39.39158285632634,31.675547576254992,149.0631462765654,101.84657845906935
piecewise_0101,5,previous_period,39.39158285632634,31.675547576254992,149.0631462765654,101.84657845906935
piecewise_0101,6,previous_period,39.39158285632634,31.675547576254992,149.0631462765654,101.84657845906935
piecewise_0102,1,default,49.99051412654708,1.362101891984524,134.34503318772607,132.51511694888882
piecewise_0102,2,previous_period,46.56594882430059,6.624561640027737,134.34503318772607,125.44526365388944
piecewise_0102,3,previous_period,46.56594882430059,6.624561640027737,134.34503318772607,125.44526365388944
piecewise_0102,4,previous_period,46.56594882430059,6.624561640027737,134.34503318772607,125.44526365388944
piecewise_0102,5,previous_period,46.56594882430059,6.624561640027737,134.34503318772607,125.44526365388944
piecewise_0102,6,previous_period,46.56594882430059,6.624561640027737,134.34503318772607,125.44526365388944
piecewise_0103,1,default,68.72990441097936,-9.663531735060849,180.42494189309343,197.8603634108976
piecewise_0103,2,previous_period,26.792373864214767,64.73006869509432,180.42494189309343,63.63575306261006
piecewise_0103,3,previous_period,26.792373864214767,64.73006869509432,180.42494189309343,63.63575306261006
piecewise_0103,4,previous_period,26.792373864214767,64.73006869509432,180.42494189309343,63.63575306261006
piecewise_0103,5,previous_period,26.792373864214767,64.73006869509432,180.42494189309343,63.63575306261006
piecewise_0103,6,previous_period,26.792373864214767,64.73006869509432,180.42494189309343,63.63575306261006
piecewise_0104,1,default,80.64684330196081,-11.043273961636135,198.74867810132295,220.69703911918236
piecewise_0104,2,previous_period,49.30713606982447,31.242560161250122,198.74867810132295,136.65450277582778
piecewise_0104,3,previous_period,49.30713606982447,31.242560161250122,198.74867810132295,136.65450277582778
piecewise_0104,4,previous_period,49.30713606982447,31.242560161250122,198.74867810132295,136.65450277582778
piecewise_0104,5,previous_period,49.30713606982447,31.242560161250122,198.74867810132295,136.65450277582778
piecewise_0104,6,previous_period,49.30713606982447,31.242560161250122,198.74867810132295,136.65450277582778
piecewise_0105,1,default,58.56159856949333,-5.6126447786557065,154.26494377315925,162.92328708513963
piecewise_0105,2,previous_period,30.166218958134397,55.404950631460416,154.26494377315925,68.7945278339902
piecewise_0105,3,previous_period,30.166218958134397,55.404950631460416,154.26494377315925,68.7945278339902
piecewise_0105,4,previous_period,30.166218958134397,55.404950631460416,154.26494377315925,68.7945278339902
piecewise_0105,5,previous_period,30.166218958134397,55.404950631460416,154.26494377315925,68.7945278339902
piecewise_0105,6,previous_period,30.166218958134397,55.404950631460416,154.26494377315925,68.7945278339902
piecewise_0106,1,default,93.3607707193804,-2.415062328266915,268.91918420900845,275.4137501203229
piecewise_0106,2,previous_period,53.40124907780351,41.55372218088436,268.91918420900845,157.17325351169643
piecewise_0106,3,previous_period,53.40124907780351,41.55372218088436,268.91918420900845,157.17325351169643
piecewise_0106,4,previous_period,53.40124907780351,41.55372218088436,268.91918420900845,157.17325351169643
piecewise_0106,5,previous_period,53.40124907780351,41.55372218088436,268.91918420900845,157.17325351169643
piecewise_0106,6,previous_period,53.40124907780351,41.55372218088436,268.91918420900845,157.17325351169643
piecewise_0107,1,default,82.6143604509201,-8.476221100888903,222.4460343407553,241.30105204163698
piecewise_0107,2,previous_period,39.17416196497995,50.83666509247169,222.4460343407553,109.36188885146098
piecewise_0107,3,previous_period,39.17416196497995,50.83666509247169,222.4460343407553,109.36188885146098
piecewise_0107,4,previous_period,39.17416196497995,50.83666509247169,222.4460343407553,109.36188885146098
piecewise_0107,5,previous_period,39.17416196497995,50.83666509247169,222.4460343407553,109.36188885146098
piecewise_0107,6,previous_period,39.17416196497995,50.83666509247169,222.4460343407553,109.36188885146098
piecewise_0108,1,default,55.99244502844399,-8.109405786485468,146.4985599291939,158.37872262520983
piecewise_0108,2,previous_period,39.12970377783225,25.142383567128757,146.4985599291939,109.66533007147598
piecewise_0108,3,previous_period,39.12970377783225,25.142383567128757,146.4985599291939,109.66533007147598
piecewise_0108,4,previous_period,39.12970377783225,25.142383567128757,146.4985599291939,109.66533007147598
piecewise_0108,5,previous_period,39.12970377783225,25.142383567128757,146.4985599291939,109.66533007147598
piecewise_0108,6,previous_period,39.12970377783225,25.142383567128757,146.4985599291939,109.66533007147598
piecewise_0109,1,default,55.2931014343571,2.1481141286070926,158.81539527935726,155.40385933495818
piecewise_0109,2,previous_period,41.74229177316398,32.802931665445215,158.81539527935726,106.719289691663
piecewise_0109,3,previous_period,41.74229177316398,32.802931665445215,158.81539527935726,106.719289691663
piecewise_0109,4,previous_period,41.74229177316398,32.802931665445215,158.81539527935726,106.719289691663
piecewise_0109,5,previous_period,41.74229177316398,32.802931665445215,158.81539527935726,106.719289691663
piecewise_0109,6,previous_period,41.74229177316398,32.802931665445215,158.81539527935726,106.719289691663
piecewise_0110,1,default,77.82409278357432,6.972736131336998,245.17702606389403,228.08147898179936
piecewise_0110,2,previous_period,42.55775667255685,53.64431398632441,245.17702606389403,113.65349237984628
piecewise_0110,3,previous_period,42.55775667255685,53.64431398632441,245.17702606389403,113.65349237984628
piecewise_0110,4,previous_period,42.55775667255685,53.64431398632441,245.17702606389403,113.65349237984628
piecewise_0110,5,previous_period,42.55775667255685,53.64431398632441,245.17702606389403,113.65349237984628
piecewise_0110,6,previous_period,42.55775667255685,53.64431398632441,245.17702606389403,113.65349237984628
piecewise_0111,1,default,71.43115400423372,-12.175418770233136,173.52374322299735,194.65098562618132
piecewise_0111,2,previous_period,44.66956657960918,32.030198490113484,173.52374322299735,117.94374384119645
piecewise_0111,3,previous_period,44.66956657960918,32.030198490113484,173.52374322299735,117.94374384119645
piecewise_0111,4,previous_period,44.66956657960918,32.030198490113484,173.52374322299735,117.94374384119645
piecewise_0111,5,previous_period,44.66956657960918,32.030198490113484,173.52374322299735,117.94374384119645
piecewise_0111,6,previous_period,44.66956657960918,32.030198490113484,173.52374322299735,117.94374384119645
piecewise_0112,1,default,59.2791102439495,10.38825240431336,199.99603634828512,179.21994329380297
piecewise_0112,2,previous_period,29.410803850979686,60.06323337014066,199.99603634828512,79.87195030538331
piecewise_0112,3,previous_period,29.410803850979686,60.06323337014066,199.99603634828512,79.87195030538331
piecewise_0112,4,previous_period,29.410803850979686,60.06323337014066,199.99603634828512,79.87195030538331
piecewise_0112,5,previous_period,29.410803850979686,60.06323337014066,199.99603634828512,79.87195030538331
piecewise_0112,6,previous_period,29.410803850979686,60.06323337014066,199.99603634828512,79.87195030538331
piecewise_0113,1,default,50.182576422187545,10.400314334996208,147.2108800891928,131.9004858246024
piecewise_0113,2,previous_period,31.289152511713983,47.09414650141706,147.2108800891928,77.88317255396296
piecewise_0113,3,previous_period,31.289152511713983,47.09414650141706,147.2108800891928,77.88317255396296
piecewise_0113,4,previous_period,31.289152511713983,47.09414650141706,147.2108800891928,77.88317255396296
piecewise_0113,5,previous_period,31.289152511713983,47.09414650141706,147.2108800891928,77.88317255396296
piecewise_0113,6,previous_period,31.289152511713983,47.09414650141706,147.2108800891928,77.88317255396296
piecewise_0114,1,default,52.20600982495595,-11.669328599740592,132.8302851882359,148.33068764682372
piecewise_0114,2,previous_period,38.27302866234402,21.891269795676493,132.8302851882359,103.75204908731267
piecewise_0114,3,previous_period,38.27302866234402,21.891269795676493,132.8302851882359,103.75204908731267
piecewise_0114,4,previous_period,38.27302866234402,21.891269795676493,132.8302851882359,103.75204908731267
piecewise_0114,5,previous_period,38.27302866234402,21.891269795676493,132.8302851882359,103.75204908731267
piecewise_0114,6,previous_period,38.27302866234402,21.891269795676493,132.8302851882359,103.75204908731267
piecewise_0115,1,default,71.18791962021993,7.446410692392991,234.13982434419307,216.70481142907693
piecewise_0115,2,previous_period,27.06729031616486,66.79744596756578,234.13982434419307,77.74040168932727
piecewise_0115,3,previous_period,27.06729031616486,66.79744596756578,234.13982434419307,77.74040168932727
piecewise_0115,4,previous_period,27.06729031616486,66.79744596756578,234.13982434419307,77.74040168932727
piecewise_0115,5,previous_period,27.06729031616486,66.79744596756578,234.13982434419307,77.74040168932727
piecewise_0115,6,previous_period,27.06729031616486,66.79744596756578,234.13982434419307,77.74040168932727
piecewise_0116,1,default,22.20405172220259,4.620529538863605,59.659824728511865,56.90322490409672
piecewise_0116,2,previous_period,20.751126174812367,10.320507705330284,59.659824728511865,53.50262792041926
piecewise_0116,3,previous_period,20.751126174812367,10.320507705330284,59.659824728511865,53.50262792041926
piecewise_0116,4,previous_period,20.751126174812367,10.320507705330284,59.659824728511865,53.50262792041926
piecewise_0116,5,previous_period,20.751126174812367,10.320507705330284,59.659824728511865,53.50262792041926
piecewise_0116,6,previous_period,20.751126174812367,10.320507705330284,59.659824728511865,53.50262792041926
piecewise_0117,1,default,40.19715033124629,-16.658301364072138,96.41427974501326,112.47526102293713
piecewise_0117,2,previous_period,28.544449083662858,26.111712167942468,96.41427974501326,71.23886052920054
piecewise_0117,3,previous_period,28.544449083662858,26.111712167942468,96.41427974501326,71.23886052920054
piecewise_0117,4,previous_period,28.544449083662858,26.111712167942468,96.41427974501326,71.23886052920054
piecewise_0117,5,previous_period,28.544449083662858,26.111712167942468,96.41427974501326,71.23886052920054
piecewise_0117,6,previous_period,28.544449083662858,26.111712167942468,96.41427974501326,71.23886052920054
piecewise_0118,1,default,32.84142552316942,-15.430495189894966,81.64806970705855,94.24677117584831
piecewise_0118,2,previous_period,12.40514541597985,64.4975481034912,81.64806970705855,28.98706667217644
piecewise_0118,3,previous_period,12.40514541597985,64.4975481034912,81.64806970705855,28.98706667217644
piecewise_0118,4,previous_period,12.40514541597985,64.4975481034912,81.64806970705855,28.98706667217644
piecewise_0118,5,previous_period,12.40514541597985,64.4975481034912,81.64806970705855,28.98706667217644
piecewise_0118,6,previous_period,12.40514541597985,64.4975481034912,81.64806970705855,28.98706667217644
piecewise_0119,1,default,66.70218164045929,-12.153763213721348,160.53993139113163,180.05157451588047
piecewise_0119,2,previous_period,45.8149499457056,24.160674095366108,160.53993139113163,121.75240177479597
piecewise_0119,3,previous_period,45.8149499457056,24.160674095366108,160.53993139113163,121.75240177479597
piecewise_0119,4,previous_period,45.8149499457056,24.160674095366108,160.53993139113163,121.75240177479597
piecewise_0119,5,previous_period,45.8149499457056,24.160674095366108,160.53993139113163,121.75240177479597
piecewise_0119,6,previous_period,45.8149499457056,24.160674095366108,160.53993139113163,121.75240177479597
piecewise_0120,1,default,87.53170930882983,6.030485325629742,289.1145898492906,271.6795769341745
piecewise_0120,2,previous_period,42.247239357718705,56.62796672750827,289.1145898492906,125.3948761050623
piecewise_0120,3,previous_period,42.247239357718705,56.62796672750827,289.1145898492906,125.3948761050623
piecewise_0120,4,previous_period,42.247239357718705,56.62796672750827,289.1145898492906,125.3948761050623
piecewise_0120,5,previous_period,42.247239357718705,56.62796672750827,289.1145898492906,125.3948761050623
piecewise_0120,6,previous_period,42.247239357718705,56.62796672750827,289.1145898492906,125.3948761050623
piecewise_0121,1,default,52.16465633912402,10.757252890332847,159.64870879237753,142.47489345143043
piecewise_0121,2,previous_period,28.9981778073674,47.42346220586219,159.64870879237753,83.9377637160774
piecewise_0121,3,previous_period,28.9981778073674,47.42346220586219,159.64870879237753,83.9377637160774
piecewise_0121,4,previous_period,28.9981778073674,47.42346220586219,159.64870879237753,83.9377637160774
piecewise_0121,5,previous_period,28.9981778073674,47.42346220586219,159.64870879237753,83.9377637160774
piecewise_0121,6,previous_period,28.9981778073674,47.42346220586219,159.64870879237753,83.9377637160774
piecewise_0122,1,default,101.19783054032301,-4.0885048398274115,282.2909732521458,293.8324533559557
piecewise_0122,2,previous_period,58.94540884825719,38.792762424487414,282.2909732521458,172.78250665266756
piecewise_0122,3,previous_period,58.94540884825719,38.792762424487414,282.2909732521458,172.78250665266756
piecewise_0122,4,previous_period,58.94540884825719,38.792762424487414,282.2909732521458,172.78250665266756
piecewise_0122,5,previous_period,58.94540884825719,38.792762424487414,282.2909732521458,172.78250665266756
piecewise_0122,6,previous_period,58.94540884825719,38.792762424487414,282.2909732521458,172.78250665266756
piecewise_0123,1,default,63.49731251047854,-6.274395274001576,173.53979870721116,184.42837163580828
piecewise_0123,2,previous_period,46.50969549234192,23.659650571157943,173.53979870721116,132.48088873119414
piecewise_0123,3,previous_period,46.50969549234192,23.659650571157943,173.53979870721116,132.48088873119414
piecewise_0123,4,previous_period,46.50969549234192,23.659650571157943,173.53979870721116,132.48088873119414
piecewise_0123,5,previous_period,46.50969549234192,23.659650571157943,173.53979870721116,132.48088873119414
piecewise_0123,6,previous_period,46.50969549234192,23.659650571157943,173.53979870721116,132.48088873119414
piecewise_0124,1,default,23.211913062359507,-24.303752767639253,54.55209026935043,67.81029541799275
piecewise_0124,2,previous_period,6.895835572610478,63.7444430615917,54.55209026935043,19.778164148696234
piecewise_0124,3,previous_period,6.895835572610478,63.7444430615917,54.55209026935043,19.778164148696234
piecewise_0124,4,previous_period,6.895835572610478,63.7444430615917,54.55209026935043,19.778164148696234
piecewise_0124,5,previous_period,6.895835572610478,63.7444430615917,54.55209026935043,19.778164148696234
piecewise_0124,6,previous_period,6.895835572610478,63.7444430615917,54.55209026935043,19.778164148696234
piecewise_0125,1,default,45.84861347037026,8.669031970895391,98.23344130052172,89.71755286806874
piecewise_0125,2,previous_period,32.420973956939584,20.63752359885266,98.23344130052172,77.96049167016147
piecewise_0125,3,previous_period,32.420973956939584,20.63752359885266,98.23344130052172,77.96049167016147
piecewise_0125,4,previous_period,32.420973956939584,20.63752359885266,98.23344130052172,77.96049167016147
piecewise_0125,5,previous_period,32.420973956939584,20.63752359885266,98.23344130052172,77.96049167016147
piecewise_0125,6,previous_period,32.420973956939584,20.63752359885266,98.23344130052172,77.96049167016147
piecewise_0126,1,default,43.40853455534755,12.42446576974724,139.7844770823137,122.41700257580148
piecewise_0126,2,previous_period,24.198517467142683,54.80517304229107,139.7844770823137,63.17535253108999
piecewise_0126,3,previous_period,24.198517467142683,54.80517304229107,139.7844770823137,63.17535253108999
piecewise_0126,4,previous_period,24.198517467142683,54.80517304229107,139.7844770823137,63.17535253108999
piecewise_0126,5,previous_period,24.198517467142683,54.80517304229107,139.7844770823137,63.17535253108999
piecewise_0126,6,previous_period,24.198517467142683,54.80517304229107,139.7844770823137,63.17535253108999
piecewise_0127,1,default,48.653911907263826,-3.6624462300777427,107.91608452712993,111.8684530965413
piecewise_0127,2,previous_period,37.86677679747566,22.841352369905398,107.91608452712993,83.26659139648322
piecewise_0127,3,previous_period,37.86677679747566,22.841352369905398,107.91608452712993,83.26659139648322
piecewise_0127,4,previous_period,37.86677679747566,22.841352369905398,107.91608452712993,83.26659139648322
piecewise_0127,5,previous_period,37.86677679747566,22.841352369905398,107.91608452712993,83.26659139648322
piecewise_0127,6,previous_period,37.86677679747566,22.841352369905398,107.91608452712993,83.26659139648322
piecewise_0128,1,default,75.34361607737644,-9.305604051805783,201.1035280662686,219.81742612232767
piecewise_0128,2,previous_period,60.434218107116706,17.10068757396708,201.1035280662686,166.71344203143082
piecewise_0128,3,previous_period,60.434218107116706,17.10068757396708,201.1035280662686,166.71344203143082
piecewise_0128,4,previous_period,60.434218107116706,17.10068757396708,201.1035280662686,166.71344203143082
piecewise_0128,5,previous_period,60.434218107116706,17.10068757396708,201.1035280662686,166.71344203143082
piecewise_0128,6,previous_period,60.434218107116706,17.10068757396708,201.1035280662686,166.71344203143082
piecewise_0129,1,default,64.68330789492356,-10.331137167770654,153.43762427418,169.28947570491408
piecewise_0129,2,previous_period,47.31967337300836,20.71214397692076,153.43762427418,121.65740261974511
piecewise_0129,3,previous_period,47.31967337300836,20.71214397692076,153.43762427418,121.65740261974511
piecewise_0129,4,previous_period,47.31967337300836,20.71214397692076,153.43762427418,121.65740261974511
piecewise_0129,5,previous_period,47.31967337300836,20.71214397692076,153.43762427418,121.65740261974511
piecewise_0129,6,previous_period,47.31967337300836,20.71214397692076,153.43762427418,121.65740261974511
piecewise_0130,1,default,69.43193667651289,-1.5073407025909535,194.33440890550332,197.2636905500755
piecewise_0130,2,previous_period,32.99567176662369,54.676944519590045,194.33440890550332,88.07829196576802
piecewise_0130,3,previous_period,32.99567176662369,54.676944519590045,194.33440890550332,88.07829196576802
piecewise_0130,4,previous_period,32.99567176662369,54.676944519590045,194.33440890550332,88.07829196576802
piecewise_0130,5,previous_period,32.99567176662369,54.676944519590045,194.33440890550332,88.07829196576802
piecewise_0130,6,previous_period,32.99567176662369,54.676944519590045,194.33440890550332,88.07829196576802
piecewise_0131,1,default,32.67835080292139,-18.4462084646549,64.81386119000601,76.76956113910657
piecewise_0131,2,previous_period,21.65920997303732,20.606828820087863,64.81386119000601,51.45777976289211
piecewise_0131,3,previous_period,21.65920997303732,20.606828820087863,64.81386119000601,51.45777976289211
piecewise_0131,4,previous_period,21.65920997303732,20.606828820087863,64.81386119000601,51.45777976289211
piecewise_0131,5,previous_period,21.65920997303732,20.606828820087863,64.81386119000601,51.45777976289211
piecewise_0131,6,previous_period,21.65920997303732,20.606828820087863,64.81386119000601,51.45777976289211
piecewise_0132,1,default,31.206228838322218,18.3996774516614,100.93696283290649,82.36488724214834
piecewise_0132,2,previous_period,15.971480281850683,63.00984921815831,100.93696283290649,37.336734746503616
piecewise_0132,3,previous_period,15.971480281850683,63.00984921815831,100.93696283290649,37.336734746503616
piecewise_0132,4,previous_period,15.971480281850683,63.00984921815831,100.93696283290649,37.336734746503616
piecewise_0132,5,previous_period,15.971480281850683,63.00984921815831,100.93696283290649,37.336734746503616
piecewise_0132,6,previous_period,15.971480281850683,63.00984921815831,100.93696283290649,37.336734746503616
piecewise_0133,1,default,41.37059004258628,4.4616579910247705,113.06590417457173,108.02129022584253
piecewise_0133,2,previous_period,37.27358731246199,12.254795911911254,113.06590417457173,99.20990837202082
piecewise_0133,3,previous_period,37.27358731246199,12.254795911911254,113.06590417457173,99.20990837202082
piecewise_0133,4,previous_period,37.27358731246199,12.254795911911254,113.06590417457173,99.20990837202082
piecewise_0133,5,previous_period,37.27358731246199,12.254795911911254,113.06590417457173,99.20990837202082
piecewise_0133,6,previous_period,37.27358731246199,12.254795911911254,113.06590417457173,99.20990837202082
piecewise_0134,1,default,72.04419501003213,2.2849641084845107,209.40307360206498,204.6182885281944
piecewise_0134,2,previous_period,42.99611023812905,41.7659180182355,209.40307360206498,121.94395755376117
piecewise_0134,3,previous_period,42.99611023812905,41.7659180182355,209.40307360206498,121.94395755376117
piecewise_0134,4,previous_period,42.99611023812905,41.7659180182355,209.40307360206498,121.94395755376117
piecewise_0134,5,previous_period,42.99611023812905,41.7659180182355,209.40307360206498,121.94395755376117
piecewise_0134,6,previous_period,42.99611023812905,41.7659180182355,209.40307360206498,121.94395755376117
piecewise_0135,1,default,69.06249020020137,-9.11272676333037,172.45214107995403,188.16723349408326
piecewise_0135,2,previous_period,51.336444409018156,19.692905640807147,172.45214107995403,138.49130366152707
piecewise_0135,3,previous_period,51.336444409018156,19.692905640807147,172.45214107995403,138.49130366152707
piecewise_0135,4,previous_period,51.336444409018156,19.692905640807147,172.45214107995403,138.49130366152707
piecewise_0135,5,previous_period,51.336444409018156,19.692905640807147,172.45214107995403,138.49130366152707
piecewise_0135,6,previous_period,51.336444409018156,19.692905640807147,172.45214107995403,138.49130366152707
piecewise_0136,1,default,36.418012005258774,4.051046282737348,96.23469609734218,92.33618401838721
piecewise_0136,2,previous_period,32.60773552360845,15.195338357249744,96.23469609734218,81.61150840828002
piecewise_0136,3,previous_period,32.60773552360845,15.195338357249744,96.23469609734218,81.61150840828002
piecewise_0136,4,previous_period,32.60773552360845,15.195338357249744,96.23469609734218,81.61150840828002
piecewise_0136,5,previous_period,32.60773552360845,15.195338357249744,96.23469609734218,81.61150840828002
piecewise_0136,6,previous_period,32.60773552360845,15.195338357249744,96.23469609734218,81.61150840828002
piecewise_0137,1,default,43.238856311174175,13.990136970658263,105.97731461758573,91.15094314476005
piecewise_0137,2,previous_period,29.946182662531285,36.39048574742372,105.97731461758573,67.41165504617081
piecewise_0137,3,previous_period,29.946182662531285,36.39048574742372,105.97731461758573,67.41165504617081
piecewise_0137,4,previous_period,29.946182662531285,36.39048574742372,105.97731461758573,67.41165504617081
piecewise_0137,5,previous_period,29.946182662531285,36.39048574742372,105.97731461758573,67.41165504617081
piecewise_0137,6,previous_period,29.946182662531285,36.39048574742372,105.97731461758573,67.41165504617081
piecewise_0138,1,default,65.13741717704673,8.354639066664781,208.68660843389733,191.2515955187812
piecewise_0138,2,previous_period,26.365045148707583,67.24448808853319,208.68660843389733,68.35636688320133
piecewise_0138,3,previous_period,26.365045148707583,67.24448808853319,208.68660843389733,68.35636688320133
piecewise_0138,4,previous_period,26.365045148707583,67.24448808853319,208.68660843389733,68.35636688320133
piecewise_0138,5,previous_period,26.365045148707583,67.24448808853319,208.68660843389733,68.35636688320133
piecewise_0138,6,previous_period,26.365045148707583,67.24448808853319,208.68660843389733,68.35636688320133
piecewise_0139,1,default,85.25639543260469,-7.425721320711065,234.79217926598116,252.22719218109728
piecewise_0139,2,previous_period,45.27169203791534,48.25166225961793,234.79217926598116,121.50104991456325
piecewise_0139,3,previous_period,45.27169203791534,48.25166225961793,234.79217926598116,121.50104991456325
piecewise_0139,4,previous_period,45.27169203791534,48.25166225961793,234.79217926598116,121.50104991456325
piecewise_0139,5,previous_period,45.27169203791534,48.25166225961793,234.79217926598116,121.50104991456325
piecewise_0139,6,previous_period,45.27169203791534,48.25166225961793,234.79217926598116,121.50104991456325
piecewise_0140,1,default,84.26431609826236,-3.622598285536238,244.59316364047686,253.4537913930556
piecewise_0140,2,previous_period,65.0123054992114,20.360796783334123,244.59316364047686,194.79204664571148
piecewise_0140,3,previous_period,65.0123054992114,20.360796783334123,244.59316364047686,194.79204664571148
piecewise_0140,4,previous_period,65.0123054992114,20.360796783334123,244.59316364047686,194.79204664571148
piecewise_0140,5,previous_period,65.0123054992114,20.360796783334123,244.59316364047686,194.79204664571148
piecewise_0140,6,previous_period,65.0123054992114,20.360796783334123,244.59316364047686,194.79204664571148
piecewise_0141,1,default,87.42519018643846,-8.657260380332632,239.98461570684483,260.760708761327
piecewise_0141,2,previous_period,50.3705378933928,38.53439467597389,239.98461570684483,147.50799672875002
piecewise_0141,3,previous_period,50.3705378933928,38.53439467597389,239.98461570684483,147.50799672875002
piecewise_0141,4,previous_period,50.3705378933928,38.53439467597389,239.98461570684483,147.50799672875002
piecewise_0141,5,previous_period,50.3705378933928,38.53439467597389,239.98461570684483,147.50799672875002
piecewise_0141,6,previous_period,50.3705378933928,38.53439467597389,239.98461570684483,147.50799672875002
piecewise_0142,1,default,36.45178031286822,16.47998146770503,111.26145268634215,92.92558590293356
piecewise_0142,2,previous_period,26.814253048835617,40.265024881795064,111.26145268634215,66.46200107833984
piecewise_0142,3,previous_period,26.814253048835617,40.265024881795064,111.26145268634215,66.46200107833984
piecewise_0142,4,previous_period,26.814253048835617,40.265024881795064,111.26145268634215,66.46200107833984
piecewise_0142,5,previous_period,26.814253048835617,40.265024881795064,111.26145268634215,66.46200107833984
piecewise_0142,6,previous_period,26.814253048835617,40.265024881795064,111.26145268634215,66.46200107833984
piecewise_0143,1,default,63.490989635109685,-3.6633536929830957,161.73220189571435,167.6570244866039
piecewise_0143,2,previous_period,58.11923121380079,3.7141515591487373,161.73220189571435,155.7252227973591
piecewise_0143,3,previous_period,58.11923121380079,3.7141515591487373,161.73220189571435,155.7252227973591
piecewise_0143,4,previous_period,58.11923121380079,3.7141515591487373,161.73220189571435,155.7252227973591
piecewise_0143,5,previous_period,58.11923121380079,3.7141515591487373,161.73220189571435,155.7252227973591
piecewise_0143,6,previous_period,58.11923121380079,3.7141515591487373,161.73220189571435,155.7252227973591
piecewise_0144,1,default,71.89981961324423,-9.029556881090794,193.0882450237125,210.52325793882858
piecewise_0144,2,previous_period,36.641096418717986,49.379578927306746,193.0882450237125,97.74208267287693
piecewise_0144,3,previous_period,36.641096418717986,49.379578927306746,193.0882450237125,97.74208267287693
piecewise_0144,4,previous_period,36.641096418717986,49.379578927306746,193.0882450237125,97.74208267287693
piecewise_0144,5,previous_period,36.641096418717986,49.379578927306746,193.0882450237125,97.74208267287693
piecewise_0144,6,previous_period,36.641096418717986,49.379578927306746,193.0882450237125,97.74208267287693
piecewise_0145,1,default,55.95388306962418,4.184479344261282,144.24446896496858,138.2085889558901
piecewise_0145,2,previous_period,31.159617644082136,51.89637705617027,144.24446896496858,69.38681546823798
piecewise_0145,3,previous_period,31.159617644082136,51.89637705617027,144.24446896496858,69.38681546823798
piecewise_0145,4,previous_period,31.159617644082136,51.89637705617027,144.24446896496858,69.38681546823798
piecewise_0145,5,previous_period,31.159617644082136,51.89637705617027,144.24446896496858,69.38681546823798
piecewise_0145,6,previous_period,31.159617644082136,51.89637705617027,144.24446896496858,69.38681546823798
piecewise_0146,1,default,40.01275872847035,11.269336454162037,115.93027260467642,102.86570013262819
piecewise_0146,2,previous_period,27.018552690955975,37.35131919883108,115.93027260467642,72.6287864360287
piecewise_0146,3,previous_period,27.018552690955975,37.35131919883108,115.93027260467642,72.6287864360287
piecewise_0146,4,previous_period,27.018552690955975,37.35131919883108,115.93027260467642,72.6287864360287
piecewise_0146,5,previous_period,27.018552690955975,37.35131919883108,115.93027260467642,72.6287864360287
piecewise_0146,6,previous_period,27.018552690955975,37.35131919883108,115.93027260467642,72.6287864360287
piecewise_0147,1,default,44.02541443315547,-7.686212049211605,104.99801154702307,113.06838136198296
piecewise_0147,2,previous_period,38.70418487310559,5.378415178658969,104.99801154702307,99.35078255668789
piecewise_0147,3,previous_period,38.70418487310559,5.378415178658969,104.99801154702307,99.35078255668789
piecewise_0147,4,previous_period,38.70418487310559,5.378415178658969,104.99801154702307,99.35078255668789
piecewise_0147,5,previous_period,38.70418487310559,5.378415178658969,104.99801154702307,99.35078255668789
piecewise_0147,6,previous_period,38.70418487310559,5.378415178658969,104.99801154702307,99.35078255668789
piecewise_0148,1,default,36.973158561829464,3.7511297869786575,95.60978373628116,92.02333665928364
piecewise_0148,2,previous_period,35.35825850932691,10.77920900007825,95.60978373628116,85.30380532282459
piecewise_0148,3,previous_period,35.35825850932691,10.77920900007825,95.60978373628116,85.30380532282459
piecewise_0148,4,previous_period,35.35825850932691,10.77920900007825,95.60978373628116,85.30380532282459
piecewise_0148,5,previous_period,35.35825850932691,10.77920900007825,95.60978373628116,85.30380532282459
piecewise_0148,6,previous_period,35.35825850932691,10.77920900007825,95.60978373628116,85.30380532282459
piecewise_0149,1,default,58.57585215049674,-8.088183183507724,141.15586244494705,152.57280717375454
piecewise_0149,2,previous_period,41.891836633561354,18.64957522998799,141.15586244494705,114.83089368673828
piecewise_0149,3,previous_period,41.891836633561354,18.64957522998799,141.15586244494705,114.83089368673828
piecewise_0149,4,previous_period,41.891836633561354,18.64957522998799,141.15586244494705,114.83089368673828
piecewise_0149,5,previous_period,41.891836633561354,18.64957522998799,141.15586244494705,114.83089368673828
piecewise_0149,6,previous_period,41.891836633561354,18.64957522998799,141.15586244494705,114.83089368673828
piecewise_0150,1,default,49.817153684885085,-15.994763178850512,108.58880416609603,125.95732623120884
piecewise_0150,2,previous_period,35.41574987677306,22.4498777232623,108.58880416609603,84.21075040965471
piecewise_0150,3,previous_period,35.41574987677306,22.4498777232623,108.58880416609603,84.21075040965471
piecewise_0150,4,previous_period,35.41574987677306,22.4498777232623,108.58880416609603,84.21075040965471
piecewise_0150,5,previous_period,35.41574987677306,22.4498777232623,108.58880416609603,84.21075040965471
piecewise_0150,6,previous_period,35.41574987677306,22.4498777232623,108.58880416609603,84.21075040965471
piecewise_0151,1,default,54.11138915311012,6.838887415011463,163.94294204925964,152.7310688176533
piecewise_0151,2,previous_period,34.67265647741456,56.46039786420036,163.94294204925964,71.38010469797221
piecewise_0151,3,previous_period,34.67265647741456,56.46039786420036,163.94294204925964,71.38010469797221
piecewise_0151,4,previous_period,34.67265647741456,56.46039786420036,163.94294204925964,71.38010469797221
piecewise_0151,5,previous_period,34.67265647741456,56.46039786420036,163.94294204925964,71.38010469797221
piecewise_0151,6,previous_period,34.67265647741456,56.46039786420036,163.94294204925964,71.38010469797221
piecewise_0152,1,default,51.65298256358395,5.377441136532902,153.1572834593205,144.9213406949827
piecewise_0152,2,previous_period,42.11250888639198,26.459317220227994,153.1572834593205,112.6329119829351
piecewise_0152,3,previous_period,42.11250888639198,26.459317220227994,153.1572834593205,112.6329119829351
piecewise_0152,4,previous_period,42.11250888639198,26.459317220227994,153.1572834593205,112.6329119829351
piecewise_0152,5,previous_period,42.11250888639198,26.459317220227994,153.1572834593205,112.6329119829351
piecewise_0152,6,previous_period,42.11250888639198,26.459317220227994,153.1572834593205,112.6329119829351
piecewise_0153,1,default,44.63610686626282,1.501936148534,122.91935378721016,121.07318357913564
piecewise_0153,2,previous_period,42.35885424783266,8.154381100478968,122.91935378721016,112.89604123315502
piecewise_0153,3,previous_period,42.35885424783266,8.154381100478968,122.91935378721016,112.89604123315502
piecewise_0153,4,previous_period,42.35885424783266,8.154381100478968,122.91935378721016,112.89604123315502
piecewise_0153,5,previous_period,42.35885424783266,8.154381100478968,122.91935378721016,112.89604123315502
piecewise_0153,6,previous_period,42.35885424783266,8.154381100478968,122.91935378721016,112.89604123315502
piecewise_0154,1,default,48.03810037629724,-0.9294710745272772,129.34395834914167,130.54617302864554
piecewise_0154,2,previous_period,47.88633245289331,-0.7657987890647977,129.34395834914167,130.33447281590787
piecewise_0154,3,previous_period,47.88633245289331,-0.7657987890647977,129.34395834914167,130.33447281590787
piecewise_0154,4,previous_period,47.88633245289331,-0.7657987890647977,129.34395834914167,130.33447281590787
piecewise_0154,5,previous_period,47.88633245289331,-0.7657987890647977,129.34395834914167,130.33447281590787
piecewise_0154,6,previous_period,47.88633245289331,-0.7657987890647977,129.34395834914167,130.33447281590787
piecewise_0155,1,default,67.87411602868947,-8.459323352822956,182.53474192161752,197.97594597200805
piecewise_0155,2,previous_period,52.96644883168826,18.68790041904186,182.53474192161752,148.42283112115058
piecewise_0155,3,previous_period,52.96644883168826,18.68790041904186,182.53474192161752,148.42283112115058
piecewise_0155,4,previous_period,52.96644883168826,18.68790041904186,182.53474192161752,148.42283112115058
piecewise_0155,5,previous_period,52.96644883168826,18.68790041904186,182.53474192161752,148.42283112115058
piecewise_0155,6,previous_period,52.96644883168826,18.68790041904186,182.53474192161752,148.42283112115058
piecewise_0156,1,default,49.02073914655722,-8.74432105021885,102.5013974471635,111.4644487209043
piecewise_0156,2,previous_period,35.684045711496665,18.4317959287292,102.5013974471635,83.60854904560668
piecewise_0156,3,previous_period,35.684045711496665,18.4317959287292,102.5013974471635,83.60854904560668
piecewise_0156,4,previous_period,35.684045711496665,18.4317959287292,102.5013974471635,83.60854904560668
piecewise_0156,5,previous_period,35.684045711496665,18.4317959287292,102.5013974471635,83.60854904560668
piecewise_0156,6,previous_period,35.684045711496665,18.4317959287292,102.5013974471635,83.60854904560668
piecewise_0157,1,default,51.4899468284435,10.197921145337519,155.9438693313894,140.04083650598614
piecewise_0157,2,previous_period,35.18422060749938,41.84155054744032,155.9438693313894,90.69453641946183
piecewise_0157,3,previous_period,35.18422060749938,41.84155054744032,155.9438693313894,90.69453641946183
piecewise_0157,4,previous_period,35.18422060749938,41.84155054744032,155.9438693313894,90.69453641946183
piecewise_0157,5,previous_period,35.18422060749938,41.84155054744032,155.9438693313894,90.69453641946183
piecewise_0157,6,previous_period,35.18422060749938,41.84155054744032,155.9438693313894,90.69453641946183
piecewise_0158,1,default,37.24039388003062,-6.523377889153692,91.89678407828859,97.89155857169499
piecewise_0158,2,previous_period,34.01790700255406,4.264041524869178,91.89678407828859,87.978267045171
piecewise_0158,3,previous_period,34.01790700255406,4.264041524869178,91.89678407828859,87.978267045171
piecewise_0158,4,previous_period,34.01790700255406,4.264041524869178,91.89678407828859,87.978267045171
piecewise_0158,5,previous_period,34.01790700255406,4.264041524869178,91.89678407828859,87.978267045171
piecewise_0158,6,previous_period,34.01790700255406,4.264041524869178,91.89678407828859,87.978267045171
piecewise_0159,1,default,34.60608162609477,-10.337747915116612,75.27002591285597,83.05125144736998
piecewise_0159,2,previous_period,21.60717630110525,27.969591590977373,75.27002591285597,54.21730707460732
piecewise_0159,3,previous_period,21.60717630110525,27.969591590977373,75.27002591285597,54.21730707460732
piecewise_0159,4,previous_period,21.60717630110525,27.969591590977373,75.27002591285597,54.21730707460732
piecewise_0159,5,previous_period,21.60717630110525,27.969591590977373,75.27002591285597,54.21730707460732
piecewise_0159,6,previous_period,21.60717630110525,27.969591590977373,75.27002591285597,54.21730707460732
piecewise_0160,1,default,57.41884854107621,-5.137169039904643,128.15677497216637,134.74040513857676
piecewise_0160,2,previous_period,36.88551323594675,23.920874675221214,128.15677497216637,97.50055344326918
piecewise_0160,3,previous_period,36.88551323594675,23.920874675221214,128.15677497216637,97.50055344326918
piecewise_0160,4,previous_period,36.88551323594675,23.920874675221214,128.15677497216637,97.50055344326918
piecewise_0160,5,previous_period,36.88551323594675,23.920874675221214,128.15677497216637,97.50055344326918
piecewise_0160,6,previous_period,36.88551323594675,23.920874675221214,128.15677497216637,97.50055344326918
piecewise_0161,1,default,66.38313357837947,7.649568855532052,201.33201154158405,185.93098069048284
piecewise_0161,2,previous_period,47.2178112925321,36.15502621199084,201.33201154158405,128.5403699955959
piecewise_0161,3,previous_period,47.2178112925321,36.15502621199084,201.33201154158405,128.5403699955959
piecewise_0161,4,previous_period,47.2178112925321,36.15502621199084,201.33201154158405,128.5403699955959
piecewise_0161,5,previous_period,47.2178112925321,36.15502621199084,201.33201154158405,128.5403699955959
piecewise_0161,6,previous_period,47.2178112925321,36.15502621199084,201.33201154158405,128.5403699955959
piecewise_0162,1,default,44.03965647063764,-14.510866037495628,105.19835796615442,120.4635507642682
piecewise_0162,2,previous_period,23.640580541214028,46.162411305995754,105.19835796615442,56.63625927466446
piecewise_0162,3,previous_period,23.640580541214028,46.162411305995754,105.19835796615442,56.63625927466446
piecewise_0162,4,previous_period,23.640580541214028,46.162411305995754,105.19835796615442,56.63625927466446
piecewise_0162,5,previous_period,23.640580541214028,46.162411305995754,105.19835796615442,56.63625927466446
piecewise_0162,6,previous_period,23.640580541214028,46.162411305995754,105.19835796615442,56.63625927466446
piecewise_0163,1,default,27.061593770439796,-41.3069485608069,43.04996990849062,60.83259883403368
piecewise_0163,2,previous_period,20.544251075015286,1.6038835192568435,43.04996990849062,42.35949853608331
piecewise_0163,3,previous_period,20.544251075015286,1.6038835192568435,43.04996990849062,42.35949853608331
piecewise_0163,4,previous_period,20.544251075015286,1.6038835192568435,43.04996990849062,42.35949853608331
piecewise_0163,5,previous_period,20.544251075015286,1.6038835192568435,43.04996990849062,42.35949853608331
piecewise_0163,6,previous_period,20.544251075015286,1.6038835192568435,43.04996990849062,42.35949853608331
piecewise_0164,1,default,54.157200501522155,-3.8303286925475133,131.83231569701945,136.8819267112122
piecewise_0164,2,previous_period,35.891905119749985,30.09941329466842,131.83231569701945,92.15156213944154
piecewise_0164,3,previous_period,35.891905119749985,30.09941329466842,131.83231569701945,92.15156213944154
piecewise_0164,4,previous_period,35.891905119749985,30.09941329466842,131.83231569701945,92.15156213944154
piecewise_0164,5,previous_period,35.891905119749985,30.09941329466842,131.83231569701945,92.15156213944154
piecewise_0164,6,previous_period,35.891905119749985,30.09941329466842,131.83231569701945,92.15156213944154
piecewise_0165,1,default,32.8798919011855,-14.501122197659777,55.81843659831692,63.912736298262104
piecewise_0165,2,previous_period,24.144123800428286,1.8932787082067581,55.81843659831692,54.761638022947096
piecewise_0165,3,previous_period,24.144123800428286,1.8932787082067581,55.81843659831692,54.761638022947096
piecewise_0165,4,previous_period,24.144123800428286,1.8932787082067581,55.81843659831692,54.761638022947096
piecewise_0165,5,previous_period,24.144123800428286,1.8932787082067581,55.81843659831692,54.761638022947096
piecewise_0165,6,previous_period,24.144123800428286,1.8932787082067581,55.81843659831692,54.761638022947096
piecewise_0166,1,default,71.68373100909663,-2.2615116596947704,199.98938179260765,204.51216497999894
piecewise_0166,2,previous_period,50.52796457854899,28.4057743194604,199.98938179260765,143.1808493377155
piecewise_0166,3,previous_period,50.52796457854899,28.4057743194604,199.98938179260765,143.1808493377155
piecewise_0166,4,previous_period,50.52796457854899,28.4057743194604,199.98938179260765,143.1808493377155
piecewise_0166,5,previous_period,50.52796457854899,28.4057743194604,199.98938179260765,143.1808493377155
piecewise_0166,6,previous_period,50.52796457854899,28.4057743194604,199.98938179260765,143.1808493377155
piecewise_0167,1,default,38.69630056854845,-4.378544544141549,83.31186003451302,86.95970693667704
piecewise_0167,2,previous_period,31.543898439118188,2.940335468987143,83.31186003451302,80.8622118640453
piecewise_0167,3,previous_period,31.543898439118188,2.940335468987143,83.31186003451302,80.8622118640453
piecewise_0167,4,previous_period,31.543898439118188,2.940335468987143,83.31186003451302,80.8622118640453
piecewise_0167,5,previous_period,31.543898439118188,2.940335468987143,83.31186003451302,80.8622118640453
piecewise_0167,6,previous_period,31.543898439118188,2.940335468987143,83.31186003451302,80.8622118640453
piecewise_0168,1,default,52.56588103122685,-14.839945687402722,123.73965095792717,142.10254795386527
piecewise_0168,2,previous_period,34.38140805593605,27.252583481159697,123.73965095792717,90.01739928132244
piecewise_0168,3,previous_period,34.38140805593605,27.252583481159697,123.73965095792717,90.01739928132244
piecewise_0168,4,previous_period,34.38140805593605,27.252583481159697,123.73965095792717,90.01739928132244
piecewise_0168,5,previous_period,34.38140805593605,27.252583481159697,123.73965095792717,90.01739928132244
piecewise_0168,6,previous_period,34.38140805593605,27.252583481159697,123.73965095792717,90.01739928132244
piecewise_0169,1,default,43.105855131280826,12.09450422674011,125.21386367588704,110.06986764114228
piecewise_0169,2,previous_period,29.423541363795,41.31261008482573,125.21386367588704,73.48474840332258
piecewise_0169,3,previous_period,29.423541363795,41.31261008482573,125.21386367588704,73.48474840332258
piecewise_0169,4,previous_period,29.423541363795,41.31261008482573,125.21386367588704,73.48474840332258
piecewise_0169,5,previous_period,29.423541363795,41.31261008482573,125.21386367588704,73.48474840332258
piecewise_0169,6,previous_period,29.423541363795,41.31261008482573,125.21386367588704,73.48474840332258
piecewise_0170,1,default,59.841579934776526,5.094579709719616,164.45369165153843,156.0754672447743
piecewise_0170,2,previous_period,41.72013313629858,30.52278018026181,164.45369165153843,114.25785285041378
piecewise_0170,3,previous_period,41.72013313629858,30.52278018026181,164.45369165153843,114.25785285041378
piecewise_0170,4,previous_period,41.72013313629858,30.52278018026181,164.45369165153843,114.25785285041378
piecewise_0170,5,previous_period,41.72013313629858,30.52278018026181,164.45369165153843,114.25785285041378
piecewise_0170,6,previous_period,41.72013313629858,30.52278018026181,164.45369165153843,114.25785285041378
piecewise_0171,1,default,81.83651552456372,-5.601767533823465,236.98769835589573,250.2631983015518
piecewise_0171,2,previous_period,37.616875388629374,53.594632191284575,236.98769835589573,109.97501308346244
piecewise_0171,3,previous_period,37.616875388629374,53.594632191284575,236.98769835589573,109.97501308346244
piecewise_0171,4,previous_period,37.616875388629374,53.594632191284575,236.98769835589573,109.97501308346244
piecewise_0171,5,previous_period,37.616875388629374,53.594632191284575,236.98769835589573,109.97501308346244
piecewise_0171,6,previous_period,37.616875388629374,53.594632191284575,236.98769835589573,109.97501308346244
piecewise_0172,1,default,52.9473222174511,-8.276681268885122,135.511069427174,146.7268887277188
piecewise_0172,2,previous_period,23.61794611734543,54.238557457678205,135.511069427174,62.011820174402025
piecewise_0172,3,previous_period,23.61794611734543,54.238557457678205,135.511069427174,62.011820174402025
piecewise_0172,4,previous_period,23.61794611734543,54.238557457678205,135.511069427174,62.011820174402025
piecewise_0172,5,previous_period,23.61794611734543,54.238557457678205,135.511069427174,62.011820174402025
piecewise_0172,6,previous_period,23.61794611734543,54.238557457678205,135.511069427174,62.011820174402025
piecewise_0173,1,default,43.54861580598688,0.4378644155612954,118.64183958851646,118.12234919099103
piecewise_0173,2,previous_period,25.72732230630306,46.09118024386652,118.64183958851646,63.958415459134365
piecewise_0173,3,previous_period,25.72732230630306,46.09118024386652,118.64183958851646,63.958415459134365
piecewise_0173,4,previous_period,25.72732230630306,46.09118024386652,118.64183958851646,63.958415459134365
piecewise_0173,5,previous_period,25.72732230630306,46.09118024386652,118.64183958851646,63.958415459134365
piecewise_0173,6,previous_period,25.72732230630306,46.09118024386652,118.64183958851646,63.958415459134365
piecewise_0174,1,default,55.66837255746612,-9.858025622526556,132.7321228853403,145.81688956870056
piecewise_0174,2,previous_period,41.965098374168726,17.281497816875934,132.7321228853403,109.79402396661712
piecewise_0174,3,previous_period,41.965098374168726,17.281497816875934,132.7321228853403,109.79402396661712
piecewise_0174,4,previous_period,41.965098374168726,17.281497816875934,132.7321228853403,109.79402396661712
piecewise_0174,5,previous_period,41.965098374168726,17.281497816875934,132.7321228853403,109.79402396661712
piecewise_0174,6,previous_period,41.965098374168726,17.281497816875934,132.7321228853403,109.79402396661712
piecewise_0175,1,default,41.0856878517581,5.061155781289162,110.64651092046837,105.04651863622234
piecewise_0175,2,previous_period,38.567314109905375,9.357816603216772,110.64651092046837,100.29241335067272
piecewise_0175,3,previous_period,38.567314109905375,9.357816603216772,110.64651092046837,100.29241335067272
piecewise_0175,4,previous_period,38.567314109905375,9.357816603216772,110.64651092046837,100.29241335067272
piecewise_0175,5,previous_period,38.567314109905375,9.357816603216772,110.64651092046837,100.29241335067272
piecewise_0175,6,previous_period,38.567314109905375,9.357816603216772,110.64651092046837,100.29241335067272
piecewise_0176,1,default,32.93922027304434,16.94807434089065,107.96136318864359,89.66399109599332
piecewise_0176,2,previous_period,12.660942388967507,68.7109460533635,107.96136318864359,33.78008916961885
piecewise_0176,3,previous_period,12.660942388967507,68.7109460533635,107.96136318864359,33.78008916961885
piecewise_0176,4,previous_period,12.660942388967507,68.7109460533635,107.96136318864359,33.78008916961885
piecewise_0176,5,previous_period,12.660942388967507,68.7109460533635,107.96136318864359,33.78008916961885
piecewise_0176,6,previous_period,12.660942388967507,68.7109460533635,107.96136318864359,33.78008916961885
piecewise_0177,1,default,41.062649047220084,6.631556146794127,115.86103384381049,108.17764433220205
piecewise_0177,2,previous_period,35.06414737876995,25.384208505851802,115.86103384381049,86.45062743586212
piecewise_0177,3,previous_period,35.06414737876995,25.384208505851802,115.86103384381049,86.45062743586212
piecewise_0177,4,previous_period,35.06414737876995,25.384208505851802,115.86103384381049,86.45062743586212
piecewise_0177,5,previous_period,35.06414737876995,25.384208505851802,115.86103384381049,86.45062743586212
piecewise_0177,6,previous_period,35.06414737876995,25.384208505851802,115.86103384381049,86.45062743586212
piecewise_0178,1,default,55.026308020017446,-4.573322953994041,136.91134899207134,143.17274714214864
piecewise_0178,2,previous_period,50.53790259931654,1.9729835579616495,136.91134899207134,134.21011058747428
piecewise_0178,3,previous_period,50.53790259931654,1.9729835579616495,136.91134899207134,134.21011058747428
piecewise_0178,4,previous_period,50.53790259931654,1.9729835579616495,136.91134899207134,134.21011058747428
piecewise_0178,5,previous_period,50.53790259931654,1.9729835579616495,136.91134899207134,134.21011058747428
piecewise_0178,6,previous_period,50.53790259931654,1.9729835579616495,136.91134899207134,134.21011058747428
piecewise_0179,1,default,72.89758205507681,1.9069613674722374,193.44295017800926,189.75406785001604
piecewise_0179,2,previous_period,47.956621793946745,29.634169440447423,193.44295017800926,136.1177385516577
piecewise_0179,3,previous_period,47.956621793946745,29.634169440447423,193.44295017800926,136.1177385516577
piecewise_0179,4,previous_period,47.956621793946745,29.634169440447423,193.44295017800926,136.1177385516577
piecewise_0179,5,previous_period,47.956621793946745,29.634169440447423,193.44295017800926,136.1177385516577
piecewise_0179,6,previous_period,47.956621793946745,29.634169440447423,193.44295017800926,136.1177385516577
piecewise_0180,1,default,64.0583896605935,3.9334794060036704,185.1744698314789,177.8906701954812
piecewise_0180,2,previous_period,57.98393621233451,14.89717718709791,185.1744698314789,157.5887009554143
piecewise_0180,3,previous_period,57.98393621233451,14.89717718709791,185.1744698314789,157.5887009554143
piecewise_0180,4,previous_period,57.98393621233451,14.89717718709791,185.1744698314789,157.5887009554143
piecewise_0180,5,previous_period,57.98393621233451,14.89717718709791,185.1744698314789,157.5887009554143
piecewise_0180,6,previous_period,57.98393621233451,14.89717718709791,185.1744698314789,157.5887009554143
piecewise_0181,1,default,52.50916073137352,8.265120970194195,153.4873479512156,140.80143296910475
piecewise_0181,2,previous_period,38.233569804550406,36.306049041800705,153.4873479512156,97.76215613108798
piecewise_0181,3,previous_period,38.233569804550406,36.306049041800705,153.4873479512156,97.76215613108798
piecewise_0181,4,previous_period,38.233569804550406,36.306049041800705,153.4873479512156,97.76215613108798
piecewise_0181,5,previous_period,38.233569804550406,36.306049041800705,153.4873479512156,97.76215613108798
piecewise_0181,6,previous_period,38.233569804550406,36.306049041800705,153.4873479512156,97.76215613108798
piecewise_0182,1,default,60.6056733788902,9.06667508990594,175.8780461249014,159.93175512828168
piecewise_0182,2,previous_period,35.54397795358209,48.206736678042304,175.8780461249014,91.0929795549844
piecewise_0182,3,previous_period,35.54397795358209,48.206736678042304,175.8780461249014,91.0929795549844
piecewise_0182,4,previous_period,35.54397795358209,48.206736678042304,175.8780461249014,91.0929795549844
piecewise_0182,5,previous_period,35.54397795358209,48.206736678042304,175.8780461249014,91.0929795549844
piecewise_0182,6,previous_period,35.54397795358209,48.206736678042304,175.8780461249014,91.0929795549844
piecewise_0183,1,default,55.70990011524907,4.147619097824585,160.98097784761396,154.30410006654157
piecewise_0183,2,previous_period,36.88111328852991,41.71564281726064,160.98097784761396,93.82672812496986
piecewise_0183,3,previous_period,36.88111328852991,41.71564281726064,160.98097784761396,93.82672812496986
piecewise_0183,4,previous_period,36.88111328852991,41.71564281726064,160.98097784761396,93.82672812496986
piecewise_0183,5,previous_period,36.88111328852991,41.71564281726064,160.98097784761396,93.82672812496986
piecewise_0183,6,previous_period,36.88111328852991,41.71564281726064,160.98097784761396,93.82672812496986
piecewise_0184,1,default,27.75614657632069,16.30562127937203,89.25585654170578,74.70213460435563
piecewise_0184,2,previous_period,15.170791286029381,60.90164231519346,89.25585654170578,34.89757404531392
piecewise_0184,3,previous_period,15.170791286029381,60.90164231519346,89.25585654170578,34.89757404531392
piecewise_0184,4,previous_period,15.170791286029381,60.90164231519346,89.25585654170578,34.89757404531392
piecewise_0184,5,previous_period,15.170791286029381,60.90164231519346,89.25585654170578,34.89757404531392
piecewise_0184,6,previous_period,15.170791286029381,60.90164231519346,89.25585654170578,34.89757404531392
piecewise_0185,1,default,60.96847318891905,-5.599551204516562,146.57755873047626,154.78524418591962
piecewise_0185,2,previous_period,50.97528031777648,9.065593246858207,146.57755873047626,133.2894334647966
piecewise_0185,3,previous_period,50.97528031777648,9.065593246858207,146.57755873047626,133.2894334647966
piecewise_0185,4,previous_period,50.97528031777648,9.065593246858207,146.57755873047626,133.2894334647966
piecewise_0185,5,previous_period,50.97528031777648,9.065593246858207,146.57755873047626,133.2894334647966
piecewise_0185,6,previous_period,50.97528031777648,9.065593246858207,146.57755873047626,133.2894334647966
piecewise_0186,1,default,25.66317980362987,16.286786878624614,82.02964273374835,68.66964964440557
piecewise_0186,2,previous_period,23.450791556832577,24.611645550293836,82.02964273374835,61.84079781794584
piecewise_0186,3,previous_period,23.450791556832577,24.611645550293836,82.02964273374835,61.84079781794584
piecewise_0186,4,previous_period,23.450791556832577,24.611645550293836,82.02964273374835,61.84079781794584
piecewise_0186,5,previous_period,23.450791556832577,24.611645550293836,82.02964273374835,61.84079781794584
piecewise_0186,6,previous_period,23.450791556832577,24.611645550293836,82.02964273374835,61.84079781794584
piecewise_0187,1,default,72.84770771375727,-5.901217370633249,169.23741862394579,179.22448656939338
piecewise_0187,2,previous_period,55.08180584750518,15.037756112373435,169.23741862394579,143.78790836040037
piecewise_0187,3,previous_period,55.08180584750518,15.037756112373435,169.23741862394579,143.78790836040037
piecewise_0187,4,previous_period,55.08180584750518,15.037756112373435,169.23741862394579,143.78790836040037
piecewise_0187,5,previous_period,55.08180584750518,15.037756112373435,169.23741862394579,143.78790836040037
piecewise_0187,6,previous_period,55.08180584750518,15.037756112373435,169.23741862394579,143.78790836040037
piecewise_0188,1,default,47.68114154447864,-4.2589796555759785,115.49094676345456,120.40968269014218
piecewise_0188,2,previous_period,42.42336851630571,2.695840934154803,115.49094676345456,112.37749454536242
piecewise_0188,3,previous_period,42.42336851630571,2.695840934154803,115.49094676345456,112.37749454536242
piecewise_0188,4,previous_period,42.42336851630571,2.695840934154803,115.49094676345456,112.37749454536242
piecewise_0188,5,previous_period,42.42336851630571,2.695840934154803,115.49094676345456,112.37749454536242
piecewise_0188,6,previous_period,42.42336851630571,2.695840934154803,115.49094676345456,112.37749454536242
piecewise_0189,1,default,40.482644485166446,9.848488652749943,120.55508572675214,108.68223178864
piecewise_0189,2,previous_period,35.137335801153405,24.06170275426085,120.55508572675214,91.54747934403669
piecewise_0189,3,previous_period,35.137335801153405,24.06170275426085,120.55508572675214,91.54747934403669
piecewise_0189,4,previous_period,35.137335801153405,24.06170275426085,120.55508572675214,91.54747934403669
piecewise_0189,5,previous_period,35.137335801153405,24.06170275426085,120.55508572675214,91.54747934403669
piecewise_0189,6,previous_period,35.137335801153405,24.06170275426085,120.55508572675214,91.54747934403669
piecewise_0190,1,default,55.44419092195181,-5.993796601989065,147.82997056720842,156.6905983197872
piecewise_0190,2,previous_period,34.678764034364335,33.83972767126456,147.82997056720842,97.80471111075454
piecewise_0190,3,previous_period,34.678764034364335,33.83972767126456,147.82997056720842,97.80471111075454
piecewise_0190,4,previous_period,34.678764034364335,33.83972767126456,147.82997056720842,97.80471111075454
piecewise_0190,5,previous_period,34.678764034364335,33.83972767126456,147.82997056720842,97.80471111075454
piecewise_0190,6,previous_period,34.678764034364335,33.83972767126456,147.82997056720842,97.80471111075454
piecewise_0191,1,default,52.650708502744045,6.678761812407574,156.2763763559052,145.83904941003266
piecewise_0191,2,previous_period,44.527791897660215,28.34905598216131,156.2763763559052,111.97349893587653
piecewise_0191,3,previous_period,44.527791897660215,28.34905598216131,156.2763763559052,111.97349893587653
piecewise_0191,4,previous_period,44.527791897660215,28.34905598216131,156.2763763559052,111.97349893587653
piecewise_0191,5,previous_period,44.527791897660215,28.34905598216131,156.2763763559052,111.97349893587653
piecewise_0191,6,previous_period,44.527791897660215,28.34905598216131,156.2763763559052,111.97349893587653
piecewise_0192,1,default,44.58562059604369,-13.58237723709883,104.69987790028767,118.92061028348661
piecewise_0192,2,previous_period,30.888956530862757,27.90095397730028,104.69987790028767,75.48761315303882
piecewise_0192,3,previous_period,30.888956530862757,27.90095397730028,104.69987790028767,75.48761315303882
piecewise_0192,4,previous_period,30.888956530862757,27.90095397730028,104.69987790028767,75.48761315303882
piecewise_0192,5,previous_period,30.888956530862757,27.90095397730028,104.69987790028767,75.48761315303882
piecewise_0192,6,previous_period,30.888956530862757,27.90095397730028,104.69987790028767,75.48761315303882
piecewise_0193,1,default,57.68833310802639,-2.146752558860898,165.25546391346228,168.803089813682
piecewise_0193,2,previous_period,42.678122715480455,30.466510082433018,165.25546391346228,114.90789133849583
piecewise_0193,3,previous_period,42.678122715480455,30.466510082433018,165.25546391346228,114.90789133849583
piecewise_0193,4,previous_period,42.678122715480455,30.466510082433018,165.25546391346228,114.90789133849583
piecewise_0193,5,previous_period,42.678122715480455,30.466510082433018,165.25546391346228,114.90789133849583
piecewise_0193,6,previous_period,42.678122715480455,30.466510082433018,165.25546391346228,114.90789133849583
piecewise_0194,1,default,56.761186774640365,2.9075892017518923,157.94915011483343,153.35663768183565
piecewise_0194,2,previous_period,54.91570777003995,10.201756755868752,157.94915011483343,141.83556202215613
piecewise_0194,3,previous_period,54.91570777003995,10.201756755868752,157.94915011483343,141.83556202215613
piecewise_0194,4,previous_period,54.91570777003995,10.201756755868752,157.94915011483343,141.83556202215613
piecewise_0194,5,previous_period,54.91570777003995,10.201756755868752,157.94915011483343,141.83556202215613
piecewise_0194,6,previous_period,54.91570777003995,10.201756755868752,157.94915011483343,141.83556202215613
piecewise_0195,1,default,38.393418493111376,3.138391656371209,102.363895633737,99.15131567403127
piecewise_0195,2,previous_period,33.79653394369321,13.520053047926472,102.363895633737,88.52424264213167
piecewise_0195,3,previous_period,33.79653394369321,13.520053047926472,102.363895633737,88.52424264213167
piecewise_0195,4,previous_period,33.79653394369321,13.520053047926472,102.363895633737,88.52424264213167
piecewise_0195,5,previous_period,33.79653394369321,13.520053047926472,102.363895633737,88.52424264213167
piecewise_0195,6,previous_period,33.79653394369321,13.520053047926472,102.363895633737,88.52424264213167
piecewise_0196,1,default,36.48007246556759,14.927488102590324,125.73447631540044,106.9654773225648
piecewise_0196,2,previous_period,14.34087127511384,78.15699159152935,125.73447631540044,27.464192233919462
piecewise_0196,3,previous_period,14.34087127511384,78.15699159152935,125.73447631540044,27.464192233919462
piecewise_0196,4,previous_period,14.34087127511384,78.15699159152935,125.73447631540044,27.464192233919462
piecewise_0196,5,previous_period,14.34087127511384,78.15699159152935,125.73447631540044,27.464192233919462
piecewise_0196,6,previous_period,14.34087127511384,78.15699159152935,125.73447631540044,27.464192233919462
piecewise_0197,1,default,47.664858992371734,-1.107980875608372,120.78970724423661,122.12803410020608
piecewise_0197,2,previous_period,35.17395762861764,23.50037994176477,120.78970724423661,92.40366711129565
piecewise_0197,3,previous_period,35.17395762861764,23.50037994176477,120.78970724423661,92.40366711129565
piecewise_0197,4,previous_period,35.17395762861764,23.50037994176477,120.78970724423661,92.40366711129565
piecewise_0197,5,previous_period,35.17395762861764,23.50037994176477,120.78970724423661,92.40366711129565
piecewise_0197,6,previous_period,35.17395762861764,23.50037994176477,120.78970724423661,92.40366711129565
piecewise_0198,1,default,57.63607974965608,9.449203974420762,166.1232439189485,150.42591975212252
piecewise_0198,2,previous_period,36.11551304657049,42.52418796362352,166.1232439189485,95.48068342358607
piecewise_0198,3,previous_period,36.11551304657049,42.52418796362352,166.1232439189485,95.48068342358607
piecewise_0198,4,previous_period,36.11551304657049,42.52418796362352,166.1232439189485,95.48068342358607
piecewise_0198,5,previous_period,36.11551304657049,42.52418796362352,166.1232439189485,95.48068342358607
piecewise_0198,6,previous_period,36.11551304657049,42.52418796362352,166.1232439189485,95.48068342358607
piecewise_0199,1,default,42.712380455329225,-22.02922193283634,85.36146582642573,104.1659325784513
piecewise_0199,2,previous_period,27.05115974625239,33.37085576757136,85.36146582642573,56.87561418440448
piecewise_0199,3,previous_period,27.05115974625239,33.37085576757136,85.36146582642573,56.87561418440448
piecewise_0199,4,previous_period,27.05115974625239,33.37085576757136,85.36146582642573,56.87561418440448
piecewise_0199,5,previous_period,27.05115974625239,33.37085576757136,85.36146582642573,56.87561418440448
piecewise_0199,6,previous_period,27.05115974625239,33.37085576757136,85.36146582642573,56.87561418440448
