profile,period,policy,rmse_nm,offload_pct,baseline_motor_work_j,assisted_motor_work_j
piecewise_0000,1,default,52.55741061494892,-1.6310342585297732,145.62745155791555,148.002685182649
piecewise_0000,2,previous_period,40.164882178227444,25.703950811602738,145.62745155791555,108.19544304127832
piecewise_0000,3,previous_period,40.03631451843109,25.988288072575337,145.62745155791555,107.78136993429436
piecewise_0000,4,previous_period,40.034420889775255,25.992305824139137,145.62745155791555,107.77551898508206
piecewise_0000,5,previous_period,40.03440655060317,25.992314331705447,145.62745155791555,107.77550659573006
piecewise_0000,6,previous_period,40.034409544422616,25.992307577409456,145.62745155791555,107.77551643183918
piecewise_0001,1,default,32.9088116717195,-6.335642831012955,82.60573399470402,87.83933825854513
piecewise_0001,2,previous_period,19.258920204992943,38.9259971788549,82.60573399470402,50.45062831035315
piecewise_0001,3,previous_period,18.7348606424976,40.60715215620932,82.60573399470402,49.06189790172104
piecewise_0001,4,previous_period,18.715054454816553,40.67121755936807,82.60573399470402,49.00897620520509
piecewise_0001,5,previous_period,18.714309199842784,40.6736138342214,82.60573399470402,49.00699674477396
piecewise_0001,6,previous_period,18.71428113730043,40.67370394872748,82.60573399470402,49.00692230502477
piecewise_0002,1,default,42.74881626734772,4.520544360944189,107.58704577887802,102.72352564781451
piecewise_0002,2,previous_period,30.005413512860407,28.880782980707142,107.58704577887802,76.51506457212622
piecewise_0002,3,previous_period,29.863786950513866,29.590171118503505,107.58704577887802,75.75185483156531
piecewise_0002,4,previous_period,29.8596060104079,29.494653932811765,107.58704577887802,75.85461894986219
piecewise_0002,5,previous_period,29.861163338499182,29.530361655406324,107.58704577887802,75.81620206600778
piecewise_0002,6,previous_period,29.86047702633761,29.51824872859399,107.58704577887802,75.82923400612253
piecewise_0003,1,default,62.265883794314476,6.265904469651984,173.89630752009828,163.00013101463668
piecewise_0003,2,previous_period,38.89745002375549,36.601683645778515,173.89630752009828,110.24733116990174
piecewise_0003,3,previous_period,38.984644593793085,36.62383259562918,173.89630752009828,110.20881496395697
piecewise_0003,4,previous_period,38.979041573277655,36.62291992556253,173.89630752009828,110.21040206350273
piecewise_0003,5,previous_period,38.97942718118528,36.622947567783434,173.89630752009828,110.21035399470124
piecewise_0003,6,previous_period,38.97940346842195,36.622943482672774,173.89630752009828,110.21036109855784
piecewise_0004,1,default,69.54874084269754,-5.272950168834711,175.17770378352833,184.41473681094266
piecewise_0004,2,previous_period,53.11751241950954,20.377629599803292,175.17770378352833,139.48064016508033
piecewise_0004,3,previous_period,51.90315432767037,22.381943417729676,175.17770378352833,135.96952924222091
piecewise_0004,4,previous_period,51.87608538876878,22.422568623934268,175.17770378352833,135.8983629388344
piecewise_0004,5,previous_period,51.87507189445318,22.42457119161877,175.17770378352833,135.89485488674796
piecewise_0004,6,previous_period,51.875065241508764,22.42456845407047,175.17770378352833,135.89485968232222
piecewise_0005,1,default,72.27413345929729,-1.819204086400683,189.72546089569582,193.17695423325284
piecewise_0005,2,previous_period,48.87593415300835,27.49513141384551,189.72546089569582,137.56019609690017
piecewise_0005,3,previous_period,48.162952756278855,28.439655361522775,189.72546089569582,135.76819368389926
piecewise_0005,4,previous_period,48.165549912250576,28.440028528184303,189.72546089569582,135.76748569173077
piecewise_0005,5,previous_period,48.16539779487436,28.440141710782473,189.72546089569582,135.76727095552474
piecewise_0005,6,previous_period,48.16540887471855,28.44013245436078,189.72546089569582,135.76728851731346
piecewise_0006,1,default,63.90923999328856,5.461020700756203,202.20103466141347,191.15879430141047
piecewise_0006,2,previous_period,36.176250101089316,48.62253768654794,202.20103466141347,103.88576038057784
piecewise_0006,3,previous_period,36.101095469796775,48.77595331460643,202.20103466141347,103.57555239331126
piecewise_0006,4,previous_period,36.11226063765233,48.75304168785466,202.20103466141347,103.62187993966111
piecewise_0006,5,previous_period,36.11060586357248,48.75643481147718,202.20103466141347,103.61501900858904
piecewise_0006,6,previous_period,36.11085088879186,48.75593249856589,202.20103466141347,103.6160346904929
piecewise_0007,1,default,51.87470611579921,-7.583552281618222,122.09991831770809,131.35942945914462
piecewise_0007,2,previous_period,42.68775554521562,9.979359339065086,122.09991831770809,109.91512871607904
piecewise_0007,3,previous_period,41.82176539588545,11.871692938595203,122.09991831770809,107.60459093675422
piecewise_0007,4,previous_period,41.82176153974393,11.842530419322417,122.09991831770809,107.64019834896568
piecewise_0007,5,previous_period,41.81687374386026,11.857991719654393,122.09991831770809,107.62132011388948
piecewise_0007,6,previous_period,41.81771124940186,11.85519731073108,122.09991831770809,107.62473208490232
piecewise_0008,1,default,47.87112076978688,3.2807008395830395,128.3915676071555,124.17942437071373
piecewise_0008,2,previous_period,39.51807933948416,23.107162322113094,128.3915676071555,98.72391967226451
piecewise_0008,3,previous_period,38.929963031818566,24.401869075215266,128.3915676071555,97.06162537604092
piecewise_0008,4,previous_period,38.90648075301314,24.43047023972752,128.3915676071555,97.02490389256974
piecewise_0008,5,previous_period,38.90014679755043,24.45006865873748,128.3915676071555,96.99974117517664
piecewise_0008,6,previous_period,38.901585591543444,24.44439707920948,128.3915676071555,97.00702300504072
piecewise_0009,1,default,60.455117668341344,-9.39441950323161,160.26573475645597,175.32177019941392
piecewise_0009,2,previous_period,33.936205843303846,43.04379842038221,160.26573475645597,91.28127495094265
piecewise_0009,3,previous_period,32.66865650387057,46.55739445663395,160.26573475645597,85.65018444707007
piecewise_0009,4,previous_period,32.64713212522342,46.61741373959381,160.26573475645597,85.5539941022389
piecewise_0009,5,previous_period,32.64712162501431,46.616998008861565,160.26573475645597,85.55466037615153
piecewise_0009,6,previous_period,32.64713334363065,46.6169661462443,160.26573475645597,85.5547114410092
piecewise_0010,1,default,63.02034367933803,7.902239484096052,192.6299568360163,177.40787632872343
piecewise_0010,2,previous_period,40.600638410521576,48.97349993828387,192.6299568360163,98.2923250438136
piecewise_0010,3,previous_period,40.137589093625216,49.939449407075806,192.6299568360163,96.43161699902197
piecewise_0010,4,previous_period,40.15328397170285,49.909771812674094,192.6299568360163,96.48878493630795
piecewise_0010,5,previous_period,40.15216132771242,49.91189722289142,192.6299568360163,96.48469075952374
piecewise_0010,6,previous_period,40.15223895130674,49.911750179410575,192.6299568360163,96.48497400931743
piecewise_0011,1,default,38.364754142480024,-1.9996302644943453,90.92762199635246,92.74583824457653
piecewise_0011,2,previous_period,38.67873604508324,2.0965452481374602,90.92762199635246,89.02128325814354
piecewise_0011,3,previous_period,38.610983977016396,1.433927818492997,90.92762199635246,89.6237855298526
piecewise_0011,4,previous_period,38.62749723266027,1.5740645699133693,90.92762199635246,89.49636251424312
piecewise_0011,5,previous_period,38.61800300922758,1.5119137499665425,90.92762199635246,89.552874776872
piecewise_0011,6,previous_period,38.62309636558546,1.5472326462155128,90.92762199635246,89.52076014439746
piecewise_0012,1,default,43.910109354414196,-5.191599162325344,101.39844537713077,106.66264621794082
piecewise_0012,2,previous_period,28.47160566973009,35.29615600928684,101.39844537713077,65.6086919058272
piecewise_0012,3,previous_period,28.131215591526498,36.910811522247236,101.39844537713077,63.97145631748922
piecewise_0012,4,previous_period,28.114096190525224,36.84599062917356,101.39844537713077,64.03718369534549
piecewise_0012,5,previous_period,28.11894272692349,36.87297127005038,101.39844537713077,64.00982574494361
piecewise_0012,6,previous_period,28.11721495651633,36.86353116772856,101.39844537713077,64.01939786193995
piecewise_0013,1,default,40.34768018410774,3.8298113589120164,113.09026968259579,108.7591256884675
piecewise_0013,2,previous_period,27.261838636689944,41.86594451809075,113.09026968259579,65.74396012192103
piecewise_0013,3,previous_period,27.17782603848966,42.59735528280093,113.09026968259579,64.91680571562276
piecewise_0013,4,previous_period,27.17831758321452,42.54366627906811,113.09026968259579,64.9775227547341
piecewise_0013,5,previous_period,27.178263901891214,42.55507224672485,113.09026968259579,64.96462371515119
piecewise_0013,6,previous_period,27.178236275522142,42.55267248294208,113.09026968259579,64.96733761448486
piecewise_0014,1,default,44.73035946853216,7.288602707564785,117.67302956321174,109.09630994439398
piecewise_0014,2,previous_period,33.355468076659974,24.97303319223362,117.67302956321174,88.28650483208399
piecewise_0014,3,previous_period,33.15626373876176,25.154657223157585,117.67302956321174,88.07278233248094
piecewise_0014,4,previous_period,33.19447156505015,25.125276514628347,117.67302956321174,88.10735550231443
piecewise_0014,5,previous_period,33.179628062506254,25.13608919632301,117.67302956321174,88.0946318921873
piecewise_0014,6,previous_period,33.184409661165965,25.132511897818,117.67302956321174,88.09884140771466
piecewise_0015,1,default,65.90847411971129,-8.65943240198197,169.66877088611028,184.36112340826665
piecewise_0015,2,previous_period,37.301800722454395,43.85825652103432,169.66877088611028,95.25500611479403
piecewise_0015,3,previous_period,36.13281406022233,45.75901899349019,169.66877088611028,92.03000579031372
piecewise_0015,4,previous_period,36.13930599129629,45.750010934686536,169.66877088611028,92.04528965296657
piecewise_0015,5,previous_period,36.138804796079214,45.750768429858994,169.66877088611028,92.04400442021796
piecewise_0015,6,previous_period,36.138823436651265,45.75073952139016,169.66877088611028,92.0440534688617
piecewise_0016,1,default,33.75760486273021,-8.64812677280371,81.95160288710906,89.03888139713092
piecewise_0016,2,previous_period,15.485271401076306,54.75884138773068,81.95160288710906,37.075854647454086
piecewise_0016,3,previous_period,13.992047799632509,57.62426157583087,81.95160288710906,34.72759687385518
piecewise_0016,4,previous_period,14.284051631236615,57.08546123016664,81.95160288710906,35.16915239348828
piecewise_0016,5,previous_period,14.17525438610623,57.2927457791193,81.95160288710906,34.99927938308427
piecewise_0016,6,previous_period,14.209957626861478,57.225456108832006,81.95160288710906,35.054424346462156
piecewise_0017,1,default,41.76105832721695,-14.670160677663958,100.3458446942733,115.06674134428232
piecewise_0017,2,previous_period,32.431140329250276,28.32697515921174,100.3458446942733,71.92090219442531
piecewise_0017,3,previous_period,31.781436997899554,33.2902934790928,100.3458446942733,66.94041850147504
piecewise_0017,4,previous_period,31.76355664189587,33.40386000889768,100.3458446942733,66.82645920785237
piecewise_0017,5,previous_period,31.761830951737686,33.41814450345322,100.3458446942733,66.8121253111303
piecewise_0017,6,previous_period,31.761798897355845,33.4182959922932,100.3458446942733,66.8119732983742
piecewise_0018,1,default,31.27559763897426,14.467927136123837,94.94455955320072,81.20804985732994
piecewise_0018,2,previous_period,8.153492454792582,79.20283300627919,94.94455955320072,19.745778601731857
piecewise_0018,3,previous_period,7.873898175282567,79.83971099438423,94.94455955320072,19.14109760103424
piecewise_0018,4,previous_period,7.869638796242807,79.8585591643292,94.94455955320072,19.123202289096163
piecewise_0018,5,previous_period,7.881386561275585,79.82809377787572,94.94455955320072,19.152127516080586
piecewise_0018,6,previous_period,7.873958264421169,79.8468243973199,94.94455955320072,19.134343811947723
piecewise_0019,1,default,47.450045317220756,8.155403196019439,138.24269394898312,126.96844486840438
piecewise_0019,2,previous_period,26.96379154164777,44.65605908097344,138.24269394898312,76.50895486399591
piecewise_0019,3,previous_period,26.870227618231027,44.84888000305399,138.24269394898312,76.2423940268145
piecewise_0019,4,previous_period,26.869756263663795,44.84978741031732,138.24269394898312,76.24113960256858
piecewise_0019,5,previous_period,26.869791855926945,44.8497165250882,138.24269394898312,76.24123759621892
piecewise_0019,6,previous_period,26.869790058554656,44.84971997359565,138.24269394898312,76.24123282890933
piecewise_0020,1,default,49.31847460318836,10.286182693731384,146.28288823159915,131.23596309842998
piecewise_0020,2,previous_period,27.360949941938024,60.327582320763604,146.28288823159915,58.03395841249054
piecewise_0020,3,previous_period,27.180782512351392,60.496576120397336,146.28288823159915,57.78674940145402
piecewise_0020,4,previous_period,27.189244822511068,60.49414665785322,146.28288823159915,57.79030328943206
piecewise_0020,5,previous_period,27.18820032118055,60.49448206084427,146.28288823159915,57.78981265224954
piecewise_0020,6,previous_period,27.18832170189461,60.49444400951791,146.28288823159915,57.78986831482874
piecewise_0021,1,default,63.723235551299275,1.1308601837727306,170.00272834345324,168.0802351772898
piecewise_0021,2,previous_period,63.57221402817099,2.8936235088792728,170.00272834345324,165.08348943037092
piecewise_0021,3,previous_period,63.57814813950535,2.786335817778618,170.00272834345324,165.26588143241872
piecewise_0021,4,previous_period,63.572820854108805,2.813471673231105,170.00272834345324,165.21974973779015
piecewise_0021,5,previous_period,63.574816341445676,2.807417966718939,170.00272834345324,165.23004120402675
piecewise_0021,6,previous_period,63.57411671391942,2.8094251003678794,170.00272834345324,165.22662902206204
piecewise_0022,1,default,48.67429343472001,5.720299284135377,133.83373271937123,126.17804266469338
piecewise_0022,2,previous_period,37.08399533712946,27.21282233084974,133.83373271937123,97.41379681570442
piecewise_0022,3,previous_period,36.844948409411145,27.83218719791154,133.83373271937123,96.58487769496324
piecewise_0022,4,previous_period,36.86399696048199,27.79122589046,133.83373271937123,96.6396977416963
piecewise_0022,5,previous_period,36.860864613257995,27.797413732324962,133.83373271937123,96.63141632195365
piecewise_0022,6,previous_period,36.86144869393096,27.796288723925777,133.83373271937123,96.63292196268767
piecewise_0023,1,default,30.180018498260562,9.047226109893236,74.92994330113196,68.15086190666375
piecewise_0023,2,previous_period,17.377294707626024,39.934062031776044,74.92994330113196,45.007373262883306
piecewise_0023,3,previous_period,16.80030192017899,42.441346296708424,74.92994330113196,43.12866658477127
piecewise_0023,4,previous_period,16.79828738319812,42.47735076758473,74.92994330113196,43.10168845515778
piecewise_0023,5,previous_period,16.79850338348527,42.465454683673386,74.92994330113196,43.110602184087604
piecewise_0023,6,previous_period,16.79841362028201,42.470337791749145,74.92994330113196,43.106943273975105
piecewise_0024,1,default,51.43129414075464,-4.106817457647449,134.30275666293605,139.8183257196713
piecewise_0024,2,previous_period,46.2305625838286,8.902301151862769,134.30275666293605,122.34672080954805
piecewise_0024,3,previous_period,46.02603919980706,9.54585522061534,134.30275666293605,121.48240995459685
piecewise_0024,4,previous_period,46.021448990453955,9.560772415550966,134.30275666293605,121.46237575058151
piecewise_0024,5,previous_period,46.0212915050164,9.561268731484873,134.30275666293605,121.46170918460052
piecewise_0024,6,previous_period,46.02129084383789,9.5612704291549,134.30275666293605,121.46170690458288
piecewise_0025,1,default,60.977416816582355,-0.680558222474037,158.24932365373715,159.32630243787222
piecewise_0025,2,previous_period,42.64475567563096,26.185730046171194,158.24932365373715,116.8105829618778
piecewise_0025,3,previous_period,42.176730309790024,27.078821850762267,158.24932365373715,115.39727122150546
piecewise_0025,4,previous_period,42.187026356551584,27.10519279510233,158.24932365373715,115.35553938044623
piecewise_0025,5,previous_period,42.18320515865255,27.098133590058215,158.24932365373715,115.36671052468387
piecewise_0025,6,previous_period,42.184346525610366,27.10032077075911,158.24932365373715,115.36324932601761
piecewise_0026,1,default,60.82706615677279,3.315502164583306,172.36441189279032,166.64966608551356
piecewise_0026,2,previous_period,38.78795578026191,40.489658247714786,172.36441189279032,102.57465057671605
piecewise_0026,3,previous_period,38.60508374739221,40.76539939425633,172.36441189279032,102.09937097113328
piecewise_0026,4,previous_period,38.6036768554822,40.767677991382854,172.36441189279032,102.09544348059674
piecewise_0026,5,previous_period,38.60369156310502,40.76765209314031,172.36441189279032,102.09548811995019
piecewise_0026,6,previous_period,38.60369157809434,40.76765219152958,172.36441189279032,102.09548795036211
piecewise_0027,1,default,68.55603255340017,6.594604692716821,228.17023664492314,213.12331151175397
piecewise_0027,2,previous_period,28.603889559966323,64.66463410821231,228.17023664492314,80.62478797464142
piecewise_0027,3,previous_period,27.85475981508663,65.95283843540027,228.17023664492314,77.68548911282653
piecewise_0027,4,previous_period,27.844661412966058,65.96818398893045,228.17023664492314,77.65047512702222
piecewise_0027,5,previous_period,27.84463367718848,65.96826027966566,228.17023664492314,77.65030105427117
piecewise_0027,6,previous_period,27.8446316481744,65.9682634343594,228.17023664492314,77.65029385619899
piecewise_0028,1,default,41.48262433734915,5.129428361096355,111.90651128244386,106.16634695480869
piecewise_0028,2,previous_period,36.83182510098528,20.38487006066768,111.90651128244386,89.09451436809125
piecewise_0028,3,previous_period,36.664787832374294,20.622735975311556,111.90651128244386,88.82832692148322
piecewise_0028,4,previous_period,36.65974751598003,20.64901117220851,111.90651128244386,88.79892326530324
piecewise_0028,5,previous_period,36.659517905382856,20.649050870535667,111.90651128244386,88.79887884029029
piecewise_0028,6,previous_period,36.65951363635283,20.64910218305981,111.90651128244386,88.79882141823467
piecewise_0029,1,default,32.06315273376825,9.541592639855567,82.74990477449708,74.85424595104618
piecewise_0029,2,previous_period,26.6046731276357,17.982295484116605,82.74990477449708,67.8695723851219
piecewise_0029,3,previous_period,26.58506838682464,18.321743010168866,82.74990477449708,67.58867988055427
piecewise_0029,4,previous_period,26.593942371986618,18.202560748018048,82.74990477449708,67.68730308899217
piecewise_0029,5,previous_period,26.588828321683,18.25474637034454,82.74990477449708,67.64411953621101
piecewise_0029,6,previous_period,26.591451586054642,18.230129779930937,82.74990477449708,67.664489741337
piecewise_0030,1,default,41.934797062161074,7.034169094530784,118.42082994976694,110.09090852795357
piecewise_0030,2,previous_period,34.72374549054193,22.647261021423226,118.42082994976694,91.60175548730749
piecewise_0030,3,previous_period,34.44125768916416,23.063904896293952,118.42082994976694,91.1083623527507
piecewise_0030,4,previous_period,34.41298694651048,23.06886091105659,118.42082994976694,91.10249339893636
piecewise_0030,5,previous_period,34.41002936734819,23.07239930994318,118.42082994976694,91.09830319760792
piecewise_0030,6,previous_period,34.409759617963495,23.0723476436834,118.42082994976694,91.09836438122156
piecewise_0031,1,default,40.413916934206696,11.619075732960093,129.5019111587785,114.45498602560934
piecewise_0031,2,previous_period,18.555830543978438,76.53004162190132,129.5019111587785,30.394044647807654
piecewise_0031,3,previous_period,17.6646238705513,76.86116859239488,129.5019111587785,29.965228892656334
piecewise_0031,4,previous_period,17.711629098428645,76.8523091018435,129.5019111587785,29.976702102239273
piecewise_0031,5,previous_period,17.701877081300495,76.8571987977343,129.5019111587785,29.970369852610865
piecewise_0031,6,previous_period,17.703790284243563,76.85588828165253,129.5019111587785,29.972066995982797
piecewise_0032,1,default,33.31040724494723,-4.100146696718854,84.49923754655381,87.96383024357146
piecewise_0032,2,previous_period,31.581431934208943,0.13678154664393816,84.49923754655381,84.3836581825353
piecewise_0032,3,previous_period,31.598945885632453,0.419539404699365,84.49923754655381,84.1447299483755
piecewise_0032,4,previous_period,31.579488721389534,0.41444866665284463,84.49923754655381,84.1490315832103
piecewise_0032,5,previous_period,31.58653312595043,0.410673324112909,84.49923754655381,84.15222171887132
piecewise_0032,6,previous_period,31.58396084992415,0.4127217347870804,84.49923754655381,84.15049082746982
piecewise_0033,1,default,42.240573238649084,4.8436286680366365,113.26815053799506,107.78186192678183
piecewise_0033,2,previous_period,38.40683067961409,16.344484497072187,113.26815053799506,94.75505523319207
piecewise_0033,3,previous_period,38.32503689445336,17.002136063414707,113.26815053799506,94.01014546701174
piecewise_0033,4,previous_period,38.34215707030201,16.85234399832144,113.26815053799506,94.17981216879555
piecewise_0033,5,previous_period,38.33667323471186,16.896841240252193,113.26815053799506,94.12941096582017
piecewise_0033,6,previous_period,38.338733367426656,16.8811413886342,113.26815053799506,94.14719389738508
piecewise_0034,1,default,69.25945577897129,1.2648816812992902,193.99057246072928,191.53682124622588
piecewise_0034,2,previous_period,52.61446301002924,25.360975735369706,193.99057246072928,144.79267045005895
piecewise_0034,3,previous_period,52.61572863718382,25.33327514232858,193.99057246072928,144.84640698907444
piecewise_0034,4,previous_period,52.616383063079155,25.332584658943126,193.99057246072928,144.84774646174662
piecewise_0034,5,previous_period,52.61637391619714,25.332596349045243,193.99057246072928,144.8477237840506
piecewise_0034,6,previous_period,52.6163739807208,25.33259621791405,193.99057246072928,144.84772403843277
piecewise_0035,1,default,41.981696413932376,0.6079782087641927,109.77477893662832,109.10737220197456
piecewise_0035,2,previous_period,27.488373626881952,37.91591112771311,109.77477893662832,68.1526713143728
piecewise_0035,3,previous_period,26.96212081475812,39.04336773457037,109.77477893662832,66.91500831658884
piecewise_0035,4,previous_period,26.963253325411078,39.03642660317068,109.77477893662832,66.92262792823854
piecewise_0035,5,previous_period,26.963580362966965,39.03563454680123,109.77477893662832,66.92349740636716
piecewise_0035,6,previous_period,26.963584454124497,39.03562423906549,109.77477893662832,66.92350872166128
piecewise_0036,1,default,58.206486895432974,-0.6465607066775236,153.26157535911904,154.25250448382604
piecewise_0036,2,previous_period,42.63617275574488,27.472879131731286,153.26157535911904,111.156208005321
piecewise_0036,3,previous_period,42.582490701899545,27.60284966081288,153.26157535911904,110.95701312494798
piecewise_0036,4,previous_period,42.58258320703799,27.60582582531089,153.26157535911904,110.95245180835303
piecewise_0036,5,previous_period,42.582623460468746,27.60607349066794,153.26157535911904,110.95207223252521
piecewise_0036,6,previous_period,42.58262739253215,27.606098768665067,153.26157535911904,110.95203349106859
piecewise_0037,1,default,37.156010934302806,13.458315003357201,112.71782561804287,97.54790558143179
piecewise_0037,2,previous_period,16.402157224028002,61.04424424684214,112.71782561804287,43.910080838035185
piecewise_0037,3,previous_period,15.893648092500728,62.719230439475446,112.71782561804287,42.022072822296465
piecewise_0037,4,previous_period,16.046764120065934,62.031311846900785,112.71782561804287,42.79747970186887
piecewise_0037,5,previous_period,15.958346610177601,62.404107383932384,112.71782561804287,42.377272678525756
piecewise_0037,6,previous_period,15.999726831403528,62.21555642301113,112.71782561804287,42.589803221858105
piecewise_0038,1,default,62.8373953703759,-6.203199939796944,151.52939674459986,160.92906819223555
piecewise_0038,2,previous_period,42.16874152152428,28.344801394507257,151.52939674459986,108.57869018304808
piecewise_0038,3,previous_period,40.893571241429164,30.20848857921741,151.52939674459986,105.75465623485039
piecewise_0038,4,previous_period,40.943067213557825,30.18331675298137,151.52939674459986,105.79279895129544
piecewise_0038,5,previous_period,40.93405071148994,30.18863484182027,151.52939674459986,105.78474048335951
piecewise_0038,6,previous_period,40.9355482757,30.18776098907503,151.52939674459986,105.78606462715281
piecewise_0039,1,default,54.06219603061482,-4.369728505103265,132.35294090564162,138.1364050917379
piecewise_0039,2,previous_period,40.74210313103972,21.032370095879237,132.35294090564162,104.51598054158673
piecewise_0039,3,previous_period,40.53670541591553,21.508711572179827,132.35294090564162,103.88552858894955
piecewise_0039,4,previous_period,40.586798172006496,21.41252914461248,132.35294090564162,104.01282886046937
piecewise_0039,5,previous_period,40.572298320000016,21.436304968783947,132.35294090564162,103.98136085795389
piecewise_0039,6,previous_period,40.576353104645726,21.430080655470583,132.35294090564162,103.9895989196753
piecewise_0040,1,default,40.41788099776557,-8.134480195426018,81.62785869677926,88.26786069641909
piecewise_0040,2,previous_period,17.473139711718833,48.19072191352153,81.62785869677926,42.29080430825206
piecewise_0040,3,previous_period,16.516130624574505,49.910418361181684,81.62785869677926,40.8870529219425
piecewise_0040,4,previous_period,16.604324375166758,49.64310041050331,81.62785869677926,41.10525884099338
piecewise_0040,5,previous_period,16.577255306888272,49.73893328263983,81.62785869677926,41.02703251954071
piecewise_0040,6,previous_period,16.586222533499427,49.706571941609845,81.62785869677926,41.05344838926904
piecewise_0041,1,default,33.15443646984751,6.374041680277919,92.1650868602037,86.29044580906996
piecewise_0041,2,previous_period,27.886000927805593,30.871847667474974,92.1650868602037,63.71202164212563
piecewise_0041,3,previous_period,27.909576988304135,30.172073472652738,92.1650868602037,64.35696913660883
piecewise_0041,4,previous_period,27.90394013688043,30.214385434374602,92.1650868602037,64.31797228033561
piecewise_0041,5,previous_period,27.904032884473757,30.26562462928297,92.1650868602037,64.27074763184184
piecewise_0041,6,previous_period,27.904494570918327,30.224050015269587,92.1650868602037,64.30906491095908
piecewise_0042,1,default,68.39711704676164,1.2970195898016956,193.2584441910294,190.75184431092578
piecewise_0042,2,previous_period,52.12014259245151,25.46415873096922,193.2584441910294,144.0468072012241
piecewise_0042,3,previous_period,52.13519698538826,25.417548195717497,193.2584441910294,144.13688599648071
piecewise_0042,4,previous_period,52.13564839358164,25.417122276915048,193.2584441910294,144.13770912053184
piecewise_0042,5,previous_period,52.13564141444521,25.417131456745935,193.2584441910294,144.1376913797335
piecewise_0042,6,previous_period,52.135641598044536,25.417131300742433,193.2584441910294,144.13769168122343
piecewise_0043,1,default,44.126102373445185,2.4695189012535534,119.91887267999013,116.9574534529876
piecewise_0043,2,previous_period,39.04086502665312,22.89849436966196,119.91887267999013,92.4592563712005
piecewise_0043,3,previous_period,39.02557301274065,23.002805265902026,119.91887267999013,92.33416792034701
piecewise_0043,4,previous_period,39.02552082977646,23.040533616817715,119.91887267999013,92.28892450724817
piecewise_0043,5,previous_period,39.02599743775432,23.018133379125636,119.91887267999013,92.31578661976614
piecewise_0043,6,previous_period,39.02568234070141,23.029742481762426,119.91887267999013,92.30186511475584
piecewise_0044,1,default,54.488956082940575,2.692364967950134,149.5760414059385,145.54890846667843
piecewise_0044,2,previous_period,36.533563485552726,34.00167919776311,149.5760414059385,98.71767565037797
piecewise_0044,3,previous_period,36.41858581920324,34.17717452677419,149.5760414059385,98.45517668439086
piecewise_0044,4,previous_period,36.4260028994477,34.166772289411284,149.5760414059385,98.47073593925595
piecewise_0044,5,previous_period,36.42563623996546,34.16721716411578,149.5760414059385,98.47007051328376
piecewise_0044,6,previous_period,36.42566081864966,34.16718663992114,149.5760414059385,98.47011617016577
piecewise_0045,1,default,51.708491761063144,1.8788873572054943,138.79213674799672,136.18438883784324
piecewise_0045,2,previous_period,49.754757311615705,5.3650118631011985,138.79213674799672,131.34592214641506
piecewise_0045,3,previous_period,49.7275665823147,5.307873378272543,138.79213674799672,131.42522587041418
piecewise_0045,4,previous_period,49.728737756603664,5.320012490870973,138.79213674799672,131.40837773665658
piecewise_0045,5,previous_period,49.728461090034855,5.318030497684445,138.79213674799672,131.41112858735036
piecewise_0045,6,previous_period,49.728505551278424,5.318365735525887,138.79213674799672,131.41066330358703
piecewise_0046,1,default,34.93506618671948,-3.683500401593154,92.3147501789665,95.71516437253845
piecewise_0046,2,previous_period,21.069634241183312,38.34666890382985,92.3147501789665,56.91511857844054
piecewise_0046,3,previous_period,20.778199552996224,39.46102325352966,92.3147501789665,55.88640514440672
piecewise_0046,4,previous_period,20.776239739484684,39.44218590919096,92.3147501789665,55.903794791773336
piecewise_0046,5,previous_period,20.775370708400754,39.44816631739221,92.3147501789665,55.89827399288268
piecewise_0046,6,previous_period,20.775460203826942,39.44743111424259,92.3147501789665,55.89895269383355
piecewise_0047,1,default,47.69048027434722,9.724920833931606,153.21860967985887,138.31822118564193
piecewise_0047,2,previous_period,18.66409268105893,70.48805003100313,153.21860967985887,45.21779943191255
piecewise_0047,3,previous_period,17.615738853954603,72.21692135667308,153.21860967985887,42.568846823567306
piecewise_0047,4,previous_period,17.6535861281105,72.16651724797887,153.21860967985887,42.646075298130086
piecewise_0047,5,previous_period,17.64991688173387,72.17100011164244,153.21860967985887,42.63920671675092
piecewise_0047,6,previous_period,17.650318564166458,72.17052583181456,153.21860967985887,42.639933401709214
piecewise_0048,1,default,65.02808194343231,-1.4039000022262993,179.62011295373998,182.1417997234964
piecewise_0048,2,previous_period,52.168614324064045,18.0838790923428,179.62011295373998,147.13782890165606
piecewise_0048,3,previous_period,52.061172279065964,18.265818321796868,179.62011295373998,146.8110294522035
piecewise_0048,4,previous_period,52.06116259850181,18.266041932915577,179.62011295373998,146.8106278016595
piecewise_0048,5,previous_period,52.06116851880082,18.26603584840202,179.62011295373998,146.81063873066964
piecewise_0048,6,previous_period,52.06116866971667,18.266035659572267,179.62011295373998,146.81063906984585
piecewise_0049,1,default,72.74959363974432,-7.42558273377496,205.4964421026453,220.7557504259412
piecewise_0049,2,previous_period,34.56014155331859,49.507963161846455,205.4964421026453,103.75933924756254
piecewise_0049,3,previous_period,33.66965953758196,50.950462850415335,205.4964421026453,100.79505371021176
piecewise_0049,4,previous_period,33.65191081110843,50.97951262378898,205.4964421026453,100.73535745949002
piecewise_0049,5,previous_period,33.65159853159897,50.980025147212714,205.4964421026453,100.73430424208931
piecewise_0049,6,previous_period,33.65159183449113,50.98003589393782,205.4964421026453,100.73428215795158
piecewise_0050,1,default,65.81132035751173,5.52479707382223,203.15660269773147,191.93261265661056
piecewise_0050,2,previous_period,44.12735667366538,38.02681371701271,203.15660269773147,125.90261983605352
piecewise_0050,3,previous_period,44.0251398037759,38.241128149088276,203.15660269773147,125.46722591675785
piecewise_0050,4,previous_period,44.026349731882604,38.237785303502925,203.15660269773147,125.47401712828248
piecewise_0050,5,previous_period,44.02631453402863,38.23787921460242,203.15660269773147,125.47382634168318
piecewise_0050,6,previous_period,44.02631514505172,38.23787769347449,203.15660269773147,125.47382943195501
piecewise_0051,1,default,52.35924064133491,1.4546975695447273,139.37509546783835,137.34760934151706
piecewise_0051,2,previous_period,49.763027815280815,5.258525022265125,139.37509546783835,132.04602119785616
piecewise_0051,3,previous_period,49.79488950156107,5.8926307226951575,139.37509546783835,131.1622357725148
piecewise_0051,4,previous_period,49.763846219073095,5.606122586904072,139.37509546783835,131.56155676029675
piecewise_0051,5,previous_period,49.7788991085745,5.743339900960109,139.37509546783835,131.37030999783275
piecewise_0051,6,previous_period,49.771364382208446,5.673852325325912,139.37509546783835,131.4671583727112
piecewise_0052,1,default,53.64179591540497,9.900384660759531,150.2170966299363,135.34502623734775
piecewise_0052,2,previous_period,29.999902607577276,53.26494911722007,150.2170966299363,70.20403654463541
piecewise_0052,3,previous_period,29.798064397690844,53.536197441468225,150.2170966299363,69.79657518729248
piecewise_0052,4,previous_period,29.79841194360778,53.5347236681871,150.2170966299363,69.7987890467263
piecewise_0052,5,previous_period,29.798384993886245,53.53481564652196,150.2170966299363,69.79865087954215
piecewise_0052,6,previous_period,29.798385840609345,53.534812654795694,150.2170966299363,69.79865537362647
piecewise_0053,1,default,71.9403117634287,-5.749641557757035,197.44184798267815,208.7940465266937
piecewise_0053,2,previous_period,37.06307879283674,51.67298017056993,197.44184798267815,95.41776102618205
piecewise_0053,3,previous_period,36.32549414636105,53.07614065175117,197.44184798267815,92.64733504197515
piecewise_0053,4,previous_period,36.32247926043468,53.07096419120339,197.44184798267815,92.6575555413408
piecewise_0053,5,previous_period,36.32123531824801,53.07446369744551,197.44184798267815,92.6506460515461
piecewise_0053,6,previous_period,36.32135251991609,53.074104391677245,197.44184798267815,92.65135547149485
piecewise_0054,1,default,42.0005514557007,7.349040104155014,109.62248443359874,101.56628408940249
piecewise_0054,2,previous_period,24.2881885851824,47.99452393880588,109.62248443359874,57.00969489980145
piecewise_0054,3,previous_period,24.027976033634527,48.54675684406256,109.62248443359874,56.40432346919924
piecewise_0054,4,previous_period,24.026041896132103,48.56334078676298,109.62248443359874,56.38614373919399
piecewise_0054,5,previous_period,24.026199400402728,48.561567489145816,109.62248443359874,56.388087672098315
piecewise_0054,6,previous_period,24.026179844761607,48.56177646458193,109.62248443359874,56.3878585880334
piecewise_0055,1,default,58.08506179394486,-2.0662485277971543,157.44224684336177,160.6953949508935
piecewise_0055,2,previous_period,55.887805445479756,1.689698378313298,157.44224684336177,154.78194775166946
piecewise_0055,3,previous_period,55.83295924739069,1.78623286300299,157.44224684336177,154.62996168999535
piecewise_0055,4,previous_period,55.827389170749285,1.7993056600793644,157.44224684336177,154.60937958455304
piecewise_0055,5,previous_period,55.826331911296144,1.8014112326994236,157.44224684336177,154.6060645237111
piecewise_0055,6,previous_period,55.82618233847824,1.8017336640095305,157.44224684336177,154.60555688061194
piecewise_0056,1,default,51.51417359156854,5.670197327168214,157.9942371061494,149.0356520966767
piecewise_0056,2,previous_period,27.69420381694689,49.82293765855816,157.9942371061494,79.27686684863801
piecewise_0056,3,previous_period,27.554235720125572,50.10793977467256,157.9942371061494,78.82657992954668
piecewise_0056,4,previous_period,27.553517614483905,50.10961880569167,157.9942371061494,78.82392715729728
piecewise_0056,5,previous_period,27.55366222575438,50.10930437647636,157.9942371061494,78.82442393733723
piecewise_0056,6,previous_period,27.553651074177083,50.109328754162455,157.9942371061494,78.82438542199807
piecewise_0057,1,default,75.29958460795348,-5.823619138733638,203.07263149413166,214.89880812735393
piecewise_0057,2,previous_period,54.65816750469641,23.39130545320177,203.07263149413166,155.5712919694845
piecewise_0057,3,previous_period,53.673259790059895,25.078659084400744,203.07263149413166,152.14473854799695
piecewise_0057,4,previous_period,53.645503815089214,25.13496258275817,203.07263149413166,152.0304015522593
piecewise_0057,5,previous_period,53.64427878846778,25.13750919657579,203.07263149413166,152.02523007656583
piecewise_0057,6,previous_period,53.64422046782792,25.137629777254045,203.07263149413166,152.02498521020945
piecewise_0058,1,default,48.9716647403237,-3.8456048531106735,126.4023086643,131.26324198073826
piecewise_0058,2,previous_period,40.50476582187711,14.626155473035073,126.4023086643,107.91451047755379
piecewise_0058,3,previous_period,39.880377316097785,16.175755620955446,126.4023086643,105.95578011551703
piecewise_0058,4,previous_period,39.865706090095145,16.209976742139887,126.4023086643,105.9125238282891
piecewise_0058,5,previous_period,39.86558122816616,16.210381131384523,126.4023086643,105.91201267094789
piecewise_0058,6,previous_period,39.86559455252652,16.210342521580877,126.4023086643,105.91206147463106
piecewise_0059,1,default,51.96300119006903,9.247537910498782,151.3958503407598,137.39546168557604
piecewise_0059,2,previous_period,31.524895802579948,48.42807327030163,151.3958503407598,78.07775700954045
piecewise_0059,3,previous_period,31.04935229883432,48.6532110115095,151.3958503407598,77.73690781180082
piecewise_0059,4,previous_period,31.033886427097773,48.664138454261206,151.3958503407598,77.72036411692636
piecewise_0059,5,previous_period,31.03409504854621,48.6645075356505,151.3958503407598,77.71980534301859
piecewise_0059,6,previous_period,31.034092599764918,48.66448682507413,151.3958503407598,77.7198366979718
piecewise_0060,1,default,30.39101318326037,-4.822755430384396,66.81064335588914,70.03275728641003
piecewise_0060,2,previous_period,27.491714559475074,-1.9314963363936677,66.81064335588914,68.10108848462917
piecewise_0060,3,previous_period,27.48611506706653,-1.5660613777637833,66.81064335588914,67.85693903772122
piecewise_0060,4,previous_period,27.478958093839182,-1.615646625155387,66.81064335588914,67.89006726051316
piecewise_0060,5,previous_period,27.483056615420423,-1.609760766063295,66.81064335588914,67.88613488018672
piecewise_0060,6,previous_period,27.4810715079824,-1.6092712191065006,66.81064335588914,67.88580781071535
piecewise_0061,1,default,39.4795038620144,1.9041394879876772,108.03425558270187,105.97713266159812
piecewise_0061,2,previous_period,39.15576871303513,5.101324786583272,108.03425558270187,102.52307732466078
piecewise_0061,3,previous_period,39.10408701743614,4.519454306776504,108.03425558270187,103.15169676597552
piecewise_0061,4,previous_period,39.09597775515136,4.744426832324811,108.03425558270187,102.9086493727338
piecewise_0061,5,previous_period,39.09517320082247,4.635724341268233,108.03425558270187,103.02608529974663
piecewise_0061,6,previous_period,39.09322951074647,4.702931111021069,108.03425558270187,102.95347896634297
piecewise_0062,1,default,39.384006507945685,-7.047466724470874,95.56511025625589,102.30002960176944
piecewise_0062,2,previous_period,23.146345127226066,58.06843007981304,95.56511025625589,40.0719510264057
piecewise_0062,3,previous_period,22.848859959433078,60.255329135242654,95.56511025625589,37.98203853289137
piecewise_0062,4,previous_period,22.86325781735377,60.08475284009018,95.56511025625589,38.14504995742486
piecewise_0062,5,previous_period,22.860416943930655,60.126507109077096,95.56511025625589,38.10514744423082
piecewise_0062,6,previous_period,22.86126202086035,60.11365365665458,95.56511025625589,38.11743086021015
piecewise_0063,1,default,68.10115286098298,6.575375798984318,210.55528810797944,196.71048665024566
piecewise_0063,2,previous_period,39.12986577276537,48.231656616866616,210.55528810797944,109.0009845590846
piecewise_0063,3,previous_period,38.66643869301499,48.66832234485149,210.55528810797944,108.08156177745725
piecewise_0063,4,previous_period,38.66969596546824,48.66423105163531,210.55528810797944,108.09017621167592
piecewise_0063,5,previous_period,38.669663893878585,48.664267555629536,210.55528810797944,108.0900993505857
piecewise_0063,6,previous_period,38.66966432291829,48.664267322949016,210.55528810797944,108.09009984050685
piecewise_0064,1,default,50.42018373392572,-11.591303217110415,128.94185621047842,143.8878977376055
piecewise_0064,2,previous_period,19.64525815708384,56.521128670068286,128.94185621047842,56.06246375217947
piecewise_0064,3,previous_period,17.999692559220705,60.20985418159939,128.94185621047842,51.30615260710181
piecewise_0064,4,previous_period,18.056092784475865,60.07824570337231,128.94185621047842,51.47585102185816
piecewise_0064,5,previous_period,18.053255270950785,60.08482285747786,128.94185621047842,51.467370317268646
piecewise_0064,6,previous_period,18.05339596973243,60.08449710444407,128.94185621047842,51.46779034927708
piecewise_0065,1,default,79.98837958881566,-4.966725522871607,215.93025233752348,226.65491529197234
piecewise_0065,2,previous_period,45.4995313613406,42.262452894022154,215.93025233752348,124.67283115943445
piecewise_0065,3,previous_period,44.61534811788494,43.50608027389089,215.93025233752348,121.98746341994536
piecewise_0065,4,previous_period,44.57720554194707,43.56079588196229,215.93025233752348,121.86931586936878
piecewise_0065,5,previous_period,44.575807737480666,43.56281854590757,215.93025233752348,121.86494832600779
piecewise_0065,6,previous_period,44.575762145982395,43.562884601035215,215.93025233752348,121.864805693004
piecewise_0066,1,default,53.47621398424279,3.779514645990223,159.63610333812835,153.6026334321757
piecewise_0066,2,previous_period,35.6520742370283,39.40664346289962,159.63610333812835,96.72887325760611
piecewise_0066,3,previous_period,35.54402429045904,39.61610591010471,159.63610333812835,96.39449556893123
piecewise_0066,4,previous_period,35.544375872612264,39.61629264026485,159.63610333812835,96.39419748017983
piecewise_0066,5,previous_period,35.54437675175985,39.616206775022036,159.63610333812835,96.39433455210758
piecewise_0066,6,previous_period,35.54437584740514,39.616217476639115,159.63610333812835,96.39431746846307
piecewise_0067,1,default,77.23434250769616,5.678084832435648,228.28011573770124,215.31817711053228
piecewise_0067,2,previous_period,51.58948452375033,38.917352461203414,228.28011573770124,139.43953849721697
piecewise_0067,3,previous_period,51.39841455257685,39.19281697497604,228.28011573770124,138.81070778636052
piecewise_0067,4,previous_period,51.395827781535644,39.195686653389515,228.28011573770124,138.80415688115693
piecewise_0067,5,previous_period,51.39580664383507,39.19572316253686,228.28011573770124,138.80407353803312
piecewise_0067,6,previous_period,51.39580612498142,39.19572379812454,228.28011573770124,138.80407208711284
piecewise_0068,1,default,81.68507958621153,-1.5063748153057555,228.69543130340134,232.14044168431064
piecewise_0068,2,previous_period,54.664409053925354,32.245930932208786,228.69543130340134,154.95046048018955
piecewise_0068,3,previous_period,53.835443613531766,33.1297003757099,228.69543130340134,152.929320139647
piecewise_0068,4,previous_period,53.82888742917958,33.14449400422347,228.69543130340134,152.89548778711247
piecewise_0068,5,previous_period,53.829077049952,33.14414402766308,228.69543130340134,152.89628816751673
piecewise_0068,6,previous_period,53.829073038955876,33.14415035551879,228.69543130340134,152.8962736959998
piecewise_0069,1,default,49.23630129566349,-1.3349972608393212,133.6223872170061,135.40624242622124
piecewise_0069,2,previous_period,46.695336926381074,6.055608092641284,133.6223872170061,125.5307391231126
piecewise_0069,3,previous_period,46.63957911584882,6.269046229052055,133.6223872170061,125.24553799000904
piecewise_0069,4,previous_period,46.643340167441075,6.258779853600805,133.6223872170061,125.25925616596766
piecewise_0069,5,previous_period,46.64243304908213,6.261158368198927,133.6223872170061,125.25607793798135
piecewise_0069,6,previous_period,46.6426518996506,6.260583571264333,133.6223872170061,125.256845995367
piecewise_0070,1,default,37.397478641303294,-4.788995628929782,98.60015837614003,103.32211565089122
piecewise_0070,2,previous_period,31.207377894323006,15.694786289855767,98.60015837614003,83.12507423754553
piecewise_0070,3,previous_period,30.974844341635098,16.65166499703865,98.60015837614003,82.18159031679565
piecewise_0070,4,previous_period,30.968496899989663,16.67611498691293,98.60015837614003,82.15748258805667
piecewise_0070,5,previous_period,30.96836256153461,16.676790137144327,98.60015837614003,82.15681688885923
piecewise_0070,6,previous_period,30.968355597469024,16.676806820732704,98.60015837614003,82.15680043881466
piecewise_0071,1,default,31.17411971115198,13.620272678648448,107.25405571450706,92.64576086728167
piecewise_0071,2,previous_period,11.967762850205363,72.77815399495529,107.25405571450706,29.196533880767966
piecewise_0071,3,previous_period,10.710051021610935,75.78062878949659,107.25405571450706,25.97625789181661
piecewise_0071,4,previous_period,10.778528158803772,75.34111220734123,107.25405571450706,26.44765725171602
piecewise_0071,5,previous_period,10.728721972249096,75.57927404035091,107.25405571450706,26.192219026649127
piecewise_0071,6,previous_period,10.751565553395936,75.46839547818557,107.25405571450706,26.311140781489385
piecewise_0072,1,default,57.678035427515596,5.460151722483708,171.32570168833468,161.97105843654177
piecewise_0072,2,previous_period,43.76843256028343,39.13635826598176,171.32570168833468,104.27506127388085
piecewise_0072,3,previous_period,43.636338236176506,39.4599857523219,171.32570168833468,103.72060421205228
piecewise_0072,4,previous_period,43.638471661227435,39.452854552511006,171.32570168833468,103.7328217901671
piecewise_0072,5,previous_period,43.63859180867137,39.45247109258384,171.32570168833468,103.733478755578
piecewise_0072,6,previous_period,43.63859613001781,39.45245826842567,171.32570168833468,103.73350072665698
piecewise_0073,1,default,50.49631676027934,-6.690164364480711,139.55163692044246,148.88787080374343
piecewise_0073,2,previous_period,31.184083792798884,43.173213274333754,139.55163692044246,79.30271108495596
piecewise_0073,3,previous_period,29.25507804742507,50.01938097084937,139.55163692044246,69.74877199814986
piecewise_0073,4,previous_period,29.169125324522792,50.33507973340032,139.55163692044246,69.30820920727243
piecewise_0073,5,previous_period,29.16708514780702,50.34254448220652,139.55163692044246,69.29779202812138
piecewise_0073,6,previous_period,29.167068489444606,50.342602070861496,139.55163692044246,69.29771166221067
piecewise_0074,1,default,50.446735816244264,-4.7293583407089335,125.31005449137866,131.23641600521358
piecewise_0074,2,previous_period,43.412601469544335,9.226290126670067,125.31005449137866,113.74858530611571
piecewise_0074,3,previous_period,42.8075964090569,10.531228379337588,125.31005449137866,112.1133664706192
piecewise_0074,4,previous_period,42.828593918422456,10.481834620136443,125.31005449137866,112.1752618171895
piecewise_0074,5,previous_period,42.8246147295763,10.490662750400181,125.31005449137866,112.16419928234544
piecewise_0074,6,previous_period,42.825214296989635,10.489335103037368,125.31005449137866,112.16586295797923
piecewise_0075,1,default,66.16932808706471,7.215941594521357,211.55285415262415,196.28732375542785
piecewise_0075,2,previous_period,26.994815410849583,63.662487821474166,211.55285415262415,76.8730441417288
piecewise_0075,3,previous_period,26.463601029890505,64.34234066094217,211.55285415262415,75.43479605579655
piecewise_0075,4,previous_period,26.471710728973626,64.33541749511195,211.55285415262415,75.4494422107081
piecewise_0075,5,previous_period,26.47073501490303,64.33639887400724,211.55285415262415,75.44736607564508
piecewise_0075,6,previous_period,26.47081685907918,64.33631855022,211.55285415262415,75.44753600290954
piecewise_0076,1,default,43.16709284459959,-13.901437895180901,104.8483215622058,119.4237458683154
piecewise_0076,2,previous_period,28.534335151176858,36.71126543173921,104.8483215622058,66.35717593278098
piecewise_0076,3,previous_period,27.1511195278081,44.590900217353855,104.8483215622058,58.0955111148323
piecewise_0076,4,previous_period,27.186027605101188,44.37763411685952,104.8483215622058,58.31911704166178
piecewise_0076,5,previous_period,27.183230688520304,44.39479009610774,104.8483215622058,58.30112928537247
piecewise_0076,6,previous_period,27.183430186406117,44.393561701747565,104.8483215622058,58.30241723624127
piecewise_0077,1,default,42.47469092396512,1.4504372886635197,115.96924340274015,114.28718225304584
piecewise_0077,2,previous_period,42.349063960924724,2.6089277889405182,115.96924340274015,112.943689584982
piecewise_0077,3,previous_period,42.35350360880524,2.3276618843212082,115.96924340274015,113.26987152651888
piecewise_0077,4,previous_period,42.33668249343392,2.458162015078258,115.96924340274015,113.11853151224034
piecewise_0077,5,previous_period,42.34196207814794,2.3935703664691443,115.96924340274015,113.19343795843369
piecewise_0077,6,previous_period,42.338541088569755,2.4259353073112,115.96924340274015,113.1559045814114
piecewise_0078,1,default,66.77615188840018,-2.3427736964434676,181.70879692230113,185.9658228207207
piecewise_0078,2,previous_period,54.70537181988352,17.597871650164976,181.70879692230113,149.73191606285565
piecewise_0078,3,previous_period,54.60347421615929,17.852705514012357,181.70879692230113,149.26886051470797
piecewise_0078,4,previous_period,54.59124142878426,17.856796741346027,181.70879692230113,149.2614263947406
piecewise_0078,5,previous_period,54.5937497327702,17.856343081728852,181.70879692230113,149.26225073417308
piecewise_0078,6,previous_period,54.59316740223585,17.856456866062807,181.70879692230113,149.26204397802877
piecewise_0079,1,default,54.490888005913085,1.4339850544989208,146.2738329289703,144.17628802612614
piecewise_0079,2,previous_period,48.29517026821987,12.516280173846294,146.2738329289703,127.96579017855655
piecewise_0079,3,previous_period,48.07999232926761,12.870979084604194,146.2738329289703,127.44695848643366
piecewise_0079,4,previous_period,48.063267374558265,12.909735220288788,146.2738329289703,127.39026840127265
piecewise_0079,5,previous_period,48.06265934878383,12.909626109020579,146.2738329289703,127.39042800250682
piecewise_0079,6,previous_period,48.06250191543031,12.91019736512322,146.2738329289703,127.38959240430964
piecewise_0080,1,default,36.42138172976202,-7.473492147579575,91.11550046544522,97.9250102379581
piecewise_0080,2,previous_period,29.112113128096375,29.336900493089523,91.11550046544522,64.38503676011703
piecewise_0080,3,previous_period,28.58450393361459,34.09819092316392,91.11550046544522,60.0467631561414
piecewise_0080,4,previous_period,28.586043739515468,34.10951424998171,91.11550046544522,60.03644585024203
piecewise_0080,5,previous_period,28.586170794843003,34.10608424796172,91.11550046544522,60.03957111374852
piecewise_0080,6,previous_period,28.586128488411656,34.106641121529876,91.11550046544522,60.039063715609934
piecewise_0081,1,default,67.65232955397023,3.41042532729805,195.18946543348292,188.53267446812174
piecewise_0081,2,previous_period,57.61234429541397,20.40779707976277,195.18946543348292,155.35559540674404
piecewise_0081,3,previous_period,57.17249328232524,21.4837761167039,195.18946543348292,153.2553976763623
piecewise_0081,4,previous_period,57.16236839245431,21.507127787838133,195.18946543348292,153.2098176743056
piecewise_0081,5,previous_period,57.162226816804285,21.50747876956033,195.18946543348292,153.20913259495828
piecewise_0081,6,previous_period,57.162227390138305,21.50747703188367,195.18946543348292,153.20913598672007
piecewise_0082,1,default,63.40412199185019,4.91624788231756,172.67582683647123,164.18665515634888
piecewise_0082,2,previous_period,48.08979041466895,29.452399665817097,172.67582683647123,121.81865219033946
piecewise_0082,3,previous_period,47.2095217427658,30.33547394564361,172.67582683647123,120.29379637606883
piecewise_0082,4,previous_period,47.22217607226765,30.406455934169465,172.67582683647123,120.17122764047684
piecewise_0082,5,previous_period,47.21713353152161,30.400026649538738,172.67582683647123,120.18232946087261
piecewise_0082,6,previous_period,47.21796788730728,30.401157056781493,172.67582683647123,120.18037752081958
piecewise_0083,1,default,51.53649337565765,-3.302222698253532,128.60802637240826,132.8549498110538
piecewise_0083,2,previous_period,37.87436050142363,26.633755688244175,128.60802637240826,94.35487883290841
piecewise_0083,3,previous_period,37.70665524501601,27.715901682889843,128.60802637240826,92.96315222672655
piecewise_0083,4,previous_period,37.68532449476876,27.593051044475946,128.60802637240826,93.12114800817656
piecewise_0083,5,previous_period,37.69011267822181,27.6376439942293,128.60802637240826,93.06379789559753
piecewise_0083,6,previous_period,37.688572128200754,27.623745671634836,128.60802637240826,93.08167225398515
piecewise_0084,1,default,47.429120044925995,7.2333021391743575,136.90898436558535,127.00594387074759
piecewise_0084,2,previous_period,24.320349603827495,52.75434599785349,136.90898436558535,64.68354505121732
piecewise_0084,3,previous_period,24.146309118166428,53.02916192439571,136.90898436558535,64.30729735731349
piecewise_0084,4,previous_period,24.152243848443412,53.035612455211954,136.90898436558535,64.29846600108678
piecewise_0084,5,previous_period,24.151210130585355,53.03457473395669,136.90898436558535,64.29988673471792
piecewise_0084,6,previous_period,24.15138468186077,53.03475003642664,136.90898436558535,64.29964672988675
piecewise_0085,1,default,64.44935059084018,-4.616480143516477,164.24940452115652,171.83194566671978
piecewise_0085,2,previous_period,50.58546854052042,15.761869978674381,164.24940452115652,138.3606269397849
piecewise_0085,3,previous_period,49.67830150705928,17.258323592527002,164.24940452115652,135.90271079009665
piecewise_0085,4,previous_period,49.6724196790923,17.276061113895903,164.24940452115652,135.87357701687142
piecewise_0085,5,previous_period,49.66893470050893,17.281278663932177,164.24940452115652,135.86500722200626
piecewise_0085,6,previous_period,49.66935478455294,17.280689976314267,164.24940452115652,135.86597413791316
piecewise_0086,1,default,33.28281022533419,-11.07143744171828,75.33590041457971,83.67666750013508
piecewise_0086,2,previous_period,19.779197830471347,57.296735309080304,75.33590041457971,32.170888961325645
piecewise_0086,3,previous_period,19.240332231164345,58.077016807832926,75.33590041457971,31.583056868471978
piecewise_0086,4,previous_period,19.333476310610376,58.272459211723195,75.33590041457971,31.43581857370934
piecewise_0086,5,previous_period,19.31478079358462,58.15008956761631,75.33590041457971,31.528006846931376
piecewise_0086,6,previous_period,19.317497687088117,58.200651433644424,75.33590041457971,31.48991560989269
piecewise_0087,1,default,52.65265861003552,-3.0210153227824277,141.908701545654,146.1957851637098
piecewise_0087,2,previous_period,46.800916381296844,19.143726282437047,141.908701545654,114.74208815079349
piecewise_0087,3,previous_period,46.706960096538516,19.255530143776088,141.908701545654,114.58342874288934
piecewise_0087,4,previous_period,46.71132849435441,19.270237824857638,141.908701545654,114.56255726363905
piecewise_0087,5,previous_period,46.71107159587077,19.26630436206491,141.908701545654,114.56813918961399
piecewise_0087,6,previous_period,46.71106578836042,19.266947159900617,141.908701545654,114.56722700355178
piecewise_0088,1,default,41.68500223044101,1.128234406787476,109.30677237169076,108.07353575684448
piecewise_0088,2,previous_period,41.81247680570436,2.6105067755663014,109.30677237169076,106.45331167277493
piecewise_0088,3,previous_period,41.71200217456991,1.72003583165532,109.30677237169076,107.42665672047175
piecewise_0088,4,previous_period,41.708766447339755,2.3869321202959037,109.30677237169076,106.69769391229214
piecewise_0088,5,previous_period,41.69661385877832,2.024300884079988,109.30677237169076,107.09407441221131
piecewise_0088,6,previous_period,41.698310498251466,2.236447195847824,109.30677237169076,106.86218412611231
piecewise_0089,1,default,15.390873264028794,17.819672751005477,42.40068136959677,34.84501870533808
piecewise_0089,2,previous_period,11.717377021127275,54.10944830958697,42.40068136959677,19.45790660100213
piecewise_0089,3,previous_period,11.607729596426474,51.51573842340821,42.40068136959677,20.55765726549252
piecewise_0089,4,previous_period,11.605482456612693,52.51135454705938,42.40068136959677,20.135509245238854
piecewise_0089,5,previous_period,11.604524834708355,52.21290826715188,42.40068136959677,20.26205250144185
piecewise_0089,6,previous_period,11.604645325773783,52.30540945001574,42.40068136959677,20.22283136963264
piecewise_0090,1,default,46.6340909948465,-10.355178531589893,115.04122193362355,126.95394584977281
piecewise_0090,2,previous_period,30.19992973497988,27.729708696849407,115.04122193362355,83.1406262101337
piecewise_0090,3,previous_period,28.766774164080317,30.939167980097515,115.04122193362355,79.44842503322297
piecewise_0090,4,previous_period,28.83161223171497,30.782006293152307,115.04122193362355,79.62922575829623
piecewise_0090,5,previous_period,28.82632954989172,30.794948336422244,115.04122193362355,79.61433707357531
piecewise_0090,6,previous_period,28.826865452660815,30.793636350562913,115.04122193362355,79.6158463981395
piecewise_0091,1,default,39.80469135494583,-18.210410609232163,83.8285897268954,99.09412012409167
piecewise_0091,2,previous_period,27.929433585494255,37.41008300012687,83.8285897268954,52.468244732228
piecewise_0091,3,previous_period,27.09702755306372,45.84338658605297,83.8285897268954,45.39872526875846
piecewise_0091,4,previous_period,27.182837344032723,45.31913816859934,83.8285897268954,45.83819532377541
piecewise_0091,5,previous_period,27.166363458943177,45.446173148784695,83.8285897268954,45.731703691426176
piecewise_0091,6,previous_period,27.169314646500414,45.42369463905322,83.8285897268954,45.750547109125705
piecewise_0092,1,default,39.23191880169062,10.79708484297771,118.41483634560687,105.62948599869848
piecewise_0092,2,previous_period,25.6629755208532,46.35182271025723,118.41483634560687,63.52740134004994
piecewise_0092,3,previous_period,25.507560226837057,47.09378563355049,118.41483634560687,62.64880715868714
piecewise_0092,4,previous_period,25.585460122367103,46.69702783829275,118.41483634560687,63.118627252630034
piecewise_0092,5,previous_period,25.537486141555867,46.92916810489213,118.41483634560687,62.84373873584413
piecewise_0092,6,previous_period,25.56395364534799,46.7979996086856,118.41483634560687,62.99906169596407
piecewise_0093,1,default,61.45711635055933,6.257295355548043,185.91697138910854,174.28359737320227
piecewise_0093,2,previous_period,38.099476908212324,43.60043478418781,185.91697138910854,104.85636352586316
piecewise_0093,3,previous_period,37.984215298535716,43.76001449644961,185.91697138910854,104.55967775787458
piecewise_0093,4,previous_period,37.98559400281806,43.75794705051642,185.91697138910854,104.56352149073865
piecewise_0093,5,previous_period,37.98566315973701,43.75784505965223,185.91697138910854,104.56371110906446
piecewise_0093,6,previous_period,37.985666401290665,43.75784010352257,185.91697138910854,104.56372032335061
piecewise_0094,1,default,21.26411912420295,-3.202223345303379,44.844145352658465,46.28015504414307
piecewise_0094,2,previous_period,16.46493013836263,9.095535613280148,44.844145352658465,40.7653301416363
piecewise_0094,3,previous_period,16.315428898654137,9.773699282735759,44.844145352658465,40.4612134399767
piecewise_0094,4,previous_period,16.376007796655973,9.554567341993693,44.844145352658465,40.55948128599718
piecewise_0094,5,previous_period,16.3422512538142,9.661030714153096,44.844145352658465,40.51173869663867
piecewise_0094,6,previous_period,16.35884204235119,9.609422605339757,44.844145352658465,40.53488191196868
piecewise_0095,1,default,50.93590387772249,-11.891298346141754,126.87938719066344,141.9669936612616
piecewise_0095,2,previous_period,32.47958732212322,41.69637747276938,126.87938719066344,73.97527897250781
piecewise_0095,3,previous_period,30.391787704789014,49.057501789323254,126.87938719066344,64.63552954932135
piecewise_0095,4,previous_period,30.367683616479617,48.990932915555675,126.87938719066344,64.71999172841737
piecewise_0095,5,previous_period,30.366314468254384,48.99979768292536,126.87938719066344,64.70874416590284
piecewise_0095,6,previous_period,30.36634412315428,48.99940608628902,126.87938719066344,64.70924102131528
piecewise_0096,1,default,63.02012758428586,-8.254556673964085,180.16800877383255,195.04007916642115
piecewise_0096,2,previous_period,22.53066637904355,66.14881326026807,180.16800877383255,60.98900909528667
piecewise_0096,3,previous_period,21.368300345926095,68.70693312960024,180.16800877383255,56.38009546466312
piecewise_0096,4,previous_period,21.36605104614632,68.70565246407368,180.16800877383255,56.38240281424139
piecewise_0096,5,previous_period,21.361894131760625,68.71571111727503,180.16800877383255,56.36428033905905
piecewise_0096,6,previous_period,21.362378891248426,68.71451269848245,180.16800877383255,56.36643950633439
piecewise_0097,1,default,37.73081906778569,3.5857397575771444,98.73562710461543,95.19522446863212
piecewise_0097,2,previous_period,31.190635781043824,19.043369817316382,98.73562710461543,79.93303649363705
piecewise_0097,3,previous_period,30.885227501421898,19.81129937502334,98.73562710461543,79.17481642911338
piecewise_0097,4,previous_period,30.892952612280745,19.819886466670134,98.73562710461543,79.16633791032586
piecewise_0097,5,previous_period,30.88735174479797,19.821740832882828,98.73562710461543,79.16450699021695
piecewise_0097,6,previous_period,30.889492415460772,19.821269896213835,98.73562710461543,79.16497197249035
piecewise_0098,1,default,39.422029513089576,7.529845501253951,123.57472489407886,114.26973903095511
piecewise_0098,2,previous_period,27.6907449918623,40.728775655603265,123.57472489407886,73.24425242494056
piecewise_0098,3,previous_period,27.187848760267638,43.60924726860007,123.57472489407886,69.68471755352772
piecewise_0098,4,previous_period,27.184568703893724,43.46848337542713,123.57472489407886,69.85866614726638
piecewise_0098,5,previous_period,27.182806484586084,43.514425453865066,123.57472489407886,69.80189335022607
piecewise_0098,6,previous_period,27.18317379258025,43.50335421318029,123.57472489407886,69.81557460544465
piecewise_0099,1,default,50.523251365846306,1.711159952971597,128.65424919157275,126.45276920161027
piecewise_0099,2,previous_period,28.57676771725923,44.50683037209845,128.65424919157275,71.39432073738263
piecewise_0099,3,previous_period,28.401458530005513,44.86867196403666,128.65424919157275,70.92879615401169
piecewise_0099,4,previous_period,28.40585420906724,44.8607450647607,128.65424919157275,70.93899444675934
piecewise_0099,5,previous_period,28.405922052195894,44.86061958968474,128.65424919157275,70.93915587577625
piecewise_0099,6,previous_period,28.405920660855177,44.86062226996243,128.65424919157275,70.93915242748511
piecewise_0100,1,default,43.58341434398889,3.6991276728097433,109.21023300838573,105.17040705763253
piecewise_0100,2,previous_period,34.156800736722914,26.483956510437533,109.21023300838573,80.28704239349736
piecewise_0100,3,previous_period,33.785191955189916,27.512929800735574,109.21023300838573,79.16329826556881
piecewise_0100,4,previous_period,33.76833083243192,27.558033982337427,109.21023300838573,79.11403988374491
piecewise_0100,5,previous_period,33.767633863295885,27.56008862609599,109.21023300838573,79.11179600250868
piecewise_0100,6,previous_period,33.76758794778864,27.560177975874844,109.21023300838573,79.111698423407
piecewise_0101,1,default,55.672419817767164,-8.33590492055285,149.0631462765654,161.4889084217645
piecewise_0101,2,previous_period,39.848164505589374,30.01653557006311,149.0631462765654,104.31955395260493
piecewise_0101,3,previous_period,38.87021740621206,33.33019797226682,149.0631462765654,99.38010451889647
piecewise_0101,4,previous_period,38.66991398335453,34.15758972846965,149.0631462765654,98.1467683350676
piecewise_0101,5,previous_period,38.631097538877995,34.30578234870513,149.0631462765654,97.92586775279491
piecewise_0101,6,previous_period,38.627015898466055,34.319428950169986,149.0631462765654,97.90552569929157
piecewise_0102,1,default,49.08708009126242,2.4880362928134114,134.34503318772607,131.00248000442323
piecewise_0102,2,previous_period,46.788378057930906,6.214465041033391,134.34503318772607,125.99620806591012
piecewise_0102,3,previous_period,46.73680190124109,6.271771762174128,134.34503318772607,125.91921933237481
piecewise_0102,4,previous_period,46.73214934984889,6.288752797889263,134.34503318772607,125.89640615430768
piecewise_0102,5,previous_period,46.733427636076705,6.283363564248134,134.34503318772607,125.90364632203143
piecewise_0102,6,previous_period,46.73297145035991,6.28525319870964,134.34503318772607,125.901107691987
piecewise_0103,1,default,68.28813837399066,-8.339714551264677,180.42494189309343,195.4718670262626
piecewise_0103,2,previous_period,30.135375895808718,58.003533636033374,180.42494189309343,75.7721000343393
piecewise_0103,3,previous_period,28.963566634513214,60.19357943059431,180.42494189309343,71.8207111820706
piecewise_0103,4,previous_period,28.936292197945335,60.25888394117966,180.42494189309343,71.7028855567934
piecewise_0103,5,previous_period,28.931730909460757,60.265651232094,180.42494189309343,71.69067567609349
piecewise_0103,6,previous_period,28.9321666480275,60.265182563813454,180.42494189309343,71.69152127056634
piecewise_0104,1,default,77.53460525560065,-6.632769335639943,198.74867810132295,211.93121947741724
piecewise_0104,2,previous_period,48.4359386435088,32.095625999855336,198.74867810132295,134.95904569826595
piecewise_0104,3,previous_period,47.96837175022853,32.621949255704344,198.74867810132295,133.9129851847262
piecewise_0104,4,previous_period,47.96123473766101,32.63454933390324,198.74867810132295,133.88794269586617
piecewise_0104,5,previous_period,47.96165989880285,32.634011730162236,198.74867810132295,133.88901117619483
piecewise_0104,6,previous_period,47.96165632359286,32.634012374861975,198.74867810132295,133.88900989486262
piecewise_0105,1,default,58.64557099559035,-6.897446450403177,154.26494377315925,164.90528566165747
piecewise_0105,2,previous_period,31.377597017567282,53.26540505373202,154.26494377315925,72.09509661647402
piecewise_0105,3,previous_period,30.256146008773573,55.61136471613444,154.26494377315925,68.47610326232794
piecewise_0105,4,previous_period,30.21634262887265,55.839863280914805,154.26494377315925,68.12361007984703
piecewise_0105,5,previous_period,30.230776003281118,55.77144525685637,154.26494377315925,68.22915510619148
piecewise_0105,6,previous_period,30.227019554528177,55.78856141195239,154.26494377315925,68.20275087915648
piecewise_0106,1,default,94.30103435069553,-3.6227551560019,268.91918420900845,278.6614678204186
piecewise_0106,2,previous_period,56.31401729888449,37.95532097441381,268.91918420900845,166.85004468070417
piecewise_0106,3,previous_period,55.74985138375326,38.52837246721565,268.91918420900845,165.30899928116392
piecewise_0106,4,previous_period,55.74386658444491,38.533670909353866,268.91918420900845,165.29475075379003
piecewise_0106,5,previous_period,55.74380524137564,38.53372482283108,268.91918420900845,165.2946057701069
piecewise_0106,6,previous_period,55.74380355701706,38.533726760261835,268.91918420900845,165.29460055998396
piecewise_0107,1,default,82.15053307985202,-6.781174421661329,222.4460343407553,237.53048792347056
piecewise_0107,2,previous_period,41.43600435037871,47.22871049669125,222.4460343407553,117.38764077058957
piecewise_0107,3,previous_period,40.5314848098063,48.64881637709991,222.4460343407553,114.22867155618064
piecewise_0107,4,previous_period,40.50336279355775,48.69824857119123,222.4460343407553,114.11871160073689
piecewise_0107,5,previous_period,40.50141713676683,48.70135061756672,222.4460343407553,114.11181122159118
piecewise_0107,6,previous_period,40.50135105759736,48.7014648515237,222.4460343407553,114.11155711268401
piecewise_0108,1,default,53.796609423482046,-4.7170645914156095,146.4985599291939,153.40899162654767
piecewise_0108,2,previous_period,39.41581191443889,24.090737596747392,146.4985599291939,111.20597627363807
piecewise_0108,3,previous_period,38.92723164468002,25.546511336879018,146.4985599291939,109.07328870851788
piecewise_0108,4,previous_period,38.93979003241968,25.50706996260146,146.4985599291939,109.1310697538508
piecewise_0108,5,previous_period,38.93839884940226,25.511397234606235,146.4985599291939,109.12473036267957
piecewise_0108,6,previous_period,38.938562606483785,25.510886889705453,146.4985599291939,109.1254780106099
piecewise_0109,1,default,57.67613854491404,-2.856791641975054,158.81539527935726,163.35242021786758
piecewise_0109,2,previous_period,42.59419355230504,31.317342655613277,158.81539527935726,109.07863374985428
piecewise_0109,3,previous_period,42.2704246510176,31.96210790476065,158.81539527935726,108.05464727079695
piecewise_0109,4,previous_period,42.27317113128708,31.950732722486453,158.81539527935726,108.07271281148945
piecewise_0109,5,previous_period,42.27207772661005,31.956261871152456,158.81539527935726,108.06393167217996
piecewise_0109,6,previous_period,42.272698901276094,31.953102857645387,158.81539527935726,108.06894867196813
piecewise_0110,1,default,77.45705721395194,6.0658499009254125,245.17702606389403,230.30495567130544
piecewise_0110,2,previous_period,45.76321842881619,49.78644760655796,245.17702606389403,123.11209443927649
piecewise_0110,3,previous_period,45.02732024384866,50.908409703970136,245.17702606389403,120.36130113527722
piecewise_0110,4,previous_period,44.98901352449815,50.965407077937776,245.17702606389403,120.22155666884883
piecewise_0110,5,previous_period,44.9871904951596,50.96813240822029,245.17702606389403,120.21487478511173
piecewise_0110,6,previous_period,44.987104608915764,50.96826147878528,245.17702606389403,120.21455833373899
piecewise_0111,1,default,68.10739874263247,-8.437429238424897,173.52374322299735,188.16468626930387
piecewise_0111,2,previous_period,44.60248058580319,32.36639951391736,173.52374322299735,117.36035523993795
piecewise_0111,3,previous_period,43.54814825922063,34.80438254527316,173.52374322299735,113.12987582478785
piecewise_0111,4,previous_period,43.57537362866149,34.69682820745614,173.52374322299735,113.31650813776665
piecewise_0111,5,previous_period,43.57434069887295,34.701772758553965,173.52374322299735,113.30792816761614
piecewise_0111,6,previous_period,43.5743863159743,34.70153597582668,173.52374322299735,113.30833904186781
piecewise_0112,1,default,61.747901851353554,7.456739193753847,199.99603634828512,185.08285351994834
piecewise_0112,2,previous_period,32.41165616493087,53.87828600927492,199.99603634828512,92.24159987734262
piecewise_0112,3,previous_period,31.668446399855362,55.376913798780706,199.99603634828512,89.24440369871715
piecewise_0112,4,previous_period,31.652609430446798,55.410214747498145,199.99603634828512,89.17780312121589
piecewise_0112,5,previous_period,31.65223173222296,55.41099310629816,199.99603634828512,89.17624643446729
piecewise_0112,6,previous_period,31.652223582112526,55.41101032925201,199.99603634828512,89.17621198924225
piecewise_0113,1,default,54.313980526309734,2.381232632301078,147.2108800891928,143.70544657421135
piecewise_0113,2,previous_period,34.536019255761126,40.277583587568024,147.2108800891928,87.91789481127364
piecewise_0113,3,previous_period,34.4458835762867,40.47740748860996,147.2108800891928,87.62373228792126
piecewise_0113,4,previous_period,34.44580776278007,40.477451252107855,147.2108800891928,87.62366786329085
piecewise_0113,5,previous_period,34.44580446064766,40.477457997753774,147.2108800891928,87.62365793296611
piecewise_0113,6,previous_period,34.44580446064766,40.477457997753774,147.2108800891928,87.62365793296611
piecewise_0114,1,default,48.36809836867038,-2.44296462222644,132.8302851882359,136.075282062987
piecewise_0114,2,previous_period,37.22014264195217,24.613884879753712,132.8302851882359,100.13559170655498
piecewise_0114,3,previous_period,37.0239264409128,25.06869837771867,132.8302851882359,99.53146164013353
piecewise_0114,4,previous_period,37.01817883232585,25.078601017273737,132.8302851882359,99.51830793577136
piecewise_0114,5,previous_period,37.01800438176085,25.07875984218444,132.8302851882359,99.51809696818954
piecewise_0114,6,previous_period,37.01799815669375,25.078757331286873,132.8302851882359,99.51810030342193
piecewise_0115,1,default,72.23427536820098,6.4264698136314085,234.13982434419307,219.0928992110239
piecewise_0115,2,previous_period,30.725563397958368,61.89095318780746,234.13982434419307,89.22845526531393
piecewise_0115,3,previous_period,30.0495939646625,62.92367043885453,234.13982434419307,86.81045290774014
piecewise_0115,4,previous_period,30.057564468779685,62.908242181409314,234.13982434419307,86.84657660262172
piecewise_0115,5,previous_period,30.056956304374722,62.90931102673826,234.13982434419307,86.84407401004603
piecewise_0115,6,previous_period,30.056988930680326,62.90925416093476,234.13982434419307,86.84420715553844
piecewise_0116,1,default,23.58009221545378,0.4362827246097156,59.659824728511865,59.39953921968893
piecewise_0116,2,previous_period,20.93627435641836,9.95127015469589,59.659824728511865,53.722914395959585
piecewise_0116,3,previous_period,20.905534067397074,9.6500704053743,59.659824728511865,53.90260963848756
piecewise_0116,4,previous_period,20.89490859080924,9.788617227783035,59.659824728511865,53.81995284707159
piecewise_0116,5,previous_period,20.905219506289377,9.717962202109454,59.659824728511865,53.86210551155033
piecewise_0116,6,previous_period,20.896009057626962,9.760089587474807,59.659824728511865,53.83697238727866
piecewise_0117,1,default,37.230853266753456,-8.577712238800705,96.41427974501326,104.6844192186528
piecewise_0117,2,previous_period,29.366136126226586,22.327650764805263,96.41427974501326,74.88723607614432
piecewise_0117,3,previous_period,29.278166079296263,22.50691709202154,96.41427974501326,74.71439773793341
piecewise_0117,4,previous_period,29.26950589462917,22.576147819820193,96.41427974501326,74.64764943036411
piecewise_0117,5,previous_period,29.269813384850533,22.571234754236734,96.41427974501326,74.6523863271598
piecewise_0117,6,previous_period,29.269745921216227,22.57197582024991,96.41427974501326,74.65167183370076
piecewise_0118,1,default,32.133652658747685,-14.901051466855119,81.64806970705855,93.81449059580109
piecewise_0118,2,previous_period,17.456543410183667,46.14423773746195,81.64806970705855,43.97219031338481
piecewise_0118,3,previous_period,15.02073816639658,54.97290400803754,81.64806970705855,36.76375472258168
piecewise_0118,4,previous_period,14.979481472754937,55.06409377690888,81.64806970705855,36.689300036527904
piecewise_0118,5,previous_period,14.973904283994024,55.08447254008987,81.64806970705855,36.67266116976045
piecewise_0118,6,previous_period,14.974531894320759,55.082067839076366,81.64806970705855,36.67462456172021
piecewise_0119,1,default,62.98447407448156,-5.764688245556049,160.53993139113163,169.79455794545996
piecewise_0119,2,previous_period,44.111275962533476,27.31211736307553,160.53993139113163,116.69307691498483
piecewise_0119,3,previous_period,43.568255177573036,28.259716245894882,160.53993139113163,115.1718023186435
piecewise_0119,4,previous_period,43.46809132051718,28.435676304497626,160.53993139113163,114.88931616128687
piecewise_0119,5,previous_period,43.45846549506991,28.453260979127837,160.53993139113163,114.86108573670018
piecewise_0119,6,previous_period,43.45790188524288,28.454299739770494,160.53993139113163,114.85941811107713
piecewise_0120,1,default,88.31201901968778,5.20448488642955,289.1145898492906,274.0676647161215
piecewise_0120,2,previous_period,45.02307355825119,53.73648251041856,289.1145898492906,133.7545788398582
piecewise_0120,3,previous_period,44.79750812067269,53.99434714232547,289.1145898492906,133.00905456695415
piecewise_0120,4,previous_period,44.799893317961356,53.991705484426824,289.1145898492906,133.01669198535308
piecewise_0120,5,previous_period,44.7998267032144,53.99177966691702,289.1145898492906,133.0164775129508
piecewise_0120,6,previous_period,44.79982584174495,53.991781035597654,289.1145898492906,133.0164735558954
piecewise_0121,1,default,55.94625229508268,5.435478028360363,159.64870879237753,150.97103830340683
piecewise_0121,2,previous_period,32.42860535922959,41.65807809576876,159.64870879237753,93.14212500476245
piecewise_0121,3,previous_period,32.148806832133275,42.393351130575056,159.64870879237753,91.96827109859568
piecewise_0121,4,previous_period,32.1347350316891,42.40948916372487,159.64870879237753,91.94250693704751
piecewise_0121,5,previous_period,32.13492251199234,42.40954621877232,159.64870879237753,91.94241584940096
piecewise_0121,6,previous_period,32.13490883950217,42.409548508528026,159.64870879237753,91.94241219383554
piecewise_0122,1,default,101.67653129136517,-4.291921905905105,282.2909732521458,294.4066813715474
piecewise_0122,2,previous_period,62.32136276764626,35.188888548114605,282.2909732521458,182.95591729306022
piecewise_0122,3,previous_period,61.68040094407246,35.802776996407836,282.2909732521458,181.22296561769076
piecewise_0122,4,previous_period,61.67567081881617,35.806986869796255,282.2909732521458,181.2110815251299
piecewise_0122,5,previous_period,61.67562598158441,35.80702489767176,282.2909732521458,181.21097417587004
piecewise_0122,6,previous_period,61.67562569637787,35.80702521640635,282.2909732521458,181.21097327611105
piecewise_0123,1,default,59.578196592476225,0.6727608448256595,173.53979870721116,172.37229089131978
piecewise_0123,2,previous_period,44.79239105756719,26.866876051572707,173.53979870721116,126.91507608839596
piecewise_0123,3,previous_period,44.75557372079862,26.978427936838056,173.53979870721116,126.72148917125237
piecewise_0123,4,previous_period,44.75982623532384,26.96206149944993,173.53979870721116,126.74989145375127
piecewise_0123,5,previous_period,44.75905375742339,26.964993259125492,173.53979870721116,126.74480368391173
piecewise_0123,6,previous_period,44.759184375501356,26.964493526036193,173.53979870721116,126.74567091970897
piecewise_0124,1,default,24.577455080905786,-22.786717414970003,54.55209026935043,66.98272092298666
piecewise_0124,2,previous_period,7.812695024255114,61.324582311148276,54.55209026935043,21.098248769670718
piecewise_0124,3,previous_period,5.866945372507948,75.87508595094008,54.55209026935043,13.160644889446374
piecewise_0124,4,previous_period,6.260828523018498,72.96180348724783,54.55209026935043,14.749901368840924
piecewise_0124,5,previous_period,6.114341642299396,74.1595972561084,54.55209026935043,14.09647983081145
piecewise_0124,6,previous_period,6.160970880049796,73.77799999168761,54.55209026935043,14.304649114963654
piecewise_0125,1,default,43.409336051632756,8.14965673376269,98.23344130052172,90.22775303676693
piecewise_0125,2,previous_period,32.47898889762521,20.688539774676904,98.23344130052172,77.9103767250294
piecewise_0125,3,previous_period,32.169834209588814,20.84162702164114,98.23344130052172,77.7599938541442
piecewise_0125,4,previous_period,32.1609367752588,20.843345247668953,98.23344130052172,77.75830598158775
piecewise_0125,5,previous_period,32.1606922573732,20.84388677419968,98.23344130052172,77.75777402144107
piecewise_0125,6,previous_period,32.16068317124197,20.843812844443722,98.23344130052172,77.75784664518449
piecewise_0126,1,default,47.56660045699469,3.8828465387750644,139.7844770823137,134.35686035217827
piecewise_0126,2,previous_period,27.54814105025761,46.331076272396345,139.7844770823137,75.02082438833656
piecewise_0126,3,previous_period,27.457478178551217,46.58882323227957,139.7844770823137,74.66053414826823
piecewise_0126,4,previous_period,27.459183087541625,46.5737770817727,139.7844770823137,74.68156633107529
piecewise_0126,5,previous_period,27.45865939105761,46.57730806546768,139.7844770823137,74.67663056398139
piecewise_0126,6,previous_period,27.45876672870403,46.57654873007965,139.7844770823137,74.67769199698284
piecewise_0127,1,default,46.280818597733244,3.9699102994193214,107.91608452712993,103.63191277275733
piecewise_0127,2,previous_period,37.84158915206702,21.30277490906177,107.91608452712993,84.9269639496426
piecewise_0127,3,previous_period,37.55332134205731,21.3660477192664,107.91608452712993,84.85868241029948
piecewise_0127,4,previous_period,37.541281910062054,21.499161733479333,107.91608452712993,84.715030978204
piecewise_0127,5,previous_period,37.54177532513559,21.4785966157789,107.91608452712993,84.7372240480047
piecewise_0127,6,previous_period,37.54163844908565,21.48252037602717,107.91608452712993,84.73298967957854
piecewise_0128,1,default,72.5753186312161,-4.818252804843737,201.1035280662686,210.79320444796133
piecewise_0128,2,previous_period,59.90237354934105,18.1607584905934,201.1035280662686,164.58160201809085
piecewise_0128,3,previous_period,59.654800874413,18.71888969887103,201.1035280662686,163.45918046700564
piecewise_0128,4,previous_period,59.641884348705254,18.75572503964079,201.1035280662686,163.38510329714242
piecewise_0128,5,previous_period,59.64007167621091,18.76114118468729,201.1035280662686,163.37421123836873
piecewise_0128,6,previous_period,59.63977903441067,18.76202027909524,201.1035280662686,163.3724433484993
piecewise_0129,1,default,60.65996588425195,-3.68424599965822,153.43762427418,159.0906438084721
piecewise_0129,2,previous_period,46.14682832722446,22.90213592248055,153.43762427418,118.29713100668228
piecewise_0129,3,previous_period,46.10562009417125,22.892819337146353,153.43762427418,118.31142615388255
piecewise_0129,4,previous_period,46.09467728743124,22.934225200546987,153.43762427418,118.24789398077041
piecewise_0129,5,previous_period,46.097249646483654,22.924462663491674,153.43762427418,118.26287338569696
piecewise_0129,6,previous_period,46.096637426931046,22.92678079377499,153.43762427418,118.25931650166267
piecewise_0130,1,default,70.06776614097059,-3.9663368896788675,194.33440890550332,202.04236625526167
piecewise_0130,2,previous_period,34.7058405299644,50.683251028124545,194.33440890550332,95.83941260590507
piecewise_0130,3,previous_period,34.159257224496336,51.48118149408501,194.33440890550332,94.28875915140385
piecewise_0130,4,previous_period,34.162490819249285,51.47389842655953,194.33440890550332,94.30291265762969
piecewise_0130,5,previous_period,34.1624375186378,51.473967769183936,194.33440890550332,94.30277790105043
piecewise_0130,6,previous_period,34.16243884819188,51.47396543481537,194.33440890550332,94.30278243753179
piecewise_0131,1,default,29.033734033190882,-4.395953884410986,64.81386119000601,67.66304863862482
piecewise_0131,2,previous_period,22.39518525686402,17.828301708846094,64.81386119000601,53.25865046789903
piecewise_0131,3,previous_period,22.146038606659065,18.757074021846442,64.81386119000601,52.65667727017978
piecewise_0131,4,previous_period,22.138586637765293,18.779456831749275,64.81386119000601,52.64217010683893
piecewise_0131,5,previous_period,22.138232326324363,18.781432552355948,64.81386119000601,52.640889566027425
piecewise_0131,6,previous_period,22.138237042344524,18.781315185981263,64.81386119000601,52.64096563570659
piecewise_0132,1,default,35.38851876962159,6.313589222141225,100.93696283290649,94.56421762633141
piecewise_0132,2,previous_period,18.01682114826108,55.41179985278267,100.93696283290649,45.00597501045871
piecewise_0132,3,previous_period,17.732423049951144,56.54578718549186,100.93696283290649,43.86136263791218
piecewise_0132,4,previous_period,17.730212222142175,56.53348422118524,100.93696283290649,43.87378087642169
piecewise_0132,5,previous_period,17.72997628438559,56.53757731885871,100.93696283290649,43.8696494279443
piecewise_0132,6,previous_period,17.730007092136916,56.5369442052946,100.93696283290649,43.87028847354719
piecewise_0133,1,default,43.565983705425715,0.3211262635292367,113.06590417457173,112.70281986117038
piecewise_0133,2,previous_period,37.60000243067627,11.548472378279262,113.06590417457173,100.00851946171962
piecewise_0133,3,previous_period,37.60917324720767,11.53773461007277,113.06590417457173,100.02066021643046
piecewise_0133,4,previous_period,37.60844972712091,11.53391586921001,113.06590417457173,100.02497791031502
piecewise_0133,5,previous_period,37.60832349454745,11.536424876567498,113.06590417457173,100.02214107846046
piecewise_0133,6,previous_period,37.60843045863213,11.535327562907982,113.06590417457173,100.02338176607122
piecewise_0134,1,default,70.06968651071944,4.427791651714841,209.40307360206498,200.13114179067847
piecewise_0134,2,previous_period,45.11274400549266,38.669013579940014,209.40307360206498,128.42897063407068
piecewise_0134,3,previous_period,45.09195879886482,38.66995401694274,209.40307360206498,128.42700133008168
piecewise_0134,4,previous_period,45.095071984313144,38.664868055201254,209.40307360206498,128.4376514902906
piecewise_0134,5,previous_period,45.09518693867241,38.66467884838819,209.40307360206498,128.4380476951726
piecewise_0134,6,previous_period,45.09518899348754,38.66467550994729,209.40307360206498,128.43805468597046
piecewise_0135,1,default,65.84955380388591,-3.9085592461809426,172.45214107995403,179.19253518537158
piecewise_0135,2,previous_period,50.38158885606441,21.348912972062717,172.45214107995403,135.63548356233582
piecewise_0135,3,previous_period,49.746218930851406,22.584733482586106,172.45214107995403,133.50428463203303
piecewise_0135,4,previous_period,49.72727412674302,22.61732559094537,172.45214107995403,133.44807884334438
piecewise_0135,5,previous_period,49.726847575505474,22.61857505081597,172.45214107995403,133.4459241230456
piecewise_0135,6,previous_period,49.72683539452235,22.61855488581285,172.45214107995403,133.44595889802522
piecewise_0136,1,default,36.2264666095661,6.116876833120555,96.23469609734218,90.34813826633989
piecewise_0136,2,previous_period,32.70658431922613,12.500546174858817,96.23469609734218,84.20483347545887
piecewise_0136,3,previous_period,32.66333873699357,12.968188280944215,96.23469609734218,83.75479951584437
piecewise_0136,4,previous_period,32.66592540484702,12.862750098371123,96.23469609734218,83.85626763041415
piecewise_0136,5,previous_period,32.66602529022477,12.892030444672486,96.23469609734218,83.82808977813478
piecewise_0136,6,previous_period,32.66563178269661,12.882401214300831,96.23469609734218,83.83735643871945
piecewise_0137,1,default,41.63775062713756,12.567487175740776,105.97731461758573,92.65862919382619
piecewise_0137,2,previous_period,30.176761475011745,34.892602340398874,105.97731461758573,68.99907165703814
piecewise_0137,3,previous_period,29.74394152373915,34.71377229989992,105.97731461758573,69.18859093168847
piecewise_0137,4,previous_period,29.733915174880437,34.752366613780694,105.97731461758573,69.14768971424255
piecewise_0137,5,previous_period,29.732769459999048,34.742939907213234,105.97731461758573,69.15767988471961
piecewise_0137,6,previous_period,29.732932178101915,34.745180958340526,105.97731461758573,69.1553048789157
piecewise_0138,1,default,66.44195454169962,7.210297414908329,208.68660843389733,193.63968330072817
piecewise_0138,2,previous_period,29.466872659149416,62.66556649008099,208.68660843389733,77.91196306985844
piecewise_0138,3,previous_period,28.684388225056598,63.60251218763957,208.68660843389733,75.95668287075611
piecewise_0138,4,previous_period,28.70573003698669,63.59525218147783,208.68660843389733,75.97183353138715
piecewise_0138,5,previous_period,28.70188971035175,63.59748859804083,208.68660843389733,75.96716642951137
piecewise_0138,6,previous_period,28.702411817657623,63.5971913596592,208.68660843389733,75.96778672620894
piecewise_0139,1,default,85.44802917577145,-6.40861428187669,234.79217926598116,249.83910439915033
piecewise_0139,2,previous_period,46.97029084317416,46.232889776182,234.79217926598116,126.24096982284445
piecewise_0139,3,previous_period,46.5335688380995,46.782552603398976,234.79217926598116,124.9504044922067
piecewise_0139,4,previous_period,46.51179308759008,46.810258037040164,234.79217926598116,124.88535430078547
piecewise_0139,5,previous_period,46.51073929203821,46.81159905104276,234.79217926598116,124.8822057047845
piecewise_0139,6,previous_period,46.51068861779821,46.81166326414562,234.79217926598116,124.88205493744093
piecewise_0140,1,default,81.06751240220584,0.9649791829217325,244.59316364047686,242.23289052849657
piecewise_0140,2,previous_period,64.4952213120164,21.212411878930904,244.59316364047686,192.70905434135145
piecewise_0140,3,previous_period,64.53319523266546,21.206140627213145,244.59316364047686,192.72439339432776
piecewise_0140,4,previous_period,64.5292665651221,21.207858718545047,244.59316364047686,192.72019106038482
piecewise_0140,5,previous_period,64.5295666114874,21.20772503341972,244.59316364047686,192.7205180450622
piecewise_0140,6,previous_period,64.52954366121689,21.207735389336836,244.59316364047686,192.72049271519688
piecewise_0141,1,default,85.41810782188377,-6.2697592472841235,239.98461570684483,255.031073342184
piecewise_0141,2,previous_period,50.38548363029963,38.47156660784131,239.98461570684483,147.65877442661403
piecewise_0141,3,previous_period,50.08786028838507,38.91644791284145,239.98461570684483,146.59112773645785
piecewise_0141,4,previous_period,50.07990768022599,38.92833516674712,239.98461570684483,146.56260015585423
piecewise_0141,5,previous_period,50.0797333773192,38.928594119232926,239.98461570684483,146.5619787097263
piecewise_0141,6,previous_period,50.07973143636546,38.92859759758196,239.98461570684483,146.56197036222375
piecewise_0142,1,default,38.14464680982658,12.340102603085345,111.26145268634215,97.53167526716427
piecewise_0142,2,previous_period,27.760264795520712,38.528737207161015,111.26145268634215,68.3938199679516
piecewise_0142,3,previous_period,27.19587787220254,39.69201100705649,111.26145268634215,67.09954463946828
piecewise_0142,4,previous_period,27.189968146446116,39.692621393587224,111.26145268634215,67.09886551454719
piecewise_0142,5,previous_period,27.18937093873119,39.69450488508972,111.26145268634215,67.09676991454027
piecewise_0142,6,previous_period,27.189471885735497,39.69419859945923,111.26145268634215,67.09711069238213
piecewise_0143,1,default,62.410810391313234,-2.2722736069814564,161.73220189571435,165.40720003338063
piecewise_0143,2,previous_period,58.38207631934768,3.709032787503508,161.73220189571435,155.73350149945094
piecewise_0143,3,previous_period,58.15085754028849,4.008903114770979,161.73220189571435,155.24851461632937
piecewise_0143,4,previous_period,58.15334293592035,4.002746558650038,161.73220189571435,155.25847175010472
piecewise_0143,5,previous_period,58.153034333723056,4.00316474575032,161.73220189571435,155.2577954068994
piecewise_0143,6,previous_period,58.15304972224787,4.003141045078329,161.73220189571435,155.25783373851806
piecewise_0144,1,default,71.83055028904923,-7.792771191908288,193.0882450237125,208.13517015688166
piecewise_0144,2,previous_period,37.948557853031275,47.89879911973919,193.0882450237125,100.60129441597465
piecewise_0144,3,previous_period,37.32980867048332,48.626720034594015,193.0882450237125,99.19576469632091
piecewise_0144,4,previous_period,37.28358625459193,48.68707435828146,193.0882450237125,99.0792275919169
piecewise_0144,5,previous_period,37.28355601195125,48.68693108731678,193.0882450237125,99.07950423130822
piecewise_0144,6,previous_period,37.28343661537888,48.68709291344467,193.0882450237125,99.07919176407788
piecewise_0145,1,default,53.98715758592629,7.674648151968344,144.24446896496858,133.17421349323206
piecewise_0145,2,previous_period,31.09634417323677,49.748004547901424,144.24446896496858,72.48572398417974
piecewise_0145,3,previous_period,30.88672266843039,49.78360220763939,144.24446896496858,72.43437632892676
piecewise_0145,4,previous_period,30.885311294445508,49.79409206255667,144.24446896496858,72.41924529340614
piecewise_0145,5,previous_period,30.885326881993194,49.79386858828977,144.24446896496858,72.4195676426757
piecewise_0145,6,previous_period,30.885326848738373,49.793874734583234,144.24446896496858,72.41955877698733
piecewise_0146,1,default,42.28433792147349,8.00953781981455,115.93027260467642,106.64479357579076
piecewise_0146,2,previous_period,27.64583288765926,35.81388318180534,115.93027260467642,74.41114020168912
piecewise_0146,3,previous_period,27.250616835859336,36.51307585799248,115.93027260467642,73.60056422615344
piecewise_0146,4,previous_period,27.308249522441706,36.40592550659274,115.93027260467642,73.72478392062803
piecewise_0146,5,previous_period,27.285900943022344,36.44474640539577,115.93027260467642,73.6797787468181
piecewise_0146,6,previous_period,27.29305029091091,36.431996747083105,115.93027260467642,73.69455946045613
piecewise_0147,1,default,44.14783744092741,-5.0190563599468385,104.99801154702307,110.26792092339166
piecewise_0147,2,previous_period,38.81100043067473,4.1309699691251645,104.99801154702307,100.66057522183698
piecewise_0147,3,previous_period,38.44741336621631,5.0964696144797035,104.99801154702307,99.64681979272115
piecewise_0147,4,previous_period,38.46103198848983,5.057628648465617,104.99801154702307,99.6876020347016
piecewise_0147,5,previous_period,38.45952482116106,5.062419288631059,104.99801154702307,99.6825719577875
piecewise_0147,6,previous_period,38.45967332589026,5.0618723432291235,104.99801154702307,99.68314623958379
piecewise_0148,1,default,37.95118478975609,-2.0226696191627314,95.60978373628116,97.5436537848621
piecewise_0148,2,previous_period,35.60019792457128,10.986128627742497,95.60978373628116,85.10596991430688
piecewise_0148,3,previous_period,35.69878910426653,10.527752136341128,95.60978373628116,85.54422268643368
piecewise_0148,4,previous_period,35.61900796870441,10.503632542110541,95.60978373628116,85.56728337831562
piecewise_0148,5,previous_period,35.655300802780964,10.593720029825294,95.60978373628116,85.4811509261381
piecewise_0148,6,previous_period,35.63340183845233,10.528780558012462,95.60978373628116,85.54323941469782
piecewise_0149,1,default,59.05810161467397,-6.488959033705921,141.15586244494705,150.31540853267396
piecewise_0149,2,previous_period,42.07603762353052,18.129132538038384,141.15586244494705,115.56552905709145
piecewise_0149,3,previous_period,40.820101425445756,19.948160384771963,141.15586244494705,112.99786461192092
piecewise_0149,4,previous_period,40.749647545061286,20.04793619959179,141.15586244494705,112.85702520000052
piecewise_0149,5,previous_period,40.75060771697656,20.046412373035473,141.15586244494705,112.85917617051825
piecewise_0149,6,previous_period,40.75063722974935,20.04638279129849,141.15586244494705,112.85921792687422
piecewise_0150,1,default,45.701652139891706,-5.301596545530662,108.58880416609603,114.34574445659882
piecewise_0150,2,previous_period,34.61418387907879,23.57483185519442,108.58880416609603,82.98917617037253
piecewise_0150,3,previous_period,34.344694347355514,24.539542742675135,108.58880416609603,81.9416081539971
piecewise_0150,4,previous_period,34.350055044717124,24.506593849357717,108.58880416609603,81.97738696323644
piecewise_0150,5,previous_period,34.34927863124631,24.510481190357446,108.58880416609603,81.97316574613097
piecewise_0150,6,previous_period,34.349349888627934,24.51012096505596,108.58880416609603,81.97355691047817
piecewise_0151,1,default,54.949618061603786,7.248937797624544,163.94294204925964,152.05882015651315
piecewise_0151,2,previous_period,37.321630429419486,46.50791665570202,163.94294204925964,87.69649519808411
piecewise_0151,3,previous_period,36.00356669190092,51.52182108069201,163.94294204925964,79.4765527722175
piecewise_0151,4,previous_period,35.95676900098138,51.70698017908772,163.94294204925964,79.17299749883568
piecewise_0151,5,previous_period,35.955490522096895,51.71267002365427,163.94294204925964,79.16366940025526
piecewise_0151,6,previous_period,35.955446548619,51.71286053758972,163.94294204925964,79.16335706610445
piecewise_0152,1,default,54.62164849235803,-0.8029013963334108,153.1572834593205,154.3869854268017
piecewise_0152,2,previous_period,43.11541955446517,24.10226832238217,153.1572834593205,116.24290404468363
piecewise_0152,3,previous_period,42.994806393701886,24.32454022463617,153.1572834593205,115.90247843729804
piecewise_0152,4,previous_period,42.990807567163074,24.337031715417833,153.1572834593205,115.88334680935327
piecewise_0152,5,previous_period,42.990864670637045,24.336817481228536,153.1572834593205,115.88367492461785
piecewise_0152,6,previous_period,42.99086282779361,24.336823485149985,153.1572834593205,115.88366572917485
piecewise_0153,1,default,45.85011507275494,-1.2854133733241735,122.91935378721016,124.49937559919462
piecewise_0153,2,previous_period,42.651647021872655,7.61894861608754,122.91935378721016,113.55419138293576
piecewise_0153,3,previous_period,42.665448878092235,7.51934344263856,122.91935378721016,113.67662541847788
piecewise_0153,4,previous_period,42.66359316795951,7.533350591296106,122.91935378721016,113.659407921864
piecewise_0153,5,previous_period,42.66381401435035,7.53138036953932,122.91935378721016,113.66182970571562
piecewise_0153,6,previous_period,42.66379813488935,7.531675634150526,122.91935378721016,113.66146676836357
piecewise_0154,1,default,48.40800418579529,-1.1148444989706796,129.34395834914167,130.785942353548
piecewise_0154,2,previous_period,48.02111796580394,-1.2444345452133687,129.34395834914167,130.9535592489848
piecewise_0154,3,previous_period,48.01157934990015,-1.196580141862258,129.34395834914167,130.8916624694461
piecewise_0154,4,previous_period,48.004841641915675,-1.2090645584490467,129.34395834914167,130.90781030803623
piecewise_0154,5,previous_period,48.00900916583306,-1.203719461548447,129.34395834914167,130.90089674812742
piecewise_0154,6,previous_period,48.00610979997973,-1.2062909647791775,129.34395834914167,130.9042228321951
piecewise_0155,1,default,63.90667940463645,-1.401500559795088,182.53474192161752,185.0929673514695
piecewise_0155,2,previous_period,51.012656196204624,22.154709568884424,182.53474192161752,142.09469998657045
piecewise_0155,3,previous_period,50.974213429686145,22.247959819262064,182.53474192161752,141.92448588270236
piecewise_0155,4,previous_period,50.97454867985747,22.245791223672562,182.53474192161752,141.92844432306498
piecewise_0155,5,previous_period,50.974513366686615,22.245993885448613,182.53474192161752,141.9280743949151
piecewise_0155,6,previous_period,50.974516813557294,22.245975670457586,182.53474192161752,141.92810764360195
piecewise_0156,1,default,46.1145812556581,-3.5365092389762154,102.5013974471635,106.12636883796218
piecewise_0156,2,previous_period,35.820613108308365,18.144966998437617,102.5013974471635,83.9025527074383
piecewise_0156,3,previous_period,35.64137733936492,18.497472754144972,102.5013974471635,83.54122938175658
piecewise_0156,4,previous_period,35.63213090569245,18.518230613843624,102.5013974471635,83.51995228548535
piecewise_0156,5,previous_period,35.63174551326192,18.51900129617381,102.5013974471635,83.51916232532702
piecewise_0156,6,previous_period,35.63172344311839,18.519054322750684,102.5013974471635,83.51910797234471
piecewise_0157,1,default,54.9796399216374,3.917559411186855,155.9438693313894,149.83467560222863
piecewise_0157,2,previous_period,37.08242446974352,36.865202116114006,155.9438693313894,98.45484671468398
piecewise_0157,3,previous_period,37.03200088410872,37.102141860716685,155.9438693313894,98.08535370896665
piecewise_0157,4,previous_period,37.02443365249955,37.07614866567137,155.9438693313894,98.12588850308317
piecewise_0157,5,previous_period,37.02616486457964,37.08501586561875,155.9438693313894,98.11206064838387
piecewise_0157,6,previous_period,37.02555474198422,37.08235370343647,155.9438693313894,98.1162121270988
piecewise_0158,1,default,35.49229333180186,-1.233607318661556,91.89678407828859,93.03042953229296
piecewise_0158,2,previous_period,34.76603068967171,1.1059197900077589,91.89678407828859,90.8804793567861
piecewise_0158,3,previous_period,34.74848646391239,1.162127880209185,91.89678407828859,90.82882592949916
piecewise_0158,4,previous_period,34.748411650103264,1.1631539127708201,91.89678407828859,90.82788303857143
piecewise_0158,5,previous_period,34.74840871100898,1.1630335606830466,91.89678407828859,90.82799363826966
piecewise_0158,6,previous_period,34.74840804051048,1.1630550905735393,91.89678407828859,90.82797385299268
piecewise_0159,1,default,35.102437533965464,-12.677471346265312,75.27002591285597,84.81236188028475
piecewise_0159,2,previous_period,23.03771957201021,27.36394925013972,75.27002591285597,54.673174221495046
piecewise_0159,3,previous_period,21.783117934900453,28.678584256216855,75.27002591285597,53.68364811176131
piecewise_0159,4,previous_period,21.91388320326971,28.77600834613997,75.27002591285597,53.610316974030816
piecewise_0159,5,previous_period,21.87366137415997,28.735043479198662,75.27002591285597,53.64115123999271
piecewise_0159,6,previous_period,21.88502777609456,28.749987099094643,75.27002591285597,53.62990317342469
piecewise_0160,1,default,57.3154516262695,-7.223879164172198,128.15677497216637,137.41466553685575
piecewise_0160,2,previous_period,37.85023248936493,23.24610233435138,128.15677497216637,98.36531991373216
piecewise_0160,3,previous_period,36.3096331013918,24.558932496216812,128.15677497216637,96.68283911742355
piecewise_0160,4,previous_period,36.38881000460469,24.523101247033484,128.15677497216637,96.72875929080915
piecewise_0160,5,previous_period,36.367765183350514,24.53196320447638,128.15677497216637,96.71740209195093
piecewise_0160,6,previous_period,36.37326820537291,24.529674665583634,128.15677497216637,96.72033500958985
piecewise_0161,1,default,70.01198156718503,2.73650128127253,201.33201154158405,195.82255846613685
piecewise_0161,2,previous_period,49.73991129836955,31.608789525814274,201.33201154158405,137.69339976531666
piecewise_0161,3,previous_period,49.677818951266495,31.749112872442442,201.33201154158405,137.4108839488877
piecewise_0161,4,previous_period,49.68170849610133,31.73939291227308,201.33201154158405,137.4304533402177
piecewise_0161,5,previous_period,49.68140014236905,31.740188746102906,201.33201154158405,137.4288510719596
piecewise_0161,6,previous_period,49.681425454251645,31.7401213690244,201.33201154158405,137.42898672358706
piecewise_0162,1,default,43.89662938119747,-10.379164948477504,105.19835796615442,116.11706906255141
piecewise_0162,2,previous_period,25.684011790601843,40.363118930618,105.19835796615442,62.73701962721825
piecewise_0162,3,previous_period,24.387128551874376,44.62069960711641,105.19835796615442,58.258114666457644
piecewise_0162,4,previous_period,24.500306335344714,44.0565853008125,105.19835796615442,58.85155365374152
piecewise_0162,5,previous_period,24.46522543987076,44.21803258659013,105.19835796615442,58.68171376012253
piecewise_0162,6,previous_period,24.474796125724335,44.17358592989026,105.19835796615442,58.72847091314164
piecewise_0163,1,default,27.3896312702246,-35.11471085427811,43.04996990849062,58.16684236471083
piecewise_0163,2,previous_period,21.23396565056714,-0.8072357232292049,43.04996990849062,43.39748464443138
piecewise_0163,3,previous_period,21.09525257715263,-1.0992854131706808,43.04996990849062,43.52321194806902
piecewise_0163,4,previous_period,21.083459534798095,-1.1768411478007668,43.04996990849062,43.55659966848958
piecewise_0163,5,previous_period,21.0820696410618,-1.1750847969990597,43.04996990849062,43.55584355999796
piecewise_0163,6,previous_period,21.082040351605393,-1.177159183137122,43.04996990849062,43.55673658260618
piecewise_0164,1,default,54.88323893657197,-5.428077271853349,131.83231569701945,138.9882756623273
piecewise_0164,2,previous_period,37.23478835363884,28.540229926721462,131.83231569701945,94.2070696793688
piecewise_0164,3,previous_period,35.934971837121005,30.153126463869263,131.83231569701945,92.08075082464981
piecewise_0164,4,previous_period,35.894249992904385,30.178246083998438,131.83231569701945,92.04763504773922
piecewise_0164,5,previous_period,35.89383152747894,30.179993226415746,131.83231569701945,92.04533174943195
piecewise_0164,6,previous_period,35.89386593395031,30.17988722768242,131.83231569701945,92.04547149001671
piecewise_0165,1,default,34.26638970280657,-8.038351585326332,55.81843659831692,60.305318781522104
piecewise_0165,2,previous_period,24.750819737401542,4.504138206817709,55.81843659831692,53.30429706904381
piecewise_0165,3,previous_period,24.406833160129352,6.290341964832146,55.81843659831692,52.30726605685977
piecewise_0165,4,previous_period,24.508154215276235,5.461930632843126,55.81843659831692,52.76967231097933
piecewise_0165,5,previous_period,24.461460091600365,5.901465760214664,55.81843659831692,52.52433067458012
piecewise_0165,6,previous_period,24.480178506981314,5.706859210514392,55.81843659831692,52.632957008140735
piecewise_0166,1,default,68.24174472836832,2.487788944726277,199.98938179260765,195.01406806174472
piecewise_0166,2,previous_period,50.27810281769909,28.46859341054969,199.98938179260765,143.05521782579828
piecewise_0166,3,previous_period,50.29097502104799,28.425713534630447,199.98938179260765,143.1409730245626
piecewise_0166,4,previous_period,50.28893383171766,28.429989146816748,199.98938179260765,143.13242225418338
piecewise_0166,5,previous_period,50.28905543238684,28.42973660496866,199.98938179260765,143.13292731106415
piecewise_0166,6,previous_period,50.28904871756172,28.42975086879076,199.98938179260765,143.1328987849345
piecewise_0167,1,default,36.74714258678486,-0.9896011709697339,83.31186003451302,84.13631517697122
piecewise_0167,2,previous_period,32.62969837671137,0.08430750589539793,83.31186003451302,83.24162188320285
piecewise_0167,3,previous_period,32.31391059438989,0.886931060668672,83.31186003451302,82.57294127064611
piecewise_0167,4,previous_period,32.31868970918274,0.7824044550602927,83.31186003451302,82.66002433000939
piecewise_0167,5,previous_period,32.31441717691057,0.8109732545800497,83.31186003451302,82.63622313173995
piecewise_0167,6,previous_period,32.31527493575732,0.8043106377220277,83.31186003451302,82.64177388177134
piecewise_0168,1,default,47.93533810585576,-4.649158220108918,123.73965095792717,129.49250311197173
piecewise_0168,2,previous_period,32.4931237825578,31.632264216006877,123.73965095792717,84.59799762695096
piecewise_0168,3,previous_period,32.24460330641981,32.159973625546634,123.73965095792717,83.94501184551433
piecewise_0168,4,previous_period,32.24355516089385,32.15945726562419,123.73965095792717,83.94565078748005
piecewise_0168,5,previous_period,32.24362581027743,32.15911279979331,123.73965095792717,83.94607702829684
piecewise_0168,6,previous_period,32.24363179855955,32.1590872319177,123.73965095792717,83.94610866589687
piecewise_0169,1,default,43.79913986770207,8.265192201695893,125.21386367588704,114.8646971799055
piecewise_0169,2,previous_period,29.995513333263364,40.73107178704186,125.21386367588704,74.21291497473275
piecewise_0169,3,previous_period,29.591729176514136,41.17166104115269,125.21386367588704,73.66123614671982
piecewise_0169,4,previous_period,29.621863203372524,41.14350633535974,125.21386367588704,73.69648974164976
piecewise_0169,5,previous_period,29.615746124934624,41.14845320550372,125.21386367588704,73.69029557441144
piecewise_0169,6,previous_period,29.61694035128495,41.14760717984497,125.21386367588704,73.69135491582645
piecewise_0170,1,default,63.17723887927563,0.31979278552914936,164.45369165153843,163.92778061010046
piecewise_0170,2,previous_period,44.27782747242445,26.72988588821099,164.45369165153843,120.49540753413184
piecewise_0170,3,previous_period,43.195502879659756,28.382100776549603,164.45369165153843,117.77827915624266
piecewise_0170,4,previous_period,43.228823853972294,28.323680138933504,164.45369165153843,117.8743540514887
piecewise_0170,5,previous_period,43.21204238892193,28.354850659094865,164.45369165153843,117.82309298037636
piecewise_0170,6,previous_period,43.216001897068786,28.3473352470201,164.45369165153843,117.83545235297612
piecewise_0171,1,default,82.24566270500517,-5.469456312328691,236.98769835589573,249.94963698306472
piecewise_0171,2,previous_period,40.5884043738054,49.24724561982294,236.98769835589573,120.27778445780265
piecewise_0171,3,previous_period,40.35197324893542,49.63727002221544,236.98769835589573,119.35347460354635
piecewise_0171,4,previous_period,40.335372601080564,49.66353392561361,236.98769835589573,119.2912323833846
piecewise_0171,5,previous_period,40.33443500407988,49.6650205168082,236.98769835589573,119.28770934512858
piecewise_0171,6,previous_period,40.334382454435584,49.66510396903382,236.98769835589573,119.28751157361987
piecewise_0172,1,default,53.37432731420993,-8.430064137105852,135.511069427174,146.9347394927628
piecewise_0172,2,previous_period,25.59582929285361,50.57164518879531,135.511069427174,66.98089220492147
piecewise_0172,3,previous_period,24.36020848025094,52.777132928221015,135.511069427174,63.992212183140516
piecewise_0172,4,previous_period,24.381441945948016,52.74349176384119,135.511069427174,64.03779968475936
piecewise_0172,5,previous_period,24.38028478258776,52.745033863871285,135.511069427174,64.03570996851694
piecewise_0172,6,previous_period,24.380332013046637,52.74499874274585,135.511069427174,64.03575756152962
piecewise_0173,1,default,41.288775275874606,6.056485651534571,118.64183958851646,111.4563135971213
piecewise_0173,2,previous_period,25.427785737620372,46.67982351430504,118.64183958851646,63.260038254472086
piecewise_0173,3,previous_period,25.10322894604694,47.74728303215816,118.64183958851646,61.99358464562844
piecewise_0173,4,previous_period,25.110397456872597,47.72815091874437,118.64183958851646,62.01628333693472
piecewise_0173,5,previous_period,25.108625718520724,47.733356198569,118.64183958851646,62.01010769719505
piecewise_0173,6,previous_period,25.108994466980278,47.73226834444405,118.64183958851646,62.01139834734093
piecewise_0174,1,default,52.341565491364804,-1.4951494854539504,132.7321228853403,134.71666653769256
piecewise_0174,2,previous_period,40.61026239878199,18.372001801228144,132.7321228853403,108.34657487803722
piecewise_0174,3,previous_period,40.47744392469152,19.608443503917705,132.7321228853403,106.70541955781772
piecewise_0174,4,previous_period,40.47715343173504,19.444306429244072,132.7321228853403,106.92328218147392
piecewise_0174,5,previous_period,40.47679005964893,19.47960130309375,132.7321228853403,106.87643454614354
piecewise_0174,6,previous_period,40.47684996395406,19.472396813574477,132.7321228853403,106.88599721802552
piecewise_0175,1,default,43.10338820708519,1.4769462729840255,110.64651092046837,109.01232140124165
piecewise_0175,2,previous_period,38.422484922090106,8.68238533065535,110.64651092046837,101.03975448742766
piecewise_0175,3,previous_period,38.370449421921776,9.202534930524987,110.64651092046837,100.46422710360513
piecewise_0175,4,previous_period,38.36244817177686,9.12569904779067,110.64651092046837,100.54924332698559
piecewise_0175,5,previous_period,38.36496778360416,9.155318813442836,110.64651092046837,100.51647008974865
piecewise_0175,6,previous_period,38.363987153265434,9.144338572984012,110.64651092046837,100.52861934270702
piecewise_0176,1,default,37.287875491046805,5.1332426492552985,107.96136318864359,102.41944444872672
piecewise_0176,2,previous_period,15.490553046256046,61.0786068122951,107.96136318864359,42.020066657458074
piecewise_0176,3,previous_period,15.277632708462262,61.58549521788963,107.96136318864359,41.472823024933035
piecewise_0176,4,previous_period,15.279938502486223,61.58822375321894,107.96136318864359,41.46987726099643
piecewise_0176,5,previous_period,15.279632054240436,61.587738648467216,107.96136318864359,41.47040098669928
piecewise_0176,6,previous_period,15.279675995573731,61.587810871373684,107.96136318864359,41.47032301386492
piecewise_0177,1,default,40.33295222429522,6.640250123965263,115.86103384381049,108.16757140036943
piecewise_0177,2,previous_period,35.69026933090421,22.86211208921959,115.86103384381049,89.37275441870989
piecewise_0177,3,previous_period,35.370316208038645,24.429115787244804,115.86103384381049,87.55720773380713
piecewise_0177,4,previous_period,35.38507536443829,24.14314128905668,115.86103384381049,87.88854074393754
piecewise_0177,5,previous_period,35.375623893821455,24.257640021611515,115.86103384381049,87.75588132866146
piecewise_0177,6,previous_period,35.37888409231268,24.216587414158163,115.86103384381049,87.80344530407675
piecewise_0178,1,default,53.53718092149223,-2.448199388028649,136.91134899207134,140.263211800237
piecewise_0178,2,previous_period,50.79525489735423,1.6631841807380643,136.91134899207134,134.63426109400012
piecewise_0178,3,previous_period,50.68567324312804,1.802351613363018,136.91134899207134,134.44372508463567
piecewise_0178,4,previous_period,50.68197838037639,1.8060753708544985,136.91134899207134,134.4386268380209
piecewise_0178,5,previous_period,50.68171799786851,1.8066046978908235,136.91134899207134,134.43790212923489
piecewise_0178,6,previous_period,50.68173482293222,1.80653976745635,136.91134899207134,134.43799102636862
piecewise_0179,1,default,75.37823000203932,-1.8636031737368608,193.44295017800926,197.04795913689685
piecewise_0179,2,previous_period,51.166676619989566,25.351624474775114,193.44295017800926,144.40201987595404
piecewise_0179,3,previous_period,50.3718191877958,26.215700966762146,193.44295017800926,142.73052481805968
piecewise_0179,4,previous_period,50.36005882831883,26.22524543082281,193.44295017800926,142.71206172520203
piecewise_0179,5,previous_period,50.3595127969904,26.22566268308446,193.44295017800926,142.7112545801174
piecewise_0179,6,previous_period,50.35948569770224,26.22568163891267,193.44295017800926,142.7112179114041
piecewise_0180,1,default,64.8343304100155,2.3842584390481147,185.1744698314789,180.75943190755925
piecewise_0180,2,previous_period,57.84306129665105,15.61253438991239,185.1744698314789,156.2640420477013
piecewise_0180,3,previous_period,57.59815742897362,16.45278190689473,185.1744698314789,154.7081181628571
piecewise_0180,4,previous_period,57.636471768689965,16.322204612142954,185.1744698314789,154.94991397613398
piecewise_0180,5,previous_period,57.625115519653654,16.35950634436879,185.1744698314789,154.88084069124682
piecewise_0180,6,previous_period,57.62831228032402,16.34912758368825,185.1744698314789,154.9000595063121
piecewise_0181,1,default,56.05313059676088,2.0986599490330105,153.4873479512156,150.2661704529305
piecewise_0181,2,previous_period,40.197120632819015,31.570297999462284,153.4873479512156,105.03093481154528
piecewise_0181,3,previous_period,40.10996561040411,31.775424769959116,153.4873479512156,104.71609117157172
piecewise_0181,4,previous_period,40.10960665950194,31.7762245944035,153.4873479512156,104.71486354224376
piecewise_0181,5,previous_period,40.10960569277222,31.77622665688249,153.4873479512156,104.71486037659946
piecewise_0181,6,previous_period,40.10960569277222,31.77622665688249,153.4873479512156,104.71486037659946
piecewise_0182,1,default,59.14017617422185,8.374363166614351,175.8780461249014,161.14937981205665
piecewise_0182,2,previous_period,35.03001412205633,49.70111276916509,175.8780461249014,88.46470008415996
piecewise_0182,3,previous_period,34.837599836510265,50.04760182074654,175.8780461249014,87.85530191020179
piecewise_0182,4,previous_period,34.83803082451724,50.045429679100415,175.8780461249014,87.85912223048808
piecewise_0182,5,previous_period,34.83795815604533,50.04561739458219,175.8780461249014,87.85879208016647
piecewise_0182,6,previous_period,34.837961229873564,50.04560808969687,175.8780461249014,87.85880844541697
piecewise_0183,1,default,58.22232228663566,-1.9475693040946984,160.98097784761396,164.11619395760556
piecewise_0183,2,previous_period,38.47744922511493,37.94509655330462,160.98097784761396,99.8965903708829
piecewise_0183,3,previous_period,37.92177126304784,39.042575238120556,160.98097784761396,98.12985845239709
piecewise_0183,4,previous_period,37.93995358948829,39.040277896619,160.98097784761396,98.13355673521079
piecewise_0183,5,previous_period,37.93386618154109,39.04255052847547,160.98097784761396,98.12989823022536
piecewise_0183,6,previous_period,37.935505085361214,39.041964882965296,160.98097784761396,98.13084100809436
piecewise_0184,1,default,28.306254962818578,14.254326220828995,89.25585654170578,76.5330355790559
piecewise_0184,2,previous_period,15.234776789173468,57.45194772801283,89.25585654170578,37.97662849717485
piecewise_0184,3,previous_period,14.733446987835082,59.57906651666168,89.25585654170578,36.078050402706765
piecewise_0184,4,previous_period,14.81278234215971,58.83862313171873,89.25585654170578,36.738939488144
piecewise_0184,5,previous_period,14.765328007892725,59.26972104793429,89.25585654170578,36.35415935049235
piecewise_0184,6,previous_period,14.788780841332427,59.0433962893985,89.25585654170578,36.55616745228943
piecewise_0185,1,default,58.825868143110036,-2.572842540968434,146.57755873047626,150.34876851700693
piecewise_0185,2,previous_period,51.82313986445522,7.54492228229825,146.57755873047626,135.51839584097175
piecewise_0185,3,previous_period,51.52615446306562,7.899082266701463,146.57755873047626,134.9992767818333
piecewise_0185,4,previous_period,51.51676038572111,7.924548086349015,146.57755873047626,134.9619496050832
piecewise_0185,5,previous_period,51.51584777128016,7.923136371389505,146.57755873047626,134.96401886240707
piecewise_0185,6,previous_period,51.515928544743275,7.9236230572775295,146.57755873047626,134.96330549011373
piecewise_0186,1,default,27.91499066321949,6.258088855779631,82.02964273374835,76.8961548033918
piecewise_0186,2,previous_period,23.121482023225102,25.01616950429486,82.02964273374835,61.50896826370637
piecewise_0186,3,previous_period,23.157508382889255,24.708361444034587,82.02964273374835,61.76146211584355
piecewise_0186,4,previous_period,23.118256538272526,24.969607341124657,82.02964273374835,61.54716303980399
piecewise_0186,5,previous_period,23.13995574226987,24.787957003656413,82.02964273374835,61.69617016265384
piecewise_0186,6,previous_period,23.120424932145987,24.934770271852337,82.02964273374835,61.57573976326699
piecewise_0187,1,default,70.45681161577728,-3.3878678622176084,169.23741862394579,174.97095874035313
piecewise_0187,2,previous_period,54.770902914070675,14.850874433495454,169.23741862394579,144.10418208961454
piecewise_0187,3,previous_period,54.44318983268496,15.172065951290225,169.23741862394579,143.5606058560596
piecewise_0187,4,previous_period,54.445967423556155,15.17824154323434,169.23741862394579,143.55015444366865
piecewise_0187,5,previous_period,54.445334616246654,15.177884098564377,169.23741862394579,143.5507593738011
piecewise_0187,6,previous_period,54.445407381997654,15.177932337199806,169.23741862394579,143.55067773597972
piecewise_0188,1,default,45.43554329083021,-1.057637835122982,115.49094676345456,116.71242271256659
piecewise_0188,2,previous_period,43.00352964929626,2.239704386515551,115.49094676345456,112.90429096276513
piecewise_0188,3,previous_period,42.9324331928362,2.278068168171099,115.49094676345456,112.85998426811688
piecewise_0188,4,previous_period,42.929467872823885,2.2921160369191895,115.49094676345456,112.84376025149962
piecewise_0188,5,previous_period,42.929567679799554,2.2897744610113624,115.49094676345456,112.84646455968475
piecewise_0188,6,previous_period,42.92953132183923,2.2902935766607846,115.49094676345456,112.84586502810643
piecewise_0189,1,default,43.1085471014032,3.9587561150489003,120.55508572675214,115.7826038985419
piecewise_0189,2,previous_period,35.252910285278595,23.42898408577113,120.55508572675214,92.31025387724364
piecewise_0189,3,previous_period,35.25699372673598,23.379777138047963,120.55508572675214,92.36957535525482
piecewise_0189,4,previous_period,35.25122941999499,23.415528196973746,120.55508572675214,92.32647563551862
piecewise_0189,5,previous_period,35.253295293626934,23.399908526111567,120.55508572675214,92.34530594311676
piecewise_0189,6,previous_period,35.25222773205286,23.40721948927461,120.55508572675214,92.3364922052081
piecewise_0190,1,default,52.92499088346738,1.596613395053903,147.82997056720842,145.46969745522813
piecewise_0190,2,previous_period,34.29956865356355,34.1434085568745,147.82997056720842,97.35577974693913
piecewise_0190,3,previous_period,34.172158894748485,34.18501969665175,147.82997056720842,97.29426601125373
piecewise_0190,4,previous_period,34.16814552340535,34.19162437882821,147.82997056720842,97.28450231153622
piecewise_0190,5,previous_period,34.16809935243011,34.19169479676927,147.82997056720842,97.28439821271468
piecewise_0190,6,previous_period,34.168099447022925,34.1916936559591,147.82997056720842,97.28439989917402
piecewise_0191,1,default,53.59965978466043,5.593133235262371,156.2763763559052,147.53563041107935
piecewise_0191,2,previous_period,45.26567194712868,24.111843476005923,156.2763763559052,118.59526109899541
piecewise_0191,3,previous_period,44.664726942092216,26.567321466316674,156.2763763559052,114.75792907352097
piecewise_0191,4,previous_period,44.67316227546263,26.53749146796508,156.2763763559052,114.80454631401186
piecewise_0191,5,previous_period,44.67232897941507,26.540357514272163,156.2763763559052,114.80006736069846
piecewise_0191,6,previous_period,44.672421120136235,26.540047140569555,156.2763763559052,114.80055240147406
piecewise_0192,1,default,40.70969253483478,-2.7097048848166994,104.69987790028767,107.53693560614889
piecewise_0192,2,previous_period,30.54564039930257,29.006312232228705,104.69987790028767,74.33030440976802
piecewise_0192,3,previous_period,30.24708274531417,30.086935413966266,104.69987790028767,73.19889325792658
piecewise_0192,4,previous_period,30.23465418202843,30.12785810403412,104.69987790028767,73.15604725139202
piecewise_0192,5,previous_period,30.234043967574816,30.12979061501576,104.69987790028767,73.15402391475384
piecewise_0192,6,previous_period,30.234011814136874,30.129889528017983,104.69987790028767,73.15392035296128
piecewise_0193,1,default,54.27718256268432,3.144465257190898,165.25546391346228,160.0590632650938
piecewise_0193,2,previous_period,41.67080725494323,31.639548808716988,165.25546391346228,112.9693807494907
piecewise_0193,3,previous_period,41.57389532034447,31.432906361109893,165.25546391346228,113.31086868492594
piecewise_0193,4,previous_period,41.571342690723895,31.501982034822827,165.25546391346228,113.19671735988027
piecewise_0193,5,previous_period,41.5716082855474,31.49224590521209,165.25546391346228,113.2128068460357
piecewise_0193,6,previous_period,41.57156623724411,31.49367797211051,165.25546391346228,113.21044027723917
piecewise_0194,1,default,57.05947923673553,3.9820767204768015,157.94915011483343,151.6594937779197
piecewise_0194,2,previous_period,54.90948720843972,9.306632068913789,157.94915011483343,143.24940385766956
piecewise_0194,3,previous_period,54.850471555199874,10.064413035537845,157.94915011483343,142.0524952611549
piecewise_0194,4,previous_period,54.86383481738662,9.838287710946625,157.94915011483343,142.40965828954114
piecewise_0194,5,previous_period,54.85793580080247,9.931824178070647,157.94915011483343,142.2619182346713
piecewise_0194,6,previous_period,54.860136326950496,9.89510483991356,157.94915011483343,142.3199161172182
piecewise_0195,1,default,37.34312738038477,4.633680135507334,102.363895633737,97.62068013582507
piecewise_0195,2,previous_period,34.25547277398854,12.035128413971396,102.363895633737,90.0442693446731
piecewise_0195,3,previous_period,34.12217830848139,12.459847474630958,102.363895633737,89.60951036868295
piecewise_0195,4,previous_period,34.12808435093882,12.45831857260642,102.363895633737,89.61107541235569
piecewise_0195,5,previous_period,34.12776211200072,12.452579803380615,102.363895633737,89.61694984009665
piecewise_0195,6,previous_period,34.127756850453395,12.45543041646041,102.363895633737,89.61403184149873
piecewise_0196,1,default,38.65312989685037,11.276095190869317,125.73447631540044,111.55653707833486
piecewise_0196,2,previous_period,14.852650994325444,77.59444366468654,125.73447631540044,28.171508923758424
piecewise_0196,3,previous_period,14.295201360679515,80.3851707773108,125.73447631540044,24.66260280330838
piecewise_0196,4,previous_period,14.42240248346853,79.73779723822824,125.73447631540044,25.476574532478327
piecewise_0196,5,previous_period,14.364180507700542,80.02863646224662,125.73447631540044,25.11088935723903
piecewise_0196,6,previous_period,14.386696333845869,79.91568005782122,125.73447631540044,25.252914500808018
piecewise_0197,1,default,45.47680427889677,3.4460483491326133,120.78970724423661,116.62723553182448
piecewise_0197,2,previous_period,35.90193122286803,22.004188000084824,120.78970724423661,94.21091297746271
piecewise_0197,3,previous_period,35.27950583600674,23.243811688112903,120.78970724423661,92.71357515376339
piecewise_0197,4,previous_period,35.256766685730554,23.29487283588698,120.78970724423661,92.65189854285153
piecewise_0197,5,previous_period,35.25287317639491,23.3019904583079,120.78970724423661,92.64330118756655
piecewise_0197,6,previous_period,35.2534824317883,23.30101617775353,120.78970724423661,92.64447801819591
piecewise_0198,1,default,61.28067622067649,3.292482478917469,166.1232439189485,160.6536652195078
piecewise_0198,2,previous_period,38.81158666779421,37.48449517839564,166.1232439189485,103.85278456195583
piecewise_0198,3,previous_period,38.54712753174976,37.73860151007321,166.1232439189485,103.4306548807696
piecewise_0198,4,previous_period,38.52508592371538,37.767589914930646,166.1232439189485,103.38249840226008
piecewise_0198,5,previous_period,38.524108067632774,37.76906617634164,166.1232439189485,103.38004598891541
piecewise_0198,6,previous_period,38.52408709707998,37.76909758471086,166.1232439189485,103.37999381231359
piecewise_0199,1,default,38.830406296883574,-7.585005219792174,85.36146582642573,91.83613746505122
piecewise_0199,2,previous_period,27.130036119901312,32.67369747191828,85.36146582642573,57.470718724704476
piecewise_0199,3,previous_period,26.957761185202852,33.78431697241614,85.36146582642573,56.52267763932538
piecewise_0199,4,previous_period,26.94373647742906,33.73744993995509,85.36146582642573,56.56268402522348
piecewise_0199,5,previous_period,26.944536417306573,33.75583487895902,85.36146582642573,56.54699037179843
piecewise_0199,6,previous_period,26.94424796048543,33.75197476548084,85.36146582642573,56.55028542124597
