profile,period,policy,rmse_nm,offload_pct,baseline_motor_work_j,assisted_motor_work_j
piecewise_0000,1,default,52.55741061494892,-1.6310342585297732,145.62745155791555,148.002685182649
piecewise_0000,2,previous_period,39.13842867308093,27.98647267732851,145.62745155791555,104.8714646169697
piecewise_0000,3,previous_period,39.086260891636925,28.103513601240916,145.62745155791555,104.70102090219623
piecewise_0000,4,previous_period,39.08631855192527,28.10350123777381,145.62745155791555,104.7010389067983
piecewise_0000,5,previous_period,39.08631456131088,28.10350943479778,145.62745155791555,104.70102696968118
piecewise_0000,6,previous_period,39.08631485911408,28.10350889134868,145.62745155791555,104.70102776109226
piecewise_0001,1,default,32.9088116717195,-6.335642831012955,82.60573399470402,87.83933825854513
piecewise_0001,2,previous_period,16.380757068031222,48.50654832234552,82.60573399470402,42.53654371753471
piecewise_0001,3,previous_period,16.28629104376597,48.680821588017075,82.60573399470402,42.39258400727019
piecewise_0001,4,previous_period,16.28650228771599,48.6765002889322,82.60573399470402,42.39615364809735
piecewise_0001,5,previous_period,16.286537595912147,48.67626822212352,82.60573399470402,42.39634534858803
piecewise_0001,6,previous_period,16.286537992016104,48.67626338621027,82.60573399470402,42.39634934332966
piecewise_0002,1,default,42.74881626734772,4.520544360944189,107.58704577887802,102.72352564781451
piecewise_0002,2,previous_period,30.109034017303962,29.490535069946276,107.58704577887802,75.85905031273884
piecewise_0002,3,previous_period,29.902642402854923,29.85533592826305,107.58704577887802,75.46657184629984
piecewise_0002,4,previous_period,29.91150182455333,29.844196726626528,107.58704577887802,75.47855618426392
piecewise_0002,5,previous_period,29.910773075917962,29.844155235243296,107.58704577887802,75.4786008236174
piecewise_0002,6,previous_period,29.910844586598206,29.844314046183506,107.58704577887802,75.47842996361845
piecewise_0003,1,default,62.265883794314476,6.265904469651984,173.89630752009828,163.00013101463668
piecewise_0003,2,previous_period,34.5394830591227,43.659305972620096,173.89630752009828,97.97438654481019
piecewise_0003,3,previous_period,34.237104526987686,43.98181266711851,173.89630752009828,97.41355931157233
piecewise_0003,4,previous_period,34.24733160964954,43.97585226312043,173.89630752009828,97.42392423403828
piecewise_0003,5,previous_period,34.246504483449755,43.97638474158233,173.89630752009828,97.42299827365468
piecewise_0003,6,previous_period,34.24656757735377,43.976343007355034,173.89630752009828,97.42307084793492
piecewise_0004,1,default,69.54874084269754,-5.272950168834711,175.17770378352833,184.41473681094266
piecewise_0004,2,previous_period,51.605712605716576,22.330258460468244,175.17770378352833,136.060069763553
piecewise_0004,3,previous_period,50.81910961887344,23.608189129303824,175.17770378352833,133.82142016194135
piecewise_0004,4,previous_period,50.83554306663515,23.563843707886246,175.17770378352833,133.89910345291378
piecewise_0004,5,previous_period,50.83677534541266,23.56282985767535,175.17770378352833,133.90087949243303
piecewise_0004,6,previous_period,50.83661410585865,23.56309102731401,175.17770378352833,133.90042198145704
piecewise_0005,1,default,72.27413345929729,-1.819204086400683,189.72546089569582,193.17695423325284
piecewise_0005,2,previous_period,46.06233808143535,31.235293166239853,189.72546089569582,130.46415697392547
piecewise_0005,3,previous_period,45.92201910598787,31.43065867586635,189.72546089569582,130.09349886035537
piecewise_0005,4,previous_period,45.90935252607552,31.447251248729003,189.72546089569582,130.06201852501727
piecewise_0005,5,previous_period,45.911371640660875,31.444589391861435,189.72546089569582,130.06706874522763
piecewise_0005,6,previous_period,45.911020475413366,31.44505041529282,189.72546089569582,130.0661940663976
piecewise_0006,1,default,63.90923999328856,5.461020700756203,202.20103466141347,191.15879430141047
piecewise_0006,2,previous_period,32.516220188450575,55.68178992031119,202.20103466141347,89.61187932454962
piecewise_0006,3,previous_period,32.27703936892925,56.16256251480238,202.20103466141347,88.6397521641199
piecewise_0006,4,previous_period,32.277857876974764,56.16081888270589,202.20103466141347,88.6432778062597
piecewise_0006,5,previous_period,32.27785110312206,56.16083294508174,202.20103466141347,88.64324937199024
piecewise_0006,6,previous_period,32.27785078919967,56.160833727878014,202.20103466141347,88.64324778916807
piecewise_0007,1,default,51.87470611579921,-7.583552281618222,122.09991831770809,131.35942945914462
piecewise_0007,2,previous_period,41.18578820646804,13.32340417207536,122.09991831770809,105.83205270646596
piecewise_0007,3,previous_period,40.891849735649856,14.07395110912837,122.09991831770809,104.91563550938818
piecewise_0007,4,previous_period,40.89862474117797,14.045699565081215,122.09991831770809,104.95013062159325
piecewise_0007,5,previous_period,40.89712544441604,14.05157464886182,122.09991831770809,104.94295714909603
piecewise_0007,6,previous_period,40.89740408103677,14.050467664922916,122.09991831770809,104.94430877558122
piecewise_0008,1,default,47.87112076978688,3.2807008395830395,128.3915676071555,124.17942437071373
piecewise_0008,2,previous_period,38.76201570642417,24.56839061442615,128.3915676071555,96.84782576144451
piecewise_0008,3,previous_period,38.43657783107149,25.13080910758967,128.3915676071555,96.12572784155932
piecewise_0008,4,previous_period,38.415698474785984,25.165276081342714,128.3915676071555,96.08147515365104
piecewise_0008,5,previous_period,38.414479675412665,25.167298329404176,128.3915676071555,96.07887875766403
piecewise_0008,6,previous_period,38.41440681998246,25.16741964730005,128.3915676071555,96.07872299571572
piecewise_0009,1,default,60.455117668341344,-9.39441950323161,160.26573475645597,175.32177019941392
piecewise_0009,2,previous_period,30.219507838271216,49.09043124409165,160.26573475645597,81.59059442799966
piecewise_0009,3,previous_period,29.345345808787766,51.545050914771394,160.26573475645597,77.65668017730826
piecewise_0009,4,previous_period,29.36136696943249,51.47930548446189,160.26573475645597,77.76204757426258
piecewise_0009,5,previous_period,29.360928293182095,51.48149878475815,160.26573475645597,77.75853246542736
piecewise_0009,6,previous_period,29.36094183402414,51.48142233799153,160.26573475645597,77.7586549833996
piecewise_0010,1,default,63.02034367933803,7.902239484096052,192.6299568360163,177.40787632872343
piecewise_0010,2,previous_period,37.696173713490445,56.70584107806219,192.6299568360163,83.3975196438451
piecewise_0010,3,previous_period,37.35537171598383,57.53957662141096,192.6299568360163,81.79149522656584
piecewise_0010,4,previous_period,37.35726084043012,57.53397959795387,192.6299568360163,81.80227677043533
piecewise_0010,5,previous_period,37.35723311742061,57.53405006770082,192.6299568360163,81.80214102459222
piecewise_0010,6,previous_period,37.35723285292008,57.53405045898204,192.6299568360163,81.80214027086738
piecewise_0011,1,default,38.364754142480024,-1.9996302644943453,90.92762199635246,92.74583824457653
piecewise_0011,2,previous_period,38.44666237213378,1.8200885764645403,90.92762199635246,89.27265873554599
piecewise_0011,3,previous_period,38.40043641868746,0.42427314145712103,90.92762199635246,90.54184051805628
piecewise_0011,4,previous_period,38.40715157577929,0.8665473756665598,90.92762199635246,90.13969107418706
piecewise_0011,5,previous_period,38.402432522331495,0.7096975947038731,90.92762199635246,90.28231085012291
piecewise_0011,6,previous_period,38.40450144614538,0.7631203172041912,90.92762199635246,90.23373483894767
piecewise_0012,1,default,43.910109354414196,-5.191599162325344,101.39844537713077,106.66264621794082
piecewise_0012,2,previous_period,26.5843918521531,43.55330225230192,101.39844537713077,57.23607398289375
piecewise_0012,3,previous_period,26.441266356543736,44.116445173895016,101.39844537713077,56.665055815146985
piecewise_0012,4,previous_period,26.438895905838468,44.11936261318282,101.39844537713077,56.66209757706434
piecewise_0012,5,previous_period,26.439191430123298,44.11960806067484,101.39844537713077,56.66184869712321
piecewise_0012,6,previous_period,26.439121451261173,44.11956195564548,101.39844537713077,56.661895446906215
piecewise_0013,1,default,40.34768018410774,3.8298113589120164,113.09026968259579,108.7591256884675
piecewise_0013,2,previous_period,26.947687823476027,43.16637080689778,113.09026968259579,64.27330452488579
piecewise_0013,3,previous_period,26.873076191524778,44.14375438580228,113.09026968259579,63.167978799669285
piecewise_0013,4,previous_period,26.87091355221777,44.025523606334524,113.09026968259579,63.301686307017206
piecewise_0013,5,previous_period,26.871378229139985,44.05308584961281,113.09026968259579,63.270516091763206
piecewise_0013,6,previous_period,26.871169302949458,44.04660289173589,113.09026968259579,63.277847686309634
piecewise_0014,1,default,44.73035946853216,7.288602707564785,117.67302956321174,109.09630994439398
piecewise_0014,2,previous_period,33.64824710238655,24.857305248502392,117.67302956321174,88.42268540952374
piecewise_0014,3,previous_period,33.54974330641789,24.98432362131706,117.67302956321174,88.27321904213082
piecewise_0014,4,previous_period,33.55484232787224,24.97487747508138,117.67302956321174,88.28433460858332
piecewise_0014,5,previous_period,33.55430154097715,24.97651745054107,117.67302956321174,88.2824047997758
piecewise_0014,6,previous_period,33.55437250783828,24.97620091924022,117.67302956321174,88.28277727174704
piecewise_0015,1,default,65.90847411971129,-8.65943240198197,169.66877088611028,184.36112340826665
piecewise_0015,2,previous_period,34.82992536043156,47.9818652909452,169.66877088611028,88.2585297987344
piecewise_0015,3,previous_period,33.6220812595478,49.81906356970818,169.66877088611028,85.14137806041649
piecewise_0015,4,previous_period,33.650573954896025,49.770503883396366,169.66877088611028,85.22376868332788
piecewise_0015,5,previous_period,33.646770456902146,49.7769287600541,169.66877088611028,85.21286767407176
piecewise_0015,6,previous_period,33.64725300838732,49.77611177096403,169.66877088611028,85.21425384941915
piecewise_0016,1,default,33.75760486273021,-8.64812677280371,81.95160288710906,89.03888139713092
piecewise_0016,2,previous_period,15.235209191092581,54.28137702374688,81.95160288710906,37.46714434695356
piecewise_0016,3,previous_period,13.906879262877604,56.49506028125879,81.95160288710906,35.65299543457898
piecewise_0016,4,previous_period,14.023471510163507,56.50638325185518,81.95160288710906,35.6437160786808
piecewise_0016,5,previous_period,13.986205142681248,56.51454741310496,81.95160288710906,35.63702541767432
piecewise_0016,6,previous_period,13.997323425488108,56.51552885723367,81.95160288710906,35.636221108479404
piecewise_0017,1,default,41.76105832721695,-14.670160677663958,100.3458446942733,115.06674134428232
piecewise_0017,2,previous_period,31.21662910551724,36.86907253910384,100.3458446942733,63.349262423965186
piecewise_0017,3,previous_period,30.521060461353677,43.351948360481316,100.3458446942733,56.843965920523154
piecewise_0017,4,previous_period,30.488725281309673,43.71393733669543,100.3458446942733,56.48072502464095
piecewise_0017,5,previous_period,30.485550910503818,43.74844543030632,100.3458446942733,56.44609758661922
piecewise_0017,6,previous_period,30.48604570741027,43.74305339866965,100.3458446942733,56.45150826631121
piecewise_0018,1,default,31.27559763897426,14.467927136123837,94.94455955320072,81.20804985732994
piecewise_0018,2,previous_period,8.800585952696046,77.56046356240644,94.94455955320072,21.30511903645318
piecewise_0018,3,previous_period,8.009831175524935,79.33774396707408,94.94455955320072,19.61768798421616
piecewise_0018,4,previous_period,8.059945247851585,79.21736535764263,94.94455955320072,19.731980924737115
piecewise_0018,5,previous_period,8.0504935946556,79.24230129595392,94.94455955320072,19.708305607937
piecewise_0018,6,previous_period,8.053577823903742,79.2334879853629,94.94455955320072,19.716673366859716
piecewise_0019,1,default,47.450045317220756,8.155403196019439,138.24269394898312,126.96844486840438
piecewise_0019,2,previous_period,26.086009189307013,46.862369627200486,138.24269394898312,73.45889172801114
piecewise_0019,3,previous_period,25.705651989780097,47.65719595357347,138.24269394898312,72.36010240221738
piecewise_0019,4,previous_period,25.71021346148308,47.651741563162254,138.24269394898312,72.36764269846034
piecewise_0019,5,previous_period,25.70874377963145,47.65438038695699,138.24269394898312,72.36399471735794
piecewise_0019,6,previous_period,25.708896353299302,47.65411352972868,138.24269394898312,72.36436362797934
piecewise_0020,1,default,49.31847460318836,10.286182693731384,146.28288823159915,131.23596309842998
piecewise_0020,2,previous_period,27.091894173845233,60.578134121265236,146.28288823159915,57.66744400220049
piecewise_0020,3,previous_period,26.926482738056844,60.8007218314883,146.28288823159915,57.341836270837604
piecewise_0020,4,previous_period,26.93126481457391,60.79322038090278,146.28288823159915,57.352809609413384
piecewise_0020,5,previous_period,26.930389958577777,60.79462222577221,146.28288823159915,57.35075895024986
piecewise_0020,6,previous_period,26.93057913765704,60.79431803414329,146.28288823159915,57.35120393055039
piecewise_0021,1,default,63.723235551299275,1.1308601837727306,170.00272834345324,168.0802351772898
piecewise_0021,2,previous_period,63.30568788829355,2.5415480882682973,170.00272834345324,165.68202725123626
piecewise_0021,3,previous_period,63.36482478926936,2.383683902470357,170.00272834345324,165.95040067416994
piecewise_0021,4,previous_period,63.35061515999413,2.392806835938399,170.00272834345324,165.9348914383693
piecewise_0021,5,previous_period,63.35386976762839,2.3912648006335635,170.00272834345324,165.93751294045956
piecewise_0021,6,previous_period,63.35309325115798,2.391573013724335,170.00272834345324,165.93698896979612
piecewise_0022,1,default,48.67429343472001,5.720299284135377,133.83373271937123,126.17804266469338
piecewise_0022,2,previous_period,37.26644775311372,27.22097471693973,133.83373271937123,97.40288617309449
piecewise_0022,3,previous_period,36.938712662207365,28.008065672502358,133.83373271937123,96.34949296736846
piecewise_0022,4,previous_period,36.965542789922885,27.960704612625463,133.83373271937123,96.41287804165717
piecewise_0022,5,previous_period,36.962027219419745,27.96618813452315,133.83373271937123,96.405539239617
piecewise_0022,6,previous_period,36.9625515626449,27.965392100690366,133.83373271937123,96.40660460140913
piecewise_0023,1,default,30.180018498260562,9.047226109893236,74.92994330113196,68.15086190666375
piecewise_0023,2,previous_period,17.09023893834417,49.735745091594765,74.92994330113196,37.66297770360448
piecewise_0023,3,previous_period,16.42701684521929,50.703551468570964,74.92994330113196,36.937800934071475
piecewise_0023,4,previous_period,16.44262359508625,50.74182400298175,74.92994330113196,36.90912334573757
piecewise_0023,5,previous_period,16.4335969959629,50.73620370722305,74.92994330113196,36.91333463016292
piecewise_0023,6,previous_period,16.436436158681957,50.738096877429406,74.92994330113196,36.9119160788007
piecewise_0024,1,default,51.43129414075464,-4.106817457647449,134.30275666293605,139.8183257196713
piecewise_0024,2,previous_period,44.77844942085233,14.155631764913068,134.30275666293605,115.29135297960357
piecewise_0024,3,previous_period,44.580228308355515,15.043048520099155,134.30275666293605,114.09952781429988
piecewise_0024,4,previous_period,44.56899220120542,15.09745155537512,134.30275666293605,114.02646303821595
piecewise_0024,5,previous_period,44.5682379223802,15.100577955014039,134.30275666293605,114.02226419731657
piecewise_0024,6,previous_period,44.568230904421625,15.100706465828218,134.30275666293605,114.02209160375052
piecewise_0025,1,default,60.977416816582355,-0.680558222474037,158.24932365373715,159.32630243787222
piecewise_0025,2,previous_period,41.310883822858706,28.5864604530796,158.24932365373715,113.01144333019565
piecewise_0025,3,previous_period,41.061188668474806,29.311654379300588,158.24932365373715,111.86382884677295
piecewise_0025,4,previous_period,41.04770313981861,29.309398684361987,158.24932365373715,111.86739846875697
piecewise_0025,5,previous_period,41.049872720687006,29.312937253032988,158.24932365373715,111.86179870776809
piecewise_0025,6,previous_period,41.049307293892085,29.3120564390417,158.24932365373715,111.86319258995195
piecewise_0026,1,default,60.82706615677279,3.315502164583306,172.36441189279032,166.64966608551356
piecewise_0026,2,previous_period,36.16635500512079,44.49649219486044,172.36441189279032,95.66829480819777
piecewise_0026,3,previous_period,35.93678599280764,44.83995895108196,172.36441189279032,95.07628035378931
piecewise_0026,4,previous_period,35.934904140972606,44.84305775396776,172.36441189279032,95.07093912041947
piecewise_0026,5,previous_period,35.93486609207539,44.843101865157585,172.36441189279032,95.07086308842655
piecewise_0026,6,previous_period,35.93501906157941,44.8429052068692,172.36441189279032,95.07120205732878
piecewise_0027,1,default,68.55603255340017,6.594604692716821,228.17023664492314,213.12331151175397
piecewise_0027,2,previous_period,24.28834704537006,71.09398917465143,228.17023664492314,65.95491330480493
piecewise_0027,3,previous_period,23.868204302946136,71.83779365036372,228.17023664492314,64.25777287239666
piecewise_0027,4,previous_period,23.86545816776308,71.8425158635375,228.17023664492314,64.24699818742317
piecewise_0027,5,previous_period,23.8654645228989,71.84250694450806,228.17023664492314,64.24701853799377
piecewise_0027,6,previous_period,23.86546398657136,71.84250755562674,228.17023664492314,64.24701714360282
piecewise_0028,1,default,41.48262433734915,5.129428361096355,111.90651128244386,106.16634695480869
piecewise_0028,2,previous_period,35.56604676776404,22.40882608270661,111.90651128244386,86.82957579393656
piecewise_0028,3,previous_period,35.43038628944621,23.2894841072102,111.90651128244386,85.84406212238571
piecewise_0028,4,previous_period,35.425426427107475,23.276343015873014,111.90651128244386,85.85876785924559
piecewise_0028,5,previous_period,35.425669812197064,23.282952954675096,111.90651128244386,85.85137090733427
piecewise_0028,6,previous_period,35.42560186204714,23.281688400571056,111.90651128244386,85.85278602571539
piecewise_0029,1,default,32.06315273376825,9.541592639855567,82.74990477449708,74.85424595104618
piecewise_0029,2,previous_period,26.977521573332865,17.442679959139817,82.74990477449708,68.3161037181886
piecewise_0029,3,previous_period,26.991764909743516,17.804141546587495,82.74990477449708,68.01699459877926
piecewise_0029,4,previous_period,26.992140158355834,17.70373849264464,82.74990477449708,68.10007803030766
piecewise_0029,5,previous_period,26.991034245064466,17.733849379102974,82.74990477449708,68.07516130043663
piecewise_0029,6,previous_period,26.99145444326681,17.725170785513058,82.74990477449708,68.08234282836806
piecewise_0030,1,default,41.934797062161074,7.034169094530784,118.42082994976694,110.09090852795357
piecewise_0030,2,previous_period,34.53844413336635,21.591068286856363,118.42082994976694,92.8525076894507
piecewise_0030,3,previous_period,34.61448467959216,21.42615453951605,118.42082994976694,93.04779991775237
piecewise_0030,4,previous_period,34.616346263376215,21.42445443792709,118.42082994976694,93.04981319216401
piecewise_0030,5,previous_period,34.616336844793246,21.424231574473318,118.42082994976694,93.05007710891562
piecewise_0030,6,previous_period,34.616339899349,21.424250286983792,118.42082994976694,93.0500549494054
piecewise_0031,1,default,40.413916934206696,11.619075732960093,129.5019111587785,114.45498602560934
piecewise_0031,2,previous_period,19.235925296700675,72.25420356989329,129.5019111587785,35.93133664321232
piecewise_0031,3,previous_period,18.033743337614027,73.71295936383862,129.5019111587785,34.04222001091372
piecewise_0031,4,previous_period,18.154324921462752,73.95308454955136,129.5019111587785,33.73125330624216
piecewise_0031,5,previous_period,18.114910021313953,73.84941598691948,129.5019111587785,33.86550607612128
piecewise_0031,6,previous_period,18.12776898746412,73.88928699130052,129.5019111587785,33.813872363449605
piecewise_0032,1,default,33.31040724494723,-4.100146696718854,84.49923754655381,87.96383024357146
piecewise_0032,2,previous_period,31.48502296011558,2.0398857625094413,84.49923754655381,82.77554963041263
piecewise_0032,3,previous_period,31.509064183742744,1.9574443179169454,84.49923754655381,82.84521202251565
piecewise_0032,4,previous_period,31.49947318434862,1.991667877156389,84.49923754655381,82.81629337589703
piecewise_0032,5,previous_period,31.50236446738292,1.9834578936127722,84.49923754655381,82.82323074939409
piecewise_0032,6,previous_period,31.501468617678558,1.9862632589422002,84.49923754655381,82.82086023708032
piecewise_0033,1,default,42.240573238649084,4.8436286680366365,113.26815053799506,107.78186192678183
piecewise_0033,2,previous_period,38.46154775378603,16.39655210855624,113.26815053799506,94.69607921263477
piecewise_0033,3,previous_period,38.49987615230397,16.208288473176104,113.26815053799506,94.90932195056544
piecewise_0033,4,previous_period,38.4913056932331,16.2507735257314,113.26815053799506,94.86119991728097
piecewise_0033,5,previous_period,38.493476747169076,16.240217812005074,113.26815053799506,94.87315617899486
piecewise_0033,6,previous_period,38.49291346103004,16.242879556506505,113.26815053799506,94.87014127022604
piecewise_0034,1,default,69.25945577897129,1.2648816812992902,193.99057246072928,191.53682124622588
piecewise_0034,2,previous_period,51.430376111964975,27.103004374862707,193.99057246072928,141.41329911987663
piecewise_0034,3,previous_period,51.4868224564228,26.9850157127581,193.99057246072928,141.6421860009321
piecewise_0034,4,previous_period,51.48561166643752,26.98759917190324,193.99057246072928,141.63717433374714
piecewise_0034,5,previous_period,51.485652494721776,26.98751337325591,193.99057246072928,141.63734077503426
piecewise_0034,6,previous_period,51.48565120118174,26.987515617056157,193.99057246072928,141.63733642227334
piecewise_0035,1,default,41.981696413932376,0.6079782087641927,109.77477893662832,109.10737220197456
piecewise_0035,2,previous_period,25.932421362676358,41.330060473721886,109.77477893662832,64.40479641722533
piecewise_0035,3,previous_period,25.841736994351958,41.45645083093361,109.77477893662832,64.26605168199893
piecewise_0035,4,previous_period,25.84218138695077,41.459330139419,109.77477893662832,64.26289092747419
piecewise_0035,5,previous_period,25.842151389560097,41.45920539092703,109.77477893662832,64.26302786985548
piecewise_0035,6,previous_period,25.84215365751319,41.45920734776614,109.77477893662832,64.26302572173968
piecewise_0036,1,default,58.206486895432974,-0.6465607066775236,153.26157535911904,154.25250448382604
piecewise_0036,2,previous_period,41.724868194065316,28.933590153987943,153.26157535911904,108.91749928116616
piecewise_0036,3,previous_period,41.658877098079294,28.927613383037464,153.26157535911904,108.92665937448047
piecewise_0036,4,previous_period,41.6570594398166,28.9225945141653,153.26157535911904,108.93435137197915
piecewise_0036,5,previous_period,41.65694766451073,28.92227044311121,153.26157535911904,108.93484804838194
piecewise_0036,6,previous_period,41.65694172289174,28.922249099432705,153.26157535911904,108.93488076003986
piecewise_0037,1,default,37.156010934302806,13.458315003357201,112.71782561804287,97.54790558143179
piecewise_0037,2,previous_period,17.212218666082666,60.77177050329211,112.71782561804287,44.217207317144855
piecewise_0037,3,previous_period,16.697305415138423,61.543333448429635,112.71782561804287,43.3475183421113
piecewise_0037,4,previous_period,16.740782641044408,61.45726030837895,112.71782561804287,43.44453811401761
piecewise_0037,5,previous_period,16.733950028474215,61.48111663273945,112.71782561804287,43.41764778392606
piecewise_0037,6,previous_period,16.735228009827956,61.47320371501019,112.71782561804287,43.42656705273343
piecewise_0038,1,default,62.8373953703759,-6.203199939796944,151.52939674459986,160.92906819223555
piecewise_0038,2,previous_period,41.17344216964773,30.928543844600043,151.52939674459986,104.66356083498835
piecewise_0038,3,previous_period,40.368732243359055,32.0891729306461,151.52939674459986,102.90486658246039
piecewise_0038,4,previous_period,40.36484600493611,32.10486507367099,151.52939674459986,102.88108837279847
piecewise_0038,5,previous_period,40.36555451981287,32.103565672844056,151.52939674459986,102.88305734703282
piecewise_0038,6,previous_period,40.36552883355403,32.10359888750543,151.52939674459986,102.88300701705683
piecewise_0039,1,default,54.06219603061482,-4.369728505103265,132.35294090564162,138.1364050917379
piecewise_0039,2,previous_period,40.035311147856625,22.23378239847017,132.35294090564162,102.92587602670545
piecewise_0039,3,previous_period,39.96253964986281,22.321682525218222,132.35294090564162,102.80953762389461
piecewise_0039,4,previous_period,39.98844629614091,22.32086375392631,132.35294090564162,102.81062129177874
piecewise_0039,5,previous_period,39.977114819601574,22.319430726202672,132.35294090564162,102.81251794611498
piecewise_0039,6,previous_period,39.98192852418742,22.320410895525367,132.35294090564162,102.81122066319054
piecewise_0040,1,default,40.41788099776557,-8.134480195426018,81.62785869677926,88.26786069641909
piecewise_0040,2,previous_period,15.941277400207833,50.907553321749276,81.62785869677926,40.0731130053142
piecewise_0040,3,previous_period,15.524665850765961,51.52641985970669,81.62785869677926,39.567945502188664
piecewise_0040,4,previous_period,15.541495253851512,51.47371583533668,81.62785869677926,39.61096666872895
piecewise_0040,5,previous_period,15.536310424438032,51.495543588531945,81.62785869677926,39.59314914119403
piecewise_0040,6,previous_period,15.538478193778218,51.48620583041593,81.62785869677926,39.60077135319442
piecewise_0041,1,default,33.15443646984751,6.374041680277919,92.1650868602037,86.29044580906996
piecewise_0041,2,previous_period,27.75910187541262,31.228058147613492,92.1650868602037,63.383719943700804
piecewise_0041,3,previous_period,27.776934382797453,29.81236087201714,92.1650868602037,64.68849856743172
piecewise_0041,4,previous_period,27.769263531700854,30.44815199288644,92.1650868602037,64.10252112863307
piecewise_0041,5,previous_period,27.770867347393455,30.175951514744558,92.1650868602037,64.35339493574642
piecewise_0041,6,previous_period,27.77023734233832,30.299735215455858,92.1650868602037,64.23930958046708
piecewise_0042,1,default,68.39711704676164,1.2970195898016956,193.2584441910294,190.75184431092578
piecewise_0042,2,previous_period,50.95776819304232,27.253275189980165,193.2584441910294,140.58918856777393
piecewise_0042,3,previous_period,51.015381076073695,27.132268394801116,193.2584441910294,140.8230444175024
piecewise_0042,4,previous_period,51.01391320602783,27.135361417671145,193.2584441910294,140.8170668896253
piecewise_0042,5,previous_period,51.01397099114694,27.13524113897353,193.2584441910294,140.817299338365
piecewise_0042,6,previous_period,51.013969440369685,27.135244790430445,193.2584441910294,140.81729228161618
piecewise_0043,1,default,44.126102373445185,2.4695189012535534,119.91887267999013,116.9574534529876
piecewise_0043,2,previous_period,38.9946178036333,23.409341942023676,119.91887267999013,91.84665372131123
piecewise_0043,3,previous_period,39.05938435985335,22.543496332389513,119.91887267999013,92.8849660155337
piecewise_0043,4,previous_period,39.039064538844514,22.75414090555934,119.91887267999013,92.63236341802687
piecewise_0043,5,previous_period,39.04339860998659,22.709989040629885,119.91887267999013,92.68530983671747
piecewise_0043,6,previous_period,39.04242275755234,22.71875488254802,119.91887267999013,92.67479793790832
piecewise_0044,1,default,54.488956082940575,2.692364967950134,149.5760414059385,145.54890846667843
piecewise_0044,2,previous_period,35.217558228472654,36.7579324294876,149.5760414059385,94.59498117524122
piecewise_0044,3,previous_period,34.96630058688059,37.26584277048678,149.5760414059385,93.83526899328325
piecewise_0044,4,previous_period,34.96463622226167,37.26943013811286,149.5760414059385,93.82990315079749
piecewise_0044,5,previous_period,34.96460772764433,37.26948454752128,149.5760414059385,93.82982176735821
piecewise_0044,6,previous_period,34.96460767547217,37.26948462310741,149.5760414059385,93.82982165429948
piecewise_0045,1,default,51.708491761063144,1.8788873572054943,138.79213674799672,136.18438883784324
piecewise_0045,2,previous_period,49.49033672944811,5.382819315903631,138.79213674799672,131.32120680217017
piecewise_0045,3,previous_period,49.45841389571585,5.394138278643479,138.79213674799672,131.30549697192583
piecewise_0045,4,previous_period,49.46090055283281,5.389743740577957,138.79213674799672,131.31159624520717
piecewise_0045,5,previous_period,49.460601436812134,5.390413890424717,138.79213674799672,131.31066612991543
piecewise_0045,6,previous_period,49.4606412144135,5.390320090354017,138.79213674799672,131.31079631703784
piecewise_0046,1,default,34.93506618671948,-3.683500401593154,92.3147501789665,95.71516437253845
piecewise_0046,2,previous_period,18.752484300842337,45.25846486149617,92.3147501789665,50.53451140724097
piecewise_0046,3,previous_period,18.735344434887566,45.383526853261735,92.3147501789665,50.41906074197376
piecewise_0046,4,previous_period,18.73002598359283,45.39478829946515,92.3147501789665,50.40866476604454
piecewise_0046,5,previous_period,18.730405893130317,45.394014364886516,92.3147501789665,50.40937922181735
piecewise_0046,6,previous_period,18.73037571404626,45.39407452872686,92.3147501789665,50.40932368171844
piecewise_0047,1,default,47.69048027434722,9.724920833931606,153.21860967985887,138.31822118564193
piecewise_0047,2,previous_period,17.775177098943615,71.91846431691228,153.21860967985887,43.026138550380466
piecewise_0047,3,previous_period,17.07809802792669,73.04575351362313,153.21860967985887,41.298921716108865
piecewise_0047,4,previous_period,17.15714090443378,72.92434159788527,153.21860967985887,41.48494736538808
piecewise_0047,5,previous_period,17.13127604779863,72.96278960589069,153.21860967985887,41.42603786207259
piecewise_0047,6,previous_period,17.139502364542924,72.95043299608702,153.21860967985887,41.44497048781733
piecewise_0048,1,default,65.02808194343231,-1.4039000022262993,179.62011295373998,182.1417997234964
piecewise_0048,2,previous_period,51.18665091051897,19.53592528614706,179.62011295373998,144.52966188820437
piecewise_0048,3,previous_period,51.269600520292855,19.548156934243032,179.62011295373998,144.50769138807829
piecewise_0048,4,previous_period,51.27740491737363,19.543691231740134,179.62011295373998,144.51571268795817
piecewise_0048,5,previous_period,51.27773564550126,19.54347666871271,179.62011295373998,144.5160980863104
piecewise_0048,6,previous_period,51.277748842773065,19.543466099493045,179.62011295373998,144.5161170707547
piecewise_0049,1,default,72.74959363974432,-7.42558273377496,205.4964421026453,220.7557504259412
piecewise_0049,2,previous_period,29.408403526473467,57.39057650907148,205.4964421026453,87.56084927430688
piecewise_0049,3,previous_period,28.611364911752347,58.666184114142084,205.4964421026453,84.93952103069603
piecewise_0049,4,previous_period,28.667325774311486,58.573607221029555,205.4964421026453,85.12976325225142
piecewise_0049,5,previous_period,28.66080800469147,58.58435567917441,205.4964421026453,85.10767555318287
piecewise_0049,6,previous_period,28.661566684857885,58.58310430006106,205.4964421026453,85.110247092738
piecewise_0050,1,default,65.81132035751173,5.52479707382223,203.15660269773147,191.93261265661056
piecewise_0050,2,previous_period,42.21898586168563,40.87958518957491,203.15660269773147,120.10702622966609
piecewise_0050,3,previous_period,41.76420995625562,41.9236679989852,203.15660269773147,117.98590306471712
piecewise_0050,4,previous_period,41.78222768318506,41.876450889427566,203.15660269773147,118.08182774038647
piecewise_0050,5,previous_period,41.78060280732895,41.880634603403976,203.15660269773147,118.07332824920542
piecewise_0050,6,previous_period,41.780739536744676,41.88028329705287,203.15660269773147,118.07404195125338
piecewise_0051,1,default,52.35924064133491,1.4546975695447273,139.37509546783835,137.34760934151706
piecewise_0051,2,previous_period,49.30797444070091,6.820240879568928,139.37509546783835,129.86937823080262
piecewise_0051,3,previous_period,49.274197356704434,7.102084469034898,139.37509546783835,129.47655845891444
piecewise_0051,4,previous_period,49.27346655802472,7.043114213852553,139.37509546783835,129.55874830837246
piecewise_0051,5,previous_period,49.27405691997182,7.059315514742581,139.37509546783835,129.53616772978995
piecewise_0051,6,previous_period,49.2738569307608,7.054743247257845,139.37509546783835,129.54254033196185
piecewise_0052,1,default,53.64179591540497,9.900384660759531,150.2170966299363,135.34502623734775
piecewise_0052,2,previous_period,26.979745575995455,56.75892787627581,150.2170966299363,64.95548309591521
piecewise_0052,3,previous_period,26.551175723284963,57.44862602027661,150.2170966299363,63.91943856848664
piecewise_0052,4,previous_period,26.58945890658128,57.38089511879745,150.2170966299363,64.02118196220994
piecewise_0052,5,previous_period,26.58430234369585,57.39002890299862,150.2170966299363,64.00746145677049
piecewise_0052,6,previous_period,26.58499903131288,57.38879400996568,150.2170966299363,64.00931647723105
piecewise_0053,1,default,71.9403117634287,-5.749641557757035,197.44184798267815,208.7940465266937
piecewise_0053,2,previous_period,34.257310184905506,56.956641455722036,197.44184798267815,84.98560254363241
piecewise_0053,3,previous_period,33.84438088006801,57.71591050073766,197.44184798267815,83.48648770999313
piecewise_0053,4,previous_period,33.84269965537347,57.719052593236306,197.44184798267815,83.48028390449848
piecewise_0053,5,previous_period,33.84269714563586,57.71906169786004,197.44184798267815,83.48026592816112
piecewise_0053,6,previous_period,33.842696605718075,57.719062461350504,197.44184798267815,83.48026442071145
piecewise_0054,1,default,42.0005514557007,7.349040104155014,109.62248443359874,101.56628408940249
piecewise_0054,2,previous_period,22.277948433687314,53.004137844291385,109.62248443359874,51.51803167607719
piecewise_0054,3,previous_period,22.260196590907388,53.17267888637939,109.62248443359874,51.333272798450054
piecewise_0054,4,previous_period,22.230215281245236,53.21798907194986,109.62248443359874,51.283602647326234
piecewise_0054,5,previous_period,22.236201864149603,53.2091835697245,109.62248443359874,51.293255457632526
piecewise_0054,6,previous_period,22.234923475400276,53.21106723104687,109.62248443359874,51.29119054129262
piecewise_0055,1,default,58.08506179394486,-2.0662485277971543,157.44224684336177,160.6953949508935
piecewise_0055,2,previous_period,55.60737141447582,2.1883994376613813,157.44224684336177,153.9967815988002
piecewise_0055,3,previous_period,55.542933968437566,2.3469725903686123,157.44224684336177,153.74712046428758
piecewise_0055,4,previous_period,55.553763949201,2.322090032203239,157.44224684336177,153.78629612293525
piecewise_0055,5,previous_period,55.55073851166605,2.3281575645957897,157.44224684336177,153.77674326360847
piecewise_0055,6,previous_period,55.551548319512875,2.326631591592865,157.44224684336177,153.7791457897905
piecewise_0056,1,default,51.51417359156854,5.670197327168214,157.9942371061494,149.0356520966767
piecewise_0056,2,previous_period,25.11100576393976,55.05495529017026,157.9942371061494,71.01058050631325
piecewise_0056,3,previous_period,24.868937957110738,55.57577114852785,157.9942371061494,70.18772146417334
piecewise_0056,4,previous_period,24.867085343102836,55.57854755706772,157.9942371061494,70.1833348986818
piecewise_0056,5,previous_period,24.867262946549207,55.57831342871371,157.9942371061494,70.18370480798859
piecewise_0056,6,previous_period,24.867240327107467,55.57834274395462,157.9942371061494,70.18365849159736
piecewise_0057,1,default,75.29958460795348,-5.823619138733638,203.07263149413166,214.89880812735393
piecewise_0057,2,previous_period,51.49669534990669,28.036181956501217,203.07263149413166,146.13881902458172
piecewise_0057,3,previous_period,50.90866194195798,29.07627536690128,203.07263149413166,144.02667396608524
piecewise_0057,4,previous_period,50.9004220217254,29.090937021636776,203.07263149413166,143.99690015799328
piecewise_0057,5,previous_period,50.90035424656302,29.09105224832875,203.07263149413166,143.9966661641177
piecewise_0057,6,previous_period,50.90035409538622,29.091052118422667,203.07263149413166,143.9966664279214
piecewise_0058,1,default,48.9716647403237,-3.8456048531106735,126.4023086643,131.26324198073826
piecewise_0058,2,previous_period,40.08878321518318,15.526362627859081,126.4023086643,106.77662785109504
piecewise_0058,3,previous_period,40.04228733777011,15.631490049701856,126.4023086643,106.64374436284652
piecewise_0058,4,previous_period,40.035279288503766,15.647962050354213,126.4023086643,106.62292337373873
piecewise_0058,5,previous_period,40.03682567058196,15.644292822075878,126.4023086643,106.62756136299271
piecewise_0058,6,previous_period,40.03652461495878,15.645006149378748,126.4023086643,106.62665970081355
piecewise_0059,1,default,51.96300119006903,9.247537910498782,151.3958503407598,137.39546168557604
piecewise_0059,2,previous_period,31.0930596626749,48.32512670599667,151.3958503407598,78.23361383596654
piecewise_0059,3,previous_period,30.75062444057284,48.60017357473746,151.3958503407598,77.81720429020079
piecewise_0059,4,previous_period,30.771140281417132,48.62190541029299,151.3958503407598,77.78430319296685
piecewise_0059,5,previous_period,30.76532635900916,48.61433982678663,151.3958503407598,77.79575717244953
piecewise_0059,6,previous_period,30.767038094578616,48.61671316051361,151.3958503407598,77.79216404367214
piecewise_0060,1,default,30.39101318326037,-4.822755430384396,66.81064335588914,70.03275728641003
piecewise_0060,2,previous_period,27.51372442498387,-0.24287376505642833,66.81064335588914,66.97290888086602
piecewise_0060,3,previous_period,27.48372972200414,-0.32196148259251434,66.81064335588914,67.02574789376736
piecewise_0060,4,previous_period,27.48819643739083,-0.2975590580698295,66.81064335588914,67.00944447694931
piecewise_0060,5,previous_period,27.486704681400592,-0.3010769426424975,66.81064335588914,67.01179479826483
piecewise_0060,6,previous_period,27.48720811811607,-0.30101944925511326,66.81064335588914,67.01175638656284
piecewise_0061,1,default,39.4795038620144,1.9041394879876772,108.03425558270187,105.97713266159812
piecewise_0061,2,previous_period,38.9862068480966,4.5134525914389485,108.03425558270187,103.15818067446264
piecewise_0061,3,previous_period,38.991479068591325,4.090709907418077,108.03425558270187,103.61488758617492
piecewise_0061,4,previous_period,38.98565136978704,4.215471317502628,108.03425558270187,103.4801025255356
piecewise_0061,5,previous_period,38.987141309141286,4.178682266460942,108.03425558270187,103.51984730296442
piecewise_0061,6,previous_period,38.9866562795881,4.1896139332885385,108.03425558270187,103.50803735808445
piecewise_0062,1,default,39.384006507945685,-7.047466724470874,95.56511025625589,102.30002960176944
piecewise_0062,2,previous_period,22.375431024437137,64.73495593933197,95.56511025625589,33.70107823849463
piecewise_0062,3,previous_period,22.186024003043258,66.6808106549607,95.56511025625589,31.841520034077476
piecewise_0062,4,previous_period,22.200847311998714,66.56313996167941,95.56511025625589,31.95397216185104
piecewise_0062,5,previous_period,22.200202818281507,66.54252778208078,95.56511025625589,31.97367021401069
piecewise_0062,6,previous_period,22.19977594512731,66.5607797681233,95.56511025625589,31.956227683425205
piecewise_0063,1,default,68.10115286098298,6.575375798984318,210.55528810797944,196.71048665024566
piecewise_0063,2,previous_period,35.14562026405236,55.87109673618682,210.55528810797944,92.91573940601339
piecewise_0063,3,previous_period,34.882399076332106,56.06564424098632,210.55528810797944,92.50610934677592
piecewise_0063,4,previous_period,34.88333673488041,56.064465830481524,210.55528810797944,92.50859055240936
piecewise_0063,5,previous_period,34.883339293416434,56.06446502504896,210.55528810797944,92.50859224829023
piecewise_0063,6,previous_period,34.88333902833814,56.06446538301899,210.55528810797944,92.5085914945654
piecewise_0064,1,default,50.42018373392572,-11.591303217110415,128.94185621047842,143.8878977376055
piecewise_0064,2,previous_period,18.002600253652083,61.15912133123395,128.94185621047842,50.08214992396671
piecewise_0064,3,previous_period,16.361912352511574,64.74375384983392,128.94185621047842,45.46005821615948
piecewise_0064,4,previous_period,16.421984398792013,64.61939363488926,128.94185621047842,45.62041058569646
piecewise_0064,5,previous_period,16.417287906543866,64.62864033883322,128.94185621047842,45.60848771399283
piecewise_0064,6,previous_period,16.4176733638595,64.62792723620034,128.94185621047842,45.60940720176437
piecewise_0065,1,default,79.98837958881566,-4.966725522871607,215.93025233752348,226.65491529197234
piecewise_0065,2,previous_period,42.30402550103814,46.77128453784108,215.93025233752348,114.93689961346213
piecewise_0065,3,previous_period,41.48439524289462,47.92683296812872,215.93025233752348,112.44172097205976
piecewise_0065,4,previous_period,41.474277447124436,47.94412431148047,215.93025233752348,112.40438373072774
piecewise_0065,5,previous_period,41.474191921270226,47.94421693766391,215.93025233752348,112.40418372277612
piecewise_0065,6,previous_period,41.47419263253772,47.94421724309088,215.93025233752348,112.4041830632669
piecewise_0066,1,default,53.47621398424279,3.779514645990223,159.63610333812835,153.6026334321757
piecewise_0066,2,previous_period,33.91479754312052,42.932444576671415,159.63610333812835,91.1004217481285
piecewise_0066,3,previous_period,33.76714684050348,43.297129286171376,159.63610333812835,90.51825328841278
piecewise_0066,4,previous_period,33.77211372468642,43.282851272171975,159.63610333812835,90.5410461535955
piecewise_0066,5,previous_period,33.771537666403724,43.284488100218525,159.63610333812835,90.53843318508365
piecewise_0066,6,previous_period,33.77160019785012,43.28431071866529,159.63610333812835,90.53871635008326
piecewise_0067,1,default,77.23434250769616,5.678084832435648,228.28011573770124,215.31817711053228
piecewise_0067,2,previous_period,46.287686049828466,45.21725766643151,228.28011573770124,125.0581076033568
piecewise_0067,3,previous_period,46.21936113716892,45.291290874986124,228.28011573770124,124.88910450918401
piecewise_0067,4,previous_period,46.21710369420515,45.29503567097557,228.28011573770124,124.88055588456514
piecewise_0067,5,previous_period,46.2173214585295,45.29466982422578,228.28011573770124,124.881391039949
piecewise_0067,6,previous_period,46.21729949981473,45.29470627971962,228.28011573770124,124.88130781930545
piecewise_0068,1,default,81.68507958621153,-1.5063748153057555,228.69543130340134,232.14044168431064
piecewise_0068,2,previous_period,51.45232505766942,36.15678470050941,228.69543130340134,146.0065165871291
piecewise_0068,3,previous_period,51.31866960054237,36.33065636134985,228.69543130340134,145.60888004245567
piecewise_0068,4,previous_period,51.31889268362002,36.3307800511541,228.69543130340134,145.6085971695244
piecewise_0068,5,previous_period,51.31889767709211,36.33077717560509,228.69543130340134,145.6086037457736
piecewise_0068,6,previous_period,51.31889767709211,36.33077717560509,228.69543130340134,145.6086037457736
piecewise_0069,1,default,49.23630129566349,-1.3349972608393212,133.6223872170061,135.40624242622124
piecewise_0069,2,previous_period,46.33009921305567,8.053271950080498,133.6223872170061,122.861412988231
piecewise_0069,3,previous_period,46.269332529500126,8.427941715183696,133.6223872170061,122.36077030391975
piecewise_0069,4,previous_period,46.269009305166286,8.416470109094776,133.6223872170061,122.37609893782789
piecewise_0069,5,previous_period,46.27017743801966,8.41560587158039,133.6223872170061,122.37725375262585
piecewise_0069,6,previous_period,46.26960624745543,8.416272797137248,133.6223872170061,122.37636259077581
piecewise_0070,1,default,37.397478641303294,-4.788995628929782,98.60015837614003,103.32211565089122
piecewise_0070,2,previous_period,29.689594097122974,22.451902879763853,98.60015837614003,76.46254657823573
piecewise_0070,3,previous_period,29.52856088412894,23.355850581850035,98.60015837614003,75.57125271234128
piecewise_0070,4,previous_period,29.52513155050651,23.384475673159532,98.60015837614003,75.54302832697479
piecewise_0070,5,previous_period,29.5249793932256,23.384399240156405,98.60015837614003,75.54310369003693
piecewise_0070,6,previous_period,29.524984279200748,23.384486002460225,98.60015837614003,75.54301814226795
piecewise_0071,1,default,31.17411971115198,13.620272678648448,107.25405571450706,92.64576086728167
piecewise_0071,2,previous_period,13.297110310416326,67.88352393034573,107.25405571450706,34.44622313728331
piecewise_0071,3,previous_period,11.841073838479245,71.59588690473304,107.25405571450706,30.46456328440922
piecewise_0071,4,previous_period,11.85024457719814,71.57572218971215,107.25405571450706,30.48619075909239
piecewise_0071,5,previous_period,11.849853947540593,71.57657579912586,107.25405571450706,30.48527522837623
piecewise_0071,6,previous_period,11.849871312046677,71.57654115369057,107.25405571450706,30.485312387010694
piecewise_0072,1,default,57.678035427515596,5.460151722483708,171.32570168833468,161.97105843654177
piecewise_0072,2,previous_period,42.7888512001703,40.22885914055102,171.32570168833468,102.40332648457388
piecewise_0072,3,previous_period,42.60725291013448,40.60553651232068,171.32570168833468,101.75798133428833
piecewise_0072,4,previous_period,42.62797692973505,40.55120098853566,171.32570168833468,101.85107205167904
piecewise_0072,5,previous_period,42.62493322418166,40.55926720255901,171.32570168833468,101.83725255390385
piecewise_0072,6,previous_period,42.62538686407199,40.55806450329173,171.32570168833468,101.83931308686272
piecewise_0073,1,default,50.49631676027934,-6.690164364480711,139.55163692044246,148.88787080374343
piecewise_0073,2,previous_period,29.878532458345376,47.23762070304485,139.55163692044246,73.63076398707356
piecewise_0073,3,previous_period,28.878477683212587,51.66510256770373,139.55163692044246,67.45214057058637
piecewise_0073,4,previous_period,28.8920971823863,51.60474932983099,139.55163692044246,67.53636450197224
piecewise_0073,5,previous_period,28.890983110616066,51.60965607902446,139.55163692044246,67.5295170531532
piecewise_0073,6,previous_period,28.89106058485355,51.609318189574836,139.55163692044246,67.52998858341111
piecewise_0074,1,default,50.446735816244264,-4.7293583407089335,125.31005449137866,131.23641600521358
piecewise_0074,2,previous_period,42.92834929631849,10.179023365783236,125.31005449137866,112.55471476502552
piecewise_0074,3,previous_period,42.516696804045885,11.062193051935164,125.31005449137866,111.4480143500572
piecewise_0074,4,previous_period,42.51109213358741,11.071519231111193,125.31005449137866,111.43632770984976
piecewise_0074,5,previous_period,42.510392526053174,11.073945877723668,125.31005449137866,111.43328687765735
piecewise_0074,6,previous_period,42.51058332918381,11.07330309014235,125.31005449137866,111.43409235512577
piecewise_0075,1,default,66.16932808706471,7.215941594521357,211.55285415262415,196.28732375542785
piecewise_0075,2,previous_period,24.37830326183362,67.14548550731718,211.55285415262415,69.50466312725804
piecewise_0075,3,previous_period,24.151759836035907,67.4633441377855,211.55285415262415,68.83222412233188
piecewise_0075,4,previous_period,24.152589922649828,67.46280695353089,211.55285415262415,68.83336055095458
piecewise_0075,5,previous_period,24.152558714069368,67.46282587210752,211.55285415262415,68.83332052816576
piecewise_0075,6,previous_period,24.152558521880447,67.46282694095365,211.55285415262415,68.83331826699124
piecewise_0076,1,default,43.16709284459959,-13.901437895180901,104.8483215622058,119.4237458683154
piecewise_0076,2,previous_period,27.407279344011233,43.235918167658895,104.8483215622058,59.516187051406646
piecewise_0076,3,previous_period,26.714065956557956,47.11812634478143,104.8483215622058,55.445756938142964
piecewise_0076,4,previous_period,26.70763603531687,47.172370367066186,104.8483215622058,55.388882991229565
piecewise_0076,5,previous_period,26.704216651348187,47.180692204757214,104.8483215622058,55.38015768408739
piecewise_0076,6,previous_period,26.704759709479255,47.17956474446665,104.8483215622058,55.38133980727833
piecewise_0077,1,default,42.47469092396512,1.4504372886635197,115.96924340274015,114.28718225304584
piecewise_0077,2,previous_period,42.107913689787935,2.1361143037731067,115.96924340274015,113.49200780643676
piecewise_0077,3,previous_period,42.15956889906275,2.137795924504904,115.96924340274015,113.4900576435972
piecewise_0077,4,previous_period,42.13313934982139,2.1489498428701403,115.96924340274015,113.47712252885927
piecewise_0077,5,previous_period,42.14157806895601,2.147651581227239,115.96924340274015,113.47862811306393
piecewise_0077,6,previous_period,42.138438408246294,2.1480055846366364,115.96924340274015,113.47821757798843
piecewise_0078,1,default,66.77615188840018,-2.3427736964434676,181.70879692230113,185.9658228207207
piecewise_0078,2,previous_period,53.68655776873415,19.329099378592694,181.70879692230113,146.58612298554436
piecewise_0078,3,previous_period,53.76601886335531,19.261225154209647,181.70879692230113,146.70945642209114
piecewise_0078,4,previous_period,53.764389315192446,19.260715880522504,181.70879692230113,146.7103818171811
piecewise_0078,5,previous_period,53.764510143202315,19.26067981381817,181.70879692230113,146.71044735355562
piecewise_0078,6,previous_period,53.76450276569217,19.26068280036527,181.70879692230113,146.71044192673682
piecewise_0079,1,default,54.490888005913085,1.4339850544989208,146.2738329289703,144.17628802612614
piecewise_0079,2,previous_period,47.83748495966043,13.24693963607353,146.2738329289703,126.89702657749856
piecewise_0079,3,previous_period,47.71107456557962,13.532162238263123,146.2738329289703,126.4798205448961
piecewise_0079,4,previous_period,47.708658697710966,13.526255445955726,146.2738329289703,126.48846063640728
piecewise_0079,5,previous_period,47.708547696195374,13.53183135381435,146.2738329289703,126.48030454226188
piecewise_0079,6,previous_period,47.70836042710554,13.530243771979544,146.2738329289703,126.48262675906254
piecewise_0080,1,default,36.42138172976202,-7.473492147579575,91.11550046544522,97.9250102379581
piecewise_0080,2,previous_period,28.663550128574293,29.264506551177384,91.11550046544522,64.45099886259695
piecewise_0080,3,previous_period,28.221656303246338,33.5611076069459,91.11550046544522,60.53612930762985
piecewise_0080,4,previous_period,28.261642332859054,33.324303282854174,91.11550046544522,60.75189475264985
piecewise_0080,5,previous_period,28.246413180786735,33.43506726004378,91.11550046544522,60.65097160049811
piecewise_0080,6,previous_period,28.25137596645444,33.40065661019583,91.11550046544522,60.68232503632048
piecewise_0081,1,default,67.65232955397023,3.41042532729805,195.18946543348292,188.53267446812174
piecewise_0081,2,previous_period,56.6139099877548,22.675484184890227,195.18946543348292,150.92930906854173
piecewise_0081,3,previous_period,56.320121975126085,23.548664322267644,195.18946543348292,149.2249534261234
piecewise_0081,4,previous_period,56.347682512800326,23.462680586925057,195.18946543348292,149.39278461949834
piecewise_0081,5,previous_period,56.342104576648275,23.480060437809147,195.18946543348292,149.35886098146455
piecewise_0081,6,previous_period,56.34310906370496,23.476929747844345,195.18946543348292,149.36497175847123
piecewise_0082,1,default,63.40412199185019,4.91624788231756,172.67582683647123,164.18665515634888
piecewise_0082,2,previous_period,47.58458269647755,28.88957317222992,172.67582683647123,122.79051749179584
piecewise_0082,3,previous_period,47.18642752480545,29.16216351188734,172.67582683647123,122.31981986891606
piecewise_0082,4,previous_period,47.18956210707775,29.24389551080565,172.67582683647123,122.17868846399388
piecewise_0082,5,previous_period,47.189245796653054,29.22596514627417,172.67582683647123,122.2096498692034
piecewise_0082,6,previous_period,47.1892820971963,29.2296815146319,172.67582683647123,122.20323259941341
piecewise_0083,1,default,51.53649337565765,-3.302222698253532,128.60802637240826,132.8549498110538
piecewise_0083,2,previous_period,36.962800102599516,30.377517626166295,128.60802637240826,89.54010049246534
piecewise_0083,3,previous_period,36.93634399636618,30.666719056570546,128.60802637240826,89.16816424058166
piecewise_0083,4,previous_period,36.92895985563394,30.658551161353298,128.60802637240826,89.17866880941673
piecewise_0083,5,previous_period,36.9296737429024,30.659713896895756,128.60802637240826,89.17717343818364
piecewise_0083,6,previous_period,36.9295910676783,30.659590984706043,128.60802637240826,89.17733151312501
piecewise_0084,1,default,47.429120044925995,7.2333021391743575,136.90898436558535,127.00594387074759
piecewise_0084,2,previous_period,22.936418349050697,55.45479022517728,136.90898436558535,60.98639428622925
piecewise_0084,3,previous_period,22.790966185387717,55.82718701550861,136.90898436558535,60.47654962277656
piecewise_0084,4,previous_period,22.790153824335412,55.82726002264937,136.90898436558535,60.47644966944164
piecewise_0084,5,previous_period,22.790179139943547,55.827346022294776,136.90898436558535,60.476331928200565
piecewise_0084,6,previous_period,22.790178332920387,55.8273372551068,136.90898436558535,60.47634393126858
piecewise_0085,1,default,64.44935059084018,-4.616480143516477,164.24940452115652,171.83194566671978
piecewise_0085,2,previous_period,49.45567827788441,17.86347535800472,164.24940452115652,134.90875261885023
piecewise_0085,3,previous_period,48.87752619439272,18.880943900721448,164.24940452115652,133.23756659624792
piecewise_0085,4,previous_period,48.878759648587604,18.881047168281818,164.24940452115652,133.23739697989495
piecewise_0085,5,previous_period,48.879008570257426,18.88049425117474,164.24940452115652,133.23830514295082
piecewise_0085,6,previous_period,48.87899469894399,18.880524721500848,164.24940452115652,133.23825509562164
piecewise_0086,1,default,33.28281022533419,-11.07143744171828,75.33590041457971,83.67666750013508
piecewise_0086,2,previous_period,19.60056208001675,52.15347731222464,75.33590041457971,36.04560868390173
piecewise_0086,3,previous_period,18.881259017175072,54.51122024143309,75.33590041457971,34.269381818721456
piecewise_0086,4,previous_period,18.962470718351376,54.57558558220328,75.33590041457971,34.220891609697325
piecewise_0086,5,previous_period,18.93952249456417,54.503451758372854,75.33590041457971,34.27523427538344
piecewise_0086,6,previous_period,18.945275603077164,54.53602776967239,75.33590041457971,34.25069284395178
piecewise_0087,1,default,52.65265861003552,-3.0210153227824277,141.908701545654,146.1957851637098
piecewise_0087,2,previous_period,46.66923943714583,18.509497716884702,141.908701545654,115.64211367300044
piecewise_0087,3,previous_period,46.586832160478636,18.673574521773162,141.908701545654,115.40927440964563
piecewise_0087,4,previous_period,46.59422675652355,18.707362873085533,141.908701545654,115.36132579902457
piecewise_0087,5,previous_period,46.593066232896255,18.69164002965915,141.908701545654,115.383637881977
piecewise_0087,6,previous_period,46.59323620856057,18.696647750052144,141.908701545654,115.37653149099027
piecewise_0088,1,default,41.68500223044101,1.128234406787476,109.30677237169076,108.07353575684448
piecewise_0088,2,previous_period,41.473454963993085,2.712043269454112,109.30677237169076,106.34232540852679
piecewise_0088,3,previous_period,41.477913118321894,2.4817199459118644,109.30677237169076,106.59408439951002
piecewise_0088,4,previous_period,41.47049591420717,2.5827164279120907,109.30677237169076,106.48368840482662
piecewise_0088,5,previous_period,41.472822503619525,2.543878783212994,109.30677237169076,106.5261405807124
piecewise_0088,6,previous_period,41.471787566639875,2.5591780098247807,109.30677237169076,106.50941748990522
piecewise_0089,1,default,15.390873264028794,17.819672751005477,42.40068136959677,34.84501870533808
piecewise_0089,2,previous_period,10.287550161350493,53.66524467164844,42.40068136959677,19.64625197015661
piecewise_0089,3,previous_period,10.348655590764547,55.259479961646306,42.40068136959677,18.970285344562946
piecewise_0089,4,previous_period,10.334019076761582,54.47428445431102,42.40068136959677,19.303213589756567
piecewise_0089,5,previous_period,10.336409711332863,54.863201975620534,42.40068136959677,19.138309910755584
piecewise_0089,6,previous_period,10.335621391396817,54.667598524875416,42.40068136959677,19.221247106653962
piecewise_0090,1,default,46.6340909948465,-10.355178531589893,115.04122193362355,126.95394584977281
piecewise_0090,2,previous_period,29.75558045063677,28.706398859131088,115.04122193362355,82.01702991293938
piecewise_0090,3,previous_period,28.656152637081508,31.317435176475218,115.04122193362355,79.013261828336
piecewise_0090,4,previous_period,28.587304679043037,31.48690920687487,115.04122193362355,78.81829683290408
piecewise_0090,5,previous_period,28.585505954510378,31.49163987905044,115.04122193362355,78.81285460982764
piecewise_0090,6,previous_period,28.58543782038755,31.491801290353237,115.04122193362355,78.81266892029255
piecewise_0091,1,default,39.80469135494583,-18.210410609232163,83.8285897268954,99.09412012409167
piecewise_0091,2,previous_period,27.351078836489265,44.294891291177684,83.8285897268954,46.69680703643974
piecewise_0091,3,previous_period,26.705913699008647,47.15257896799565,83.8285897268954,44.30124775816396
piecewise_0091,4,previous_period,26.74462706960026,47.143240188754255,83.8285897268954,44.30907632509973
piecewise_0091,5,previous_period,26.735341288651608,47.149727125990616,83.8285897268954,44.303638417098014
piecewise_0091,6,previous_period,26.73765382381863,47.14798052271685,83.8285897268954,44.30510256999054
piecewise_0092,1,default,39.23191880169062,10.79708484297771,118.41483634560687,105.62948599869848
piecewise_0092,2,previous_period,26.43465098940362,44.27232398320423,118.41483634560687,65.98983635449872
piecewise_0092,3,previous_period,25.976243647116416,45.68796293424896,118.41483634560687,64.31350980737444
piecewise_0092,4,previous_period,26.05299769357928,45.39364238316389,118.41483634560687,64.66202900627331
piecewise_0092,5,previous_period,26.031373131653442,45.48092669146809,118.41483634560687,64.55867143543949
piecewise_0092,6,previous_period,26.03788520696543,45.45370924040005,118.41483634560687,64.59090093557916
piecewise_0093,1,default,61.45711635055933,6.257295355548043,185.91697138910854,174.28359737320227
piecewise_0093,2,previous_period,36.31794962357809,46.2273140033022,185.91697138910854,99.97254923963582
piecewise_0093,3,previous_period,36.09967523443397,46.59244867053567,185.91697138910854,99.29370192482365
piecewise_0093,4,previous_period,36.098630094793975,46.589308181993886,185.91697138910854,99.29954062600737
piecewise_0093,5,previous_period,36.09905952939844,46.58901760482239,185.91697138910854,99.30008085828416
piecewise_0093,6,previous_period,36.09864559462073,46.58959062057212,185.91697138910854,99.29901552475667
piecewise_0094,1,default,21.26411912420295,-3.202223345303379,44.844145352658465,46.28015504414307
piecewise_0094,2,previous_period,16.49601885798649,8.954754644195507,44.844145352658465,40.8284621640415
piecewise_0094,3,previous_period,16.443205277620322,9.171125896099241,44.844145352658465,40.73143232533642
piecewise_0094,4,previous_period,16.46258822852425,9.114328718537879,44.844145352658465,40.75690253419825
piecewise_0094,5,previous_period,16.451842629850898,9.142420042411082,44.844145352658465,40.74430522008906
piecewise_0094,6,previous_period,16.457251225943217,9.128373130405276,44.844145352658465,40.7506044377265
piecewise_0095,1,default,50.93590387772249,-11.891298346141754,126.87938719066344,141.9669936612616
piecewise_0095,2,previous_period,30.946472744756317,43.91996320395416,126.87938719066344,71.15400702312152
piecewise_0095,3,previous_period,29.7847437299757,47.884408065470296,126.87938719066344,66.12394367731811
piecewise_0095,4,previous_period,29.892977090235444,47.433588467491376,126.87938719066344,66.69594082056918
piecewise_0095,5,previous_period,29.87714177740131,47.508845074811,126.87938719066344,66.60045569838155
piecewise_0095,6,previous_period,29.87948217095399,47.49626481010095,126.87938719066344,66.61641746115262
piecewise_0096,1,default,63.02012758428586,-8.254556673964085,180.16800877383255,195.04007916642115
piecewise_0096,2,previous_period,20.227472705777675,71.33944267021502,180.16800877383255,51.63715544455632
piecewise_0096,3,previous_period,18.71538773963414,75.05565742345397,180.16800877383255,44.94172532188631
piecewise_0096,4,previous_period,18.772445108382172,74.90059259596644,180.16800877383255,45.221102533879154
piecewise_0096,5,previous_period,18.76736409168763,74.91455360778019,180.16800877383255,45.19594925688965
piecewise_0096,6,previous_period,18.767866173003302,74.91316732569166,180.16800877383255,45.19844689372452
piecewise_0097,1,default,37.73081906778569,3.5857397575771444,98.73562710461543,95.19522446863212
piecewise_0097,2,previous_period,30.595034916080937,20.39332873156695,98.73562710461543,78.60014609399708
piecewise_0097,3,previous_period,30.40393219393464,20.99673336916722,98.73562710461543,78.00437074108413
piecewise_0097,4,previous_period,30.398775152823063,21.013545229992236,98.73562710461543,77.98777144487059
piecewise_0097,5,previous_period,30.398959733986633,21.01302209266579,98.73562710461543,77.98828796779048
piecewise_0097,6,previous_period,30.398914738181883,21.01315093635052,98.73562710461543,77.98816075317038
piecewise_0098,1,default,39.422029513089576,7.529845501253951,123.57472489407886,114.26973903095511
piecewise_0098,2,previous_period,27.50948101071613,41.647356349614014,123.57472489407886,72.10911885938665
piecewise_0098,3,previous_period,27.107648485494725,43.40642858496236,123.57472489407886,69.9353501838668
piecewise_0098,4,previous_period,27.1177430126588,43.37333092962461,123.57472489407886,69.97625052039683
piecewise_0098,5,previous_period,27.114561358661344,43.38509140769078,123.57472489407886,69.96171754198033
piecewise_0098,6,previous_period,27.115262250202075,43.38250433634985,123.57472489407886,69.9649145082727
piecewise_0099,1,default,50.523251365846306,1.711159952971597,128.65424919157275,126.45276920161027
piecewise_0099,2,previous_period,26.423268588196255,48.70361319543739,128.65424919157275,65.99498130581502
piecewise_0099,3,previous_period,26.078379886109417,49.37005866089406,128.65424919157275,65.13757089596047
piecewise_0099,4,previous_period,26.078334006764507,49.36751033196389,128.65424919157275,65.1408494294125
piecewise_0099,5,previous_period,26.078031261231377,49.36830753149529,128.65424919157275,65.13982379834081
piecewise_0099,6,previous_period,26.078055451085305,49.36826390008975,128.65424919157275,65.13987993199802
piecewise_0100,1,default,43.58341434398889,3.6991276728097433,109.21023300838573,105.17040705763253
piecewise_0100,2,previous_period,32.47556781212879,31.387530982495438,109.21023300838573,74.9318372868232
piecewise_0100,3,previous_period,32.27544621545642,31.961261903812044,109.21023300838573,74.30526441081217
piecewise_0100,4,previous_period,32.28379956684876,31.947950553760073,109.21023300838573,74.3198017672205
piecewise_0100,5,previous_period,32.281705989988296,31.95286945017427,109.21023300838573,74.31442982898511
piecewise_0100,6,previous_period,32.282115948776536,31.951904952223465,109.21023300838573,74.31548315944454
piecewise_0101,1,default,55.672419817767164,-8.33590492055285,149.0631462765654,161.4889084217645
piecewise_0101,2,previous_period,37.6703352751394,35.87472139991134,149.0631462765654,95.58715783990525
piecewise_0101,3,previous_period,37.34856289495522,36.96559718915642,149.0631462765654,93.96106406648721
piecewise_0101,4,previous_period,37.353242462640594,36.94491896906234,149.0631462765654,93.99188767195344
piecewise_0101,5,previous_period,37.3529259364542,36.94621203292837,149.0631462765654,93.98996019027138
piecewise_0101,6,previous_period,37.35294257207096,36.94614290544158,149.0631462765654,93.99006323387812
piecewise_0102,1,default,49.08708009126242,2.4880362928134114,134.34503318772607,131.00248000442323
piecewise_0102,2,previous_period,46.562133032979474,6.590843114595357,134.34503318772607,125.49056281807198
piecewise_0102,3,previous_period,46.48216724652344,6.767650313751861,134.34503318772607,125.25303112768688
piecewise_0102,4,previous_period,46.488583280231204,6.752534191822068,134.34503318772607,125.27333888671016
piecewise_0102,5,previous_period,46.487648616037305,6.754747144676221,134.34503318772607,125.27036589446382
piecewise_0102,6,previous_period,46.487801190247886,6.754384946445646,134.34503318772607,125.2708524897969
piecewise_0103,1,default,68.28813837399066,-8.339714551264677,180.42494189309343,195.4718670262626
piecewise_0103,2,previous_period,26.708093160343775,64.95069415610301,180.42494189309343,63.237689702783726
piecewise_0103,3,previous_period,25.72807747491074,66.54657392985192,180.42494189309343,60.35832454831365
piecewise_0103,4,previous_period,25.725250871900027,66.55707389357174,180.42494189309343,60.33937999487337
piecewise_0103,5,previous_period,25.723900204836735,66.55912090937461,180.42494189309343,60.33568666780049
piecewise_0103,6,previous_period,25.723914866761064,66.55910772936838,180.42494189309343,60.33571044781908
piecewise_0104,1,default,77.53460525560065,-6.632769335639943,198.74867810132295,211.93121947741724
piecewise_0104,2,previous_period,43.870849574819175,38.48147677037063,198.74867810132295,122.26725170634367
piecewise_0104,3,previous_period,44.0263967842659,38.32608650023447,198.74867810132295,122.57608781413735
piecewise_0104,4,previous_period,44.024674115840085,38.32737706587424,198.74867810132295,122.5735228319883
piecewise_0104,5,previous_period,44.024704979528984,38.32735785761415,198.74867810132295,122.57356100815129
piecewise_0104,6,previous_period,44.02470412818292,38.327357393051095,198.74867810132295,122.57356193146421
piecewise_0105,1,default,58.64557099559035,-6.897446450403177,154.26494377315925,164.90528566165747
piecewise_0105,2,previous_period,29.186779944675234,58.50613061778085,154.26494377315925,64.01049427178852
piecewise_0105,3,previous_period,28.829665265571812,59.44161787013926,154.26494377315925,62.56736538793274
piecewise_0105,4,previous_period,28.871256256954062,59.34387580789874,154.26494377315925,62.718147125290805
piecewise_0105,5,previous_period,28.864316688820495,59.35765733003795,154.26494377315925,62.696887067911675
piecewise_0105,6,previous_period,28.865587259535257,59.355448069038076,154.26494377315925,62.700295183150914
piecewise_0106,1,default,94.30103435069553,-3.6227551560019,268.91918420900845,278.6614678204186
piecewise_0106,2,previous_period,53.668805621949566,40.77874914327227,268.91918420900845,159.25730468228264
piecewise_0106,3,previous_period,53.67227913560413,40.78171611086522,268.91918420900845,159.24932593723594
piecewise_0106,4,previous_period,53.671443507290824,40.7825251081928,268.91918420900845,159.24715038822234
piecewise_0106,5,previous_period,53.67146948631115,40.78250023953503,268.91918420900845,159.2472172648139
piecewise_0106,6,previous_period,53.67146839670137,40.782501567358295,268.91918420900845,159.24721369404244
piecewise_0107,1,default,82.15053307985202,-6.781174421661329,222.4460343407553,237.53048792347056
piecewise_0107,2,previous_period,37.24081949886728,54.3182240975139,222.4460343407553,101.61729891151109
piecewise_0107,3,previous_period,36.961748754909564,54.64713559908462,222.4460343407553,100.88564831977641
piecewise_0107,4,previous_period,36.965874811357445,54.640829406902114,222.4460343407553,100.8996761942043
piecewise_0107,5,previous_period,36.9658794892691,54.64079687875005,222.4460343407553,100.89974855178862
piecewise_0107,6,previous_period,36.9658812920351,54.64079385464839,222.4460343407553,100.8997552787828
piecewise_0108,1,default,53.796609423482046,-4.7170645914156095,146.4985599291939,153.40899162654767
piecewise_0108,2,previous_period,38.49736921579549,27.52378615359049,146.4985599291939,106.17660957619296
piecewise_0108,3,previous_period,38.12612644074537,28.725543007472666,146.4985599291939,104.41605309140519
piecewise_0108,4,previous_period,38.116778156738874,28.76039826188569,146.4985599291939,104.36499064563046
piecewise_0108,5,previous_period,38.11628471853857,28.762089831266547,146.4985599291939,104.36251252084729
piecewise_0108,6,previous_period,38.11627443969645,28.76213214188469,146.4985599291939,104.36245053640101
piecewise_0109,1,default,57.67613854491404,-2.856791641975054,158.81539527935726,163.35242021786758
piecewise_0109,2,previous_period,41.575504129304825,33.447055196785946,158.81539527935726,105.69632235927686
piecewise_0109,3,previous_period,41.32632749527085,34.08006873686655,158.81539527935726,104.69099940342599
piecewise_0109,4,previous_period,41.3284799204396,34.02570362966295,158.81539527935726,104.77733956332543
piecewise_0109,5,previous_period,41.326943956940845,34.045412620145676,158.81539527935726,104.74603865218472
piecewise_0109,6,previous_period,41.32743793739307,34.038653756677014,158.81539527935726,104.75677276791887
piecewise_0110,1,default,77.45705721395194,6.0658499009254125,245.17702606389403,230.30495567130544
piecewise_0110,2,previous_period,40.43773454235363,56.403826192480146,245.17702606389403,106.8878024189235
piecewise_0110,3,previous_period,39.9945971842551,57.007179306426906,245.17702606389403,105.40851919748494
piecewise_0110,4,previous_period,39.99600480073863,57.00503361780276,245.17702606389403,105.41377993304222
piecewise_0110,5,previous_period,39.99597978263864,57.00507013937741,245.17702606389403,105.4136903905316
piecewise_0110,6,previous_period,39.99597873032744,57.005071192293165,245.17702606389403,105.41368780902405
piecewise_0111,1,default,68.10739874263247,-8.437429238424897,173.52374322299735,188.16468626930387
piecewise_0111,2,previous_period,40.3919009607919,39.873625044210804,173.52374322299735,104.33353648758023
piecewise_0111,3,previous_period,39.9399335979281,40.85544785885865,173.52374322299735,102.6298407877859
piecewise_0111,4,previous_period,39.952112726444845,40.81752685261183,173.52374322299735,102.69564273729321
piecewise_0111,5,previous_period,39.951830325446075,40.818555084727,173.52374322299735,102.69385851043793
piecewise_0111,6,previous_period,39.95183690266819,40.81852958755463,173.52374322299735,102.69390275408585
piecewise_0112,1,default,61.747901851353554,7.456739193753847,199.99603634828512,185.08285351994834
piecewise_0112,2,previous_period,29.53811777505712,60.25560275533549,199.99603634828512,79.48721915984606
piecewise_0112,3,previous_period,29.218403702264965,61.105613104138556,199.99603634828512,77.7872321536897
piecewise_0112,4,previous_period,29.224302571913114,61.07119729892047,199.99603634828512,77.85606240000322
piecewise_0112,5,previous_period,29.22375962478968,61.07443997222662,199.99603634828512,77.84957718191919
piecewise_0112,6,previous_period,29.223811631722008,61.07412737749859,199.99603634828512,77.85020235898509
piecewise_0113,1,default,54.313980526309734,2.381232632301078,147.2108800891928,143.70544657421135
piecewise_0113,2,previous_period,32.53559062809407,44.34370248578542,147.2108800891928,81.93212539573483
piecewise_0113,3,previous_period,32.35488134403146,44.765625281099666,147.2108800891928,81.3110091354558
piecewise_0113,4,previous_period,32.35139074188387,44.769162764380035,147.2108800891928,81.30580157518577
piecewise_0113,5,previous_period,32.35154130653913,44.769304806946955,147.2108800891928,81.3055924730729
piecewise_0113,6,previous_period,32.35152077562233,44.769293453269654,147.2108800891928,81.30560918692117
piecewise_0114,1,default,48.36809836867038,-2.44296462222644,132.8302851882359,136.075282062987
piecewise_0114,2,previous_period,35.9563846066926,27.85039053364936,132.8302851882359,95.83653201635201
piecewise_0114,3,previous_period,35.925858636936475,27.893974296463853,132.8302851882359,95.77863957990975
piecewise_0114,4,previous_period,35.92524638674511,27.89557227707209,132.8302851882359,95.77651697771057
piecewise_0114,5,previous_period,35.925247113285536,27.89556652470506,132.8302851882359,95.7765246185961
piecewise_0114,6,previous_period,35.925247061230024,27.895566666563674,132.8302851882359,95.7765244301649
piecewise_0115,1,default,72.23427536820098,6.4264698136314085,234.13982434419307,219.0928992110239
piecewise_0115,2,previous_period,27.17915402002297,67.16084281160923,234.13982434419307,76.88954495701161
piecewise_0115,3,previous_period,27.058012783858196,67.42404192581229,234.13982434419307,76.27329101334111
piecewise_0115,4,previous_period,27.05708375455443,67.42098572285822,234.13982434419307,76.28044680156935
piecewise_0115,5,previous_period,27.05712224877308,67.42113265971645,234.13982434419307,76.28010276386757
piecewise_0115,6,previous_period,27.057120288134723,67.4211265272876,234.13982434419307,76.28011712232572
piecewise_0116,1,default,23.58009221545378,0.4362827246097156,59.659824728511865,59.39953921968893
piecewise_0116,2,previous_period,20.9057090288198,9.4243665967104,59.659824728511865,54.037264135142024
piecewise_0116,3,previous_period,20.930080231672534,9.218770242368723,59.659824728511865,54.15992255979047
piecewise_0116,4,previous_period,20.91675789537729,9.302574739552238,59.659824728511865,54.10992494365618
piecewise_0116,5,previous_period,20.920318412168875,9.284681744492485,59.659824728511865,54.12059987314751
piecewise_0116,6,previous_period,20.919205292627062,9.289460492121894,59.659824728511865,54.117748880687586
piecewise_0117,1,default,37.230853266753456,-8.577712238800705,96.41427974501326,104.6844192186528
piecewise_0117,2,previous_period,28.046262588537093,29.161715172144532,96.41427974501326,68.29822210049785
piecewise_0117,3,previous_period,27.913503875191555,29.914359799453894,96.41427974501326,67.572565204038
piecewise_0117,4,previous_period,27.902079089793155,30.019348496586275,96.41427974501326,67.47134110788414
piecewise_0117,5,previous_period,27.903205159430332,30.003336864201422,96.41427974501326,67.48677860792341
piecewise_0117,6,previous_period,27.902773003029996,30.008724553660883,96.41427974501326,67.48158410593618
piecewise_0118,1,default,32.133652658747685,-14.901051466855119,81.64806970705855,93.81449059580109
piecewise_0118,2,previous_period,15.63808318899045,51.800827904993184,81.64806970705855,39.35369363035628
piecewise_0118,3,previous_period,14.234203856784939,57.10840721264696,81.64806970705855,35.020157577485705
piecewise_0118,4,previous_period,14.087845711249031,57.6203719858017,81.64806970705855,34.60214822262475
piecewise_0118,5,previous_period,14.082350353533215,57.63987189364239,81.64806970705855,34.58622692427816
piecewise_0118,6,previous_period,14.082228356906468,57.64032129193048,81.64806970705855,34.585859999250644
piecewise_0119,1,default,62.98447407448156,-5.764688245556049,160.53993139113163,169.79455794545996
piecewise_0119,2,previous_period,42.10825844117343,31.191481230153673,160.53993139113163,110.46514882436523
piecewise_0119,3,previous_period,41.89372649712652,31.589916093634297,160.53993139113163,109.82550176789508
piecewise_0119,4,previous_period,41.898505689428006,31.581544657406134,160.53993139113163,109.83894126587222
piecewise_0119,5,previous_period,41.89842179358824,31.581679589890676,160.53993139113163,109.83872464535412
piecewise_0119,6,previous_period,41.89842389186338,31.581678639165954,160.53993139113163,109.83872617164693
piecewise_0120,1,default,88.31201901968778,5.20448488642955,289.1145898492906,274.0676647161215
piecewise_0120,2,previous_period,41.38221782747005,57.84273447698184,289.1145898492906,121.88280530855036
piecewise_0120,3,previous_period,41.347510777264574,57.88559693994244,289.1145898492906,121.75888367456248
piecewise_0120,4,previous_period,41.34789854527982,57.88507134050995,289.1145898492906,121.76040325920599
piecewise_0120,5,previous_period,41.3478828012914,57.88509270496285,289.1145898492906,121.76034149145562
piecewise_0120,6,previous_period,41.347882070128925,57.885093460995975,289.1145898492906,121.76033930565357
piecewise_0121,1,default,55.94625229508268,5.435478028360363,159.64870879237753,150.97103830340683
piecewise_0121,2,previous_period,30.382458512689855,45.52313537094813,159.64870879237753,86.97161097085274
piecewise_0121,3,previous_period,30.277730357366764,45.78193541370721,159.64870879237753,86.55844004423375
piecewise_0121,4,previous_period,30.276208007009895,45.782166395767256,159.64870879237753,86.55807128435734
piecewise_0121,5,previous_period,30.276254169675077,45.78213570831933,159.64870879237753,86.55812027647173
piecewise_0121,6,previous_period,30.276253474569366,45.78213563750212,159.64870879237753,86.55812038953047
piecewise_0122,1,default,101.67653129136517,-4.291921905905105,282.2909732521458,294.4066813715474
piecewise_0122,2,previous_period,59.026510386260284,38.44896662289842,282.2909732521458,173.75301116697318
piecewise_0122,3,previous_period,59.20439838243835,38.286975163319696,282.2909732521458,174.21029843480332
piecewise_0122,4,previous_period,59.19876339600834,38.29206185475211,282.2909732521458,174.1959391640524
piecewise_0122,5,previous_period,59.19901350104043,38.291837533173926,282.2909732521458,174.1965724036187
piecewise_0122,6,previous_period,59.199003224999764,38.29184642937386,282.2909732521458,174.19654729044927
piecewise_0123,1,default,59.578196592476225,0.6727608448256595,173.53979870721116,172.37229089131978
piecewise_0123,2,previous_period,43.89059451518709,28.65383572663436,173.53979870721116,123.81398986531494
piecewise_0123,3,previous_period,43.83673370428795,28.758590955774398,173.53979870721116,123.63219785153004
piecewise_0123,4,previous_period,43.83660941102108,28.758822140961936,173.53979870721116,123.63179665322095
piecewise_0123,5,previous_period,43.83661105770747,28.758819855332362,173.53979870721116,123.6318006196979
piecewise_0123,6,previous_period,43.83661105770747,28.758819855332362,173.53979870721116,123.6318006196979
piecewise_0124,1,default,24.577455080905786,-22.786717414970003,54.55209026935043,66.98272092298666
piecewise_0124,2,previous_period,7.386386740212419,65.57166502638661,54.55209026935043,18.781376373039926
piecewise_0124,3,previous_period,5.730444498994402,74.82316592758448,54.55209026935043,13.734489250148691
piecewise_0124,4,previous_period,5.983614730348376,73.90644806359252,54.55209026935043,14.234578006828848
piecewise_0124,5,previous_period,5.8911910734551665,74.23547043801028,54.55209026935043,14.055089424130104
piecewise_0124,6,previous_period,5.920943800278926,74.1381890494945,54.55209026935043,14.108158455008521
piecewise_0125,1,default,43.409336051632756,8.14965673376269,98.23344130052172,90.22775303676693
piecewise_0125,2,previous_period,30.964327879997743,21.310748888673594,98.23344130052172,77.29915930026496
piecewise_0125,3,previous_period,30.76032359291761,21.42220388553411,98.23344130052172,77.18967322134749
piecewise_0125,4,previous_period,30.75620487766708,21.427494122683576,98.23344130052172,77.1844764393426
piecewise_0125,5,previous_period,30.756700760882666,21.426330606003553,98.23344130052172,77.1856194018175
piecewise_0125,6,previous_period,30.756518561012186,21.426738841737624,98.23344130052172,77.1852183778073
piecewise_0126,1,default,47.56660045699469,3.8828465387750644,139.7844770823137,134.35686035217827
piecewise_0126,2,previous_period,25.373493182376794,51.41741791203594,139.7844770823137,67.91090832474637
piecewise_0126,3,previous_period,25.218313144761243,51.8461996749201,139.7844770823137,67.31153797967441
piecewise_0126,4,previous_period,25.207766090080124,51.86360794231836,139.7844770823137,67.28720392412268
piecewise_0126,5,previous_period,25.209802343578414,51.86070106140688,139.7844770823137,67.29126729240419
piecewise_0126,6,previous_period,25.209292094368596,51.861433342185926,139.7844770823137,67.29024367754643
piecewise_0127,1,default,46.280818597733244,3.9699102994193214,107.91608452712993,103.63191277275733
piecewise_0127,2,previous_period,36.85104816449719,25.688263619115283,107.91608452712993,80.19431624637352
piecewise_0127,3,previous_period,36.65751757182916,26.075834574170475,107.91608452712993,79.77606484691354
piecewise_0127,4,previous_period,36.65390024188155,26.065419286279635,107.91608452712993,79.78730461779757
piecewise_0127,5,previous_period,36.65410326639711,26.069738694179968,107.91608452712993,79.78264328191678
piecewise_0127,6,previous_period,36.654037297713266,26.06856138418472,107.91608452712993,79.7839137887664
piecewise_0128,1,default,72.5753186312161,-4.818252804843737,201.1035280662686,210.79320444796133
piecewise_0128,2,previous_period,57.809347754663506,22.36292803979496,201.1035280662686,156.1308907993201
piecewise_0128,3,previous_period,57.6765196681016,22.6699864126902,201.1035280662686,155.5133855782049
piecewise_0128,4,previous_period,57.68009134926014,22.658388998492775,201.1035280662686,155.53670838732037
piecewise_0128,5,previous_period,57.680099151382684,22.65841105046048,201.1035280662686,155.5366640400353
piecewise_0128,6,previous_period,57.6800978466071,22.658415702596447,201.1035280662686,155.53665468442574
piecewise_0129,1,default,60.65996588425195,-3.68424599965822,153.43762427418,159.0906438084721
piecewise_0129,2,previous_period,44.399799528578896,26.509246545339327,153.43762427418,112.7624661620262
piecewise_0129,3,previous_period,44.505954064656365,26.1783692475537,153.43762427418,113.27015642701107
piecewise_0129,4,previous_period,44.48893948148896,26.224220266355214,153.43762427418,113.19980371305653
piecewise_0129,5,previous_period,44.490659591489795,26.21951660964107,153.43762427418,113.20702089217272
piecewise_0129,6,previous_period,44.490476903223886,26.220015559728104,153.43762427418,113.20625531501285
piecewise_0130,1,default,70.06776614097059,-3.9663368896788675,194.33440890550332,202.04236625526167
piecewise_0130,2,previous_period,33.27560061527446,53.363839248152225,194.33440890550332,90.63010733332372
piecewise_0130,3,previous_period,32.55690477658185,54.485393115452176,194.33440890550332,88.45054225474954
piecewise_0130,4,previous_period,32.581452575337785,54.45848268305289,194.33440890550332,88.5028384844866
piecewise_0130,5,previous_period,32.578910970515835,54.4614540578994,194.33440890550332,88.49706408074226
piecewise_0130,6,previous_period,32.57915062955668,54.46117485844945,194.33440890550332,88.49760666134299
piecewise_0131,1,default,29.033734033190882,-4.395953884410986,64.81386119000601,67.66304863862482
piecewise_0131,2,previous_period,20.755015209536257,23.63997106236859,64.81386119000601,49.49188316028484
piecewise_0131,3,previous_period,20.526465479790563,24.309706281149857,64.81386119000601,49.057801905243366
piecewise_0131,4,previous_period,20.52645103552107,24.31372751131101,64.81386119000601,49.055195590708585
piecewise_0131,5,previous_period,20.525779720692025,24.314729108451605,64.81386119000601,49.0545464169282
piecewise_0131,6,previous_period,20.52592074393993,24.31453076015062,64.81386119000601,49.05467497412067
piecewise_0132,1,default,35.38851876962159,6.313589222141225,100.93696283290649,94.56421762633141
piecewise_0132,2,previous_period,17.11619823991394,57.92004804907502,100.93696283290649,42.47422546081005
piecewise_0132,3,previous_period,16.762736206930423,59.85990116768769,100.93696283290649,40.51619663946301
piecewise_0132,4,previous_period,16.755722961538947,59.71791789964689,100.93696283290649,40.659510237954294
piecewise_0132,5,previous_period,16.758684712741708,59.755142098578936,100.93696283290649,40.621937262113406
piecewise_0132,6,previous_period,16.757667614080408,59.744359659713055,100.93696283290649,40.63282072842395
piecewise_0133,1,default,43.565983705425715,0.3211262635292367,113.06590417457173,112.70281986117038
piecewise_0133,2,previous_period,37.44680904039044,11.846796034488872,113.06590417457173,99.67121712245958
piecewise_0133,3,previous_period,37.398383616191154,11.905453493372775,113.06590417457173,99.60489553620667
piecewise_0133,4,previous_period,37.40627461737602,11.90894974637854,113.06590417457173,99.60094246613346
piecewise_0133,5,previous_period,37.403873103593384,11.904101479218788,113.06590417457173,99.60642420323444
piecewise_0133,6,previous_period,37.404664363583414,11.906766593330964,113.06590417457173,99.60341086786622
piecewise_0134,1,default,70.06968651071944,4.427791651714841,209.40307360206498,200.13114179067847
piecewise_0134,2,previous_period,40.27220107142967,45.5006801829284,209.40307360206498,114.12325078916723
piecewise_0134,3,previous_period,40.43677912907443,45.20459417418065,209.40307360206498,114.7432639919907
piecewise_0134,4,previous_period,40.429520219055235,45.217370072569516,209.40307360206498,114.71651086808413
piecewise_0134,5,previous_period,40.42988121187018,45.216740142065525,209.40307360206498,114.71782996192104
piecewise_0134,6,previous_period,40.4298620711415,45.21677234317273,209.40307360206498,114.71776253181284
piecewise_0135,1,default,65.84955380388591,-3.9085592461809426,172.45214107995403,179.19253518537158
piecewise_0135,2,previous_period,48.67347051368088,24.702216854019188,172.45214107995403,129.85263922098468
piecewise_0135,3,previous_period,48.53360096339575,24.981353950263564,172.45214107995403,129.37126132196283
piecewise_0135,4,previous_period,48.53573654753372,24.97692705735868,172.45214107995403,129.37889559356063
piecewise_0135,5,previous_period,48.53566090330831,24.977084061384748,172.45214107995403,129.3786248367561
piecewise_0135,6,previous_period,48.535663493387005,24.97707805176581,172.45214107995403,129.37863520047262
piecewise_0136,1,default,36.2264666095661,6.116876833120555,96.23469609734218,90.34813826633989
piecewise_0136,2,previous_period,32.77938475391341,13.650339592404315,96.23469609734218,83.09833327433671
piecewise_0136,3,previous_period,32.78455923347034,13.771446290199851,96.23469609734218,82.98178661175965
piecewise_0136,4,previous_period,32.78051303234164,13.72801065932272,96.23469609734218,83.02358675913221
piecewise_0136,5,previous_period,32.782687674681206,13.74343160019771,96.23469609734218,83.00874646354582
piecewise_0136,6,previous_period,32.781594840881645,13.737684249049353,96.23469609734218,83.0142774094571
piecewise_0137,1,default,41.63775062713756,12.567487175740776,105.97731461758573,92.65862919382619
piecewise_0137,2,previous_period,29.428781082296094,35.67744156839111,105.97731461758573,68.16732011914657
piecewise_0137,3,previous_period,29.137065740869495,35.605323936449466,105.97731461758573,68.24374844884413
piecewise_0137,4,previous_period,29.143806484192396,35.6328888066402,105.97731461758573,68.21453593963815
piecewise_0137,5,previous_period,29.14220325223045,35.626704486292084,105.97731461758573,68.22108991627044
piecewise_0137,6,previous_period,29.14258993235319,35.628254655856026,105.97731461758573,68.21944708819456
piecewise_0138,1,default,66.44195454169962,7.210297414908329,208.68660843389733,193.63968330072817
piecewise_0138,2,previous_period,26.088124610401888,66.7023587361667,208.68660843389733,69.48771824197962
piecewise_0138,3,previous_period,25.9364068177783,66.83037140300465,208.68660843389733,69.22057294918972
piecewise_0138,4,previous_period,25.94217768581222,66.83060112866173,208.68660843389733,69.22009354250727
piecewise_0138,5,previous_period,25.941658903638533,66.83054709681156,208.68660843389733,69.22020629974286
piecewise_0138,6,previous_period,25.941707285063202,66.83055262279623,208.68660843389733,69.22019476775284
piecewise_0139,1,default,85.44802917577145,-6.40861428187669,234.79217926598116,249.83910439915033
piecewise_0139,2,previous_period,42.947141004218935,51.0100329787464,234.79217926598116,115.02461119088682
piecewise_0139,3,previous_period,42.80664862341795,51.166814896962066,234.79217926598116,114.65649950841323
piecewise_0139,4,previous_period,42.806270998300235,51.167326150010986,234.79217926598116,114.65529912623813
piecewise_0139,5,previous_period,42.80628645659793,51.16730711164532,234.79217926598116,114.65534382683174
piecewise_0139,6,previous_period,42.80628653225904,51.16730744068864,234.79217926598116,114.65534305426378
piecewise_0140,1,default,81.06751240220584,0.9649791829217325,244.59316364047686,242.23289052849657
piecewise_0140,2,previous_period,62.2781345418447,24.137309445474443,244.59316364047686,185.55495485009928
piecewise_0140,3,previous_period,62.678231976348414,23.731812990704594,244.59316364047686,186.54677145727084
piecewise_0140,4,previous_period,62.62622899805676,23.779093120003804,244.59316364047686,186.4311274932446
piecewise_0140,5,previous_period,62.63311170941723,23.772795320294517,244.59316364047686,186.44653148079328
piecewise_0140,6,previous_period,62.63219090803578,23.773637146383386,244.59316364047686,186.44447243173016
piecewise_0141,1,default,85.41810782188377,-6.2697592472841235,239.98461570684483,255.031073342184
piecewise_0141,2,previous_period,45.926154816638345,44.572863706961684,239.98461570684483,133.01660003015712
piecewise_0141,3,previous_period,45.612710931149266,45.037147156516475,239.98461570684483,131.90239117795258
piecewise_0141,4,previous_period,45.62450241780152,45.01937789661334,239.98461570684483,131.94503466804505
piecewise_0141,5,previous_period,45.62392114792821,45.020254299238026,239.98461570684483,131.94293143657416
piecewise_0141,6,previous_period,45.62395112366745,45.02020910425596,239.98461570684483,131.9430398975782
piecewise_0142,1,default,38.14464680982658,12.340102603085345,111.26145268634215,97.53167526716427
piecewise_0142,2,previous_period,27.555523987755503,39.25405511665867,111.26145268634215,67.58682072525029
piecewise_0142,3,previous_period,27.484909423653633,39.52207711931662,111.26145268634215,67.28861555157403
piecewise_0142,4,previous_period,27.48963308023388,39.48016408587745,111.26145268634215,67.33524860144337
piecewise_0142,5,previous_period,27.48914882338492,39.48888159138752,111.26145268634215,67.32554937817486
piecewise_0142,6,previous_period,27.489201511279497,39.48699751559668,111.26145268634215,67.32764562826945
piecewise_0143,1,default,62.410810391313234,-2.2722736069814564,161.73220189571435,165.40720003338063
piecewise_0143,2,previous_period,57.85059235350531,4.380216832108863,161.73220189571435,154.647980765338
piecewise_0143,3,previous_period,57.767108697961696,4.4551998456111574,161.73220189571435,154.52670908655296
piecewise_0143,4,previous_period,57.76720498237131,4.463292001275687,161.73220189571435,154.5136214650159
piecewise_0143,5,previous_period,57.768423621183125,4.459342718421033,161.73220189571435,154.5200087271358
piecewise_0143,6,previous_period,57.7679846532513,4.4605956121989365,161.73220189571435,154.5179823944414
piecewise_0144,1,default,71.83055028904923,-7.792771191908288,193.0882450237125,208.13517015688166
piecewise_0144,2,previous_period,34.85000879560517,51.49395072883481,193.0882450237125,93.65947926803014
piecewise_0144,3,previous_period,34.48288971758358,51.90113697126431,193.0882450237125,92.87325049854505
piecewise_0144,4,previous_period,34.50200338210675,51.881006042727805,193.0882450237125,92.91212095516313
piecewise_0144,5,previous_period,34.50083954184629,51.88220972401012,193.0882450237125,92.90979678809946
piecewise_0144,6,previous_period,34.500911854767004,51.88213622550937,193.0882450237125,92.90993870506466
piecewise_0145,1,default,53.98715758592629,7.674648151968344,144.24446896496858,133.17421349323206
piecewise_0145,2,previous_period,28.12861322511794,57.30706186293556,144.24446896496858,61.58220190135115
piecewise_0145,3,previous_period,27.728941724797156,57.55486617092863,144.24446896496858,61.22475789321423
piecewise_0145,4,previous_period,27.74667331302646,57.568372330802234,144.24446896496858,61.205276004626995
piecewise_0145,5,previous_period,27.74511622725813,57.56722302944035,144.24446896496858,61.206933808273234
piecewise_0145,6,previous_period,27.74525117726908,57.56732334269783,144.24446896496858,61.206789111947685
piecewise_0146,1,default,42.28433792147349,8.00953781981455,115.93027260467642,106.64479357579076
piecewise_0146,2,previous_period,27.720299161146546,35.85822460793883,115.93027260467642,74.35973506549577
piecewise_0146,3,previous_period,27.503103273525184,36.25010864093058,115.93027260467642,73.90542283775423
piecewise_0146,4,previous_period,27.53329490032741,36.19791383071228,115.93027260467642,73.9659324235258
piecewise_0146,5,previous_period,27.527185059518494,36.20899720224545,115.93027260467642,73.9530834406936
piecewise_0146,6,previous_period,27.52843501171704,36.20652664295938,115.93027260467642,73.95594756680882
piecewise_0147,1,default,44.14783744092741,-5.0190563599468385,104.99801154702307,110.26792092339166
piecewise_0147,2,previous_period,38.688259566125005,5.784286016947615,104.99801154702307,98.92462624703558
piecewise_0147,3,previous_period,38.486341275756274,6.386388673459143,104.99801154702307,98.29243043022666
piecewise_0147,4,previous_period,38.49073709764691,6.296716780094325,104.99801154702307,98.38658413517629
piecewise_0147,5,previous_period,38.489209744153634,6.32135789348337,104.99801154702307,98.36071145609475
piecewise_0147,6,previous_period,38.48959675123036,6.314925228178403,104.99801154702307,98.36746562675444
piecewise_0148,1,default,37.95118478975609,-2.0226696191627314,95.60978373628116,97.5436537848621
piecewise_0148,2,previous_period,35.400971399874955,10.104129961882368,95.60978373628116,85.94924693129263
piecewise_0148,3,previous_period,35.415503888407436,9.848192146160661,95.60978373628116,86.19394852340352
piecewise_0148,4,previous_period,35.41076192777491,9.93611190144198,95.60978373628116,86.10988863551759
piecewise_0148,5,previous_period,35.41201897596203,9.905044853901257,95.60978373628116,86.13959177248452
piecewise_0148,6,previous_period,35.41178332666115,9.916925999655057,95.60978373628116,86.12823223472392
piecewise_0149,1,default,59.05810161467397,-6.488959033705921,141.15586244494705,150.31540853267396
piecewise_0149,2,previous_period,41.178550581534004,19.546680939877948,141.15586244494705,113.56457638490025
piecewise_0149,3,previous_period,40.62034504449887,20.26839666270982,141.15586244494705,112.54583233193614
piecewise_0149,4,previous_period,40.636536897823305,20.25260556841304,141.15586244494705,112.56812238728025
piecewise_0149,5,previous_period,40.63544834436325,20.253772975753705,141.15586244494705,112.5664745233803
piecewise_0149,6,previous_period,40.635517545732874,20.253695540617965,141.15586244494705,112.56658382761398
piecewise_0150,1,default,45.701652139891706,-5.301596545530662,108.58880416609603,114.34574445659882
piecewise_0150,2,previous_period,32.77866951036013,29.04174640546082,108.58880416609603,77.05271903545594
piecewise_0150,3,previous_period,32.72326011097988,28.979700169822177,108.58880416609603,77.12009430076603
piecewise_0150,4,previous_period,32.72116118810374,28.987399653770474,108.58880416609603,77.11173352321961
piecewise_0150,5,previous_period,32.721167964277825,28.98736326509774,108.58880416609603,77.11177303724418
piecewise_0150,6,previous_period,32.72116783634292,28.987362883337674,108.58880416609603,77.11177345179287
piecewise_0151,1,default,54.949618061603786,7.248937797624544,163.94294204925964,152.05882015651315
piecewise_0151,2,previous_period,36.01098212340494,52.04067325291799,163.94294204925964,78.62593125618373
piecewise_0151,3,previous_period,35.22924539093775,54.61359334025251,163.94294204925964,74.40781036843114
piecewise_0151,4,previous_period,35.17941982563234,54.75558747788403,163.94294204925964,74.17502100166055
piecewise_0151,5,previous_period,35.17649470144474,54.7634360244688,163.94294204925964,74.16215386348136
piecewise_0151,6,previous_period,35.176343097704994,54.763872222131916,163.94294204925964,74.16143874819932
piecewise_0152,1,default,54.62164849235803,-0.8029013963334108,153.1572834593205,154.3869854268017
piecewise_0152,2,previous_period,42.220723109721746,26.302559038574092,153.1572834593205,112.87299855555645
piecewise_0152,3,previous_period,42.04806583014315,26.832880339946808,153.1572834593205,112.06077285676788
piecewise_0152,4,previous_period,42.05209022926922,26.808070979981068,153.1572834593205,112.09877019853505
piecewise_0152,5,previous_period,42.051763076954146,26.811922114201003,153.1572834593205,112.09287190598143
piecewise_0152,6,previous_period,42.05181805784828,26.811123617253052,153.1572834593205,112.09409486221541
piecewise_0153,1,default,45.85011507275494,-1.2854133733241735,122.91935378721016,124.49937559919462
piecewise_0153,2,previous_period,42.56503922369092,7.627003556091938,122.91935378721016,113.54429030273441
piecewise_0153,3,previous_period,42.58930393502774,7.343000459188842,122.91935378721016,113.89338507418336
piecewise_0153,4,previous_period,42.58312515687192,7.388892568055693,122.91935378721016,113.8369747905249
piecewise_0153,5,previous_period,42.583745641102155,7.382512040993872,122.91935378721016,113.84481769315751
piecewise_0153,6,previous_period,42.583667462082076,7.383525392941259,122.91935378721016,113.84357208749219
piecewise_0154,1,default,48.40800418579529,-1.1148444989706796,129.34395834914167,130.785942353548
piecewise_0154,2,previous_period,47.88069621851097,-0.9338402888992459,129.34395834914167,130.551824343463
piecewise_0154,3,previous_period,47.889986044326946,-0.9056240960432671,129.34395834914167,130.51532840272768
piecewise_0154,4,previous_period,47.884646088739615,-0.9120999349863324,129.34395834914167,130.52370450915294
piecewise_0154,5,previous_period,47.886357209721055,-0.9098281803016306,129.34395834914167,130.52076613171977
piecewise_0154,6,previous_period,47.88566907787808,-0.9106933217212232,129.34395834914167,130.52188513987718
piecewise_0155,1,default,63.90667940463645,-1.401500559795088,182.53474192161752,185.0929673514695
piecewise_0155,2,previous_period,50.31661466776041,23.783549630330715,182.53474192161752,139.12150098409353
piecewise_0155,3,previous_period,50.298283627132975,23.888128330233283,182.53474192161752,138.9306085241214
piecewise_0155,4,previous_period,50.29810853315656,23.882685944860683,182.53474192161752,138.94054276821566
piecewise_0155,5,previous_period,50.29812053432991,23.8831386924246,182.53474192161752,138.9397163466183
piecewise_0155,6,previous_period,50.29811977139167,23.883099950083242,182.53474192161752,138.93978706485112
piecewise_0156,1,default,46.1145812556581,-3.5365092389762154,102.5013974471635,106.12636883796218
piecewise_0156,2,previous_period,34.74348446099404,20.682196586411518,102.5013974471635,81.30185692332215
piecewise_0156,3,previous_period,34.35956086840213,21.492595952326855,102.5013974471635,80.47118624835598
piecewise_0156,4,previous_period,34.36703933793147,21.488020482126412,102.5013974471635,80.47587616925121
piecewise_0156,5,previous_period,34.364777027052945,21.491526045315943,102.5013974471635,80.47228291799354
piecewise_0156,6,previous_period,34.36506774069696,21.49110222794167,102.5013974471635,80.4727173367248
piecewise_0157,1,default,54.9796399216374,3.917559411186855,155.9438693313894,149.83467560222863
piecewise_0157,2,previous_period,35.56177178278108,40.26769370838611,155.9438693313894,93.14886967201966
piecewise_0157,3,previous_period,35.319436368182664,40.79280226864882,155.9438693313894,92.32999506495564
piecewise_0157,4,previous_period,35.31728042399075,40.80957078016316,155.9438693313894,92.30384559927089
piecewise_0157,5,previous_period,35.31585581073984,40.809095545100085,155.9438693313894,92.30458669921669
piecewise_0157,6,previous_period,35.316385592745036,40.80890981313582,155.9438693313894,92.30487633682833
piecewise_0158,1,default,35.49229333180186,-1.233607318661556,91.89678407828859,93.03042953229296
piecewise_0158,2,previous_period,34.11245907646648,3.495109085930237,91.89678407828859,88.68489122829064
piecewise_0158,3,previous_period,34.20428204293993,3.205773385979671,91.89678407828859,88.9507814317356
piecewise_0158,4,previous_period,34.1724365487268,3.253426920215119,91.89678407828859,88.90698936627359
piecewise_0158,5,previous_period,34.182044532375016,3.25974021201908,91.89678407828859,88.90118765413627
piecewise_0158,6,previous_period,34.178351475011766,3.2482479563218813,91.89678407828859,88.91174866754005
piecewise_0159,1,default,35.102437533965464,-12.677471346265312,75.27002591285597,84.81236188028475
piecewise_0159,2,previous_period,22.819085352870555,29.770817922908456,75.27002591285597,52.861523547813604
piecewise_0159,3,previous_period,22.000054380150814,29.986074733481416,75.27002591285597,52.69949969071615
piecewise_0159,4,previous_period,22.026236973525975,29.91894324688218,75.27002591285597,52.750029578075086
piecewise_0159,5,previous_period,22.0217198007218,29.935706202396428,75.27002591285597,52.73741209711575
piecewise_0159,6,previous_period,22.022555436381975,29.93153448781609,75.27002591285597,52.74055214776138
piecewise_0160,1,default,57.3154516262695,-7.223879164172198,128.15677497216637,137.41466553685575
piecewise_0160,2,previous_period,36.07995050185058,25.252113628078476,128.15677497216637,95.79448053411409
piecewise_0160,3,previous_period,35.43205981857031,25.482098696856635,128.15677497216637,95.49973908705047
piecewise_0160,4,previous_period,35.49540642117653,25.46428034572169,128.15677497216637,95.52257451121824
piecewise_0160,5,previous_period,35.48458527943262,25.468561816079326,128.15677497216637,95.5170875168865
piecewise_0160,6,previous_period,35.486256177166524,25.467974909255275,128.15677497216637,95.51783967774429
piecewise_0161,1,default,70.01198156718503,2.73650128127253,201.33201154158405,195.82255846613685
piecewise_0161,2,previous_period,47.8224500589042,34.88647161386018,201.33201154158405,131.09437648551562
piecewise_0161,3,previous_period,47.75791699723442,35.00411175897844,201.33201154158405,130.8575292149686
piecewise_0161,4,previous_period,47.75808790773528,35.0038527891545,201.33201154158405,130.85805060412443
piecewise_0161,5,previous_period,47.75823803164419,35.002814841469366,201.33201154158405,130.86014032507765
piecewise_0161,6,previous_period,47.75846829979743,35.00084975935233,201.33201154158405,130.86409666443234
piecewise_0162,1,default,43.89662938119747,-10.379164948477504,105.19835796615442,116.11706906255141
piecewise_0162,2,previous_period,24.724596984089544,41.11732234840466,105.19835796615442,61.94361001598207
piecewise_0162,3,previous_period,24.07322420500065,43.354488883108445,105.19835796615442,59.59014755650537
piecewise_0162,4,previous_period,24.101669954930728,43.26535502621657,105.19835796615442,59.683914910347525
piecewise_0162,5,previous_period,24.098346183671538,43.27406030893335,105.19835796615442,59.67475709587316
piecewise_0162,6,previous_period,24.09879220675893,43.27305347253352,105.19835796615442,59.675816271233195
piecewise_0163,1,default,27.3896312702246,-35.11471085427811,43.04996990849062,58.16684236471083
piecewise_0163,2,previous_period,21.317124159536533,3.9605535342944864,43.04996990849062,41.34495280376718
piecewise_0163,3,previous_period,21.026107286453172,3.82425431824831,43.04996990849062,41.40362957526057
piecewise_0163,4,previous_period,21.04457700351713,3.7135225206714306,43.04996990849062,41.451299580796544
piecewise_0163,5,previous_period,21.042212714704746,3.7598740696908606,43.04996990849062,41.43134525289156
piecewise_0163,6,previous_period,21.04247640297793,3.747739988628007,43.04996990849062,41.43656897113779
piecewise_0164,1,default,54.88323893657197,-5.428077271853349,131.83231569701945,138.9882756623273
piecewise_0164,2,previous_period,36.02964933454071,29.39748004897258,131.83231569701945,93.07693699188961
piecewise_0164,3,previous_period,35.60878846208495,29.915528489163634,131.83231569701945,92.39398173675346
piecewise_0164,4,previous_period,35.668037110058435,29.857681375235813,131.83231569701945,92.47024292660839
piecewise_0164,5,previous_period,35.65461021529417,29.86698923892638,131.83231569701945,92.4579721543632
piecewise_0164,6,previous_period,35.65788134315141,29.865148525755604,131.83231569701945,92.46039880916157
piecewise_0165,1,default,34.26638970280657,-8.038351585326332,55.81843659831692,60.305318781522104
piecewise_0165,2,previous_period,24.4543567549574,9.093343145814758,55.81843659831692,50.74267461980291
piecewise_0165,3,previous_period,24.25969996981224,8.64544369828224,55.81843659831692,50.992685088948065
piecewise_0165,4,previous_period,24.312966608541917,8.646345189142613,55.81843659831692,50.992181890843725
piecewise_0165,5,previous_period,24.28869309141275,8.71270879660434,55.81843659831692,50.95513876268835
piecewise_0165,6,previous_period,24.299472590039525,8.673759794811275,55.81843659831692,50.97687948655989
piecewise_0166,1,default,68.24174472836832,2.487788944726277,199.98938179260765,195.01406806174472
piecewise_0166,2,previous_period,47.87773905243609,32.238755556787154,199.98938179260765,135.51529385695906
piecewise_0166,3,previous_period,47.994190247930426,31.971448604656572,199.98938179260765,136.04987937801369
piecewise_0166,4,previous_period,47.97706512561838,32.00690793646286,199.98938179260765,135.9789644795465
piecewise_0166,5,previous_period,47.978983432196934,32.00291480118922,199.98938179260765,135.9869503260944
piecewise_0166,6,previous_period,47.97876448750825,32.003369165932746,199.98938179260765,135.98604164485272
piecewise_0167,1,default,36.74714258678486,-0.9896011709697339,83.31186003451302,84.13631517697122
piecewise_0167,2,previous_period,31.728509034070136,2.4676461165421326,83.31186003451302,81.25601815575234
piecewise_0167,3,previous_period,31.55870219184182,2.5309859036749316,83.31186003451302,81.2032486009501
piecewise_0167,4,previous_period,31.554631509718835,2.4988076433974937,83.31186003451302,81.23005690811398
piecewise_0167,5,previous_period,31.55516289481141,2.512604541157615,83.31186003451302,81.21856245596297
piecewise_0167,6,previous_period,31.554927695149154,2.5068950387290956,83.31186003451302,81.22331914863489
piecewise_0168,1,default,47.93533810585576,-4.649158220108918,123.73965095792717,129.49250311197173
piecewise_0168,2,previous_period,31.188522650498857,34.727057707154366,123.73965095792717,80.7685109631364
piecewise_0168,3,previous_period,31.119502982552955,34.828282959599456,123.73965095792717,80.64325518907958
piecewise_0168,4,previous_period,31.120910370153133,34.820866950836034,123.73965095792717,80.65243173243844
piecewise_0168,5,previous_period,31.121015775745335,34.8203711030806,123.73965095792717,80.6530452927203
piecewise_0168,6,previous_period,31.121021898082603,34.82034071553104,123.73965095792717,80.65308289416807
piecewise_0169,1,default,43.79913986770207,8.265192201695893,125.21386367588704,114.8646971799055
piecewise_0169,2,previous_period,30.252803367340494,40.007480196900616,125.21386367588704,75.1189519619824
piecewise_0169,3,previous_period,29.722836852499228,40.87038776819273,125.21386367588704,74.03847205201579
piecewise_0169,4,previous_period,29.773289344924947,40.808077833204635,125.21386367588704,74.11649272906831
piecewise_0169,5,previous_period,29.763906583347676,40.81687573858901,125.21386367588704,74.10547653181399
piecewise_0169,6,previous_period,29.765957350084282,40.815225357259365,125.21386367588704,74.10754303804222
piecewise_0170,1,default,63.17723887927563,0.31979278552914936,164.45369165153843,163.92778061010046
piecewise_0170,2,previous_period,42.329462804915245,29.65128761067183,164.45369165153843,115.69105455357337
piecewise_0170,3,previous_period,41.935617069739244,30.286497232282983,164.45369165153843,114.64642888110805
piecewise_0170,4,previous_period,41.92759903318901,30.297842976993373,164.45369165153843,114.62777038508646
piecewise_0170,5,previous_period,41.93046784082734,30.29467166327788,164.45369165153843,114.63298572756543
piecewise_0170,6,previous_period,41.92794491839174,30.29767044227435,164.45369165153843,114.62805412480128
piecewise_0171,1,default,82.24566270500517,-5.469456312328691,236.98769835589573,249.94963698306472
piecewise_0171,2,previous_period,37.55209337430753,54.0772689155856,236.98769835589573,108.83122341912117
piecewise_0171,3,previous_period,37.10067437076182,54.86854921810633,236.98769835589573,106.9559864426337
piecewise_0171,4,previous_period,37.08736175475193,54.891490312500004,236.98769835589573,106.9016188710525
piecewise_0171,5,previous_period,37.087020644082834,54.892090214790365,236.98769835589573,106.90019717642218
piecewise_0171,6,previous_period,37.087010636174035,54.89210746867007,236.98769835589573,106.90015628684979
piecewise_0172,1,default,53.37432731420993,-8.430064137105852,135.511069427174,146.9347394927628
piecewise_0172,2,previous_period,24.82139120549638,51.69985282659185,135.511069427174,65.45204596958433
piecewise_0172,3,previous_period,23.969879904240273,53.319865097818045,135.511069427174,63.25675001599427
piecewise_0172,4,previous_period,24.024403093185313,53.224208615013914,135.511069427174,63.38637513881858
piecewise_0172,5,previous_period,24.015929127034553,53.237032148582976,135.511069427174,63.36899783134077
piecewise_0172,6,previous_period,24.017406736284606,53.23493424448898,135.511069427174,63.3718407236141
piecewise_0173,1,default,41.288775275874606,6.056485651534571,118.64183958851646,111.4563135971213
piecewise_0173,2,previous_period,24.69887176881711,49.78239869294793,118.64183958851646,59.57908598791347
piecewise_0173,3,previous_period,24.34286592843437,51.014567388510436,118.64183958851646,58.11721838066428
piecewise_0173,4,previous_period,24.344937411358796,51.01524870476446,118.64183958851646,58.116410054527094
piecewise_0173,5,previous_period,24.34341274617398,51.01994207338107,118.64183958851646,58.11084175566168
piecewise_0173,6,previous_period,24.343614155549634,51.019339277368445,118.64183958851646,58.111556923940014
piecewise_0174,1,default,52.341565491364804,-1.4951494854539504,132.7321228853403,134.71666653769256
piecewise_0174,2,previous_period,39.864702819789485,21.83478247470003,132.7321228853403,103.7503525792747
piecewise_0174,3,previous_period,39.8037224537574,22.155831212652576,132.7321228853403,103.3242177738937
piecewise_0174,4,previous_period,39.801316003590145,22.14028514831505,132.7321228853403,103.344852395114
piecewise_0174,5,previous_period,39.801546644900874,22.14222302150303,132.7321228853403,103.34228021489278
piecewise_0174,6,previous_period,39.80152059654364,22.141996241859484,132.7321228853403,103.34258122432793
piecewise_0175,1,default,43.10338820708519,1.4769462729840255,110.64651092046837,109.01232140124165
piecewise_0175,2,previous_period,38.54781606129293,8.64413660870561,110.64651092046837,101.08207536373672
piecewise_0175,3,previous_period,38.63153940186616,9.08537606047033,110.64651092046837,100.59385930555445
piecewise_0175,4,previous_period,38.60240281355675,8.791851691051855,110.64651092046837,100.9186337790173
piecewise_0175,5,previous_period,38.61113144302622,8.947733484554144,110.64651092046837,100.74615601334676
piecewise_0175,6,previous_period,38.6066434057726,8.867112390770004,110.64651092046837,100.83536044068484
piecewise_0176,1,default,37.287875491046805,5.1332426492552985,107.96136318864359,102.41944444872672
piecewise_0176,2,previous_period,14.2820409444843,64.30316292904831,107.96136318864359,38.53879191702852
piecewise_0176,3,previous_period,13.938787358581484,65.30018676608765,107.96136318864359,37.462391391245134
piecewise_0176,4,previous_period,13.935182547932056,65.31275414523654,107.96136318864359,37.4488234773989
piecewise_0176,5,previous_period,13.935115454466194,65.31270101654458,107.96136318864359,37.44888083585898
piecewise_0176,6,previous_period,13.93511952783144,65.31272588789348,107.96136318864359,37.44885398441167
piecewise_0177,1,default,40.33295222429522,6.640250123965263,115.86103384381049,108.16757140036943
piecewise_0177,2,previous_period,35.27824389594998,23.795155550217338,115.86103384381049,88.29172061858583
piecewise_0177,3,previous_period,35.22101068704832,23.822752612612984,115.86103384381049,88.25974637678371
piecewise_0177,4,previous_period,35.21669737639642,23.86708808334147,115.86103384381049,88.20837884203817
piecewise_0177,5,previous_period,35.21772692843497,23.85791617930737,115.86103384381049,88.21900550487524
piecewise_0177,6,previous_period,35.217523108765434,23.859708959571368,115.86103384381049,88.21692837112683
piecewise_0178,1,default,53.53718092149223,-2.448199388028649,136.91134899207134,140.263211800237
piecewise_0178,2,previous_period,50.20621936789552,2.482088144011052,136.91134899207134,133.51308863093354
piecewise_0178,3,previous_period,50.14581985319847,2.574754199679119,136.91134899207134,133.38621828406065
piecewise_0178,4,previous_period,50.14051672345176,2.576592689911894,136.91134899207134,133.38370118228187
piecewise_0178,5,previous_period,50.14164546338554,2.576568879906793,136.91134899207134,133.38373378088104
piecewise_0178,6,previous_period,50.141298069941506,2.5765908250242497,136.91134899207134,133.3837037355247
piecewise_0179,1,default,75.37823000203932,-1.8636031737368608,193.44295017800926,197.04795913689685
piecewise_0179,2,previous_period,47.85814470217403,28.995361591700064,193.44295017800926,137.35346730024327
piecewise_0179,3,previous_period,47.73607202341147,29.168746110435094,193.44295017800926,137.01806717205028
piecewise_0179,4,previous_period,47.73579747168317,29.169191689288944,193.44295017800926,137.01720523117004
piecewise_0179,5,previous_period,47.73578911978772,29.169195644102007,193.44295017800926,137.01719758086296
piecewise_0179,6,previous_period,47.73579336103354,29.16919101716553,193.44295017800926,137.01720653134538
piecewise_0180,1,default,64.8343304100155,2.3842584390481147,185.1744698314789,180.75943190755925
piecewise_0180,2,previous_period,57.802855356553,15.143301608604776,185.1744698314789,157.13294136276318
piecewise_0180,3,previous_period,57.482006224566454,16.17890362319445,185.1744698314789,155.21527082268264
piecewise_0180,4,previous_period,57.490238650405274,16.153700832286855,185.1744698314789,155.2619399571285
piecewise_0180,5,previous_period,57.48963887703303,16.154394028094522,185.1744698314789,155.26065633546676
piecewise_0180,6,previous_period,57.48967842753292,16.15457264521265,185.1744698314789,155.26032558216525
piecewise_0181,1,default,56.05313059676088,2.0986599490330105,153.4873479512156,150.2661704529305
piecewise_0181,2,previous_period,38.694083518505806,34.93563884940589,153.4873479512156,99.86556239144792
piecewise_0181,3,previous_period,38.48912870418058,35.47131161588671,153.4873479512156,99.04337246847962
piecewise_0181,4,previous_period,38.480302860197206,35.48466476785329,153.4873479512156,99.02287706965822
piecewise_0181,5,previous_period,38.48113686949722,35.484190864197075,153.4873479512156,99.02360445181199
piecewise_0181,6,previous_period,38.48095235069971,35.48432961501627,153.4873479512156,99.02339148685934
piecewise_0182,1,default,59.14017617422185,8.374363166614351,175.8780461249014,161.14937981205665
piecewise_0182,2,previous_period,32.12696699790909,53.983905682944155,175.8780461249014,80.93220758782962
piecewise_0182,3,previous_period,31.55827509808206,54.96962841009698,175.8780461249014,79.19853771510412
piecewise_0182,4,previous_period,31.613477655524296,54.87193115852931,175.8780461249014,79.37036573227908
piecewise_0182,5,previous_period,31.606161949300503,54.88484307168123,175.8780461249014,79.34765651171013
piecewise_0182,6,previous_period,31.60711822447919,54.88315434480901,175.8780461249014,79.3506266115374
piecewise_0183,1,default,58.22232228663566,-1.9475693040946984,160.98097784761396,164.11619395760556
piecewise_0183,2,previous_period,36.65454537799414,41.52010226901107,160.98097784761396,94.14151121163059
piecewise_0183,3,previous_period,36.398057120139526,42.095886549306435,160.98097784761396,93.21460804691826
piecewise_0183,4,previous_period,36.389032680113736,42.1029931298481,160.98097784761396,93.20316780407076
piecewise_0183,5,previous_period,36.39171443414325,42.101482084134254,160.98097784761396,93.20560030023663
piecewise_0183,6,previous_period,36.39070430140531,42.1020667698193,160.98097784761396,93.20465906750351
piecewise_0184,1,default,28.306254962818578,14.254326220828995,89.25585654170578,76.5330355790559
piecewise_0184,2,previous_period,15.59912912481424,53.33878599090092,89.25585654170578,41.6478662365798
piecewise_0184,3,previous_period,15.250719436086833,54.903751918054276,89.25585654170578,40.25104249371322
piecewise_0184,4,previous_period,15.252267038100172,54.88792671221039,89.25585654170578,40.26516741673868
piecewise_0184,5,previous_period,15.252641948236008,54.88794540631542,89.25585654170578,40.2651507311551
piecewise_0184,6,previous_period,15.252528040990818,54.88809161300592,89.25585654170578,40.26502023312117
piecewise_0185,1,default,58.825868143110036,-2.572842540968434,146.57755873047626,150.34876851700693
piecewise_0185,2,previous_period,50.4102773781699,9.829340229129501,146.57755873047626,132.16995178330563
piecewise_0185,3,previous_period,50.19803405443129,10.094528653725465,146.57755873047626,131.78124506449706
piecewise_0185,4,previous_period,50.197641083994746,10.100807330408445,146.57755873047626,131.77204193349456
piecewise_0185,5,previous_period,50.19698589122957,10.100584527168222,146.57755873047626,131.77236851304485
piecewise_0185,6,previous_period,50.197097285095836,10.100644356166299,146.57755873047626,131.77228081716007
piecewise_0186,1,default,27.91499066321949,6.258088855779631,82.02964273374835,76.8961548033918
piecewise_0186,2,previous_period,23.014854381909288,25.28683856436269,82.02964273374835,61.28693940074193
piecewise_0186,3,previous_period,23.035036286016407,25.406984733306402,82.02964273374835,61.18838392759912
piecewise_0186,4,previous_period,23.024933574882958,25.332839065621727,82.02964273374835,61.24920535390341
piecewise_0186,5,previous_period,23.025234387877116,25.403281289230783,82.02964273374835,61.1914218495432
piecewise_0186,6,previous_period,23.025232070781907,25.36216861559174,82.02964273374835,61.225146428847594
piecewise_0187,1,default,70.45681161577728,-3.3878678622176084,169.23741862394579,174.97095874035313
piecewise_0187,2,previous_period,52.53672924072891,17.975107449508286,169.23741862394579,138.81681078151738
piecewise_0187,3,previous_period,52.32877376128214,18.13267643305486,169.23741862394579,138.55014510121117
piecewise_0187,4,previous_period,52.330745729075936,18.134151048892242,169.23741862394579,138.54764949943336
piecewise_0187,5,previous_period,52.33073512848843,18.134054226463213,169.23741862394579,138.5478133592129
piecewise_0187,6,previous_period,52.33073490548342,18.13405633081454,169.23741862394579,138.54780979786304
piecewise_0188,1,default,45.43554329083021,-1.057637835122982,115.49094676345456,116.71242271256659
piecewise_0188,2,previous_period,42.251253180285204,2.6273809813847304,115.49094676345456,112.4565595929704
piecewise_0188,3,previous_period,42.21366868449146,2.8346904694269814,115.49094676345456,112.21713590249992
piecewise_0188,4,previous_period,42.21176028072429,2.8012863473527383,115.49094676345456,112.25571463934149
piecewise_0188,5,previous_period,42.21273911007832,2.810612571542448,115.49094676345456,112.24494369472751
piecewise_0188,6,previous_period,42.212413560897,2.807820691320362,115.49094676345456,112.2481680636285
piecewise_0189,1,default,43.1085471014032,3.9587561150489003,120.55508572675214,115.7826038985419
piecewise_0189,2,previous_period,35.160779361451546,23.90176705136742,120.55508572675214,91.74028996776755
piecewise_0189,3,previous_period,35.0785775649109,24.232491948141867,120.55508572675214,91.3415842849414
piecewise_0189,4,previous_period,35.08439513138894,24.19948391438844,120.55508572675214,91.38137714832956
piecewise_0189,5,previous_period,35.082688545620655,24.211334579406174,120.55508572675214,91.36709056895825
piecewise_0189,6,previous_period,35.083070268465285,24.209361099193536,120.55508572675214,91.36946969972038
piecewise_0190,1,default,52.92499088346738,1.596613395053903,147.82997056720842,145.46969745522813
piecewise_0190,2,previous_period,31.885122534946824,40.095440184182294,147.82997056720842,88.55689314413907
piecewise_0190,3,previous_period,31.858354019578556,40.25608577262956,147.82997056720842,88.31941081801997
piecewise_0190,4,previous_period,31.855646439190387,40.257380230478645,147.82997056720842,88.31749722136266
piecewise_0190,5,previous_period,31.855816846670272,40.25732732461087,147.82997056720842,88.31757543209142
piecewise_0190,6,previous_period,31.855805744403256,40.25733026904826,147.82997056720842,88.31757107933049
piecewise_0191,1,default,53.59965978466043,5.593133235262371,156.2763763559052,147.53563041107935
piecewise_0191,2,previous_period,44.918022384556316,25.618375652551272,156.2763763559052,116.24090720485458
piecewise_0191,3,previous_period,44.49183608049807,27.482938119312152,156.2763763559052,113.3270365469084
piecewise_0191,4,previous_period,44.51049382929368,27.364287790839946,156.2763763559052,113.51245898077914
piecewise_0191,5,previous_period,44.505872886510375,27.392921377605262,156.2763763559052,113.4677114489616
piecewise_0191,6,previous_period,44.50692833874671,27.386348848806787,156.2763763559052,113.4779827588028
piecewise_0192,1,default,40.70969253483478,-2.7097048848166994,104.69987790028767,107.53693560614889
piecewise_0192,2,previous_period,28.640380408624004,36.350311201135064,104.69987790028767,66.64114645632466
piecewise_0192,3,previous_period,28.609699107043614,36.589526520582695,104.69987790028767,66.39068830894422
piecewise_0192,4,previous_period,28.61017206938281,36.58879283482832,104.69987790028767,66.39145647703322
piecewise_0192,5,previous_period,28.61018285419669,36.58876112363655,104.69987790028767,66.39148967861229
piecewise_0192,6,previous_period,28.610182902422785,36.588760385748444,104.69987790028767,66.39149045118023
piecewise_0193,1,default,54.27718256268432,3.144465257190898,165.25546391346228,160.0590632650938
piecewise_0193,2,previous_period,41.0201593814688,31.70561910401456,165.25546391346228,112.8601959764877
piecewise_0193,3,previous_period,41.01022342986654,31.594245340615522,165.25546391346228,113.04424720587065
piecewise_0193,4,previous_period,41.0034997172089,31.633026080408822,165.25546391346228,112.98015991441616
piecewise_0193,5,previous_period,41.00457322004765,31.62667469910616,165.25546391346228,112.9906559190528
piecewise_0193,6,previous_period,41.00439345083541,31.627736612117264,165.25546391346228,112.98890104977994
piecewise_0194,1,default,57.05947923673553,3.9820767204768015,157.94915011483343,151.6594937779197
piecewise_0194,2,previous_period,54.980906404316435,10.047928592461409,157.94915011483343,142.07853229889528
piecewise_0194,3,previous_period,55.00590315999082,9.750100738894574,157.94915011483343,142.54894886240936
piecewise_0194,4,previous_period,54.993905771895875,9.85867502198693,157.94915011483343,142.3774567050217
piecewise_0194,5,previous_period,54.99804685242965,9.821720552148838,157.94915011483343,142.4358259760604
piecewise_0194,6,previous_period,54.996571461909284,9.834501768473169,157.94915011483343,142.4156381535018
piecewise_0195,1,default,37.34312738038477,4.633680135507334,102.363895633737,97.62068013582507
piecewise_0195,2,previous_period,34.03810986591108,12.684199955227026,102.363895633737,89.37985442959389
piecewise_0195,3,previous_period,33.974135145775804,12.910461426001241,102.363895633737,89.14824437379121
piecewise_0195,4,previous_period,33.97580767252656,12.903218472170309,102.363895633737,89.15565854349151
piecewise_0195,5,previous_period,33.97627128499347,12.90201431904915,102.363895633737,89.15689116153573
piecewise_0195,6,previous_period,33.976027816621674,12.902743629236003,102.363895633737,89.15614461121721
piecewise_0196,1,default,38.65312989685037,11.276095190869317,125.73447631540044,111.55653707833486
piecewise_0196,2,previous_period,15.431428632233166,73.69233040874124,125.73447631540044,33.07781059135506
piecewise_0196,3,previous_period,14.633096387246253,78.23220181287085,125.73447631540044,27.369627055980054
piecewise_0196,4,previous_period,14.76871807086046,77.46994235782729,125.73447631540044,28.328049989943718
piecewise_0196,5,previous_period,14.726895484478785,77.66225365159565,125.73447631540044,28.086248391828697
piecewise_0196,6,previous_period,14.740582995944239,77.60671684504464,125.73447631540044,28.1560773047079
piecewise_0197,1,default,45.47680427889677,3.4460483491326133,120.78970724423661,116.62723553182448
piecewise_0197,2,previous_period,34.65658695556681,24.719246960650544,120.78970724423661,90.93140120748696
piecewise_0197,3,previous_period,34.41046215666845,25.217060927162184,120.78970724423661,90.33009317471664
piecewise_0197,4,previous_period,34.39923798515813,25.23712536619439,120.78970724423661,90.30585739754943
piecewise_0197,5,previous_period,34.398928443086604,25.237658747616422,120.78970724423661,90.30521312769126
piecewise_0197,6,previous_period,34.39889247084317,25.237725176057634,120.78970724423661,90.3051328889716
piecewise_0198,1,default,61.28067622067649,3.292482478917469,166.1232439189485,160.6536652195078
piecewise_0198,2,previous_period,36.82210831437017,40.74380777777904,166.1232439189485,98.43830874240112
piecewise_0198,3,previous_period,36.66416132796557,40.91811653655425,166.1232439189485,98.14874137788888
piecewise_0198,4,previous_period,36.66091865579096,40.923870166408804,166.1232439189485,98.13918326133141
piecewise_0198,5,previous_period,36.66092134828459,40.92387876429392,166.1232439189485,98.13916897824575
piecewise_0198,6,previous_period,36.66092134828459,40.92387876429392,166.1232439189485,98.13916897824575
piecewise_0199,1,default,38.830406296883574,-7.585005219792174,85.36146582642573,91.83613746505122
piecewise_0199,2,previous_period,25.06572674325096,40.200038173840056,85.36146582642573,51.04612397845315
piecewise_0199,3,previous_period,25.117257463366585,40.14547825249425,85.36146582642573,51.09269712706768
piecewise_0199,4,previous_period,25.08991849458118,40.21511432499013,85.36146582642573,51.03325475484124
piecewise_0199,5,previous_period,25.09581955190219,40.20048008718105,85.36146582642573,51.0457467547476
piecewise_0199,6,previous_period,25.09451570619513,40.203704289360545,85.36146582642573,51.04299452850597
