profile,period,policy,rmse_nm,offload_pct,baseline_motor_work_j,assisted_motor_work_j
piecewise_0000,1,default,43.96775489438803,17.37366412796724,145.62745155791555,120.32662724612511
piecewise_0000,2,previous_period,29.507569541810156,52.92004487079333,145.62745155791555,68.56133884927381
piecewise_0000,3,previous_period,29.291300345491294,53.602114185514935,145.62745155791555,67.5680586883862
piecewise_0000,4,previous_period,29.281051175587187,53.641508707449525,145.62745155791555,67.51068945003944
piecewise_0000,5,previous_period,29.28081720170769,53.64265670486101,145.62745155791555,67.50901765066513
piecewise_0000,6,previous_period,29.28082465572987,53.64257034821076,145.62745155791555,67.50914340965414
piecewise_0000,7,previous_period,29.28082428562384,53.64256996003283,145.62745155791555,67.50914397494778
piecewise_0000,8,previous_period,29.28082203226416,53.64259200853928,145.62745155791555,67.50911186626973
piecewise_0000,9,previous_period,29.28082442613541,53.642557538339055,145.62745155791555,67.50916206434387
piecewise_0000,10,previous_period,29.280821313608275,53.64259899574202,145.62745155791555,67.50910169098444
piecewise_0001,1,default,22.03228967000772,28.55821921199453,82.60573399470402,59.015007398819364
piecewise_0001,2,previous_period,5.078557617670781,84.61844859050083,82.60573399470402,12.706043441589523
piecewise_0001,3,previous_period,4.865684624374398,87.14959029641636,82.60573399470402,10.615175256971929
piecewise_0001,4,previous_period,4.886126782211269,85.26084595114615,82.60573399470402,12.175386386665847
piecewise_0001,5,previous_period,4.768922989546678,87.23379287278556,82.60573399470402,10.545619100719708
piecewise_0001,6,previous_period,4.847689504695229,85.44419481171055,82.60573399470402,12.023929714625709
piecewise_0001,7,previous_period,4.7417179614472555,87.21819910553788,82.60573399470402,10.558500446612085
piecewise_0001,8,previous_period,4.830665326075789,85.54071808902913,82.60573399470402,11.944195952920959
piecewise_0001,9,previous_period,4.729269562609889,87.19885986605915,82.60573399470402,10.574475767332478
piecewise_0001,10,previous_period,4.821000527992353,85.59865702880623,82.60573399470402,11.896335066449327
piecewise_0002,1,default,50.668493764385566,-16.363295863971338,107.58704577887802,125.19183239098213
piecewise_0002,2,previous_period,30.117622734762968,28.358710014651635,107.58704577887802,77.0767474531155
piecewise_0002,3,previous_period,30.000083338431786,29.182223558111296,107.58704577887802,76.1907535601183
piecewise_0002,4,previous_period,29.99703883504432,29.079668019240547,107.58704577887802,76.30109003467194
piecewise_0002,5,previous_period,29.999365756169176,29.131739509491915,107.58704577887802,76.24506785661745
piecewise_0002,6,previous_period,29.995244041846046,29.10392974215731,107.58704577887802,76.27498756373075
piecewise_0002,7,previous_period,29.99775303412163,29.13350777020498,107.58704577887802,76.2431654371546
piecewise_0002,8,previous_period,29.99496824985387,29.112495146947083,107.58704577887802,76.26577229775842
piecewise_0002,9,previous_period,29.996846393126674,29.133912490712977,107.58704577887802,76.2427300103164
piecewise_0002,10,previous_period,29.99494865532791,29.11777868665848,107.58704577887802,76.26008789347037
piecewise_0003,1,default,61.23788075460674,4.2059201142292775,173.89630752009828,166.58236774420845
piecewise_0003,2,previous_period,25.65735816356833,65.04693982986224,173.89630752009828,60.782081001147745
piecewise_0003,3,previous_period,25.613248610435324,64.2084761510621,173.89630752009828,62.24013837847836
piecewise_0003,4,previous_period,25.508711853482005,65.38901576549935,173.89630752009828,60.18722358015996
piecewise_0003,5,previous_period,25.580808496207045,64.46945352922809,173.89630752009828,61.786308354384936
piecewise_0003,6,previous_period,25.51552975666446,65.2379656132983,173.89630752009828,60.4498942173411
piecewise_0003,7,previous_period,25.564570788124815,64.62010136033572,173.89630752009828,61.52433733872966
piecewise_0003,8,previous_period,25.52119575675038,65.1389399493853,173.89630752009828,60.62209619038305
piecewise_0003,9,previous_period,25.554963060415506,64.71673894386893,173.89630752009828,61.35628814928876
piecewise_0003,10,previous_period,25.525630060333544,65.07128023643955,173.89630752009828,60.73975393287442
piecewise_0004,1,default,68.38744210108231,-2.5185138070567215,175.17770378352833,179.58957844020142
piecewise_0004,2,previous_period,45.72588066600328,32.41380977758192,175.17770378352833,118.39593610639955
piecewise_0004,3,previous_period,45.73579321161477,32.174298147543126,175.17770378352833,118.815507080196
piecewise_0004,4,previous_period,45.73270543860235,32.20819060914116,175.17770378352833,118.75613504421283
piecewise_0004,5,previous_period,45.73238409231466,32.206407825173365,175.17770378352833,118.75925808423105
piecewise_0004,6,previous_period,45.732462850610425,32.20638668850368,175.17770378352833,118.75929511096366
piecewise_0004,7,previous_period,45.732449989211325,32.20641007329751,175.17770378352833,118.75925414601879
piecewise_0004,8,previous_period,45.73245100401636,32.20640688935135,175.17770378352833,118.75925972358257
piecewise_0004,9,previous_period,45.73245093326252,32.20640678178561,175.17770378352833,118.75925991201375
piecewise_0004,10,previous_period,45.73245113387006,32.20640636227918,175.17770378352833,118.75926064689548
piecewise_0005,1,default,79.44200944607026,-14.019864660890535,189.72546089569582,216.32471374052315
piecewise_0005,2,previous_period,42.64247833693523,36.20981202309031,189.72546089569582,121.02622814542265
piecewise_0005,3,previous_period,42.27660979760495,36.79900394854242,189.72546089569582,119.90838104929841
piecewise_0005,4,previous_period,42.27474286159707,36.80190141957913,189.72546089569582,119.9028838090197
piecewise_0005,5,previous_period,42.27473771419439,36.80190908194967,189.72546089569582,119.90286927155188
piecewise_0005,6,previous_period,42.2747377433498,36.80190912912563,189.72546089569582,119.90286918204706
piecewise_0005,7,previous_period,42.2747377433498,36.80190912912563,189.72546089569582,119.90286918204706
piecewise_0005,8,previous_period,42.2747377433498,36.80190912912563,189.72546089569582,119.90286918204706
piecewise_0005,9,previous_period,42.2747377433498,36.80190912912563,189.72546089569582,119.90286918204706
piecewise_0005,10,previous_period,42.2747377433498,36.80190912912563,189.72546089569582,119.90286918204706
piecewise_0006,1,default,63.56895259956331,7.223144757587074,202.20103466141347,187.59576122648076
piecewise_0006,2,previous_period,23.171779404708058,80.14836439611089,202.20103466141347,40.14021258827731
piecewise_0006,3,previous_period,22.9770605787863,78.27821456778116,202.20103466141347,43.92167489087869
piecewise_0006,4,previous_period,22.97032394795573,79.45060886252801,202.20103466141347,41.55108149658915
piecewise_0006,5,previous_period,22.96305546270712,78.56110907883573,202.20103466141347,43.34965926252601
piecewise_0006,6,previous_period,22.96560854347647,79.32340197559421,202.20103466141347,41.80829513812988
piecewise_0006,7,previous_period,22.96025181087281,78.69399924757538,202.20103466141347,43.08095396637113
piecewise_0006,8,previous_period,22.963359620297872,79.24396165742084,202.20103466141347,41.968924283414765
piecewise_0006,9,previous_period,22.959241719606066,78.77445131128977,202.20103466141347,42.91827906113417
piecewise_0006,10,previous_period,22.96204720373911,79.18901016069833,202.20103466141347,42.080036778349616
piecewise_0007,1,default,48.50487694954556,-2.475251331901074,122.09991831770809,125.12219817211728
piecewise_0007,2,previous_period,39.9742103459119,19.976814363244088,122.09991831770809,97.70824429770688
piecewise_0007,3,previous_period,39.901494324870164,19.2377294823855,122.09991831770809,98.61066633353374
piecewise_0007,4,previous_period,39.963871516748696,19.939070486513522,122.09991831770809,97.75432954036484
piecewise_0007,5,previous_period,39.90049502915757,19.291820834579,122.09991831770809,98.54462083668854
piecewise_0007,6,previous_period,39.958688788290836,19.90599172827331,122.09991831770809,97.79471867715665
piecewise_0007,7,previous_period,39.90141578909278,19.32821490404185,122.09991831770809,98.5001837076019
piecewise_0007,8,previous_period,39.95495293607383,19.882550484353388,122.09991831770809,97.82334041683552
piecewise_0007,9,previous_period,39.902324529497236,19.35506252661353,122.09991831770809,98.46740278237164
piecewise_0007,10,previous_period,39.95215919116333,19.86475261231537,122.09991831770809,97.84507160405623
piecewise_0008,1,default,45.86475779308103,10.916689653399104,128.3915676071555,114.37545863034825
piecewise_0008,2,previous_period,36.15981052482264,27.912841622442087,128.3915676071555,92.55383268439954
piecewise_0008,3,previous_period,35.62630394520226,29.483323510499872,128.3915676071555,90.53746636933569
piecewise_0008,4,previous_period,35.81243756341498,28.896089950743185,128.3915676071555,91.2914247422226
piecewise_0008,5,previous_period,35.72312432006886,29.226725215683068,128.3915676071555,90.86691694250422
piecewise_0008,6,previous_period,35.757889993354794,29.1149629358885,128.3915676071555,91.01041028552595
piecewise_0008,7,previous_period,35.74560509683628,29.156982679722855,128.3915676071555,90.95646047771253
piecewise_0008,8,previous_period,35.750067164587435,29.141954855110907,128.3915676071555,90.97575493730905
piecewise_0008,9,previous_period,35.748490092640765,29.147342467658056,128.3915676071555,90.96883769710317
piecewise_0008,10,previous_period,35.749043334611436,29.145432735386557,128.3915676071555,90.97128963230365
piecewise_0009,1,default,54.9474758505273,-2.801013485785697,160.26573475645597,164.75479960007783
piecewise_0009,2,previous_period,18.882970420725407,78.49022646105969,160.26573475645597,34.47279660663243
piecewise_0009,3,previous_period,18.59168305811092,79.70219264187196,160.26573475645597,32.53043010195389
piecewise_0009,4,previous_period,18.551841981210796,79.12454290262795,160.26573475645597,33.45620470087205
piecewise_0009,5,previous_period,18.548228117327152,79.93744868020276,160.26573475645597,32.15339528356411
piecewise_0009,6,previous_period,18.481333229004186,79.25140347829809,160.26573475645597,33.252890667158034
piecewise_0009,7,previous_period,18.524523249790235,79.99460038310689,160.26573475645597,32.06180068697897
piecewise_0009,8,previous_period,18.463612048513113,79.28519219995768,160.26573475645597,33.19873892412548
piecewise_0009,9,previous_period,18.51446863973191,80.01009128218234,160.26573475645597,32.0369740837553
piecewise_0009,10,previous_period,18.458382266245845,79.29673476815341,160.26573475645597,33.18024014239681
piecewise_0010,1,default,63.588401910120034,1.8654169623340322,192.6299568360163,189.03660494666053
piecewise_0010,2,previous_period,33.338128878468986,68.52251549049872,192.6299568360163,60.63506482371602
piecewise_0010,3,previous_period,33.09014978563438,69.22313888246362,192.6299568360163,59.28545428619101
piecewise_0010,4,previous_period,33.31721653048054,68.46653207171107,192.6299568360163,60.74290565916202
piecewise_0010,5,previous_period,33.09100040060355,69.2499249568823,192.6299568360163,59.233856282600264
piecewise_0010,6,previous_period,33.302173475564054,68.49309979235687,192.6299568360163,60.69172827034968
piecewise_0010,7,previous_period,33.093047270940126,69.24834079618856,192.6299568360163,59.23690785066083
piecewise_0010,8,previous_period,33.29259438846168,68.5129878144219,192.6299568360163,60.65341798203029
piecewise_0010,9,previous_period,33.09479312319529,69.24471590831457,192.6299568360163,59.2438904706078
piecewise_0010,10,previous_period,33.286336998356205,68.52720642600494,192.6299568360163,60.62602867667521
piecewise_0011,1,default,40.65981976289179,-13.250160132256482,90.92762199635246,102.97567751532202
piecewise_0011,2,previous_period,38.476802154014734,4.343282544183202,90.92762199635246,86.978378462344
piecewise_0011,3,previous_period,38.3385867012415,2.847398445648841,90.92762199635246,88.33855030096286
piecewise_0011,4,previous_period,38.34404965034533,3.2057490392718546,90.92762199635246,88.01271062777164
piecewise_0011,5,previous_period,38.33754003647129,2.774653786686676,90.92762199635246,88.40469528948651
piecewise_0011,6,previous_period,38.34721932358489,3.217148793514013,90.92762199635246,88.00234510232582
piecewise_0011,7,previous_period,38.33921611502007,2.735513779422216,90.92762199635246,88.44028436734129
piecewise_0011,8,previous_period,38.35036630780763,3.2269422089528654,90.92762199635246,87.99344018255505
piecewise_0011,9,previous_period,38.340936363680804,2.7014855246143776,90.92762199635246,88.47122545024492
piecewise_0011,10,previous_period,38.35338480015179,3.236169383435794,90.92762199635246,87.98505013222027
piecewise_0012,1,default,35.91500748696519,22.70060631627009,101.39844537713077,78.38038348125015
piecewise_0012,2,previous_period,19.54330025726936,68.17741620342932,101.39844537713077,32.26760524855739
piecewise_0012,3,previous_period,19.459098475099733,69.83287084373056,101.39844537713077,30.58899997936836
piecewise_0012,4,previous_period,19.406162300298796,69.21242789435553,101.39844537713077,31.218119484486657
piecewise_0012,5,previous_period,19.464347212039097,69.86133256918589,101.39844537713077,30.560140232229138
piecewise_0012,6,previous_period,19.4058192147889,69.17838041729898,101.39844537713077,31.252643096912127
piecewise_0012,7,previous_period,19.468254000750008,69.88240983364827,101.39844537713077,30.538768213736283
piecewise_0012,8,previous_period,19.405767013445267,69.1505169608138,101.39844537713077,31.28089620861644
piecewise_0012,9,previous_period,19.471322600900873,69.89845642801959,101.39844537713077,30.52249721650778
piecewise_0012,10,previous_period,19.405833293005387,69.12952677743469,101.39844537713077,31.30217992824466
piecewise_0013,1,default,48.76257982182782,-15.301285403010588,113.09026968259579,130.39453460976412
piecewise_0013,2,previous_period,26.692981460221866,51.12843222848604,113.09026968259579,55.268987790917706
piecewise_0013,3,previous_period,26.56693218425326,48.38825992043889,113.09026968259579,58.36785604385603
piecewise_0013,4,previous_period,26.616770237453533,50.12649788255692,113.09026968259579,56.4020780447715
piecewise_0013,5,previous_period,26.56755969628625,48.65267884574398,113.09026968259579,58.06882396813669
piecewise_0013,6,previous_period,26.608158216629064,49.941036940176254,113.09026968259579,56.61181632466568
piecewise_0013,7,previous_period,26.56759110136535,48.72341754249542,113.09026968259579,57.98882538521053
piecewise_0013,8,previous_period,26.60500498469141,49.88695036403552,113.09026968259579,56.67298297948531
piecewise_0013,9,previous_period,26.567453003158768,48.75213259746467,113.09026968259579,57.956351452106304
piecewise_0013,10,previous_period,26.603199421282394,49.86258146312614,113.09026968259579,56.70054183524242
piecewise_0014,1,default,50.422521544921075,2.7916299337859773,117.67302956321174,114.3880340459323
piecewise_0014,2,previous_period,33.86789041977289,23.770856068183953,117.67302956321174,89.70114307466912
piecewise_0014,3,previous_period,33.78427907376239,24.068594136290045,117.67302956321174,89.35078566976571
piecewise_0014,4,previous_period,33.77506585463265,24.022868838355027,117.67302956321174,89.40459201312265
piecewise_0014,5,previous_period,33.77820046295743,24.053893389511906,117.67302956321174,89.36808448386796
piecewise_0014,6,previous_period,33.77710182861646,24.03461807927434,117.67302956321174,89.39076632538222
piecewise_0014,7,previous_period,33.77743576526981,24.04573076673223,117.67302956321174,89.37768968938462
piecewise_0014,8,previous_period,33.77731475392196,24.039570039895676,117.67302956321174,89.38493920329631
piecewise_0014,9,previous_period,33.77735189930814,24.04292645345283,117.67302956321174,89.38098960977894
piecewise_0014,10,previous_period,33.777338728699426,24.041122191410413,117.67302956321174,89.38311273958551
piecewise_0015,1,default,62.82726362981922,-0.014557839666129446,169.66877088611028,169.69347099373937
piecewise_0015,2,previous_period,27.310271634645588,59.06939017457563,169.66877088611028,69.44646260698701
piecewise_0015,3,previous_period,26.904937265571917,59.54807271123252,169.66877088611028,68.6342878305948
piecewise_0015,4,previous_period,26.90918693280909,59.38265163942218,169.66877088611028,68.91495572992204
piecewise_0015,5,previous_period,26.887696542118945,59.51654226823862,169.66877088611028,68.68778514567752
piecewise_0015,6,previous_period,26.885978597262373,59.44913344952044,169.66877088611028,68.80215685986549
piecewise_0015,7,previous_period,26.884976227318806,59.48772639979203,169.66877088611028,68.73667667549101
piecewise_0015,8,previous_period,26.884377809213937,59.46497209196417,169.66877088611028,68.77528362990617
piecewise_0015,9,previous_period,26.884385103143053,59.47809269419933,169.66877088611028,68.75302206536091
piecewise_0015,10,previous_period,26.884267818367352,59.47040648429551,169.66877088611028,68.76606316323245
piecewise_0016,1,default,37.74013828741839,-28.175878699788235,81.95160288710906,105.04218710911306
piecewise_0016,2,previous_period,14.34202837294019,55.222341536884436,81.95160288710906,36.696008845838456
piecewise_0016,3,previous_period,13.380773577428105,58.00906586002426,81.95160288710906,34.412243594980424
piecewise_0016,4,previous_period,13.417718282142593,57.504990144797596,81.95160288710906,34.82534172337333
piecewise_0016,5,previous_period,13.434547264653222,57.76947601049856,81.95160288710906,34.60859131702155
piecewise_0016,6,previous_period,13.396655092289024,57.682734499032016,81.95160288710906,34.679677376036885
piecewise_0016,7,previous_period,13.408824596587666,57.76355340233005,81.95160288710906,34.613444989348366
piecewise_0016,8,previous_period,13.397388006791411,57.73209028371762,81.95160288710906,34.63922951936952
piecewise_0016,9,previous_period,13.402728968248645,57.756949989078464,81.95160288710906,34.618856592353296
piecewise_0016,10,previous_period,13.399050852654167,57.74727310448047,81.95160288710906,34.626786954390894
piecewise_0017,1,default,40.592976122653035,0.5684925451881484,100.3458446942733,99.77538604778027
piecewise_0017,2,previous_period,29.344228193277594,48.47823914551391,100.3458446942733,51.6999461307975
piecewise_0017,3,previous_period,29.070079348010136,50.51616161218404,100.3458446942733,49.654975617403
piecewise_0017,4,previous_period,29.105597030335637,47.807207654138196,100.3458446942733,52.37329834898305
piecewise_0017,5,previous_period,29.077994571759067,50.671041664280935,100.3458446942733,49.49955992086344
piecewise_0017,6,previous_period,29.106605236664734,47.72428731554569,100.3458446942733,52.456505463167055
piecewise_0017,7,previous_period,29.07983799396168,50.70757841136224,100.3458446942733,49.46289681338088
piecewise_0017,8,previous_period,29.108313601089222,47.68775742249919,100.3458446942733,52.493161692910476
piecewise_0017,9,previous_period,29.080633811813378,50.72412945953329,100.3458446942733,49.446288524287894
piecewise_0017,10,previous_period,29.109338134577193,47.668405496471614,100.3458446942733,52.512580546547454
piecewise_0018,1,default,40.42626532789575,-9.579471988643462,94.94455955320072,104.03974704034049
piecewise_0018,2,previous_period,9.377573283714817,78.7597607345642,94.94455955320072,20.166451618614015
piecewise_0018,3,previous_period,7.464715131567602,79.09124294902563,94.94455955320072,19.85172729009642
piecewise_0018,4,previous_period,8.919576143838821,79.19929645935578,94.94455955320072,19.74913636063168
piecewise_0018,5,previous_period,7.462067738865199,79.24886941827924,94.94455955320072,19.702069533124313
piecewise_0018,6,previous_period,8.950086379663619,78.90088057101545,94.94455955320072,20.032466011453177
piecewise_0018,7,previous_period,7.466082461618938,79.34075120033141,94.94455955320072,19.614832779845244
piecewise_0018,8,previous_period,8.967349945415057,78.68917908182152,94.94455955320072,20.233465057935923
piecewise_0018,9,previous_period,7.469076309690589,79.39606725484012,94.94455955320072,19.562313195529747
piecewise_0018,10,previous_period,8.976800656883645,78.56430889415132,94.94455955320072,20.352022507632647
piecewise_0019,1,default,46.0800200692268,8.406812478296,138.24269394898312,126.62088990374745
piecewise_0019,2,previous_period,24.03515022674728,62.24459254034387,138.24269394898312,52.19409238364397
piecewise_0019,3,previous_period,23.117935262935934,58.2613188105635,138.24269394898312,57.70067729505449
piecewise_0019,4,previous_period,23.415863573521452,61.170708091654255,138.24269394898312,53.67865917541167
piecewise_0019,5,previous_period,23.114992234249844,58.90044526118072,138.24269394898312,56.81713167198073
piecewise_0019,6,previous_period,23.330892610795026,60.78996860240014,138.24269394898312,54.20500370228417
piecewise_0019,7,previous_period,23.130654283907425,59.23155536812275,138.24269394898312,56.35939614020671
piecewise_0019,8,previous_period,23.283004089061343,60.531235428949934,138.24269394898312,54.56268341140141
piecewise_0019,9,previous_period,23.145653205948037,59.44920973858188,138.24269394898312,56.058504874986305
piecewise_0019,10,previous_period,23.253013721205804,60.349178363484945,138.24269394898312,54.81436400322468
piecewise_0020,1,default,49.05069946015217,6.0226695989473615,146.28288823159915,137.47275319361248
piecewise_0020,2,previous_period,26.26816636738823,58.94371972403516,146.28288823159915,60.05831258814174
piecewise_0020,3,previous_period,26.03360793933224,60.52311506729322,146.28288823159915,57.74792746342847
piecewise_0020,4,previous_period,26.039621739875553,60.124054987085906,146.28288823159915,58.33168407453506
piecewise_0020,5,previous_period,26.044229282303938,60.29146029778993,146.28288823159915,58.08679875098413
piecewise_0020,6,previous_period,26.029264825218718,60.22992838437959,146.28288823159915,58.17680941110493
piecewise_0020,7,previous_period,26.043207414688432,60.271892029655824,146.28288823159915,58.1154237787876
piecewise_0020,8,previous_period,26.028691531910543,60.24395564387521,146.28288823159915,58.156289930775
piecewise_0020,9,previous_period,26.04134766716811,60.26935929029422,146.28288823159915,58.11912874307714
piecewise_0020,10,previous_period,26.029070230702896,60.24791649196699,146.28288823159915,58.150495887787876
piecewise_0021,1,default,64.87996111631034,-2.3601433995597887,170.00272834345324,174.0150365155228
piecewise_0021,2,previous_period,61.41231421618476,6.312782965729968,170.00272834345324,159.27082506731153
piecewise_0021,3,previous_period,61.301325223831896,6.087428385117288,170.00272834345324,159.65393400280004
piecewise_0021,4,previous_period,61.28839171652768,6.2850782677691726,170.00272834345324,159.3179238097242
piecewise_0021,5,previous_period,61.292586546222836,6.1905112880200726,170.00272834345324,159.47869025540967
piecewise_0021,6,previous_period,61.28956686373587,6.249528680364591,170.00272834345324,159.37835907822682
piecewise_0021,7,previous_period,61.29144054014755,6.211419284981334,170.00272834345324,159.44314609013355
piecewise_0021,8,previous_period,61.29016224703392,6.236625378722859,170.00272834345324,159.40029504306415
piecewise_0021,9,previous_period,61.29099190433011,6.219968737267989,170.00272834345324,159.42861178798782
piecewise_0021,10,previous_period,61.29043355987198,6.231030873861021,170.00272834345324,159.4098058539666
piecewise_0022,1,default,49.224786020680725,3.7543283370618963,133.83373271937123,128.8091749673402
piecewise_0022,2,previous_period,33.40544062728971,36.25821064163731,133.83373271937123,85.30801600041573
piecewise_0022,3,previous_period,33.391930248301094,36.56605360265645,133.83373271937123,84.89601827476997
piecewise_0022,4,previous_period,33.39105921807598,36.472638201333886,133.83373271937123,85.02103959329474
piecewise_0022,5,previous_period,33.39263672132618,36.514660103470334,133.83373271937123,84.96480011310587
piecewise_0022,6,previous_period,33.38956401850634,36.48682645178505,133.83373271937123,85.00205092810839
piecewise_0022,7,previous_period,33.391524841174224,36.50897219650522,133.83373271937123,84.97241245131087
piecewise_0022,8,previous_period,33.38919989311734,36.49019137494105,133.83373271937123,84.99754752584558
piecewise_0022,9,previous_period,33.39076842025369,36.5066620883992,133.83373271937123,84.97550415521901
piecewise_0022,10,previous_period,33.389054410953335,36.49225897069258,133.83373271937123,84.99478038527374
piecewise_0023,1,default,27.26221494462452,11.261809310595206,74.92994330113196,66.49147597002137
piecewise_0023,2,previous_period,15.803716018049807,46.08719393439977,74.92994330113196,40.39683501700348
piecewise_0023,3,previous_period,14.76856877368645,50.07901175925784,74.92994330113196,37.40576818415285
piecewise_0023,4,previous_period,14.76153628804118,50.10444196378536,74.92994330113196,37.38671334631902
piecewise_0023,5,previous_period,14.735222473579793,50.2031418646695,74.92994330113196,37.31275756654826
piecewise_0023,6,previous_period,14.743886537748315,50.17754940791911,74.92994330113196,37.331933979880695
piecewise_0023,7,previous_period,14.731336229015394,50.21257018440328,74.92994330113196,37.305692931917484
piecewise_0023,8,previous_period,14.73834288762234,50.19302336135668,74.92994330113196,37.32033935534348
piecewise_0023,9,previous_period,14.731224362044793,50.21225276446067,74.92994330113196,37.30593077450051
piecewise_0023,10,previous_period,14.73595187891353,50.19927925457361,74.92994330113196,37.31565181810305
piecewise_0024,1,default,47.64504379250001,5.57208433759998,134.30275666293605,126.81929379395558
piecewise_0024,2,previous_period,43.906940598892255,19.95421757473479,134.30275666293605,107.50369238954717
piecewise_0024,3,previous_period,44.13625087153068,17.906983806309096,134.30275666293605,110.25318377587737
piecewise_0024,4,previous_period,43.99579795090039,19.03524362612169,134.30275666293605,108.7378997355488
piecewise_0024,5,previous_period,44.045636222784964,18.581896421849564,134.30275666293605,109.3467575281406
piecewise_0024,6,previous_period,44.01081599313938,18.87911152433438,134.30275666293605,108.94758945228493
piecewise_0024,7,previous_period,44.0314724191874,18.697393823696196,134.30275666293605,109.19164133358652
piecewise_0024,8,previous_period,44.01756443622041,18.8174505919639,134.30275666293605,109.03040178424254
piecewise_0024,9,previous_period,44.02633550327654,18.74077533969346,134.30275666293605,109.13337876172001
piecewise_0024,10,previous_period,44.020531300128745,18.791109066954746,134.30275666293605,109.0657791784769
piecewise_0025,1,default,67.4153913340102,-14.64184804162818,158.24932365373715,181.4199491500217
piecewise_0025,2,previous_period,39.420863726256236,32.690494078958466,158.24932365373715,106.5168378747204
piecewise_0025,3,previous_period,39.262564207194885,33.115697662252266,158.24932365373715,105.84395608000649
piecewise_0025,4,previous_period,39.257334290169766,33.13231980989541,158.24932365373715,105.8176516437845
piecewise_0025,5,previous_period,39.2568120014351,33.13409714947625,158.24932365373715,105.81483901591878
piecewise_0025,6,previous_period,39.25674327941086,33.13433380579786,158.24932365373715,105.81446450889047
piecewise_0025,7,previous_period,39.25673487139835,33.13436345481625,158.24932365373715,105.81441758951938
piecewise_0025,8,previous_period,39.25673181672029,33.134372048864044,158.24932365373715,105.81440398949687
piecewise_0025,9,previous_period,39.256731978044364,33.13437161127312,158.24932365373715,105.81440468198156
piecewise_0025,10,previous_period,39.25673214784851,33.13437137312839,158.24932365373715,105.81440505884397
piecewise_0026,1,default,71.0159815400489,-13.744122602395436,172.36441189279032,196.05438798623328
piecewise_0026,2,previous_period,31.830867967628397,50.89441651929436,172.36441189279032,84.64055017304146
piecewise_0026,3,previous_period,31.6915972370159,51.15795358091759,172.36441189279032,84.18630606665504
piecewise_0026,4,previous_period,31.69248523265997,51.15789636209045,172.36441189279032,84.18640469154994
piecewise_0026,5,previous_period,31.692497229980933,51.15788033557143,172.36441189279032,84.1864323155652
piecewise_0026,6,previous_period,31.692497229980933,51.15788033557143,172.36441189279032,84.1864323155652
piecewise_0026,7,previous_period,31.692497229980933,51.15788033557143,172.36441189279032,84.1864323155652
piecewise_0026,8,previous_period,31.692497229980933,51.15788033557143,172.36441189279032,84.1864323155652
piecewise_0026,9,previous_period,31.692497229980933,51.15788033557143,172.36441189279032,84.1864323155652
piecewise_0026,10,previous_period,31.692497229980933,51.15788033557143,172.36441189279032,84.1864323155652
piecewise_0027,1,default,71.1873566565228,3.8612113339291265,228.17023664492314,219.36010160693647
piecewise_0027,2,previous_period,19.026503661160802,81.50992691411429,228.17023664492314,42.18884351588468
piecewise_0027,3,previous_period,19.02512637967216,81.7654567831584,228.17023664492314,41.60580040898826
piecewise_0027,4,previous_period,18.97129577497425,81.74172792041222,228.17023664492314,41.659942611269386
piecewise_0027,5,previous_period,18.988032214014915,81.75259503105676,228.17023664492314,41.63514709919524
piecewise_0027,6,previous_period,18.982443287089232,81.74877316087216,228.17023664492314,41.643867469439726
piecewise_0027,7,previous_period,18.984245089675152,81.75004854904952,228.17023664492314,41.64095741321727
piecewise_0027,8,previous_period,18.983662203853143,81.74963611000452,228.17023664492314,41.641898476362286
piecewise_0027,9,previous_period,18.983849769402063,81.74976629480099,228.17023664492314,41.64160143340409
piecewise_0027,10,previous_period,18.983791324783937,81.74972331829244,228.17023664492314,41.64169949300536
piecewise_0028,1,default,37.14965697665701,13.460898770408281,111.90651128244386,96.84288908121857
piecewise_0028,2,previous_period,34.53330048447464,27.785323476894874,111.90651128244386,80.81292513090898
piecewise_0028,3,previous_period,34.594763518493224,24.960170844263907,111.90651128244386,83.97445488049041
piecewise_0028,4,previous_period,34.545597510932026,26.543065330748504,111.90651128244386,82.20309288338333
piecewise_0028,5,previous_period,34.564996470035595,25.77349198574288,111.90651128244386,83.06429556553874
piecewise_0028,6,previous_period,34.55451965879796,26.16505111161417,111.90651128244386,82.62611540816815
piecewise_0028,7,previous_period,34.5592885409275,25.97389048829757,111.90651128244386,82.84003659266753
piecewise_0028,8,previous_period,34.55693462097291,26.067422836904175,111.90651128244386,82.73536780442134
piecewise_0028,9,previous_period,34.55803847091304,26.022166499789268,111.90651128244386,82.78601259242086
piecewise_0028,10,previous_period,34.5575099609699,26.04395892605481,111.90651128244386,82.76162544846329
piecewise_0029,1,default,38.17733967850368,-1.5536992566647756,82.74990477449708,84.03558942986925
piecewise_0029,2,previous_period,27.095848793279735,16.193338724348493,82.74990477449708,69.34993240028695
piecewise_0029,3,previous_period,26.953161196103615,16.243914311148945,82.74990477449708,69.30808115037043
piecewise_0029,4,previous_period,26.95127907273846,16.309074103215238,82.74990477449708,69.25416148448431
piecewise_0029,5,previous_period,26.951813844875755,16.296860376674573,82.74990477449708,69.26426833156613
piecewise_0029,6,previous_period,26.951795200253468,16.298835502358212,82.74990477449708,69.26263391694374
piecewise_0029,7,previous_period,26.95179795072389,16.298436915810587,82.74990477449708,69.26296374693234
piecewise_0029,8,previous_period,26.951791656526495,16.298532964602753,82.74990477449708,69.26288426664829
piecewise_0029,9,previous_period,26.95179219022737,16.298517252495937,82.74990477449708,69.26289726840172
piecewise_0029,10,previous_period,26.95179595698811,16.298511058737873,82.74990477449708,69.26290239373061
piecewise_0030,1,default,44.693403543907586,2.1145045530076345,118.42082994976694,115.9168161087697
piecewise_0030,2,previous_period,34.17742451513785,22.000075514644024,118.42082994976694,92.36815793575002
piecewise_0030,3,previous_period,34.17014313506569,22.046513851283443,118.42082994976694,92.31316527208676
piecewise_0030,4,previous_period,34.2203943635538,21.732468905084822,118.42082994976694,92.68505990379046
piecewise_0030,5,previous_period,34.205215636066434,21.832761639790842,118.42082994976694,92.56629241497228
piecewise_0030,6,previous_period,34.21147793391256,21.794244391784012,118.42082994976694,92.61190485973577
piecewise_0030,7,previous_period,34.20912533854065,21.809898293516895,118.42082994976694,92.59336737938418
piecewise_0030,8,previous_period,34.21001397359694,21.804062031333014,118.42082994976694,92.60027872950037
piecewise_0030,9,previous_period,34.20968576278665,21.80623215745151,118.42082994976694,92.59770884813989
piecewise_0030,10,previous_period,34.20980434250167,21.805440089980298,118.42082994976694,92.59864682101306
piecewise_0031,1,default,45.37900889916751,6.803092679601308,129.5019111587785,120.69177612079186
piecewise_0031,2,previous_period,18.867287243315072,68.53811229311084,129.5019111587785,40.743745867050265
piecewise_0031,3,previous_period,17.95089381011441,72.8989096504303,129.5019111587785,35.096429947560054
piecewise_0031,4,previous_period,18.298896085715466,70.7369745096325,129.5019111587785,37.89617727290643
piecewise_0031,5,previous_period,18.016580504441368,72.2683924528099,129.5019111587785,35.91296176866324
piecewise_0031,6,previous_period,18.192429857588998,71.25342598485214,129.5019111587785,37.2273627422893
piecewise_0031,7,previous_period,18.05794477130925,71.98926607386913,129.5019111587785,36.27443576393984
piecewise_0031,8,previous_period,18.147877811419267,71.47720446813855,129.5019111587785,36.93756532967125
piecewise_0031,9,previous_period,18.08139569197577,71.84393790209343,129.5019111587785,36.462638523841484
piecewise_0031,10,previous_period,18.127262614108748,71.58457715602368,129.5019111587785,36.79851564679745
piecewise_0032,1,default,34.02087575324046,6.333463228511271,84.49923754655381,79.14750940817044
piecewise_0032,2,previous_period,31.140808661389322,1.8416882931350131,84.49923754655381,82.94302498087059
piecewise_0032,3,previous_period,31.089765678903735,2.53621970664506,84.49923754655381,82.3561512319333
piecewise_0032,4,previous_period,31.05819495130076,2.7066518662612005,84.49923754655381,82.21213735652353
piecewise_0032,5,previous_period,31.087071279116923,2.4311287441128204,84.49923754655381,82.44495229400337
piecewise_0032,6,previous_period,31.060436295317583,2.700074136111985,84.49923754655381,82.21769548834749
piecewise_0032,7,previous_period,31.083171936670805,2.4661275256734783,84.49923754655381,82.41537859043403
piecewise_0032,8,previous_period,31.062540169561615,2.6798109530191794,84.49923754655381,82.23481772356357
piecewise_0032,9,previous_period,31.080322878556586,2.4943038874745582,84.49923754655381,82.39156977954376
piecewise_0032,10,previous_period,31.064262759180934,2.6633617467876958,84.49923754655381,82.24871717741163
piecewise_0033,1,default,43.40347010848316,-0.7554288423548217,113.26815053799506,114.12381081636096
piecewise_0033,2,previous_period,37.39759706762285,21.958566506582777,113.26815053799506,88.39608837133311
piecewise_0033,3,previous_period,37.10279194644535,22.780760449881278,113.26815053799506,87.4648044979235
piecewise_0033,4,previous_period,37.16599228386311,22.816951805023898,113.26815053799506,87.4238112192988
piecewise_0033,5,previous_period,37.11195959431737,22.797760302486324,113.26815053799506,87.44554907928357
piecewise_0033,6,previous_period,37.14642255504677,22.84495516616144,113.26815053799506,87.39209233004983
piecewise_0033,7,previous_period,37.118652377606715,22.801166476372803,113.26815053799506,87.44169096911824
piecewise_0033,8,previous_period,37.13818350722998,22.845567523524235,113.26815053799506,87.39139872419031
piecewise_0033,9,previous_period,37.12280441271458,22.808853429066055,113.26815053799506,87.43298409996987
piecewise_0033,10,previous_period,37.134038514076686,22.83692260994862,113.26815053799506,87.40119065791302
piecewise_0034,1,default,60.138364853253904,14.188039653439699,193.99057246072928,166.46711311606634
piecewise_0034,2,previous_period,32.0064200565223,56.29580040494451,193.99057246072928,84.78202698382788
piecewise_0034,3,previous_period,32.08111114030516,55.88459884937189,193.99057246072928,85.57971923545063
piecewise_0034,4,previous_period,32.003065955442594,56.07068852921604,193.99057246072928,85.21872280023062
piecewise_0034,5,previous_period,32.02617204460858,56.0145129309346,193.99057246072928,85.32769816492004
piecewise_0034,6,previous_period,32.019487228235974,56.03074238664565,193.99057246072928,85.2962145508789
piecewise_0034,7,previous_period,32.021460605073315,56.0259409940994,193.99057246072928,85.30552879976545
piecewise_0034,8,previous_period,32.02087893482961,56.027360309456256,193.99057246072928,85.30277546177967
piecewise_0034,9,previous_period,32.02105353935895,56.02693021860311,193.99057246072928,85.30360979748778
piecewise_0034,10,previous_period,32.020996605449376,56.02707549252693,193.99057246072928,85.30332797977132
piecewise_0035,1,default,31.441412396052463,25.729409915680137,109.77477893662832,81.53037607999153
piecewise_0035,2,previous_period,10.634383873392336,79.61065541426379,109.77477893662832,22.382357945619326
piecewise_0035,3,previous_period,10.202802979746062,80.0102259973383,109.77477893662832,21.94373022135349
piecewise_0035,4,previous_period,10.204799435371893,80.05845119812894,109.77477893662832,21.890791113793817
piecewise_0035,5,previous_period,10.202579494170442,80.05724935562272,109.77477893662832,21.892110433748183
piecewise_0035,6,previous_period,10.202709469460551,80.05767718244266,109.77477893662832,21.89164078780236
piecewise_0035,7,previous_period,10.202679264337455,80.05767471064591,109.77477893662832,21.891643501211774
piecewise_0035,8,previous_period,10.202681350113828,80.05767457332388,109.77477893662832,21.891643651956734
piecewise_0035,9,previous_period,10.202683388281502,80.05766204268761,109.77477893662832,21.89165740743501
piecewise_0035,10,previous_period,10.202680985489723,80.05767371506111,109.77477893662832,21.891644594112783
piecewise_0036,1,default,47.4684046153358,18.27436148407199,153.26157535911904,125.25400106181021
piecewise_0036,2,previous_period,24.223013172278993,60.24575897473805,153.26157535911904,60.92797606737767
piecewise_0036,3,previous_period,23.913710737202727,61.58502276207714,153.26157535911904,58.875399288687575
piecewise_0036,4,previous_period,23.916475985409615,61.68272049664537,153.26157535911904,58.72566620159813
piecewise_0036,5,previous_period,23.916477464693102,61.70392647399964,153.26157535911904,58.69316558663468
piecewise_0036,6,previous_period,23.916474753728462,61.70840768749572,153.26157535911904,58.68629760823538
piecewise_0036,7,previous_period,23.91647400059537,61.70935622712517,153.26157535911904,58.68484386145638
piecewise_0036,8,previous_period,23.916501241970884,61.70943978221683,153.26157535911904,58.68471580360659
piecewise_0036,9,previous_period,23.9164864096287,61.70952343566647,153.26157535911904,58.684587595011855
piecewise_0036,10,previous_period,23.916496759550128,61.70949864945917,153.26157535911904,58.68462558274362
piecewise_0037,1,default,44.19890664177921,3.5257610149034613,112.71782561804287,108.74366446555504
piecewise_0037,2,previous_period,18.241002953203605,58.691267631562404,112.71782561804287,46.56230491607951
piecewise_0037,3,previous_period,17.16454398949343,58.76958864260724,112.71782561804287,46.47402317542772
piecewise_0037,4,previous_period,17.278842240171617,59.34746663937529,112.71782561804287,45.82265166274567
piecewise_0037,5,previous_period,17.16267790662707,59.304124442295006,112.71782561804287,45.87150604486965
piecewise_0037,6,previous_period,17.177603173458017,59.284825250478214,112.71782561804287,45.89325967424739
piecewise_0037,7,previous_period,17.175959886436125,59.287409676492544,112.71782561804287,45.89034656543933
piecewise_0037,8,previous_period,17.176127940722576,59.287157315562176,112.71782561804287,45.890631021192746
piecewise_0037,9,previous_period,17.176110192470155,59.2871813547128,112.71782561804287,45.890603924784855
piecewise_0037,10,previous_period,17.176112973905923,59.287177175444626,112.71782561804287,45.89060863556509
piecewise_0038,1,default,60.98523359984361,-8.7873105796344,151.52939674459986,164.8447554559943
piecewise_0038,2,previous_period,35.12875771196026,43.78162563517625,151.52939674459986,85.18736353463821
piecewise_0038,3,previous_period,34.95492713553859,44.425576249450614,151.52939674459986,84.21158905349512
piecewise_0038,4,previous_period,34.97576433680725,44.3163834714261,151.52939674459986,84.37704821132434
piecewise_0038,5,previous_period,34.956626847882056,44.359323371084635,151.52939674459986,84.31198164040902
piecewise_0038,6,previous_period,34.965645503899076,44.36704539272729,151.52939674459986,84.30028050759742
piecewise_0038,7,previous_period,34.9579623889295,44.352540181170774,151.52939674459986,84.32226016716552
piecewise_0038,8,previous_period,34.96241923670774,44.37248552935418,151.52939674459986,84.29203710138461
piecewise_0038,9,previous_period,34.95879772414457,44.35529362809925,151.52939674459986,84.31808788564513
piecewise_0038,10,previous_period,34.96113142156628,44.37035036507729,151.52939674459986,84.29527250293287
piecewise_0039,1,default,57.94199370463105,-12.721774245646312,132.35294090564162,149.190583255131
piecewise_0039,2,previous_period,38.266761573089624,27.085409968938514,132.35294090564162,96.50460425540166
piecewise_0039,3,previous_period,38.121353699097234,27.983031253533873,132.35294090564162,95.31657608704471
piecewise_0039,4,previous_period,38.156175030654296,27.306599307208067,132.35294090564162,96.21185366123218
piecewise_0039,5,previous_period,38.11602880818371,27.93398884633208,132.35294090564162,95.3814851552672
piecewise_0039,6,previous_period,38.148123191860435,27.358582435933332,132.35294090564162,96.14305246158953
piecewise_0039,7,previous_period,38.114522679797254,27.91083687078779,132.35294090564162,95.41212747577782
piecewise_0039,8,previous_period,38.14523308677093,27.379942853847705,132.35294090564162,96.11478132029012
piecewise_0039,9,previous_period,38.113952577338324,27.900457905360053,132.35294090564162,95.425864341757
piecewise_0039,10,previous_period,38.14398868772794,27.38830738349535,132.35294090564162,96.10371061930854
piecewise_0040,1,default,47.209834408649925,-30.68360606166656,81.62785869677926,106.67422929587283
piecewise_0040,2,previous_period,15.047461281543908,51.05927464277181,81.62785869677926,39.94926613977704
piecewise_0040,3,previous_period,14.988111729799277,51.29567409439508,81.62785869677926,39.75629832944604
piecewise_0040,4,previous_period,15.038386419652788,51.12794881593792,81.62785869677926,39.893208882743835
piecewise_0040,5,previous_period,14.980268352795553,51.30702170027941,81.62785869677926,39.747035521749304
piecewise_0040,6,previous_period,15.08792375225323,51.0066841616358,81.62785869677926,39.99219462340669
piecewise_0040,7,previous_period,14.984846764777183,51.32528727612071,81.62785869677926,39.73212572331141
piecewise_0040,8,previous_period,15.172315037421589,50.81887152615292,81.62785869677926,40.14550205611336
piecewise_0040,9,previous_period,15.010100068816126,51.312942270086836,81.62785869677926,39.74220268739286
piecewise_0040,10,previous_period,15.250086384658335,50.62427420319708,81.62785869677926,40.30434768392347
piecewise_0041,1,default,40.25001677982991,-14.932980936695618,92.1650868602037,105.92808171132688
piecewise_0041,2,previous_period,27.87107573433834,33.91052454550072,92.1650868602037,60.91142245809227
piecewise_0041,3,previous_period,27.5712395678959,37.26840493954634,92.1650868602037,57.816629076258366
piecewise_0041,4,previous_period,27.597615833159892,33.00579425888601,92.1650868602037,61.745267912601285
piecewise_0041,5,previous_period,27.592540882534294,37.58700641355384,92.1650868602037,57.522989751001475
piecewise_0041,6,previous_period,27.58235077109209,32.98346986864772,92.1650868602037,61.76584320625541
piecewise_0041,7,previous_period,27.593441810167057,37.550126556699816,92.1650868602037,57.5569801031049
piecewise_0041,8,previous_period,27.577581146734428,33.06173614360065,92.1650868602037,61.693709025962804
piecewise_0041,9,previous_period,27.591474940510267,37.48536974299843,92.1650868602037,57.61666327670068
piecewise_0041,10,previous_period,27.57497795915569,33.126972596210734,92.1650868602037,61.6335837927502
piecewise_0042,1,default,59.490377709558175,14.222003994624044,193.2584441910294,165.77322053823292
piecewise_0042,2,previous_period,32.484149733477544,56.41278325423276,193.2584441910294,84.23597694904163
piecewise_0042,3,previous_period,32.785801681125314,55.41811425623746,193.2584441910294,86.15825877941782
piecewise_0042,4,previous_period,32.5843373338236,55.942910420531746,193.2584441910294,85.1440458771285
piecewise_0042,5,previous_period,32.72730369192005,55.552827060563594,193.2584441910294,85.89791490965104
piecewise_0042,6,previous_period,32.618911833660874,55.84689278255717,193.2584441910294,85.32960807042713
piecewise_0042,7,previous_period,32.70262354292886,55.61418918428753,193.2584441910294,85.77932742401958
piecewise_0042,8,previous_period,32.63677457428002,55.795403121536715,193.2584441910294,85.4291161882345
piecewise_0042,9,previous_period,32.68880268297725,55.64994466945821,193.2584441910294,85.71022692966578
piecewise_0042,10,previous_period,32.6474120995237,55.764096436893325,193.2584441910294,85.48961899990411
piecewise_0043,1,default,50.217902448617785,-12.794387570192868,119.91887267999013,135.2617580204742
piecewise_0043,2,previous_period,38.33615584567244,34.50811763172631,119.91887267999013,78.53712703293903
piecewise_0043,3,previous_period,37.926419171558145,30.53496540594204,119.91887267999013,83.30168639195946
piecewise_0043,4,previous_period,37.947357224716896,31.43853965718655,119.91887267999013,82.21813033604039
piecewise_0043,5,previous_period,37.93916818477994,31.034095459184783,119.91887267999013,82.70313525890373
piecewise_0043,6,previous_period,37.94074839605904,31.15531709360542,119.91887267999013,82.55776764146225
piecewise_0043,7,previous_period,37.94011254331996,31.110748136861698,119.91887267999013,82.61121423195455
piecewise_0043,8,previous_period,37.94032636766945,31.12620642938252,119.91887267999013,82.59267682182801
piecewise_0043,9,previous_period,37.940251155296465,31.120693664774702,119.91887267999013,82.5992876669992
piecewise_0043,10,previous_period,37.94027845841742,31.122636353494006,119.91887267999013,82.59695801658734
piecewise_0044,1,default,64.05551864926036,-13.344334671295544,149.5760414059385,169.53596895922252
piecewise_0044,2,previous_period,33.75006785774742,40.46296322553889,149.5760414059385,89.05314277763677
piecewise_0044,3,previous_period,33.6826502372065,40.45058887672174,149.5760414059385,89.07165183874724
piecewise_0044,4,previous_period,33.7054166353153,40.47276984427951,149.5760414059385,89.03847442552879
piecewise_0044,5,previous_period,33.6897623333538,40.44016973986933,149.5760414059385,89.08723637119972
piecewise_0044,6,previous_period,33.7051421506244,40.445308764553566,149.5760414059385,89.07954962151018
piecewise_0044,7,previous_period,33.6940850719047,40.43429270491122,149.5760414059385,89.09602700744212
piecewise_0044,8,previous_period,33.70323905026795,40.437300049851,149.5760414059385,89.09152873992977
piecewise_0044,9,previous_period,33.69647594388415,40.43342125994087,149.5760414059385,89.09733048033179
piecewise_0044,10,previous_period,33.70173266470519,40.43467202125465,149.5760414059385,89.09545964107122
piecewise_0045,1,default,51.34064617565135,1.4449471228403676,138.79213674799672,136.78666376132787
piecewise_0045,2,previous_period,47.703814200688264,9.366369626962134,138.79213674799672,125.79235220702061
piecewise_0045,3,previous_period,47.53452352232497,9.186806089988009,138.79213674799672,126.04157227680727
piecewise_0045,4,previous_period,47.48948542616662,9.513075470503463,138.79213674799672,125.58873603203543
piecewise_0045,5,previous_period,47.482799260635176,9.415869658906328,138.79213674799672,125.72365005499432
piecewise_0045,6,previous_period,47.48575714457266,9.493044681944095,138.79213674799672,125.61653719148444
piecewise_0045,7,previous_period,47.48136129429397,9.435144996440126,138.79213674799672,125.69689740216577
piecewise_0045,8,previous_period,47.48417160850424,9.482510142490774,138.79213674799672,125.63115830388827
piecewise_0045,9,previous_period,47.48124843013552,9.445151820551246,138.79213674799672,125.68300871716133
piecewise_0045,10,previous_period,47.48329096645222,9.476007023909183,138.79213674799672,125.64018412112291
piecewise_0046,1,default,24.801915583308887,28.285635128745923,92.3147501789665,66.20293677333072
piecewise_0046,2,previous_period,9.959740759144582,76.29573078128054,92.3147501789665,21.882536911010526
piecewise_0046,3,previous_period,10.064865376427917,72.62637885497799,92.3147501789665,25.26988997496383
piecewise_0046,4,previous_period,9.970446971666712,76.22355070644068,92.3147501789665,21.949169766777935
piecewise_0046,5,previous_period,10.077115398130422,72.59048960863437,92.3147501789665,25.303021043067044
piecewise_0046,6,previous_period,9.977974074737434,76.19953959464078,92.3147501789665,21.9713355646512
piecewise_0046,7,previous_period,10.084392733009572,72.55767332101387,92.3147501789665,25.333315317001933
piecewise_0046,8,previous_period,9.98186083251557,76.19138715443512,92.3147501789665,21.97886146946055
piecewise_0046,9,previous_period,10.088105651930098,72.53813214649337,92.3147501789665,25.351354703442567
piecewise_0046,10,previous_period,9.983600925669771,76.18869060860463,92.3147501789665,21.98135077900742
piecewise_0047,1,default,53.66557324915841,-1.2053429625877188,153.21860967985887,155.0654194090098
piecewise_0047,2,previous_period,15.984413975573492,73.14343188961756,153.21860967985887,41.14926026645231
piecewise_0047,3,previous_period,15.013731300997552,75.24737517726791,153.21860967985887,37.92562761266174
piecewise_0047,4,previous_period,15.76089748127511,73.33542826936619,153.21860967985887,40.85508608276582
piecewise_0047,5,previous_period,15.036285803786683,75.25077845632336,153.21860967985887,37.92041315580944
piecewise_0047,6,previous_period,15.727661470644998,73.37499054903415,153.21860967985887,40.7944693079009
piecewise_0047,7,previous_period,15.041390180247936,75.25214463803013,153.21860967985887,37.91831991119263
piecewise_0047,8,previous_period,15.722920076978385,73.38025929185142,153.21860967985887,40.78639661340868
piecewise_0047,9,previous_period,15.042431813610245,75.2524326863156,153.21860967985887,37.917878567614444
piecewise_0047,10,previous_period,15.722317659891827,73.38072989451949,153.21860967985887,40.78567556254353
piecewise_0048,1,default,56.742745334451804,11.633677442274726,179.62011295373998,158.72368839125235
piecewise_0048,2,previous_period,40.034732241502574,36.993636468714854,179.62011295373998,113.1721013429384
piecewise_0048,3,previous_period,40.28066456861449,36.799050955480396,179.62011295373998,113.52161606160176
piecewise_0048,4,previous_period,40.31622767786836,36.78678486987336,179.62011295373998,113.54364841842413
piecewise_0048,5,previous_period,40.320286168178754,36.77683901909853,179.62011295373998,113.56151316682008
piecewise_0048,6,previous_period,40.320145133882306,36.777308995318535,179.62011295373998,113.56066899500284
piecewise_0048,7,previous_period,40.32015992181007,36.77726344539114,179.62011295373998,113.5607508118339
piecewise_0048,8,previous_period,40.32015847892399,36.77726713806143,179.62011295373998,113.56074417905535
piecewise_0048,9,previous_period,40.32015810687016,36.7772677255317,179.62011295373998,113.56074312384057
piecewise_0048,10,previous_period,40.32015812226152,36.7772677255317,179.62011295373998,113.56074312384057
piecewise_0049,1,default,69.71657431771598,-3.3142254902303936,205.4964421026453,212.3070575683277
piecewise_0049,2,previous_period,15.474449919122335,82.00593194093693,205.4964421026453,36.97716965090312
piecewise_0049,3,previous_period,15.894235149132243,82.10529124891963,205.4964421026453,36.77298980810088
piecewise_0049,4,previous_period,15.59118324425219,82.09812832731228,205.4964421026453,36.78770935715458
piecewise_0049,5,previous_period,15.798237509337396,82.10116017936781,205.4964421026453,36.781479009050635
piecewise_0049,6,previous_period,15.628033858809589,82.09890912704562,205.4964421026453,36.78610484148263
piecewise_0049,7,previous_period,15.789341591461564,82.09736095529802,205.4964421026453,36.78928627934158
piecewise_0049,8,previous_period,15.633529009426551,82.09430973713037,205.4964421026453,36.795556424116896
piecewise_0049,9,previous_period,15.792258045570092,82.09514335206887,205.4964421026453,36.793843375077444
piecewise_0049,10,previous_period,15.633629700798334,82.08962418332682,205.4964421026453,36.805185070476
piecewise_0050,1,default,65.40724618923441,4.536675041096949,203.15660269773147,193.940047808803
piecewise_0050,2,previous_period,39.907401658015644,52.0833240249428,203.15660269773147,97.3458910366063
piecewise_0050,3,previous_period,39.88640084626168,52.53466267986862,203.15660269773147,96.42896675859737
piecewise_0050,4,previous_period,39.88914619541717,52.45621423999106,203.15660269773147,96.588339943922
piecewise_0050,5,previous_period,39.88743766832933,52.48152235379173,203.15660269773147,96.53692483971767
piecewise_0050,6,previous_period,39.88838329859147,52.46935428567197,203.15660269773147,96.56164507352375
piecewise_0050,7,previous_period,39.88784105195015,52.47607102547535,203.15660269773147,96.54799957312714
piecewise_0050,8,previous_period,39.88814597897565,52.47228911651487,203.15660269773147,96.55568277088835
piecewise_0050,9,previous_period,39.887973922636085,52.47443028958367,203.15660269773147,96.5513328364239
piecewise_0050,10,previous_period,39.888078653202506,52.473172683152484,203.15660269773147,96.55388774692481
piecewise_0051,1,default,50.07585032040419,7.835926482290267,139.37509546783835,128.45376545235666
piecewise_0051,2,previous_period,47.87793247344333,9.324772053451225,139.37509546783835,126.3786855161824
piecewise_0051,3,previous_period,47.88336237574935,8.966874949059989,139.37509546783835,126.87750494710431
piecewise_0051,4,previous_period,47.885740937949194,9.002243067349347,139.37509546783835,126.82821059847333
piecewise_0051,5,previous_period,47.885332275387405,8.98839033764286,139.37509546783835,126.84751785372666
piecewise_0051,6,previous_period,47.88545992558737,8.992556344338876,139.37509546783835,126.84171147791689
piecewise_0051,7,previous_period,47.88542639485627,8.991243789203496,139.37509546783835,126.84354085288989
piecewise_0051,8,previous_period,47.88543103172859,8.99166121052003,139.37509546783835,126.84295907153147
piecewise_0051,9,previous_period,47.88543089809148,8.99153893142376,139.37509546783835,126.84312949813864
piecewise_0051,10,previous_period,47.885432884756774,8.991562138021003,139.37509546783835,126.84309715392156
piecewise_0052,1,default,50.45442947949831,6.003037186040306,150.2170966299363,141.19950845945112
piecewise_0052,2,previous_period,15.386000505893858,72.5070929556157,150.2170966299363,41.29904674124133
piecewise_0052,3,previous_period,15.1309029611379,73.14775964114945,150.2170966299363,40.33665584715729
piecewise_0052,4,previous_period,15.088151520124674,73.32135308800231,150.2170966299363,40.07588881135507
piecewise_0052,5,previous_period,15.101637806411988,73.25663825427927,150.2170966299363,40.173101555662726
piecewise_0052,6,previous_period,15.091422973941784,73.30380890270459,150.2170966299363,40.102243177136714
piecewise_0052,7,previous_period,15.098408693362272,73.27101498231816,150.2170966299363,40.151505252212324
piecewise_0052,8,previous_period,15.09342525720537,73.29411798631746,150.2170966299363,40.116800590370275
piecewise_0052,9,previous_period,15.096883549229084,73.27797541536852,150.2170966299363,40.14104949177121
piecewise_0052,10,previous_period,15.094458467167522,73.28927723523199,150.2170966299363,40.12407222610593
piecewise_0053,1,default,72.6247324502513,-8.320069226138283,197.44184798267815,213.8691464162037
piecewise_0053,2,previous_period,28.125393013972797,69.89508671883263,197.44184798267815,59.43969711591956
piecewise_0053,3,previous_period,28.3683307719373,68.99593964492547,197.44184798267815,61.21498971472403
piecewise_0053,4,previous_period,28.145255177487677,69.83146352123748,197.44184798267815,59.56531593299709
piecewise_0053,5,previous_period,28.276802785133047,69.18001154994165,197.44184798267815,60.85155474384317
piecewise_0053,6,previous_period,28.158319325529057,69.7109104826053,197.44184798267815,59.80333808027176
piecewise_0053,7,previous_period,28.2386214202094,69.29907946666806,197.44184798267815,60.616464848704084
piecewise_0053,8,previous_period,28.17011883771013,69.61641875246384,197.44184798267815,59.98990429845382
piecewise_0053,9,previous_period,28.218835796326875,69.374532420052,197.44184798267815,60.4674891431853
piecewise_0053,10,previous_period,28.17904156138702,69.55873941979414,197.44184798267815,60.103787438780984
piecewise_0054,1,default,36.69259793559945,15.792776823350197,109.62248443359874,92.31005011878868
piecewise_0054,2,previous_period,15.905284155395899,63.52426486002477,109.62248443359874,39.98560707586005
piecewise_0054,3,previous_period,15.276701612163121,67.75400184267937,109.62248443359874,35.348864310467334
piecewise_0054,4,previous_period,15.50111955245651,65.84723714480955,109.62248443359874,37.43910714457504
piecewise_0054,5,previous_period,15.34806157066407,66.92946480133618,109.62248443359874,36.25274230026304
piecewise_0054,6,previous_period,15.432661858673471,66.30553067745237,109.62248443359874,36.93671438809347
piecewise_0054,7,previous_period,15.377529592206773,66.67254809966452,109.62248443359874,36.534380771560365
piecewise_0054,8,previous_period,15.411638069604578,66.43693069819079,109.62248443359874,36.792670420813764
piecewise_0054,9,previous_period,15.389370678145365,66.58464571234153,109.62248443359874,36.63074155242028
piecewise_0054,10,previous_period,15.403644902184483,66.4882330606645,109.62248443359874,36.736431496496955
piecewise_0055,1,default,59.08711400359404,-2.388089367036894,157.44224684336177,161.20210839945207
piecewise_0055,2,previous_period,54.70560210432207,4.202000978526721,157.44224684336177,150.82652209038926
piecewise_0055,3,previous_period,54.59785053612651,4.525067115774128,157.44224684336177,150.31787950511688
piecewise_0055,4,previous_period,54.593009355765325,4.512428216536202,157.44224684336177,150.33777847205334
piecewise_0055,5,previous_period,54.594140213352105,4.517483804356825,157.44224684336177,150.3298188409974
piecewise_0055,6,previous_period,54.59365831224496,4.5153440623118986,157.44224684336177,150.3331876989496
piecewise_0055,7,previous_period,54.593867442068216,4.516287434652733,157.44224684336177,150.33170243234008
piecewise_0055,8,previous_period,54.59377417095838,4.5158721863786555,157.44224684336177,150.33235620855277
piecewise_0055,9,previous_period,54.593812885448585,4.51605645891534,157.44224684336177,150.3320660857307
piecewise_0055,10,previous_period,54.59379539656125,4.515976651466191,157.44224684336177,150.33219173637178
piecewise_0056,1,default,61.281087431047574,-11.892256380821786,157.9942371061494,176.78331684973617
piecewise_0056,2,previous_period,20.26645159592806,64.69822368727827,157.9942371061494,55.774772170204045
piecewise_0056,3,previous_period,19.953512938487467,65.66195327267224,157.9942371061494,54.252134963994614
piecewise_0056,4,previous_period,19.997917150589256,65.35789242157624,157.9942371061494,54.7325335860222
piecewise_0056,5,previous_period,19.954651849058703,65.60995106462941,157.9942371061494,54.33429545587022
piecewise_0056,6,previous_period,19.982925237400977,65.41527169837092,157.9942371061494,54.64187763539341
piecewise_0056,7,previous_period,19.956595487990064,65.5783999939524,157.9942371061494,54.384144329285185
piecewise_0056,8,previous_period,19.975665058106284,65.44808563814021,157.9942371061494,54.590033501590426
piecewise_0056,9,previous_period,19.95856072954117,65.55725957870506,157.9942371061494,54.417544967076296
piecewise_0056,10,previous_period,19.971608056023666,65.46862684413877,157.9942371061494,54.55757957988061
piecewise_0057,1,default,66.65193132366075,5.401627178780677,203.07263149413166,192.1034050386795
piecewise_0057,2,previous_period,30.27407436002821,63.79561143859509,203.07263149413166,73.52120456800533
piecewise_0057,3,previous_period,30.095614735352292,63.4991714824216,203.07263149413166,74.1231929878069
piecewise_0057,4,previous_period,30.0414949344386,63.74818595828409,203.07263149413166,73.61751273887164
piecewise_0057,5,previous_period,30.05662439212393,63.67589010763249,203.07263149413166,73.76432582525089
piecewise_0057,6,previous_period,30.052010932429337,63.697620592372104,203.07263149413166,73.72019715805372
piecewise_0057,7,previous_period,30.05337261836632,63.691182001709755,203.07263149413166,73.7332721735429
piecewise_0057,8,previous_period,30.05296847341427,63.69309412640104,203.07263149413166,73.72938917161486
piecewise_0057,9,previous_period,30.053087622970764,63.69252979583631,203.07263149413166,73.73053517254299
piecewise_0057,10,previous_period,30.053052092875056,63.69269639110349,203.07263149413166,73.73019686314998
piecewise_0058,1,default,47.78551156902767,1.447896249636016,126.4023086643,124.57213437769626
piecewise_0058,2,previous_period,39.02052185997038,19.624470331656983,126.4023086643,101.59652510194496
piecewise_0058,3,previous_period,38.931247490052385,19.55233080554629,126.4023086643,101.68771112840835
piecewise_0058,4,previous_period,38.985244757943754,19.580851539542486,126.4023086643,101.65166026218917
piecewise_0058,5,previous_period,38.94365142730633,19.566874567012448,126.4023086643,101.6693274781485
piecewise_0058,6,previous_period,38.9723522345991,19.57197781408301,126.4023086643,101.66287685603447
piecewise_0058,7,previous_period,38.950227696764465,19.5705870859741,126.4023086643,101.66463476847137
piecewise_0058,8,previous_period,38.96628075179788,19.570002393418605,126.4023086643,101.6653738333601
piecewise_0058,9,previous_period,38.9539201082473,19.571259925158547,126.4023086643,101.66378428420865
piecewise_0058,10,previous_period,38.96309905660445,19.569792514103725,126.4023086643,101.66563912565954
piecewise_0059,1,default,58.58976179263728,-4.062697232143586,151.3958503407598,157.5466053621341
piecewise_0059,2,previous_period,30.27168509567921,47.366951112973965,151.3958503407598,79.68425192278087
piecewise_0059,3,previous_period,29.93531508184297,48.45546904353073,151.3958503407598,78.03628094570283
piecewise_0059,4,previous_period,30.06581416805121,47.857089555051466,151.3958503407598,78.94220266055069
piecewise_0059,5,previous_period,29.956921618488874,48.373166930605336,151.3958503407598,78.16088292941464
piecewise_0059,6,previous_period,30.040272113971316,47.919203218650054,151.3958503407598,78.84816515136781
piecewise_0059,7,previous_period,29.957890102261388,48.34742141895349,151.3958503407598,78.19986056570454
piecewise_0059,8,previous_period,30.030564461810254,47.94404174645484,151.3958503407598,78.81056065098562
piecewise_0059,9,previous_period,29.95763371801412,48.33328804369966,151.3958503407598,78.2212579093519
piecewise_0059,10,previous_period,30.025052592999806,47.958752478810126,151.3958503407598,78.788289212645
piecewise_0060,1,default,33.072837706670995,0.9785677042890573,66.81064335588914,66.15685597698067
piecewise_0060,2,previous_period,27.07214502926956,-0.9158372629801015,66.81064335588914,67.42252012337912
piecewise_0060,3,previous_period,27.025092778355734,0.6477465905867508,66.81064335588914,66.3778796914023
piecewise_0060,4,previous_period,26.970857663421757,0.5382354007565593,66.81064335588914,66.45104482187453
piecewise_0060,5,previous_period,27.038014080252363,0.33714659628601984,66.81064335588914,66.58539354585797
piecewise_0060,6,previous_period,26.960134681554788,0.6809311387786954,66.81064335588914,66.35570888126051
piecewise_0060,7,previous_period,27.067258882842058,0.15209100374498075,66.81064335588914,66.70903037780069
piecewise_0060,8,previous_period,26.95203042003035,0.711819718508433,66.81064335588914,66.33507202241958
piecewise_0060,9,previous_period,27.095813772224485,-0.01844363406324767,66.81064335588914,66.82296566646501
piecewise_0060,10,previous_period,26.94887070481106,0.7246824713736721,66.81064335588914,66.32647833447703
piecewise_0061,1,default,41.702153120960396,-5.896487693552599,108.03425558270187,114.40448216795706
piecewise_0061,2,previous_period,38.72965377451847,5.906090140022169,108.03425558270187,101.65365506588557
piecewise_0061,3,previous_period,38.58864695209913,5.336529745726859,108.03425558270187,102.26897539795641
piecewise_0061,4,previous_period,38.59821571869491,5.138006562663289,108.03425558270187,102.48344844093822
piecewise_0061,5,previous_period,38.59987968833734,5.138697476043919,108.03425558270187,102.48270201781074
piecewise_0061,6,previous_period,38.59965773836772,5.13577795385819,108.03425558270187,102.48585610187067
piecewise_0061,7,previous_period,38.599734611760525,5.136693238579326,108.03425558270187,102.48486728083572
piecewise_0061,8,previous_period,38.59970967108105,5.136396483760597,108.03425558270187,102.48518787769504
piecewise_0061,9,previous_period,38.59971721387314,5.136493809015585,108.03425558270187,102.48508273308032
piecewise_0061,10,previous_period,38.599714347569666,5.136465692830816,108.03425558270187,102.48511310819123
piecewise_0062,1,default,46.51024335561881,-26.179837605816413,95.56511025625589,120.5839009291631
piecewise_0062,2,previous_period,21.695040740891372,75.38795282265396,95.56511025625589,23.52053002135246
piecewise_0062,3,previous_period,21.690493167127215,75.36366112259729,95.56511025625589,23.543744411294732
piecewise_0062,4,previous_period,21.693796625483046,75.42974460432458,95.56511025625589,23.480591659120876
piecewise_0062,5,previous_period,21.68950535939865,75.35430169389858,95.56511025625589,23.55268875965002
piecewise_0062,6,previous_period,21.69347915893794,75.44913549713397,95.56511025625589,23.46206073102791
piecewise_0062,7,previous_period,21.6890764112359,75.35453936953036,95.56511025625589,23.55246162467045
piecewise_0062,8,previous_period,21.693050608896165,75.45746089751563,95.56511025625589,23.454104552973895
piecewise_0062,9,previous_period,21.688930558774718,75.36037127569979,95.56511025625589,23.546888357109587
piecewise_0062,10,previous_period,21.69260802196579,75.46005748506126,95.56511025625589,23.451623121223015
piecewise_0063,1,default,68.28189802961364,4.931914739850485,210.55528810797944,200.17088081824735
piecewise_0063,2,previous_period,25.696699116970454,76.6597846643019,210.55528810797944,49.14405764510194
piecewise_0063,3,previous_period,25.49165946788252,77.05801852743902,210.55528810797944,48.30555518723004
piecewise_0063,4,previous_period,25.40716763041469,77.00969273849296,210.55528810797944,48.40730769137589
piecewise_0063,5,previous_period,25.381663553002188,77.15664416105021,210.55528810797944,48.09789370023167
piecewise_0063,6,previous_period,25.360051542469943,77.09676689075226,210.55528810797944,48.223968459218696
piecewise_0063,7,previous_period,25.355613153759027,77.1536417947795,210.55528810797944,48.10421534118301
piecewise_0063,8,previous_period,25.35099056656081,77.13003629460698,210.55528810797944,48.15391797008059
piecewise_0063,9,previous_period,25.350942569391712,77.14947834375367,210.55528810797944,48.11298170748567
piecewise_0063,10,previous_period,25.34982763607572,77.1422642199084,210.55528810797944,48.128171426732564
piecewise_0064,1,default,46.15163101282435,-5.275841293612382,128.94185621047842,135.74462390518113
piecewise_0064,2,previous_period,12.888469101298023,71.94659593828243,128.94185621047842,36.17257992740438
piecewise_0064,3,previous_period,7.977085088665697,88.52968044551247,128.94185621047842,14.790042946829697
piecewise_0064,4,previous_period,9.247439749462183,83.58117497654352,128.94185621047842,21.1707377531953
piecewise_0064,5,previous_period,8.123190621982797,87.83028173965704,128.94185621047842,15.69186062047175
piecewise_0064,6,previous_period,8.683399934643719,85.57864691042275,128.94185621047842,18.595160364368084
piecewise_0064,7,previous_period,8.218635729580908,87.39156082243149,128.94185621047842,16.257555514726008
piecewise_0064,8,previous_period,8.517028012630796,86.20882513415538,128.94185621047842,17.782596865253016
piecewise_0064,9,previous_period,8.288523360845689,87.11590327983866,128.94185621047842,16.612993466929403
piecewise_0064,10,previous_period,8.443616052967524,86.4906911924018,128.94185621047842,17.419153537722778
piecewise_0065,1,default,82.04607281915492,-6.929579365234728,215.93025233752348,230.89331054680378
piecewise_0065,2,previous_period,33.20642402191231,61.77507890640772,215.93025233752348,82.53916857321306
piecewise_0065,3,previous_period,32.97984148285088,62.26892778511147,215.93025233752348,81.472799443262
piecewise_0065,4,previous_period,32.99158863970399,62.24073214580401,215.93025233752348,81.5336823583668
piecewise_0065,5,previous_period,32.991009577220346,62.24223913339393,215.93025233752348,81.53042831626118
piecewise_0065,6,previous_period,32.99100378909837,62.242256623451354,215.93025233752348,81.53039054993604
piecewise_0065,7,previous_period,32.991003734032354,62.242257131769094,215.93025233752348,81.53038945232427
piecewise_0065,8,previous_period,32.99100327164401,62.24225810259054,215.93025233752348,81.53038735602706
piecewise_0065,9,previous_period,32.991002198949694,62.24226031257286,215.93025233752348,81.53038258400667
piecewise_0065,10,previous_period,32.991003163550715,62.242258244395934,215.93025233752348,81.53038704982634
piecewise_0066,1,default,48.1066639279863,14.110552716865065,159.63610333812835,137.11056682145255
piecewise_0066,2,previous_period,22.191556483246817,65.88799946645206,159.63610333812835,54.45506842243748
piecewise_0066,3,previous_period,21.94553998676498,65.8589147262656,159.63610333812835,54.501498168337164
piecewise_0066,4,previous_period,21.959761173037087,65.84237953959811,159.63610333812835,54.52789429601283
piecewise_0066,5,previous_period,21.953623282487204,65.856217838567,159.63610333812835,54.50580337477062
piecewise_0066,6,previous_period,21.95712967219746,65.84776534344523,159.63610333812835,54.519296608617864
piecewise_0066,7,previous_period,21.95498476450952,65.85289292743816,159.63610333812835,54.51111113333615
piecewise_0066,8,previous_period,21.956287319425506,65.84977415486199,159.63610333812835,54.51608982034871
piecewise_0066,9,previous_period,21.955488160169665,65.8516702429723,159.63610333812835,54.51306297917357
piecewise_0066,10,previous_period,21.955951467471255,65.85055657837174,159.63610333812835,54.51484078994616
piecewise_0067,1,default,74.19275363280835,5.057240500121418,228.28011573770124,216.73544127089016
piecewise_0067,2,previous_period,27.92009613360321,69.95409919479303,228.28011573770124,68.58881713256139
piecewise_0067,3,previous_period,27.30325606835372,71.19351560697929,228.28011573770124,65.75947591235052
piecewise_0067,4,previous_period,27.347531997099058,71.06658970000387,228.28011573770124,66.04922251969512
piecewise_0067,5,previous_period,27.341225103376356,71.08413780248735,228.28011573770124,66.0091636910361
piecewise_0067,6,previous_period,27.34213124359741,71.08160857414289,228.28011573770124,66.0149374164281
piecewise_0067,7,previous_period,27.34200090450038,71.0819710902481,228.28011573770124,66.01410986424352
piecewise_0067,8,previous_period,27.342019990823804,71.08191751928578,228.28011573770124,66.0142321560983
piecewise_0067,9,previous_period,27.34201786185177,71.08192599138079,228.28011573770124,66.01421281599005
piecewise_0067,10,previous_period,27.342017923591158,71.08192488632493,228.28011573770124,66.01421533861286
piecewise_0068,1,default,88.81272783929482,-11.826624878005054,228.69543130340134,255.74238207679034
piecewise_0068,2,previous_period,45.35455757007375,42.869781290464914,228.69543130340134,130.65420008234776
piecewise_0068,3,previous_period,45.1434663977456,43.184028846491096,228.69543130340134,129.93553027873327
piecewise_0068,4,previous_period,45.14279914909705,43.184810208958424,228.69543130340134,129.9337433384686
piecewise_0068,5,previous_period,45.14279227362592,43.18481118120708,228.69543130340134,129.9337411149803
piecewise_0068,6,previous_period,45.14279180017481,43.1848113253965,228.69543130340134,129.9337407852257
piecewise_0068,7,previous_period,45.142791978610134,43.18481104525706,228.69543130340134,129.9337414258918
piecewise_0068,8,previous_period,45.142791978610134,43.18481104525706,228.69543130340134,129.9337414258918
piecewise_0068,9,previous_period,45.142791978610134,43.18481104525706,228.69543130340134,129.9337414258918
piecewise_0068,10,previous_period,45.142791978610134,43.18481104525706,228.69543130340134,129.9337414258918
piecewise_0069,1,default,47.62929507008393,6.222988965818221,133.6223872170061,125.30708080462891
piecewise_0069,2,previous_period,45.14836958831539,15.31628527520893,133.6223872170061,113.15640119930514
piecewise_0069,3,previous_period,45.04304641347963,14.967864208874037,133.6223872170061,113.62196974570875
piecewise_0069,4,previous_period,45.0524457882957,15.449925912460316,133.6223872170061,112.97782738951781
piecewise_0069,5,previous_period,45.045739296295224,15.163748728898895,133.6223872170061,113.36022417386297
piecewise_0069,6,previous_period,45.04915195971632,15.354580338164558,133.6223872170061,113.10523042199756
piecewise_0069,7,previous_period,45.04661379631168,15.234879146670766,133.6223872170061,113.26517801159876
piecewise_0069,8,previous_period,45.04812133653699,15.313631958605356,133.6223872170061,113.15994662429125
piecewise_0069,9,previous_period,45.047085317601606,15.263103527898314,133.6223872170061,113.2274639196253
piecewise_0069,10,previous_period,45.047733786576885,15.29613158521258,133.6223872170061,113.18333104099057
piecewise_0070,1,default,31.43265258429189,14.100117888138053,98.60015837614003,84.69741980721346
piecewise_0070,2,previous_period,28.502235618422528,32.32468763947507,98.60015837614003,66.72796516902505
piecewise_0070,3,previous_period,28.502700222535744,31.840305138680836,98.60015837614003,67.20556708195447
piecewise_0070,4,previous_period,28.50079458580394,32.22215764753149,98.60015837614003,66.82905990346447
piecewise_0070,5,previous_period,28.49778074370323,31.990953832946246,98.60015837614003,67.0570272308172
piecewise_0070,6,previous_period,28.49864864069577,32.16233374326174,98.60015837614003,66.88804636782123
piecewise_0070,7,previous_period,28.497280235042865,32.0442981581346,98.60015837614003,67.00442964169679
piecewise_0070,8,previous_period,28.497859067275073,32.129344402961536,98.60015837614003,66.92057390960447
piecewise_0070,9,previous_period,28.4972780231974,32.06953444572024,98.60015837614003,66.9795466221691
piecewise_0070,10,previous_period,28.49758880119671,32.11237000798066,98.60015837614003,66.93731068993901
piecewise_0071,1,default,34.89088436930971,8.214267497201044,107.25405571450706,98.4439206765204
piecewise_0071,2,previous_period,11.933373108772056,75.16259308134462,107.25405571450706,26.639126254573476
piecewise_0071,3,previous_period,10.510255188309275,76.94604518414941,107.25405571450706,24.726301542589674
piecewise_0071,4,previous_period,10.744804272772539,76.72192341122359,107.25405571450706,24.966681233791867
piecewise_0071,5,previous_period,10.635436767937435,76.88929238182392,107.25405571450706,24.787171224815406
piecewise_0071,6,previous_period,10.69099624014542,76.803621933033,107.25405571450706,24.879056255692475
piecewise_0071,7,previous_period,10.659343404907725,76.85318502161734,107.25405571450706,24.82589783304841
piecewise_0071,8,previous_period,10.67662125893665,76.82621427056972,107.25405571450706,24.854825057403648
piecewise_0071,9,previous_period,10.666910914083182,76.84141878526974,107.25405571450706,24.838517598736168
piecewise_0071,10,previous_period,10.672289177600303,76.83300642733992,107.25405571450706,24.847540193797105
piecewise_0072,1,default,57.67032409706637,10.407022358495578,171.32570168833468,153.49579760778025
piecewise_0072,2,previous_period,41.4897098423057,44.302039658125956,171.32570168833468,95.42492138180607
piecewise_0072,3,previous_period,40.41220347578682,45.34609876484249,171.32570168833468,93.63617979118301
piecewise_0072,4,previous_period,40.829577638033996,44.85895608331356,171.32570168833468,94.47078040853583
piecewise_0072,5,previous_period,40.52430816253278,45.13572356371166,171.32570168833468,93.99660658069865
piecewise_0072,6,previous_period,40.724986510043756,45.04640353144871,171.32570168833468,94.1496347527214
piecewise_0072,7,previous_period,40.55946614510022,45.08064465378432,171.32570168833468,94.09097090961396
piecewise_0072,8,previous_period,40.68946994339542,45.08222070127251,171.32570168833468,94.08827073519588
piecewise_0072,9,previous_period,40.57758885295648,45.07251449494477,171.32570168833468,94.1048999612942
piecewise_0072,10,previous_period,40.67071889329026,45.083038317004345,171.32570168833468,94.0868699493062
piecewise_0073,1,default,53.18026360978235,-12.555309329491937,139.55163692044246,157.0727766101735
piecewise_0073,2,previous_period,26.116397699334104,60.019770452305366,139.55163692044246,55.79306477835827
piecewise_0073,3,previous_period,25.496691148551726,63.0523991241492,139.55163692044246,51.56098182508154
piecewise_0073,4,previous_period,25.505201247320095,62.18811480885355,139.55163692044246,52.767104734723254
piecewise_0073,5,previous_period,25.47146092275168,62.693705154367294,139.55163692044246,52.06154513144709
piecewise_0073,6,previous_period,25.475833143093144,62.51172176391533,139.55163692044246,52.315505931746124
piecewise_0073,7,previous_period,25.473327897913272,62.59066345506115,139.55163692044246,52.20534150953946
piecewise_0073,8,previous_period,25.47420008095296,62.559009925066356,139.55163692044246,52.2495145287903
piecewise_0073,9,previous_period,25.473849591397066,62.571681363414825,139.55163692044246,52.23183132915365
piecewise_0073,10,previous_period,25.47398610652012,62.56661424703304,139.55163692044246,52.23890257300909
piecewise_0074,1,default,49.357777549479984,-3.3150271838292777,125.31005449137866,129.46411686183916
piecewise_0074,2,previous_period,39.460999050184355,18.68117454291458,125.31005449137866,101.90066449202284
piecewise_0074,3,previous_period,39.315943721952465,18.56696452528166,125.31005449137866,102.04378112735327
piecewise_0074,4,previous_period,39.2839737854693,18.7297295528142,125.31005449137866,101.83982018265934
piecewise_0074,5,previous_period,39.291341566203485,18.664976867314508,125.31005449137866,101.92096180814363
piecewise_0074,6,previous_period,39.28643429275946,18.699338654011676,125.31005449137866,101.8779030345092
piecewise_0074,7,previous_period,39.28871926138112,18.681702404235377,125.31005449137866,101.90000302871411
piecewise_0074,8,previous_period,39.28745338812091,18.690980716251083,125.31005449137866,101.88837637087136
piecewise_0074,9,previous_period,39.2880967513068,18.686144467689957,125.31005449137866,101.89443667657864
piecewise_0074,10,previous_period,39.28775556584979,18.688676769414403,125.31005449137866,101.89126344790785
piecewise_0075,1,default,70.23959140586257,1.7159164056292697,211.55285415262415,207.92278402164231
piecewise_0075,2,previous_period,13.491163578428118,87.12233891357809,211.55285415262415,27.24305957642737
piecewise_0075,3,previous_period,13.46594604523384,86.99858745624638,211.55285415262415,27.504859316468078
piecewise_0075,4,previous_period,13.456726458578858,87.12938273763876,211.55285415262415,27.22815816558554
piecewise_0075,5,previous_period,13.468006684257494,87.02438047714111,211.55285415262415,27.45029344459311
piecewise_0075,6,previous_period,13.456066055540573,87.10653502916061,211.55285415262415,27.27649314497954
piecewise_0075,7,previous_period,13.464751832770649,87.04510542773785,211.55285415262415,27.406449220083953
piecewise_0075,8,previous_period,13.457626825705507,87.09134324848074,211.55285415262415,27.308631790604412
piecewise_0075,9,previous_period,13.462765883230354,87.05647207198741,211.55285415262415,27.382402759752637
piecewise_0075,10,previous_period,13.458746195153918,87.08263179617782,211.55285415262415,27.327061116589377
piecewise_0076,1,default,41.814076901903995,0.41717516191679405,104.8483215622058,104.41092040696162
piecewise_0076,2,previous_period,24.350958434432712,43.18724636094772,104.8483215622058,59.56721862381731
piecewise_0076,3,previous_period,23.819181854658236,46.14876258623216,104.8483215622058,56.46211856881418
piecewise_0076,4,previous_period,23.878932928655928,44.25159086733904,104.8483215622058,58.45127127322647
piecewise_0076,5,previous_period,23.834039112231054,45.89912397436855,104.8483215622058,56.72386046332437
piecewise_0076,6,previous_period,23.85231018994676,44.521741790327155,104.8483215622058,58.16802256478863
piecewise_0076,7,previous_period,23.831903261401987,45.70708014150393,104.8483215622058,56.92521519874664
piecewise_0076,8,previous_period,23.844915968691836,44.66855942315121,104.8483215622058,58.01408674101524
piecewise_0076,9,previous_period,23.830375419021667,45.58544780776753,104.8483215622058,57.05274465914621
piecewise_0076,10,previous_period,23.84117868049054,44.765827076721735,104.8483215622058,57.912103238823605
piecewise_0077,1,default,43.49211312361416,-2.081410417220031,115.96924340274015,118.38303931569604
piecewise_0077,2,previous_period,40.75655244291482,6.2858837072663265,115.96924340274015,108.67955162624727
piecewise_0077,3,previous_period,40.61441577020156,6.1109911357989155,115.96924340274015,108.88237321814563
piecewise_0077,4,previous_period,40.619683443056005,6.249490094861643,115.96924340274015,108.72175702319991
piecewise_0077,5,previous_period,40.61971891058544,6.171919558826278,115.96924340274015,108.81171498694357
piecewise_0077,6,previous_period,40.62048860739364,6.20069585042774,115.96924340274015,108.778343339294
piecewise_0077,7,previous_period,40.62024846300835,6.188037892837627,115.96924340274015,108.79302267694149
piecewise_0077,8,previous_period,40.62035668132318,6.19311278932928,115.96924340274015,108.78713735787665
piecewise_0077,9,previous_period,40.62031522611702,6.191061106651374,115.96924340274015,108.78951667875523
piecewise_0077,10,previous_period,40.6203306329203,6.191875532221247,115.96924340274015,108.78857219558378
piecewise_0078,1,default,59.44659252693448,10.233170205397347,181.70879692230113,163.11422645506224
piecewise_0078,2,previous_period,44.53648922532269,33.593560309540706,181.70879692230113,120.66634264046706
piecewise_0078,3,previous_period,44.59299580062626,33.58381285156704,181.70879692230113,120.6840546290815
piecewise_0078,4,previous_period,44.595430199719914,33.56985924718603,181.70879692230113,120.70940955572955
piecewise_0078,5,previous_period,44.595072178426825,33.572561906402285,181.70879692230113,120.70449858618278
piecewise_0078,6,previous_period,44.595156318907684,33.57198747310133,181.70879692230113,120.70554238202307
piecewise_0078,7,previous_period,44.595136006633716,33.572112576241445,181.70879692230113,120.70531505861226
piecewise_0078,8,previous_period,44.59514185279245,33.57208422478378,181.70879692230113,120.70536657570487
piecewise_0078,9,previous_period,44.595134145169176,33.57210195740726,181.70879692230113,120.70533435396808
piecewise_0078,10,previous_period,44.595134366938716,33.57210011155522,181.70879692230113,120.70533770804361
piecewise_0079,1,default,60.32862421248846,-8.248104696262693,146.2738329289703,158.33865181218815
piecewise_0079,2,previous_period,47.46203842491589,13.953091382883942,146.2738329289703,125.8641113511441
piecewise_0079,3,previous_period,47.25935399484713,14.491680525119133,146.2738329289703,125.07629636905742
piecewise_0079,4,previous_period,47.262061602820886,14.538555448976409,146.2738329289703,125.00773062124885
piecewise_0079,5,previous_period,47.264712005559325,14.543243484823199,146.2738329289703,125.00087325152666
piecewise_0079,6,previous_period,47.26512184074023,14.544345817802384,146.2738329289703,124.99926082682637
piecewise_0079,7,previous_period,47.26517495532839,14.544531629010516,146.2738329289703,124.99898903365022
piecewise_0079,8,previous_period,47.265186365751276,14.544550939257384,146.2738329289703,124.99896078781198
piecewise_0079,9,previous_period,47.26518474442643,14.544559969599657,146.2738329289703,124.99894757878421
piecewise_0079,10,previous_period,47.26518663409537,14.544558050168854,146.2738329289703,124.99895038640922
piecewise_0080,1,default,40.11454821166853,-21.10293270327861,91.11550046544522,110.34354321092364
piecewise_0080,2,previous_period,26.861632324873312,52.32912212625565,91.11550046544522,43.43555895093336
piecewise_0080,3,previous_period,26.488345089186286,49.515554168154786,91.11550046544522,45.99915547689237
piecewise_0080,4,previous_period,26.519461235756744,50.86389875725893,91.11550046544522,44.770604556531374
piecewise_0080,5,previous_period,26.51357567083802,50.65169386103883,91.11550046544522,44.963956109734504
piecewise_0080,6,previous_period,26.51623040182806,50.717677970920114,91.11550046544522,44.9038343577885
piecewise_0080,7,previous_period,26.51551224709981,50.69927989915013,91.11550046544522,44.92059785295771
piecewise_0080,8,previous_period,26.515713075631567,50.70449872114591,91.11550046544522,44.91584269717786
piecewise_0080,9,previous_period,26.515657369701422,50.703036983608285,91.11550046544522,44.91717456665075
piecewise_0080,10,previous_period,26.515673083578758,50.70344757381614,91.11550046544522,44.916800455328
piecewise_0081,1,default,66.75884136277782,5.279211283829577,195.18946543348292,184.88500114947186
piecewise_0081,2,previous_period,52.45825696853123,32.037797442451144,195.18946543348292,132.65505986890048
piecewise_0081,3,previous_period,52.351798059734655,32.46033328616606,195.18946543348292,131.83031441428847
piecewise_0081,4,previous_period,52.36441423935377,32.32997727764763,195.18946543348292,132.08475561047604
piecewise_0081,5,previous_period,52.36225267069162,32.356334400528944,195.18946543348292,132.03330928322035
piecewise_0081,6,previous_period,52.36301271381883,32.34841659963947,195.18946543348292,132.0487639964506
piecewise_0081,7,previous_period,52.3628444499181,32.350324496198866,195.18946543348292,132.04503998335528
piecewise_0081,8,previous_period,52.36289087764629,32.34984028294636,195.18946543348292,132.0459851166144
piecewise_0081,9,previous_period,52.36287896674948,32.349966814767825,195.18946543348292,132.04573813982847
piecewise_0081,10,previous_period,52.362883107549244,32.34990094234212,195.18946543348292,132.0458667158641
piecewise_0082,1,default,67.73392930913049,-2.346942000000074,172.67582683647123,176.72842834034378
piecewise_0082,2,previous_period,42.86197705614151,36.416086934064396,172.67582683647123,109.79404762158737
piecewise_0082,3,previous_period,42.89317348172777,35.88849174308453,172.67582683647123,110.70507697996132
piecewise_0082,4,previous_period,42.871033947098866,36.08362230107686,172.67582683647123,110.36813367553744
piecewise_0082,5,previous_period,42.87851376477019,36.01538101185925,172.67582683647123,110.48596988593782
piecewise_0082,6,previous_period,42.87569556886416,36.04105537367428,172.67582683647123,110.44163646938873
piecewise_0082,7,previous_period,42.87677008430252,36.03150045392659,172.67582683647123,110.4581355060666
piecewise_0082,8,previous_period,42.87629307396197,36.035173729116124,172.67582683647123,110.4517926477611
piecewise_0082,9,previous_period,42.87645948635344,36.03380214635791,172.67582683647123,110.4541610396296
piecewise_0082,10,previous_period,42.876371202172,36.03435195800314,172.67582683647123,110.45321164782514
piecewise_0083,1,default,44.36546807008917,15.69331994711768,128.60802637240826,108.42515731611275
piecewise_0083,2,previous_period,30.783765638961665,37.672940779130826,128.60802637240826,80.15760075992195
piecewise_0083,3,previous_period,30.51080796495788,41.00131325887803,128.60802637240826,75.87704660339669
piecewise_0083,4,previous_period,30.508436721903564,40.10646657955205,128.60802637240826,77.02789125673686
piecewise_0083,5,previous_period,30.50530496962881,40.532192052332306,128.60802637240826,76.48037412842956
piecewise_0083,6,previous_period,30.501482914873282,40.27706855240094,128.60802637240826,76.8084834265035
piecewise_0083,7,previous_period,30.502215609090637,40.455357414016426,128.60802637240826,76.579189640338
piecewise_0083,8,previous_period,30.500627764216016,40.33127619828537,128.60802637240826,76.7387680429886
piecewise_0083,9,previous_period,30.501247908782123,40.42496031178634,128.60802637240826,76.6182827535905
piecewise_0083,10,previous_period,30.500549966944707,40.357078322507576,128.60802637240826,76.70558444026426
piecewise_0084,1,default,55.323918094889265,-5.72720583305284,136.90898436558535,144.75004370414456
piecewise_0084,2,previous_period,20.98414211564161,59.98813223466758,136.90898436558535,54.77984178321765
piecewise_0084,3,previous_period,21.027517811263685,60.995697369622846,136.90898436558535,53.40039459012865
piecewise_0084,4,previous_period,20.912021245558567,60.65561109995752,136.90898436558535,53.86600324789426
piecewise_0084,5,previous_period,20.95546193027292,60.88574225824126,136.90898436558535,53.55093301637924
piecewise_0084,6,previous_period,20.920560716996665,60.74523334390716,136.90898436558535,53.743302343937174
piecewise_0084,7,previous_period,20.940469811565176,60.841176480889025,136.90898436558535,53.6119475695268
piecewise_0084,8,previous_period,20.92605574680523,60.778100003938704,136.90898436558535,53.69830493349308
piecewise_0084,9,previous_period,20.935090394894328,60.8207797761044,136.90898436558535,53.639872490891484
piecewise_0084,10,previous_period,20.928822897402338,60.792381491662915,136.90898436558535,53.67875229369757
piecewise_0085,1,default,63.37892807464324,-3.0044308099554717,164.24940452115652,169.18416423575854
piecewise_0085,2,previous_period,44.047552698755595,28.34860777972974,164.24940452115652,117.68698505291218
piecewise_0085,3,previous_period,44.099073416621955,27.94390547451362,164.24940452115652,118.35170617931304
piecewise_0085,4,previous_period,44.13231081859077,27.830153502619346,164.24940452115652,118.53854311578046
piecewise_0085,5,previous_period,44.139351811196114,27.806316701888957,164.24940452115652,118.57769491903701
piecewise_0085,6,previous_period,44.14074726851363,27.8016406311152,164.24940452115652,118.58537533743791
piecewise_0085,7,previous_period,44.141020350912235,27.800726899917006,164.24940452115652,118.58687613548986
piecewise_0085,8,previous_period,44.14107252692262,27.80055117929021,164.24940452115652,118.58716475557299
piecewise_0085,9,previous_period,44.14108372482469,27.800514399220365,164.24940452115652,118.5872251666187
piecewise_0085,10,previous_period,44.14108373918299,27.800512208018468,164.24940452115652,118.58722876565477
piecewise_0086,1,default,37.759382052192784,-30.303791389225452,75.33590041457971,98.16553451740859
piecewise_0086,2,previous_period,18.98815437737513,66.75920001289812,75.33590041457971,25.0422559752927
piecewise_0086,3,previous_period,18.628802162854676,66.77502643128315,75.33590041457971,25.030333000498956
piecewise_0086,4,previous_period,18.765126632638353,66.71972437437876,75.33590041457971,25.07199530301566
piecewise_0086,5,previous_period,18.657125503356962,67.34830831942105,75.33590041457971,24.598445928156565
piecewise_0086,6,previous_period,18.730146441322507,66.56660291591166,75.33590041457971,25.187350732479786
piecewise_0086,7,previous_period,18.67314059786787,67.55829349809508,75.33590041457971,24.44025170306533
piecewise_0086,8,previous_period,18.71327785382297,66.51255768536699,75.33590041457971,25.22806619354175
piecewise_0086,9,previous_period,18.682581472220026,67.63611932213082,75.33590041457971,24.381620917772928
piecewise_0086,10,previous_period,18.703895583649818,66.50776768546226,75.33590041457971,25.231674783099848
piecewise_0087,1,default,56.762580836429066,-13.449163762476847,141.908701545654,160.99423520973352
piecewise_0087,2,previous_period,45.927905181051585,25.913908313756174,141.908701545654,105.13461073787133
piecewise_0087,3,previous_period,45.785243645605156,24.329893860263752,141.908701545654,107.38246508111791
piecewise_0087,4,previous_period,45.83589220529621,24.69131585954082,141.908701545654,106.86957581484349
piecewise_0087,5,previous_period,45.817863908057554,24.730416058362337,141.908701545654,106.8140892303941
piecewise_0087,6,previous_period,45.826023368131054,24.693282488030032,141.908701545654,106.86678499789022
piecewise_0087,7,previous_period,45.822394359088825,24.71723971520412,141.908701545654,106.83278760788113
piecewise_0087,8,previous_period,45.824106440093765,24.705342886237226,141.908701545654,106.84967024339315
piecewise_0087,9,previous_period,45.823306653893546,24.711256421839156,141.908701545654,106.84127842180501
piecewise_0087,10,previous_period,45.82368716341513,24.708432709651497,141.908701545654,106.8452855151059
piecewise_0088,1,default,43.30212277735425,1.4189479670581484,109.30677237169076,107.75576614726577
piecewise_0088,2,previous_period,41.41845238594147,2.8736770622273755,109.30677237169076,106.1656487265844
piecewise_0088,3,previous_period,41.30446239986483,2.840266002421421,109.30677237169076,106.20216927767345
piecewise_0088,4,previous_period,41.29820142198116,2.95023526340471,109.30677237169076,106.08196542789162
piecewise_0088,5,previous_period,41.29906614790145,2.919962725983405,109.30677237169076,106.11505536146186
piecewise_0088,6,previous_period,41.29851085022674,2.9357887774061453,109.30677237169076,106.09775641545778
piecewise_0088,7,previous_period,41.29880441515875,2.9271490780582887,109.30677237169076,106.10720019195753
piecewise_0088,8,previous_period,41.298637060244246,2.9319365288184684,109.30677237169076,106.1019671840527
piecewise_0088,9,previous_period,41.29872921946232,2.929274271124238,109.30677237169076,106.10487721201048
piecewise_0088,10,previous_period,41.2986762365918,2.9307608116098005,109.30677237169076,106.10325232258572
piecewise_0089,1,default,10.387558870551779,41.84203018323676,42.40068136959677,24.659375473032043
piecewise_0089,2,previous_period,9.921669021973353,49.0081165957167,42.40068136959677,21.620906006606454
piecewise_0089,3,previous_period,9.612657938642874,49.80421189937299,42.40068136959677,21.28335617350483
piecewise_0089,4,previous_period,9.670803420438949,50.97494787124299,42.40068136959677,20.786956144392978
piecewise_0089,5,previous_period,9.57655499551431,49.946492875484225,42.40068136959677,21.22302807017435
piecewise_0089,6,previous_period,9.62543624816971,51.15621827443857,42.40068136959677,20.71009625831664
piecewise_0089,7,previous_period,9.564517617584853,50.1099697583552,42.40068136959677,21.153712757955283
piecewise_0089,8,previous_period,9.603664757930089,51.14194873536966,42.40068136959677,20.716146640110153
piecewise_0089,9,previous_period,9.559648147723678,50.2708497126632,42.40068136959677,21.08549856114159
piecewise_0089,10,previous_period,9.590923663048715,51.087503034593226,42.40068136959677,20.739231988215813
piecewise_0090,1,default,44.886965423770874,-6.376375018141278,115.04122193362355,122.3766816695636
piecewise_0090,2,previous_period,27.93159175268736,34.007462227537225,115.04122193362355,75.91862183844925
piecewise_0090,3,previous_period,27.79602106120962,35.29146796660937,115.04122193362355,74.4414859465228
piecewise_0090,4,previous_period,27.799593718830025,34.72685380089848,115.04122193362355,75.09102498196694
piecewise_0090,5,previous_period,27.794682392900203,35.08984249013234,115.04122193362355,74.67343835839146
piecewise_0090,6,previous_period,27.79668144941165,34.83655386561731,115.04122193362355,74.96482468705241
piecewise_0090,7,previous_period,27.794579354497245,35.020812717645036,115.04122193362355,74.75285105215886
piecewise_0090,8,previous_period,27.79568562403867,34.88811688606952,115.04122193362355,74.90550595825832
piecewise_0090,9,previous_period,27.794680552412427,34.98538132739366,115.04122193362355,74.79361175645211
piecewise_0090,10,previous_period,27.79529964665541,34.9147182124023,115.04122193362355,74.87490346739455
piecewise_0091,1,default,42.96188699298462,-15.28106345565079,83.8285897268954,96.63848971703945
piecewise_0091,2,previous_period,27.20729899497955,36.83455365936668,83.8285897268954,52.95070286205177
piecewise_0091,3,previous_period,26.21108185163342,42.25413175228855,83.8285897268954,48.407546977607595
piecewise_0091,4,previous_period,26.243304481694356,42.11688388743309,83.8285897268954,48.5225999271462
piecewise_0091,5,previous_period,26.238222108547017,42.1480637418121,83.8285897268954,48.496462294941374
piecewise_0091,6,previous_period,26.238781265836824,42.14394669338984,83.8285897268954,48.49991355857213
piecewise_0091,7,previous_period,26.238660569502287,42.14496465038798,83.8285897268954,48.49906021957656
piecewise_0091,8,previous_period,26.23869242112222,42.14467528908964,83.8285897268954,48.49930278707218
piecewise_0091,9,previous_period,26.238683448315406,42.14476043634343,83.8285897268954,48.499231409330136
piecewise_0091,10,previous_period,26.238686119881518,42.14473696352935,83.8285897268954,48.49925108625915
piecewise_0092,1,default,42.50566863909227,-3.7875894902737572,118.41483634560687,122.89990424195796
piecewise_0092,2,previous_period,24.82228784622508,50.65089096693707,118.41483634560687,58.43666669951658
piecewise_0092,3,previous_period,24.22675245169563,52.238503410900975,118.41483634560687,56.55669802219422
piecewise_0092,4,previous_period,24.32032248781361,52.312273144349476,118.41483634560687,56.46934371305858
piecewise_0092,5,previous_period,24.297328930326614,52.30626607671856,118.41483634560687,56.476456972362904
piecewise_0092,6,previous_period,24.301973419174928,52.313277274113126,118.41483634560687,56.46815467444226
piecewise_0092,7,previous_period,24.301010852520786,52.311361340675155,118.41483634560687,56.47042342388732
piecewise_0092,8,previous_period,24.301209989946315,52.31182734714292,118.41483634560687,56.469871603091164
piecewise_0092,9,previous_period,24.30116797363972,52.311724470864476,118.41483634560687,56.46999342386792
piecewise_0092,10,previous_period,24.30117707243326,52.31174496655614,118.41483634560687,56.469969153928176
piecewise_0093,1,default,69.50591440276109,-7.094262210734126,185.91697138910854,199.10640883370746
piecewise_0093,2,previous_period,31.39167492081226,54.13690230797603,185.91697138910854,85.26728221423909
piecewise_0093,3,previous_period,31.07927266095023,54.36109868039958,185.91697138910854,84.850463108665
piecewise_0093,4,previous_period,31.0606848777768,54.40974180566916,185.91697138910854,84.7600272833748
piecewise_0093,5,previous_period,31.063210902175143,54.40330250608836,185.91697138910854,84.77199903413408
piecewise_0093,6,previous_period,31.062887000922085,54.404146142732955,185.91697138910854,84.77043057043491
piecewise_0093,7,previous_period,31.062929607044865,54.40403443217892,185.91697138910854,84.7706382593137
piecewise_0093,8,previous_period,31.06292565116062,54.4040468174354,185.91697138910854,84.77061523301994
piecewise_0093,9,previous_period,31.06292532602122,54.40404671608305,185.91697138910854,84.77061542145115
piecewise_0093,10,previous_period,31.062924741511374,54.40404756744276,185.91697138910854,84.77061383862899
piecewise_0094,1,default,27.771767861352846,-17.780845334334817,44.844145352658465,52.817813479318964
piecewise_0094,2,previous_period,16.773250655022917,5.451980214230801,44.844145352658465,42.39925142079063
piecewise_0094,3,previous_period,16.38708103143808,8.944396496992768,44.844145352658465,40.833107186628936
piecewise_0094,4,previous_period,16.475260690893823,7.53088857906109,44.844145352658465,41.466982731917554
piecewise_0094,5,previous_period,16.360120663666667,8.649944212915095,44.844145352658465,40.96515179689495
piecewise_0094,6,previous_period,16.415399339869758,8.035754382518522,44.844145352658465,41.24057997717924
piecewise_0094,7,previous_period,16.360941572153934,8.463293965120911,44.844145352658465,41.04885350531687
piecewise_0094,8,previous_period,16.398352532926893,8.235451111832226,44.844145352658465,41.151027685621294
piecewise_0094,9,previous_period,16.364525893871082,8.371080877569337,44.844145352658465,41.09020567633267
piecewise_0094,10,previous_period,16.39660731032076,8.286439984687721,44.844145352658465,41.128162161364294
piecewise_0095,1,default,49.12049407082346,-6.353401396484326,126.87938719066344,134.9405439482858
piecewise_0095,2,previous_period,28.581702922925142,53.26766880394913,126.87938719066344,59.293695441460585
piecewise_0095,3,previous_period,28.287965484302934,54.09422074793858,126.87938719066344,58.244971400114245
piecewise_0095,4,previous_period,28.36719840743563,53.167916302843985,126.87938719066344,59.42026080357014
piecewise_0095,5,previous_period,28.29745412723131,54.288425249375734,126.87938719066344,57.99856591879411
piecewise_0095,6,previous_period,28.344737558968802,53.110914175891175,126.87938719066344,59.492584752933524
piecewise_0095,7,previous_period,28.302460168321364,54.36539950278787,126.87938719066344,57.900901457770196
piecewise_0095,8,previous_period,28.33424259863707,53.105872161281575,126.87938719066344,59.49898203017224
piecewise_0095,9,previous_period,28.304468665744576,54.39016188618919,126.87938719066344,57.8694830974568
piecewise_0095,10,previous_period,28.32855500970713,53.119361899080666,126.87938719066344,59.48186633351912
piecewise_0096,1,default,63.05425762310417,-5.005099535625712,180.16800877383255,189.18559694431775
piecewise_0096,2,previous_period,16.33663249973535,80.71734580522536,180.16800877383255,34.741174101469355
piecewise_0096,3,previous_period,15.241424641608045,82.56946832239227,180.16800877383255,31.404241842237955
piecewise_0096,4,previous_period,15.761871691793184,81.7545731789955,180.16800877383255,32.87242219569057
piecewise_0096,5,previous_period,15.214562916135536,82.569586589594,180.16800877383255,31.404028762575575
piecewise_0096,6,previous_period,15.607136170504903,81.94487858797838,180.16800877383255,32.52955272973724
piecewise_0096,7,previous_period,15.220795574961254,82.55381297658893,180.16800877383255,31.432447767038482
piecewise_0096,8,previous_period,15.552277940762643,82.01232318983635,180.16800877383255,32.40803913354428
piecewise_0096,9,previous_period,15.22556031202256,82.54622822545129,180.16800877383255,31.446113062133627
piecewise_0096,10,previous_period,15.528595174629585,82.04359497589581,180.16800877383255,32.35169737929292
piecewise_0097,1,default,36.379808591141554,5.1923787899550655,98.73562710461543,93.60889934470626
piecewise_0097,2,previous_period,29.715914840224734,25.827723497237386,98.73562710461543,73.23446234277199
piecewise_0097,3,previous_period,29.85979287118077,25.9877157278105,98.73562710461543,73.07649301059696
piecewise_0097,4,previous_period,29.851529236462486,25.71624035215031,98.73562710461543,73.34453592518966
piecewise_0097,5,previous_period,29.855949989618438,25.88755929821296,98.73562710461543,73.17538308944569
piecewise_0097,6,previous_period,29.85242088689273,25.782850595321715,98.73562710461543,73.27876788387846
piecewise_0097,7,previous_period,29.85430468058665,25.85065568057796,98.73562710461543,73.21182010774189
piecewise_0097,8,previous_period,29.852991825568058,25.807998163053426,98.73562710461543,73.253938275177
piecewise_0097,9,previous_period,29.85378222058723,25.835359389814805,98.73562710461543,73.22692299635064
piecewise_0097,10,previous_period,29.85324101911574,25.818062975587775,98.73562710461543,73.24400071940431
piecewise_0098,1,default,38.22266459220985,13.14657607474775,123.57472489407886,107.32887967671853
piecewise_0098,2,previous_period,26.875629510774456,56.70389834680425,123.57472489407886,53.50303850779737
piecewise_0098,3,previous_period,26.846843354725536,56.63898523218984,123.57472489407886,53.583254710602304
piecewise_0098,4,previous_period,26.817153615862498,56.714096973598124,123.57472489407886,53.490435582793864
piecewise_0098,5,previous_period,26.828133004318932,56.68482318268322,123.57472489407886,53.52661058938304
piecewise_0098,6,previous_period,26.822122343243258,56.70052203002558,123.57472489407886,53.50721078196816
piecewise_0098,7,previous_period,26.824929589971546,56.69415606777547,123.57472489407886,53.5150775023056
piecewise_0098,8,previous_period,26.823508054183815,56.697280563809535,123.57472489407886,53.511216414927176
piecewise_0098,9,previous_period,26.824200562022956,56.6957350394331,123.57472489407886,53.51312629242352
piecewise_0098,10,previous_period,26.823857538514815,56.69649160214316,123.57472489407886,53.51219137213593
piecewise_0099,1,default,61.08036967804731,-20.48973281087154,128.65424919157275,155.01516110075886
piecewise_0099,2,previous_period,23.78704004006028,54.23702616502124,128.65424919157275,58.8760103951278
piecewise_0099,3,previous_period,23.641172944737836,54.46426228400608,128.65424919157275,58.58366147235579
piecewise_0099,4,previous_period,23.6351482844306,54.47757629243593,128.65424919157275,58.566532434773066
piecewise_0099,5,previous_period,23.635101209635675,54.4774423810761,128.65424919157275,58.56670471742763
piecewise_0099,6,previous_period,23.63508754699592,54.47748041758507,128.65424919157275,58.56665578184261
piecewise_0099,7,previous_period,23.63508827953866,54.47747904083041,128.65424919157275,58.56665755309597
piecewise_0099,8,previous_period,23.635088166939624,54.47747923123265,128.65424919157275,58.5666573081354
piecewise_0099,9,previous_period,23.635088166939624,54.47747923123265,128.65424919157275,58.5666573081354
piecewise_0099,10,previous_period,23.635088166939624,54.47747923123265,128.65424919157275,58.5666573081354
