profile,period,policy,rmse_nm,offload_pct,baseline_motor_work_j,assisted_motor_work_j
piecewise_0000,1,default,45.64873073941154,13.517437753474681,145.62745155791555,125.94235144160282
piecewise_0000,2,previous_period,37.992442171846314,30.62804688640206,145.62745155791555,101.02460741528472
piecewise_0000,3,previous_period,37.82195985021927,31.018151072187074,145.62745155791555,100.45650863110527
piecewise_0000,4,previous_period,37.821623797540035,31.019372254077705,145.62745155791555,100.45473025503904
piecewise_0000,5,previous_period,37.82217580660118,31.016880863423822,145.62745155791555,100.45835840375665
piecewise_0000,6,previous_period,37.82185586047309,31.018410517376516,145.62745155791555,100.45613080768769
piecewise_0001,1,default,24.248618217154295,21.44163754437336,82.60573399470402,64.89371192069038
piecewise_0001,2,previous_period,15.615135475330655,50.18752323153686,82.60573399470402,41.1479620555304
piecewise_0001,3,previous_period,15.201112142308562,51.39827173908795,82.60573399470402,40.1478143640379
piecewise_0001,4,previous_period,15.182757933657427,51.46520230679248,82.60573399470402,40.09252587731876
piecewise_0001,5,previous_period,15.1816476582163,51.467850995787586,82.60573399470402,40.0903379083331
piecewise_0001,6,previous_period,15.181609888674135,51.46806122114849,82.60573399470402,40.09016425013069
piecewise_0002,1,default,48.93632783993643,-11.743677749762593,107.58704577887802,120.22172173563902
piecewise_0002,2,previous_period,33.064763679274,21.50580324798179,107.58704577887802,84.44958739335641
piecewise_0002,3,previous_period,32.529095649230754,23.15347396284705,107.58704577887802,82.67690714706916
piecewise_0002,4,previous_period,32.50441971950324,23.224002343630403,107.58704577887802,82.60102774574868
piecewise_0002,5,previous_period,32.50437273669337,23.224997085969544,107.58704577887802,82.59995753185288
piecewise_0002,6,previous_period,32.5049415317293,23.223928643444424,107.58704577887802,82.60110703760151
piecewise_0003,1,default,61.24592022287665,5.3685816633749495,173.89630752009828,164.56054224128818
piecewise_0003,2,previous_period,37.449332689997895,39.988399401585994,173.89630752009828,104.35795752435115
piecewise_0003,3,previous_period,36.65104392705336,40.961339976491814,173.89630752009828,102.66604979022512
piecewise_0003,4,previous_period,36.64398842880784,40.97853825984142,173.89630752009828,102.63614261052331
piecewise_0003,5,previous_period,36.64426191577863,40.977986314797846,173.89630752009828,102.63710242257363
piecewise_0003,6,previous_period,36.64427370371172,40.97796913999575,173.89630752009828,102.63713228892028
piecewise_0004,1,default,68.51602636683175,-2.8499180436292404,175.17770378352833,180.1701247720705
piecewise_0004,2,previous_period,50.86944197798709,23.320722048894627,175.17770378352833,134.32499839253572
piecewise_0004,3,previous_period,49.50268539805069,25.66961007279035,175.17770378352833,130.2102702878289
piecewise_0004,4,previous_period,49.44144917830227,25.773350374552685,175.17770378352833,130.02854040930353
piecewise_0004,5,previous_period,49.439804053239925,25.775347418735972,175.17770378352833,130.0250420331597
piecewise_0004,6,previous_period,49.43962323825663,25.775660747006345,175.17770378352833,130.02449315189037
piecewise_0005,1,default,77.92584256735208,-11.185773610737272,189.72546089569582,210.94772143341623
piecewise_0005,2,previous_period,54.970803961043266,19.260619034357152,189.72546089569582,153.1831626613976
piecewise_0005,3,previous_period,54.88451370681579,19.484423236026583,189.72546089569582,152.75854910827633
piecewise_0005,4,previous_period,54.87623953853536,19.461562009806464,189.72546089569582,152.80192267508886
piecewise_0005,5,previous_period,54.87873144278283,19.469048885725147,189.72546089569582,152.78771816524545
piecewise_0005,6,previous_period,54.8784237011677,19.466057626379385,189.72546089569582,152.7933933458258
piecewise_0006,1,default,63.43503435112415,7.020937962975282,202.20103466141347,188.0046254573415
piecewise_0006,2,previous_period,35.784578950361194,48.73332886101037,202.20103466141347,103.66173947950126
piecewise_0006,3,previous_period,34.95064327070926,50.219682941845065,202.20103466141347,100.65631614932138
piecewise_0006,4,previous_period,34.96781134453913,50.18853376356358,202.20103466141347,100.71930011009506
piecewise_0006,5,previous_period,34.968392394931016,50.18748476064771,202.20103466141347,100.72142120484457
piecewise_0006,6,previous_period,34.968393957541245,50.1874809118994,202.20103466141347,100.72142898705351
piecewise_0007,1,default,49.03021041119728,-3.1992280964531217,122.09991831770809,126.00617321027451
piecewise_0007,2,previous_period,40.57231002145549,15.080247243690748,122.09991831770809,103.68694875105327
piecewise_0007,3,previous_period,40.20397872286878,16.10357053342194,122.09991831770809,102.4374718501654
piecewise_0007,4,previous_period,40.20417242752369,16.098070792206475,122.09991831770809,102.44418702969716
piecewise_0007,5,previous_period,40.20110670093976,16.10896201535672,122.09991831770809,102.43088885512691
piecewise_0007,6,previous_period,40.201868440285935,16.1062410421835,122.09991831770809,102.43421116114885
piecewise_0008,1,default,46.03123122613102,9.715797521663482,128.3915676071555,115.9173028635546
piecewise_0008,2,previous_period,37.31105412137929,27.286041948635198,128.3915676071555,93.35859061135673
piecewise_0008,3,previous_period,36.769190740221134,28.17158877470781,128.3915676071555,92.2216231594667
piecewise_0008,4,previous_period,36.810790517835024,28.071949844716272,128.3915676071555,92.34955114362984
piecewise_0008,5,previous_period,36.79202746944768,28.117867296990738,128.3915676071555,92.29059700684937
piecewise_0008,6,previous_period,36.80047333028478,28.094496689442295,128.3915676071555,92.32060289624013
piecewise_0009,1,default,55.982442491317826,-4.175284458299489,160.26573475645597,166.95728507172174
piecewise_0009,2,previous_period,31.503694411344117,46.62587670940632,160.26573475645597,85.54043086148666
piecewise_0009,3,previous_period,30.368443705999145,49.905401223363796,160.26573475645597,80.2844768026746
piecewise_0009,4,previous_period,30.358191168844844,49.88625395374525,160.26573475645597,80.31516331501457
piecewise_0009,5,previous_period,30.35757456139338,49.89060685756246,160.26573475645597,80.30818710172869
piecewise_0009,6,previous_period,30.35761526413962,49.89027809649074,160.26573475645597,80.30871399307588
piecewise_0010,1,default,63.277244228628845,3.1682445985477314,192.6299568360163,186.5269686333744
piecewise_0010,2,previous_period,39.52936550991034,51.627989626728436,192.6299568360163,93.17898270274634
piecewise_0010,3,previous_period,38.93459400619416,53.04650813808085,192.6299568360163,90.4464911066173
piecewise_0010,4,previous_period,38.943584812483,53.02751804771355,192.6299568360163,90.48307170949494
piecewise_0010,5,previous_period,38.94216413274561,53.03035515933403,192.6299568360163,90.47760658260502
piecewise_0010,6,previous_period,38.942455332241536,53.029773852396,192.6299568360163,90.47872635390884
piecewise_0011,1,default,39.93927056009073,-10.613326399015733,90.92762199635246,100.57806730568856
piecewise_0011,2,previous_period,38.051838139649476,3.0809640092540724,90.92762199635246,88.12617468817425
piecewise_0011,3,previous_period,38.03574466535553,1.0564330085598428,90.92762199635246,89.96703258368447
piecewise_0011,4,previous_period,38.02486263295225,2.0980254240458573,90.92762199635246,89.01993736938867
piecewise_0011,5,previous_period,38.024888076034514,1.5370045096650076,90.92762199635246,89.53006034573737
piecewise_0011,6,previous_period,38.02400467057734,1.8566611651785303,90.92762199635246,89.23940415032585
piecewise_0012,1,default,37.45428990795971,17.239060471581237,101.39844537713077,83.91830606132393
piecewise_0012,2,previous_period,26.496992733053354,43.37021217486258,101.39844537713077,57.42172447505702
piecewise_0012,3,previous_period,26.38663862106055,44.64925234275145,101.39844537713077,56.12479762906865
piecewise_0012,4,previous_period,26.368709635827674,44.542965569332374,101.39844537713077,56.23257076495712
piecewise_0012,5,previous_period,26.372219834284895,44.57021628050002,101.39844537713077,56.20493896747892
piecewise_0012,6,previous_period,26.371480699216242,44.562799949242894,101.39844537713077,56.21245901207766
piecewise_0013,1,default,46.935524931990706,-11.278341940180269,113.09026968259579,125.84497699847095
piecewise_0013,2,previous_period,29.758028226633662,30.733679322864514,113.09026968259579,78.33346885298413
piecewise_0013,3,previous_period,29.418092876644174,32.15592006438136,113.09026968259579,76.72505296286698
piecewise_0013,4,previous_period,29.433013045188837,31.995952639945823,113.09026968259579,76.90596055456543
piecewise_0013,5,previous_period,29.42179660903947,32.077192090248296,113.09026968259579,76.8140866411297
piecewise_0013,6,previous_period,29.425175425920887,32.04898416045431,113.09026968259579,76.8459870650056
piecewise_0014,1,default,49.08703696417125,3.8311893356400173,117.67302956321174,113.16475300366145
piecewise_0014,2,previous_period,34.744097154144825,23.132950178285338,117.67302956321174,90.45178626107499
piecewise_0014,3,previous_period,34.43549217827825,23.369505415760695,117.67302956321174,90.1734245465473
piecewise_0014,4,previous_period,34.450990150241935,23.352693435470627,117.67302956321174,90.19320771308418
piecewise_0014,5,previous_period,34.44732082148718,23.359160172989625,117.67302956321174,90.18559810713168
piecewise_0014,6,previous_period,34.448639631240965,23.35438563771425,117.67302956321174,90.19121644743778
piecewise_0015,1,default,63.355959859266115,-1.7346069280969045,169.66877088611028,172.61185714071763
piecewise_0015,2,previous_period,35.54464452616235,46.72046025982939,169.66877088611028,90.39874021092415
piecewise_0015,3,previous_period,34.312604547450924,48.644224439051854,169.66877088611028,87.13471317329012
piecewise_0015,4,previous_period,34.33042298787536,48.62284625430255,169.66877088611028,87.17098527659203
piecewise_0015,5,previous_period,34.32758587222655,48.62649554035392,169.66877088611028,87.16479357780256
piecewise_0015,6,previous_period,34.32806575870484,48.625827324928295,169.66877088611028,87.16592733070209
piecewise_0016,1,default,36.733270345177985,-23.900068770318406,81.95160288710906,101.53809233550638
piecewise_0016,2,previous_period,14.284167074454086,53.0066883030589,81.95160288710906,38.51177218537855
piecewise_0016,3,previous_period,13.817976363994475,54.87197262813082,81.95160288710906,36.98314178258012
piecewise_0016,4,previous_period,13.826655176416354,54.8271689661548,81.95160288710906,37.01985910172158
piecewise_0016,5,previous_period,13.827389624209856,54.82697953268796,81.95160288710906,37.020014345484064
piecewise_0016,6,previous_period,13.827089809993366,54.82595059654578,81.95160288710906,37.02085757514526
piecewise_0017,1,default,40.61936980553135,-2.581533779118428,100.3458446942733,102.93630657099769
piecewise_0017,2,previous_period,29.65090956198552,50.385083411444455,100.3458446942733,49.78650714514518
piecewise_0017,3,previous_period,29.32850958876291,51.07098251761695,100.3458446942733,49.09823589330593
piecewise_0017,4,previous_period,29.49629333839986,50.584231597348705,100.3458446942733,49.58667021580625
piecewise_0017,5,previous_period,29.353054057135665,51.302655104642206,100.3458446942733,48.86576207893035
piecewise_0017,6,previous_period,29.473077030079374,50.59982266774955,100.3458446942733,49.57102522451564
piecewise_0018,1,default,38.44712404997095,-4.285947347956154,94.94455955320072,99.01383338539978
piecewise_0018,2,previous_period,12.557381788067296,67.29206518250498,94.94455955320072,31.05440465141863
piecewise_0018,3,previous_period,12.25579590626444,69.00224250440587,94.94455955320072,29.4306843255611
piecewise_0018,4,previous_period,12.0735995044372,69.07876001381625,94.94455955320072,29.358035113270336
piecewise_0018,5,previous_period,12.168645590250533,69.13856436809654,94.94455955320072,29.301254132505285
piecewise_0018,6,previous_period,12.089949187087717,69.12561735418798,94.94455955320072,29.313546617836064
piecewise_0019,1,default,46.11068818527505,8.762385551590945,138.24269394898312,126.12933610826732
piecewise_0019,2,previous_period,26.964156829542883,44.78653764475683,138.24269394898312,76.32857778239583
piecewise_0019,3,previous_period,26.289273896010776,46.19176205143833,138.24269394898312,74.3859577065707
piecewise_0019,4,previous_period,26.318682272719343,46.13912902595696,138.24269394898312,74.458719018903
piecewise_0019,5,previous_period,26.31789693083298,46.138862877512835,138.24269394898312,74.45908694968207
piecewise_0019,6,previous_period,26.317845407200373,46.13920957859282,138.24269394898312,74.45860766076913
piecewise_0020,1,default,48.860165724048464,6.999862561529257,146.28288823159915,136.04328710435175
piecewise_0020,2,previous_period,28.218124701916416,59.68834873100912,146.28288823159915,58.96904777012993
piecewise_0020,3,previous_period,27.724534504751343,60.31246160819577,146.28288823159915,58.056077427556
piecewise_0020,4,previous_period,27.761106120155617,60.266960085932965,146.28288823159915,58.12263836851136
piecewise_0020,5,previous_period,27.75429114558406,60.27628196529973,146.28288823159915,58.10900205413619
piecewise_0020,6,previous_period,27.75603508773563,60.27387404027002,146.28288823159915,58.11252443641608
piecewise_0021,1,default,64.47882993946396,-1.507584397719408,170.00272834345324,172.56566295165646
piecewise_0021,2,previous_period,62.58598117359214,3.447953300151574,170.00272834345324,164.14111366118743
piecewise_0021,3,previous_period,62.699383546251035,3.051869932055551,170.00272834345324,164.8144661934653
piecewise_0021,4,previous_period,62.61021091450569,3.322948579063545,170.00272834345324,164.3536250975952
piecewise_0021,5,previous_period,62.67250197192911,3.139522561720265,170.00272834345324,164.66545433157052
piecewise_0021,6,previous_period,62.62648353492133,3.27351333982584,170.00272834345324,164.4376663530624
piecewise_0022,1,default,48.876594859543715,4.789045056673125,133.83373271937123,127.42437495841305
piecewise_0022,2,previous_period,35.55793076628055,31.209378064609094,133.83373271937123,92.06505709700421
piecewise_0022,3,previous_period,34.96926376455397,32.55884328597374,133.83373271937123,90.25901741950219
piecewise_0022,4,previous_period,35.097688974934854,32.33585392520738,133.83373271937123,90.55745240458288
piecewise_0022,5,previous_period,35.05040458323351,32.41188434015921,133.83373271937123,90.4556980622508
piecewise_0022,6,previous_period,35.06373177903217,32.40333862734549,133.83373271937123,90.4671351086969
piecewise_0023,1,default,27.484951525315996,13.53175727843433,74.92994330113196,64.79060524475432
piecewise_0023,2,previous_period,15.664682420452234,47.139057423951314,74.92994330113196,39.6086743006772
piecewise_0023,3,previous_period,15.400391544181149,49.66961441476382,74.92994330113196,37.71252938225856
piecewise_0023,4,previous_period,15.38471402339766,49.266334300933,74.92994330113196,38.01470694289674
piecewise_0023,5,previous_period,15.397383867938734,49.441913090463316,74.92994330113196,37.88314585545285
piecewise_0023,6,previous_period,15.389178210138756,49.3575110513327,74.92994330113196,37.94638825551842
piecewise_0024,1,default,48.25164537677959,3.680267522161196,134.30275666293605,129.36005592810284
piecewise_0024,2,previous_period,45.07925282076919,12.874378178756062,134.30275666293605,117.01211186565516
piecewise_0024,3,previous_period,44.89343724026065,13.55874862239881,134.30275666293605,116.09298349405658
piecewise_0024,4,previous_period,44.890860372987376,13.566016979104855,134.30275666293605,116.08322189063627
piecewise_0024,5,previous_period,44.8907306951397,13.566569984590027,134.30275666293605,116.08247918902518
piecewise_0024,6,previous_period,44.890758501132034,13.566456970276109,134.30275666293605,116.08263097036419
piecewise_0025,1,default,66.01855590357214,-11.406736319464494,158.24932365373715,176.3004067302549
piecewise_0025,2,previous_period,46.93938377148416,17.17061008814509,158.24932365373715,131.0769493220272
piecewise_0025,3,previous_period,46.72657314037875,17.7452607483501,158.24932365373715,130.16756853888103
piecewise_0025,4,previous_period,46.72249967223975,17.72896495721644,158.24932365373715,130.19335651813407
piecewise_0025,5,previous_period,46.72272276842268,17.730858832919026,158.24932365373715,130.19035947264388
piecewise_0025,6,previous_period,46.72201329191458,17.73142370030215,158.24932365373715,130.18946557383055
piecewise_0026,1,default,68.90219113162907,-10.230167155194714,172.36441189279032,189.9975793454911
piecewise_0026,2,previous_period,45.71506204782705,29.468528200306586,172.36441189279032,121.5711565668708
piecewise_0026,3,previous_period,45.37665380352379,30.06205469954163,172.36441189279032,120.54812810703645
piecewise_0026,4,previous_period,45.37580160368261,30.063670994756663,172.36441189279032,120.54534218929462
piecewise_0026,5,previous_period,45.37550501693497,30.06412693063836,172.36441189279032,120.54455631809351
piecewise_0026,6,previous_period,45.37590612395949,30.063512369387567,172.36441189279032,120.54561560297915
piecewise_0027,1,default,70.46925723947203,4.487702374250602,228.17023664492314,217.9306355176757
piecewise_0027,2,previous_period,34.47771249214503,56.003367825434516,228.17023664492314,100.38721974850247
piecewise_0027,3,previous_period,34.48596251478037,56.00719848251481,228.17023664492314,100.37847932917731
piecewise_0027,4,previous_period,34.48294271653087,56.00954745756999,228.17023664492314,100.37311966723517
piecewise_0027,5,previous_period,34.483857426105146,56.0080104114954,228.17023664492314,100.37662674890089
piecewise_0027,6,previous_period,34.48305318605442,56.00974703737056,228.17023664492314,100.3726642855319
piecewise_0028,1,default,37.8067376716378,12.418583353208179,111.90651128244386,98.00930790116625
piecewise_0028,2,previous_period,35.86791701819983,24.390514106378337,111.90651128244386,84.61193786214352
piecewise_0028,3,previous_period,35.77527314510198,23.574407914981776,111.90651128244386,85.52521382929544
piecewise_0028,4,previous_period,35.763224878598635,23.745821945043332,111.90651128244386,85.3333903684049
piecewise_0028,5,previous_period,35.76251930450073,23.7125399165784,111.90651128244386,85.37063512534405
piecewise_0028,6,previous_period,35.76238186106748,23.71967600081445,111.90651128244386,85.3626493824333
piecewise_0029,1,default,36.72757039595047,2.8104527024203074,82.74990477449708,80.424257839512
piecewise_0029,2,previous_period,27.646857846761602,17.854366669991805,82.74990477449708,67.97543335698931
piecewise_0029,3,previous_period,27.41296677338209,17.67356870699147,82.74990477449708,68.12504349920633
piecewise_0029,4,previous_period,27.418717493786705,17.6337093271404,82.74990477449708,68.15802709807679
piecewise_0029,5,previous_period,27.429031434707206,17.690706152387435,82.74990477449708,68.11086227946038
piecewise_0029,6,previous_period,27.416985215289642,17.618941290224686,82.74990477449708,68.1702476345616
piecewise_0030,1,default,43.88890887021639,3.2624324716154174,118.42082994976694,114.55743034032926
piecewise_0030,2,previous_period,34.69851597932402,20.799453092606957,118.42082994976694,93.78994497248931
piecewise_0030,3,previous_period,34.414711143618284,21.085041455900733,118.42082994976694,93.45174886243687
piecewise_0030,4,previous_period,34.478266526505756,21.0446518327167,118.42082994976694,93.49957858942498
piecewise_0030,5,previous_period,34.438214961070884,21.09904127789164,118.42082994976694,93.43517015704374
piecewise_0030,6,previous_period,34.45887889909023,21.062817708326477,118.42082994976694,93.47806640876024
piecewise_0031,1,default,44.140840310648585,7.9069112074284025,129.5019111587785,119.26231003153109
piecewise_0031,2,previous_period,18.280228752175447,73.13125700143983,129.5019111587785,34.79553568747591
piecewise_0031,3,previous_period,17.987378010587395,72.48319354999452,129.5019111587785,35.63479024261912
piecewise_0031,4,previous_period,17.99371650413504,72.68866385285028,129.5019111587785,35.3687022735572
piecewise_0031,5,previous_period,17.993562816525746,72.64423007226407,129.5019111587785,35.42624486861645
piecewise_0031,6,previous_period,17.99294117959085,72.65482129228755,129.5019111587785,35.412529036270996
piecewise_0032,1,default,33.59911480010663,4.367343870712103,84.49923754655381,80.80886527476594
piecewise_0032,2,previous_period,31.607718411442676,2.201451314000813,84.49923754655381,82.63902797126454
piecewise_0032,3,previous_period,31.58319018827146,3.0685423936298806,84.49923754655381,81.90634262014379
piecewise_0032,4,previous_period,31.5833288216122,2.803052336455425,84.49923754655381,82.13067969421812
piecewise_0032,5,previous_period,31.58330651233552,2.888906526119983,84.49923754655381,82.0581335585498
piecewise_0032,6,previous_period,31.58335872612947,2.860380757857861,84.49923754655381,82.08223761523558
piecewise_0033,1,default,42.914855351387885,1.5602858384325735,113.26815053799506,111.50084362569623
piecewise_0033,2,previous_period,37.72327334248259,20.26325046837262,113.26815053799506,90.31634149358777
piecewise_0033,3,previous_period,37.70081351795405,20.5685876673908,113.26815053799506,89.97049169535535
piecewise_0033,4,previous_period,37.73882462139529,20.13535314641912,113.26815053799506,90.46120842475212
piecewise_0033,5,previous_period,37.69955318825418,20.61513869664283,113.26815053799506,89.91776420546518
piecewise_0033,6,previous_period,37.745821346687215,20.072516708542498,113.26815053799506,90.53238209579892
piecewise_0034,1,default,61.926918159570754,11.638037583414684,193.99057246072928,171.4138767294683
piecewise_0034,2,previous_period,50.207282137249656,28.704503465285224,193.99057246072928,138.3065418664126
piecewise_0034,3,previous_period,50.11172263601288,28.798696270485134,193.99057246072928,138.12381670438847
piecewise_0034,4,previous_period,50.12246331347047,28.779271060425483,193.99057246072928,138.1614997805849
piecewise_0034,5,previous_period,50.12335358529958,28.777769550100494,193.99057246072928,138.1644125690599
piecewise_0034,6,previous_period,50.12340220639927,28.77768750083366,193.99057246072928,138.16457173690233
piecewise_0035,1,default,33.55530659985951,20.735090736517016,109.77477893662832,87.01287891830748
piecewise_0035,2,previous_period,24.25842989679359,45.69892997591952,109.77477893662832,59.60887957915809
piecewise_0035,3,previous_period,24.111845439886398,45.81955469931128,109.77477893662832,59.47646405571187
piecewise_0035,4,previous_period,24.099459854510005,45.87612202529833,109.77477893662832,59.41436739865923
piecewise_0035,5,previous_period,24.09995967889188,45.87215745213723,109.77477893662832,59.4187195000826
piecewise_0035,6,previous_period,24.099887941802688,45.87260208374199,109.77477893662832,59.4182314067214
piecewise_0036,1,default,49.65043097575656,14.439372007321394,153.26157535911904,131.13156634873462
piecewise_0036,2,previous_period,39.81182096187316,32.57671416732195,153.26157535911904,103.33399002604409
piecewise_0036,3,previous_period,39.7073162207781,32.782099688991615,153.26157535911904,103.01921293997361
piecewise_0036,4,previous_period,39.70555151169,32.78450743051248,153.26157535911904,103.01552279738817
piecewise_0036,5,previous_period,39.70466433511215,32.787755935922135,153.26157535911904,103.01054408682171
piecewise_0036,6,previous_period,39.70468444961998,32.78745954648795,153.26157535911904,103.01099833793774
piecewise_0037,1,default,42.590475066908986,6.288963861797536,112.71782561804287,105.62904229912019
piecewise_0037,2,previous_period,18.514281626646035,61.35282294306072,112.71782561804287,43.562257641337084
piecewise_0037,3,previous_period,18.35518117304977,61.25260326332356,112.71782561804287,43.67522308517818
piecewise_0037,4,previous_period,18.344522550204665,61.31790705905156,112.71782561804287,43.60161406658753
piecewise_0037,5,previous_period,18.349487454511554,61.28972912898543,112.71782561804287,43.63337561666225
piecewise_0037,6,previous_period,18.347213387165123,61.302426681901586,112.71782561804287,43.619063211108454
piecewise_0038,1,default,61.25241737761524,-7.977571513219717,151.52939674459986,163.61776273345075
piecewise_0038,2,previous_period,40.79210601431097,32.27338794867865,151.52939674459986,102.62572667692271
piecewise_0038,3,previous_period,39.63056424270923,34.381567761753196,151.52939674459986,99.43121452387942
piecewise_0038,4,previous_period,39.64646732276664,34.335206921479575,151.52939674459986,99.50146482547176
piecewise_0038,5,previous_period,39.643932047637996,34.34322806944922,151.52939674459986,99.48931042834138
piecewise_0038,6,previous_period,39.64442019521152,34.34174113200383,151.52939674459986,99.49156357568233
piecewise_0039,1,default,57.01910658630703,-10.631845467398971,132.35294090564162,146.4245010542873
piecewise_0039,2,previous_period,41.16158068322185,18.161728913673613,132.35294090564162,108.31535856908435
piecewise_0039,3,previous_period,40.78876385595617,18.817624782599985,132.35294090564162,107.44726109728168
piecewise_0039,4,previous_period,40.797932619043465,18.844008085816434,132.35294090564162,107.41234201956667
piecewise_0039,5,previous_period,40.796362681541204,18.83860494273364,132.35294090564162,107.41949323833808
piecewise_0039,6,previous_period,40.79660788077948,18.83964067916385,132.35294090564162,107.41812241071267
piecewise_0040,1,default,45.71726091972553,-24.926310674661735,81.62785869677926,101.97467235261234
piecewise_0040,2,previous_period,21.93124280877489,39.77467981537905,81.62785869677926,49.16063925998526
piecewise_0040,3,previous_period,21.799166661242033,42.90701241227466,81.62785869677926,46.60378323387816
piecewise_0040,4,previous_period,21.715737793252238,42.44773482138432,81.62785869677926,46.9786816967961
piecewise_0040,5,previous_period,21.743451092884513,42.65197160530424,81.62785869677926,46.8119675834111
piecewise_0040,6,previous_period,21.73233335614349,42.569117749268116,81.62785869677926,46.8795994119411
piecewise_0041,1,default,38.64152874988601,-9.912246458135844,92.1650868602037,101.30071741814207
piecewise_0041,2,previous_period,28.023440260156697,30.894077213514702,92.1650868602037,63.69153376170948
piecewise_0041,3,previous_period,27.8011102174501,29.893357694885093,92.1650868602037,64.61384777528147
piecewise_0041,4,previous_period,27.818328284742357,31.250705834103343,92.1650868602037,63.36284668377561
piecewise_0041,5,previous_period,27.80786938496826,30.1442047142368,92.1650868602037,64.38265440200973
piecewise_0041,6,previous_period,27.813488344745732,31.021554808506636,92.1650868602037,63.57404392555786
piecewise_0042,1,default,61.23041125809692,11.682126401133964,193.2584441910294,170.68174845976841
piecewise_0042,2,previous_period,49.777650056179546,28.780353177176686,193.2584441910294,137.63798140813424
piecewise_0042,3,previous_period,49.66047864351675,28.900054071942115,193.2584441910294,137.40664932122783
piecewise_0042,4,previous_period,49.68399587766569,28.859228872818377,193.2584441910294,137.48554746589227
piecewise_0042,5,previous_period,49.687555245081036,28.853247766924706,193.2584441910294,137.49710645808779
piecewise_0042,6,previous_period,49.688002726126534,28.85249838461762,193.2584441910294,137.4985547026755
piecewise_0043,1,default,48.83058021549553,-9.562251516204867,119.91887267999013,131.38581690104826
piecewise_0043,2,previous_period,39.62586265247714,19.40564906586194,119.91887267999013,96.64783708397346
piecewise_0043,3,previous_period,39.400372404719214,20.141117214361792,119.91887267999013,95.76587197137204
piecewise_0043,4,previous_period,39.41931387156964,20.25337873951515,119.91887267999013,95.63124921595477
piecewise_0043,5,previous_period,39.408195427937606,20.186441348644458,119.91887267999013,95.7115197804883
piecewise_0043,6,previous_period,39.413522813505104,20.22387342196167,119.91887267999013,95.66663166014555
piecewise_0044,1,default,62.05990163312936,-9.980262992921606,149.5760414059385,164.50412371265247
piecewise_0044,2,previous_period,42.49500130262486,23.588598184901933,149.5760414059385,114.29315001780913
piecewise_0044,3,previous_period,42.2156720962644,24.00956755517678,149.5760414059385,113.6634806982205
piecewise_0044,4,previous_period,42.212332668128326,24.012325869047924,149.5760414059385,113.65935492152249
piecewise_0044,5,previous_period,42.2143261299063,24.010328757791722,149.5760414059385,113.662342121482
piecewise_0044,6,previous_period,42.214005298667196,24.010196305714835,149.5760414059385,113.66254023805536
piecewise_0045,1,default,51.20106290408762,1.8395022948276885,138.79213674799672,136.23905220747693
piecewise_0045,2,previous_period,48.44382381019756,7.232507112980969,138.79213674799672,128.75398558543958
piecewise_0045,3,previous_period,48.42124544083729,7.172651925445184,138.79213674799672,128.83705987917503
piecewise_0045,4,previous_period,48.429248295239624,7.181479996691786,138.79213674799672,128.82480721045823
piecewise_0045,5,previous_period,48.42479942444192,7.182979749038476,138.79213674799672,128.82272567213033
piecewise_0045,6,previous_period,48.42725858139083,7.1802287283216915,138.79213674799672,128.82654387256554
piecewise_0046,1,default,26.829357918454157,21.833188229021438,92.3147501789665,72.15949700924185
piecewise_0046,2,previous_period,17.857009884199087,47.595796352467886,92.3147501789665,48.37680968049612
piecewise_0046,3,previous_period,17.519931154460483,48.53453955894539,92.3147501789665,47.510211234614395
piecewise_0046,4,previous_period,17.523425190907982,48.525091621328684,92.3147501789665,47.518933074622325
piecewise_0046,5,previous_period,17.523173676612927,48.525774090540544,92.3147501789665,47.51830305487435
piecewise_0046,6,previous_period,17.523212127059,48.52566251953077,92.3147501789665,47.5184060513733
piecewise_0047,1,default,52.272869328597025,1.2445613192706428,153.21860967985887,151.31171012985908
piecewise_0047,2,previous_period,21.245422119042228,63.75552499704125,153.21860967985887,55.533280685297385
piecewise_0047,3,previous_period,21.143767262492332,64.02110699202368,153.21860967985887,55.126359645025275
piecewise_0047,4,previous_period,21.14253897533477,64.02433970743506,153.21860967985887,55.121406523417036
piecewise_0047,5,previous_period,21.142510696551923,64.02441448045084,153.21860967985887,55.121291957241844
piecewise_0047,6,previous_period,21.142510342709663,64.02441540281536,153.21860967985887,55.12129054400777
piecewise_0048,1,default,58.376268396808314,9.130763036913049,179.62011295373998,163.21942607329842
piecewise_0048,2,previous_period,50.166591063230534,21.11273018368709,179.62011295373998,141.69740315018288
piecewise_0048,3,previous_period,50.07657858214843,21.337140083617513,179.62011295373998,141.29431783444846
piecewise_0048,4,previous_period,50.083551754822174,21.339232128210085,179.62011295373998,141.29056010158826
piecewise_0048,5,previous_period,50.0889014914086,21.332339947924762,179.62011295373998,141.30293984360173
piecewise_0048,6,previous_period,50.08845623344129,21.33325888781188,179.62011295373998,141.3012892427385
piecewise_0049,1,default,70.25246969196127,-4.1677484980854995,205.4964421026453,214.06101698199743
piecewise_0049,2,previous_period,34.28988997680941,49.89965080505192,205.4964421026453,102.95443507661959
piecewise_0049,3,previous_period,33.619548293478594,50.95524007449412,205.4964421026453,100.78523668469855
piecewise_0049,4,previous_period,33.634358100039584,50.93076926795088,205.4964421026453,100.83552332149875
piecewise_0049,5,previous_period,33.63212371029483,50.934640142967716,205.4964421026453,100.82756881106091
piecewise_0049,6,previous_period,33.63427225246198,50.93050876073243,205.4964421026453,100.83605865456408
piecewise_0050,1,default,65.29963807442209,4.822500651434735,203.15660269773147,193.3593742092007
piecewise_0050,2,previous_period,45.74104581049542,34.775063883077316,203.15660269773147,132.50876432690578
piecewise_0050,3,previous_period,44.94915584728892,36.30319278398937,203.15660269773147,129.40426956697067
piecewise_0050,4,previous_period,44.93977329523563,36.32422325416377,203.15660269773147,129.361544778233
piecewise_0050,5,previous_period,44.939617917376076,36.324441805002074,203.15660269773147,129.36110077777474
piecewise_0050,6,previous_period,44.93947534073429,36.32476043492814,203.15660269773147,129.36045346004175
piecewise_0051,1,default,50.368760411271104,6.668105291972937,139.37509546783835,130.08141735125508
piecewise_0051,2,previous_period,49.261363285387326,6.5257383110032485,139.37509546783835,130.27984146689627
piecewise_0051,3,previous_period,49.38871137694059,7.27707204106941,139.37509546783835,129.23266936333448
piecewise_0051,4,previous_period,49.339034579734864,7.147822988992425,139.37509546783835,129.41281035305806
piecewise_0051,5,previous_period,49.352672576920405,7.1963348358973445,139.37509546783835,129.3451969201211
piecewise_0051,6,previous_period,49.34840007581551,7.18235569682053,139.37509546783835,129.364680358555
piecewise_0052,1,default,50.88360277900547,6.902948830165368,150.2170966299363,139.84768731541172
piecewise_0052,2,previous_period,29.41423033815913,52.715094714495415,150.2170966299363,71.03001186410027
piecewise_0052,3,previous_period,28.15081146229875,54.71166022834129,150.2170966299363,68.03082911688645
piecewise_0052,4,previous_period,28.101937470231327,54.77400112727033,150.2170966299363,67.93718242850221
piecewise_0052,5,previous_period,28.101504748601368,54.77456053931478,150.2170966299363,67.93634209597086
piecewise_0052,6,previous_period,28.10149422389371,54.774574240417586,150.2170966299363,67.93632151457203
piecewise_0053,1,default,72.39371781785057,-7.7165890495425105,197.44184798267815,212.67762400332387
piecewise_0053,2,previous_period,39.31733631047798,44.32243322126405,197.44184798267815,109.93081675972596
piecewise_0053,3,previous_period,39.06926762635664,44.68092334290608,197.44184798267815,109.22300723872058
piecewise_0053,4,previous_period,39.06854474845339,44.68514374638427,197.44184798267815,109.21467439610092
piecewise_0053,5,previous_period,39.06856958073423,44.68502256136099,197.44184798267815,109.21491366605036
piecewise_0053,6,previous_period,39.06857057308068,44.685022924018945,197.44184798267815,109.21491295001178
piecewise_0054,1,default,37.53680196260834,15.154088093199825,109.62248443359874,93.01019657257693
piecewise_0054,2,previous_period,22.980039866299382,51.356537036253734,109.62248443359874,53.32417261539612
piecewise_0054,3,previous_period,22.72704654035507,52.27219607960119,109.62248443359874,52.32040442313772
piecewise_0054,4,previous_period,22.739067195589175,52.21186591468883,109.62248443359874,52.38653984877753
piecewise_0054,5,previous_period,22.738204383497337,52.2190041062271,109.62248443359874,52.37871478586965
piecewise_0054,6,previous_period,22.738328839575424,52.21768681937743,109.62248443359874,52.38015882844138
piecewise_0055,1,default,58.728302664589805,-2.1448798804304836,157.44224684336177,160.81919391920275
piecewise_0055,2,previous_period,55.68677166036481,1.9439449903113304,157.44224684336177,154.38165617321664
piecewise_0055,3,previous_period,55.65484776777787,2.0167277053781407,157.44224684336177,154.26706543130186
piecewise_0055,4,previous_period,55.65625117606539,2.0130846881636244,157.44224684336177,154.27280107945728
piecewise_0055,5,previous_period,55.65602627452888,2.013627280378727,157.44224684336177,154.27194681008262
piecewise_0055,6,previous_period,55.65606612111746,2.0135335126849507,157.44224684336177,154.27209444004652
piecewise_0056,1,default,59.225985435920904,-8.260841844426924,157.9942371061494,171.04589115679727
piecewise_0056,2,previous_period,34.23253986793461,36.86795446218941,157.9942371061494,99.74499371697067
piecewise_0056,3,previous_period,34.190363049011275,36.96155574756522,157.9942371061494,99.59710908021961
piecewise_0056,4,previous_period,34.18954869178434,36.958372145797135,157.9942371061494,99.6021389875456
piecewise_0056,5,previous_period,34.189825776949064,36.9588408795636,157.9942371061494,99.6013984152072
piecewise_0056,6,previous_period,34.189754982427274,36.95872911669847,157.9942371061494,99.60157499409334
piecewise_0057,1,default,68.39142932701584,3.132734848913077,203.07263149413166,196.71090439871017
piecewise_0057,2,previous_period,51.280921404923006,28.078274394837766,203.07263149413166,146.05334080239163
piecewise_0057,3,previous_period,50.46414632968442,29.488852703063717,203.07263149413166,143.1888423125918
piecewise_0057,4,previous_period,50.42301742574427,29.556700402551815,203.07263149413166,143.05106220383308
piecewise_0057,5,previous_period,50.42095848691699,29.559981978568818,203.07263149413166,143.04439822106087
piecewise_0057,6,previous_period,50.42106125217369,29.559856071741354,203.07263149413166,143.04465390336864
piecewise_0058,1,default,47.860616646760946,0.7092428407158846,126.4023086643,125.50580933959885
piecewise_0058,2,previous_period,39.60516612603121,16.780806139514215,126.4023086643,105.19098229147343
piecewise_0058,3,previous_period,39.201125331703516,18.021004263812724,126.4023086643,103.62334323034877
piecewise_0058,4,previous_period,39.27478998793063,17.710606873425895,126.4023086643,104.01569269783147
piecewise_0058,5,previous_period,39.22684940158345,17.90078020666469,126.4023086643,103.77530921415378
piecewise_0058,6,previous_period,39.25104466614917,17.797238239015822,126.4023086643,103.90618865169839
piecewise_0059,1,default,57.09731755219094,-1.1857079135703552,151.3958503407598,153.19096291906732
piecewise_0059,2,previous_period,33.96455299307368,42.83559314148329,151.3958503407598,86.544539855703
piecewise_0059,3,previous_period,33.762158035262324,43.10132311651766,151.3958503407598,86.14223570038942
piecewise_0059,4,previous_period,33.7785816787176,43.11455398857795,151.3958503407598,86.12220470912624
piecewise_0059,5,previous_period,33.770291795107376,43.10660797269337,151.3958503407598,86.13423464744292
piecewise_0059,6,previous_period,33.7744876437794,43.11011801710839,151.3958503407598,86.12892058585346
piecewise_0060,1,default,32.255311871352156,1.41234034159895,66.81064335588914,65.86704968729212
piecewise_0060,2,previous_period,27.54080752214948,1.1204943087142816,66.81064335588914,66.062033899471
piecewise_0060,3,previous_period,27.395774362158523,0.38347884804705856,66.81064335588914,66.55443867037515
piecewise_0060,4,previous_period,27.419199879463978,0.3670255788476129,66.81064335588914,66.56543120538038
piecewise_0060,5,previous_period,27.40504607744786,0.4900200529102561,66.81064335588914,66.48325780596693
piecewise_0060,6,previous_period,27.413916043051223,0.369935911885233,66.81064335588914,66.56348679315414
piecewise_0061,1,default,41.008747459638016,-4.194131424138603,108.03425558270187,112.56535424493018
piecewise_0061,2,previous_period,39.28072244036936,3.5466058319335803,108.03425558270187,104.20270637371974
piecewise_0061,3,previous_period,39.28178840456791,2.599883482682419,108.03425558270187,105.2254908161683
piecewise_0061,4,previous_period,39.268107093867364,3.0949204823943144,108.03425558270187,104.69068127867061
piecewise_0061,5,previous_period,39.265903585686715,2.8453602495599806,108.03425558270187,104.96029181844364
piecewise_0061,6,previous_period,39.26689089344462,2.970889308232927,108.03425558270187,104.82467743436635
piecewise_0062,1,default,44.94665971253798,-21.61497593691095,95.56511025625589,116.22148584222802
piecewise_0062,2,previous_period,26.03957535017479,44.72597326562246,95.56511025625589,52.82268459178026
piecewise_0062,3,previous_period,25.346556666994797,47.6812306625996,95.56511025625589,49.99848960200289
piecewise_0062,4,previous_period,25.325083599927208,47.81587808376313,95.56511025625589,49.86981364551076
piecewise_0062,5,previous_period,25.325115273363362,47.81221969939424,95.56511025625589,49.87330978456649
piecewise_0062,6,previous_period,25.325306138174334,47.809856074980296,95.56511025625589,49.87556858484371
piecewise_0063,1,default,68.05088955986203,5.390426148499561,210.55528810797944,199.20546080075832
piecewise_0063,2,previous_period,38.0882167582471,50.502152436740964,210.55528810797944,104.22033554406853
piecewise_0063,3,previous_period,37.891417299105996,51.22603790059529,210.55528810797944,102.69615642007828
piecewise_0063,4,previous_period,37.86880859965229,51.213954541548176,210.55528810797944,102.72159857153306
piecewise_0063,5,previous_period,37.87220946830016,51.213814620011064,210.55528810797944,102.72189318372864
piecewise_0063,6,previous_period,37.872209652917725,51.2131600628543,210.55528810797944,102.72327138843589
piecewise_0064,1,default,46.8920396904576,-6.384454222937164,128.94185621047842,137.17408999444189
piecewise_0064,2,previous_period,16.573702489491804,64.05509966092117,128.94185621047842,46.34802171021478
piecewise_0064,3,previous_period,15.780729110399111,65.93200081748411,128.94185621047842,43.927910519706586
piecewise_0064,4,previous_period,15.788570302430834,65.91604420897214,128.94185621047842,43.94848526691018
piecewise_0064,5,previous_period,15.78836725392812,65.91639981770771,128.94185621047842,43.94802673840569
piecewise_0064,6,previous_period,15.788375608042875,65.91638530634604,128.94185621047842,43.94804544962477
piecewise_0065,1,default,81.55189147930722,-6.402109043313908,215.93025233752348,229.75434254967462
piecewise_0065,2,previous_period,48.9381262797252,36.4415804071425,215.93025233752348,137.24185580859915
piecewise_0065,3,previous_period,48.83273794426477,36.59593414962925,215.93025233752348,136.9085593829551
piecewise_0065,4,previous_period,48.83588800598879,36.5917611598091,215.93025233752348,136.9175701304038
piecewise_0065,5,previous_period,48.836099283441946,36.59149188230051,215.93025233752348,136.91815158200757
piecewise_0065,6,previous_period,48.83563481844216,36.59206010300321,215.93025233752348,136.9169246216104
piecewise_0066,1,default,49.00872241189539,12.248725632419067,159.63610333812835,140.08271502995603
piecewise_0066,2,previous_period,33.58888121265197,42.86113233279396,159.63610333812835,91.21426183545745
piecewise_0066,3,previous_period,32.986433322772534,44.353155599041585,159.63610333812835,88.83245403232146
piecewise_0066,4,previous_period,32.98537005635528,44.329337805329736,159.63610333812835,88.87047583010417
piecewise_0066,5,previous_period,32.98564722592995,44.33176955120472,159.63610333812835,88.86659388574625
piecewise_0066,6,previous_period,32.98559839462747,44.331555852320335,159.63610333812835,88.86693502631817
piecewise_0067,1,default,74.64299669345729,5.253235969866942,228.28011573770124,216.28802258571443
piecewise_0067,2,previous_period,50.511580544979005,39.5541365386054,228.28011573770124,137.98588706832444
piecewise_0067,3,previous_period,49.54559822177139,41.23989348016218,228.28011573770124,134.1376391710823
piecewise_0067,4,previous_period,49.60318129841963,41.099344451675265,228.28011573770124,134.45848465598044
piecewise_0067,5,previous_period,49.59616014217387,41.11484349064515,228.28011573770124,134.42310343188177
piecewise_0067,6,previous_period,49.59813018387835,41.11127422003755,228.28011573770124,134.4312513669558
piecewise_0068,1,default,87.32116505271958,-9.737311358659406,228.69543130340134,250.96421751244253
piecewise_0068,2,previous_period,61.299075241237645,21.972644385308993,228.69543130340134,178.44499745765634
piecewise_0068,3,previous_period,60.75970569261803,22.449992925432426,228.69543130340134,177.35332315500057
piecewise_0068,4,previous_period,60.76026799043021,22.45763187904215,228.69543130340134,177.33585321709575
piecewise_0068,5,previous_period,60.75985531344961,22.45734891142498,228.69543130340134,177.33650035110827
piecewise_0068,6,previous_period,60.75989570405585,22.457375487594934,228.69543130340134,177.33643957262177
piecewise_0069,1,default,47.777398697890526,4.956484736948063,133.6223872170061,126.99941398944955
piecewise_0069,2,previous_period,46.279312624717946,9.695958682438622,133.6223872170061,120.66641576195704
piecewise_0069,3,previous_period,46.256429453610124,9.840828345322528,133.6223872170061,120.47283746005833
piecewise_0069,4,previous_period,46.26233170198129,9.80754094236712,133.6223872170061,120.51731688252988
piecewise_0069,5,previous_period,46.26065118486877,9.815789271768471,133.6223872170061,120.50629526787829
piecewise_0069,6,previous_period,46.26122857836068,9.81347055307944,133.6223872170061,120.50939359514342
piecewise_0070,1,default,32.441480028613846,10.319925369857664,98.60015837614003,88.42469561716092
piecewise_0070,2,previous_period,29.655218040012315,22.6178672046885,98.60015837614003,76.29890549101214
piecewise_0070,3,previous_period,29.524617898267326,23.408855641650284,98.60015837614003,75.51898963943086
piecewise_0070,4,previous_period,29.514738711533546,23.435212902023427,98.60015837614003,75.49300133895933
piecewise_0070,5,previous_period,29.515884564379718,23.441498754492716,98.60015837614003,75.48680347846931
piecewise_0070,6,previous_period,29.5152188313239,23.439553291380598,98.60015837614003,75.48872170817901
piecewise_0071,1,default,33.823284410222676,9.5470526117013,107.25405571450706,97.01445458725965
piecewise_0071,2,previous_period,9.522027359324081,76.66499035132138,107.25405571450706,25.02774424957936
piecewise_0071,3,previous_period,9.587145698078407,75.94646036310854,107.25405571450706,25.798396803462605
piecewise_0071,4,previous_period,9.484469628713109,76.57206223243136,107.25405571450706,25.127413425988095
piecewise_0071,5,previous_period,9.620981033240936,75.97439106282228,107.25405571450706,25.76843999523018
piecewise_0071,6,previous_period,9.463631455906128,76.60702378095267,107.25405571450706,25.089915747258402
piecewise_0072,1,default,57.4668795982841,9.623894019443425,171.32570168833468,154.83749772978155
piecewise_0072,2,previous_period,43.0965814525276,39.955361667557966,171.32570168833468,102.87189794927909
piecewise_0072,3,previous_period,42.640486876102734,40.93246970542494,171.32570168833468,101.19786074715037
piecewise_0072,4,previous_period,42.65084502188805,40.917213801991025,171.32570168833468,101.22399803075743
piecewise_0072,5,previous_period,42.64991249379991,40.917699954169414,171.32570168833468,101.22316512712652
piecewise_0072,6,previous_period,42.65003134398995,40.91774925458884,171.32570168833468,101.223080662837
piecewise_0073,1,default,52.49731211099743,-11.220924677264254,139.55163692044246,155.21062098517461
piecewise_0073,2,previous_period,30.3793450877058,44.86424185144246,139.55163692044246,76.9428530248083
piecewise_0073,3,previous_period,28.941582919603025,51.39329947854737,139.55163692044246,67.83144623070439
piecewise_0073,4,previous_period,29.009656960288254,50.88805105213841,139.55163692044246,68.53652868027288
piecewise_0073,5,previous_period,28.987403697213438,51.04017547854899,139.55163692044246,68.32423655306107
piecewise_0073,6,previous_period,28.993175798631654,50.99986469689387,139.55163692044246,68.38049090871621
piecewise_0074,1,default,49.41139856614845,-3.238973008474799,125.31005449137866,129.36881333325948
piecewise_0074,2,previous_period,41.945940093559884,12.344408511064241,125.31005449137866,109.84126945952568
piecewise_0074,3,previous_period,41.415512520030354,13.663782541415637,125.31005449137866,108.18796114314725
piecewise_0074,4,previous_period,41.552683306462974,13.28986904587418,125.31005449137866,108.65651234816086
piecewise_0074,5,previous_period,41.48284183087739,13.482707681111883,125.31005449137866,108.41486614926407
piecewise_0074,6,previous_period,41.51468291175749,13.393305554611768,125.31005449137866,108.52689600269781
piecewise_0075,1,default,69.23836306452276,3.0078008177303994,211.55285415262415,205.18976567548953
piecewise_0075,2,previous_period,32.65000407624813,54.179173009247194,211.55285415262415,96.93526729527352
piecewise_0075,3,previous_period,32.69827118918681,54.13629442940176,211.55285415262415,97.02597815475667
piecewise_0075,4,previous_period,32.6950161499301,54.13859159352052,211.55285415262415,97.02111843849883
piecewise_0075,5,previous_period,32.69652058422874,54.13667551758502,211.55285415262415,97.02517195182813
piecewise_0075,6,previous_period,32.69573419659545,54.13772769862987,211.55285415262415,97.0229460327969
piecewise_0076,1,default,41.89409364118302,-2.396561672552888,104.8483215622058,107.36107625108062
piecewise_0076,2,previous_period,24.96235627620928,48.68913700922744,104.8483215622058,53.79857862490806
piecewise_0076,3,previous_period,24.46781411456399,46.123063366048434,104.8483215622058,56.48906376983139
piecewise_0076,4,previous_period,24.88902557912935,47.74064821926587,104.8483215622058,54.79305320138844
piecewise_0076,5,previous_period,24.465958806473324,46.31651569971971,104.8483215622058,56.28623224495415
piecewise_0076,6,previous_period,24.995416819658463,47.78273913258527,104.8483215622058,54.74892158524284
piecewise_0077,1,default,43.04297033563224,-1.1322389260844723,115.96924340274015,117.28229231883161
piecewise_0077,2,previous_period,41.488188232158485,3.5918525524591516,115.96924340274015,111.80379917351127
piecewise_0077,3,previous_period,41.6102641849722,2.9980019154592474,115.96924340274015,112.4924832641824
piecewise_0077,4,previous_period,41.50411266498884,3.3899805768435654,115.96924340274015,112.03790857627482
piecewise_0077,5,previous_period,41.56604177209767,3.1862155046088247,115.96924340274015,112.2742133888645
piecewise_0077,6,previous_period,41.51902498883722,3.339607611577855,115.96924340274015,112.09632572297299
piecewise_0078,1,default,60.87158043722276,7.782681947130843,181.70879692230113,167.56697918788055
piecewise_0078,2,previous_period,52.999384586337705,20.386275113690978,181.70879692230113,144.66514167594278
piecewise_0078,3,previous_period,53.058459964777505,20.449460111716157,181.70879692230113,144.55032897619586
piecewise_0078,4,previous_period,53.04727846749669,20.427027440837854,181.70879692230113,144.59109111256635
piecewise_0078,5,previous_period,53.048859714889204,20.433244820095776,181.70879692230113,144.5797935875167
piecewise_0078,6,previous_period,53.04848070715075,20.431898105117764,181.70879692230113,144.5822406871012
piecewise_0079,1,default,59.03035138693788,-6.127790810549105,146.2738329289703,155.2371874214297
piecewise_0079,2,previous_period,50.02247804857993,9.061364522291981,146.2738329289703,133.01942772654795
piecewise_0079,3,previous_period,49.45917388713244,10.079409162980701,146.2738329289703,131.5302948096846
piecewise_0079,4,previous_period,49.39244143216476,10.193797204149579,146.2738329289703,131.3629750374545
piecewise_0079,5,previous_period,49.38969105230984,10.198847561546586,146.2738329289703,131.3555876861133
piecewise_0079,6,previous_period,49.389303826659706,10.199427616113987,146.2738329289703,131.35473921806448
piecewise_0080,1,default,39.160449763024594,-17.792282909079105,91.11550046544522,107.32702808228052
piecewise_0080,2,previous_period,28.11414932883033,31.984736706944737,91.11550046544522,61.972447542357564
piecewise_0080,3,previous_period,27.686907747124092,37.7063385422663,91.11550046544522,56.75918139546422
piecewise_0080,4,previous_period,27.783216201666335,36.34551250724706,91.11550046544522,57.99910484773608
piecewise_0080,5,previous_period,27.714981970453504,37.18092928638737,91.11550046544522,57.237910668450084
piecewise_0080,6,previous_period,27.756460756364074,36.69880068861935,91.11550046544522,57.67720455319345
piecewise_0081,1,default,66.76430617477213,5.10901507039645,195.18946543348292,185.21720622866002
piecewise_0081,2,previous_period,56.134997796265246,22.58258528764101,195.18946543348292,151.11063792947607
piecewise_0081,3,previous_period,55.670676654437614,23.6356541748045,195.18946543348292,149.05515839797533
piecewise_0081,4,previous_period,55.66592211490982,23.649045220311415,195.18946543348292,149.02902048783443
piecewise_0081,5,previous_period,55.666268238914604,23.647889522945665,195.18946543348292,149.03127628734467
piecewise_0081,6,previous_period,55.66621461327419,23.648072613728665,195.18946543348292,149.03091891342407
piecewise_0082,1,default,66.68570772467297,-0.5742249602831873,172.67582683647123,173.66737453454164
piecewise_0082,2,previous_period,47.490927742358714,27.322423129813068,172.67582683647123,125.49660678530725
piecewise_0082,3,previous_period,47.27851501156042,27.680474967073355,172.67582683647123,124.87833781481487
piecewise_0082,4,previous_period,47.27732909497111,27.682851191370684,172.67582683647123,124.87423464986198
piecewise_0082,5,previous_period,47.27733628370922,27.68284912892227,172.67582683647123,124.87423821121183
piecewise_0082,6,previous_period,47.27733699920729,27.682848114066704,172.67582683647123,124.87423996362207
piecewise_0083,1,default,45.733859505028825,11.845360549351058,128.60802637240826,113.373941953192
piecewise_0083,2,previous_period,36.17413422138664,31.455712504991308,128.60802637240826,88.15345533836012
piecewise_0083,3,previous_period,36.142135054002765,32.229985567134754,128.60802637240826,87.15767803440421
piecewise_0083,4,previous_period,36.11896166318928,31.95275079279696,128.60802637240826,87.51422420609806
piecewise_0083,5,previous_period,36.13172710781206,32.1071538878785,128.60802637240826,87.31564943285576
piecewise_0083,6,previous_period,36.12467039801386,32.02330507095107,128.60802637240826,87.42348574144276
piecewise_0084,1,default,53.58565478980083,-2.859628629666844,136.90898436558535,140.82407287908973
piecewise_0084,2,previous_period,28.21377876240447,43.05006948180189,136.90898436558535,77.96957146937157
piecewise_0084,3,previous_period,28.14377113529782,43.17599190089009,136.90898436558535,77.79717236430935
piecewise_0084,4,previous_period,28.143571207803152,43.17648132193359,136.90898436558535,77.79650230292941
piecewise_0084,5,previous_period,28.14357059374894,43.17651479414894,136.90898436558535,77.79645647645933
piecewise_0084,6,previous_period,28.143710938909848,43.175773120324635,136.90898436558535,77.7974718945595
piecewise_0085,1,default,63.48074185506978,-3.1223332723353314,164.24940452115652,169.37781832813326
piecewise_0085,2,previous_period,49.1920405611996,18.509383781783086,164.24940452115652,133.84785187904228
piecewise_0085,3,previous_period,48.21217056898315,20.304793764126906,164.24940452115652,130.89890167432915
piecewise_0085,4,previous_period,48.14260110904208,20.432674763697754,164.24940452115652,130.68885789403834
piecewise_0085,5,previous_period,48.142376085127,20.434924978924162,164.24940452115652,130.68516192892852
piecewise_0085,6,previous_period,48.14213156051468,20.43507309729019,164.24940452115652,130.68491864539433
piecewise_0086,1,default,36.647321156281436,-25.673711623933304,75.33590041457971,94.67742223631248
piecewise_0086,2,previous_period,18.97191190640578,48.18716438861891,75.33590041457971,39.03366623815995
piecewise_0086,3,previous_period,18.66008782624889,53.404717550330815,75.33590041457971,35.102975584174914
piecewise_0086,4,previous_period,18.633233693695107,52.89106634806959,75.33590041457971,35.489939342388716
piecewise_0086,5,previous_period,18.65551182172024,53.20328614480576,75.33590041457971,35.25472574724496
piecewise_0086,6,previous_period,18.637936025367274,52.99450091998433,75.33590041457971,35.412015976296786
piecewise_0087,1,default,55.77662726085004,-11.327749754928274,141.908701545654,157.9837641372137
piecewise_0087,2,previous_period,46.87128371873834,14.543109001087984,141.908701545654,121.2707643978409
piecewise_0087,3,previous_period,46.50652956213022,16.887822078190972,141.908701545654,117.94341251515291
piecewise_0087,4,previous_period,46.514910613775434,16.837669838357485,141.908701545654,118.01458290749667
piecewise_0087,5,previous_period,46.51271122821254,16.846374587408107,141.908701545654,118.00223011114612
piecewise_0087,6,previous_period,46.512510380565686,16.84602429150126,141.908701545654,118.0027272115191
piecewise_0088,1,default,42.72919440916347,1.6616241450181146,109.30677237169076,107.49050464982275
piecewise_0088,2,previous_period,41.43893887413645,2.934023453457535,109.30677237169076,106.09968603408791
piecewise_0088,3,previous_period,41.43140884826025,2.430258681854447,109.30677237169076,106.65033504627286
piecewise_0088,4,previous_period,41.39542819446836,2.858653172926162,109.30677237169076,106.18207085506424
piecewise_0088,5,previous_period,41.41293269634974,2.5241393890735875,109.30677237169076,106.5477170753319
piecewise_0088,6,previous_period,41.39468129574362,2.8043032823849345,109.30677237169076,106.24147896620241
piecewise_0089,1,default,10.664139582021274,40.58749656056683,42.40068136959677,25.19130627705478
piecewise_0089,2,previous_period,10.65727299599374,47.429340325536515,42.40068136959677,22.29031790246436
piecewise_0089,3,previous_period,9.50028788081106,55.866828231065334,42.40068136959677,18.71276554004282
piecewise_0089,4,previous_period,9.651388942699679,52.78720066631162,42.40068136959677,20.018548611144315
piecewise_0089,5,previous_period,9.501781779632829,55.044313543933264,42.40068136959677,19.061517371751826
piecewise_0089,6,previous_period,9.572666228430538,53.740062239925464,42.40068136959677,19.614528811422986
piecewise_0090,1,default,45.07028384983547,-7.24335129144722,115.04122193362355,123.37406176824933
piecewise_0090,2,previous_period,28.89179059007992,31.013802899759966,115.04122193362355,79.3625641096541
piecewise_0090,3,previous_period,27.835129684178103,34.0281197465093,115.04122193362355,75.8948571762026
piecewise_0090,4,previous_period,27.810111667836228,34.06553847796234,115.04122193362355,75.85181021030697
piecewise_0090,5,previous_period,27.812222485833633,34.08038972045902,115.04122193362355,75.83472515946647
piecewise_0090,6,previous_period,27.81157848687916,34.0742990930074,115.04122193362355,75.84173189171022
piecewise_0091,1,default,42.12914096305912,-12.781053812965371,83.8285897268954,94.54276689053987
piecewise_0091,2,previous_period,26.182005316642172,45.41998133520725,83.8285897268954,45.75365991937205
piecewise_0091,3,previous_period,26.12872684070867,46.23838111941221,83.8285897268954,45.06760692194508
piecewise_0091,4,previous_period,26.12096980667667,45.90902642238586,83.8285897268954,45.34370031966156
piecewise_0091,5,previous_period,26.130654303159936,46.14980041729528,83.8285897268954,45.14186287529988
piecewise_0091,6,previous_period,26.12251400380733,45.967255904902835,83.8285897268954,45.2948873656623
piecewise_0092,1,default,41.57952427458734,-0.569650439227587,118.41483634560687,119.08938698096026
piecewise_0092,2,previous_period,24.604994216487395,50.98953938497901,118.41483634560687,58.03565672950521
piecewise_0092,3,previous_period,24.853888998409406,49.62430334686545,118.41483634560687,59.65229874976864
piecewise_0092,4,previous_period,24.582388885083592,51.14706327376521,118.41483634560687,57.84912507439379
piecewise_0092,5,previous_period,25.0012130503695,49.045671552310374,118.41483634560687,60.33748464233467
piecewise_0092,6,previous_period,24.57901238922711,51.247514481520696,118.41483634560687,57.73017594112295
piecewise_0093,1,default,67.76298579002491,-4.2621075962885335,185.91697138910854,193.8409527494733
piecewise_0093,2,previous_period,42.713352248544496,37.04174840647938,185.91697138910854,117.0500746022087
piecewise_0093,3,previous_period,42.19208237598488,38.00803865148031,185.91697138910854,115.25357704387457
piecewise_0093,4,previous_period,42.175923788680024,38.03103671466054,185.91697138910854,115.21081974133175
piecewise_0093,5,previous_period,42.17467347585904,38.033127167575884,185.91697138910854,115.2069332345832
piecewise_0093,6,previous_period,42.175510328773015,38.031838654950654,185.91697138910854,115.20932879823201
piecewise_0094,1,default,26.216657575970515,-10.175764511014474,44.844145352658465,49.40737998072203
piecewise_0094,2,previous_period,16.804124032739676,8.169172411753811,44.844145352658465,41.18074980222231
piecewise_0094,3,previous_period,16.584201593640252,8.00933472327927,44.844145352658465,41.252427647570165
piecewise_0094,4,previous_period,16.675432878949753,7.939032789730415,44.844145352658465,41.28395394883654
piecewise_0094,5,previous_period,16.59721013206673,8.085434734034502,44.844145352658465,41.2183012481337
piecewise_0094,6,previous_period,16.662489436270057,7.942247253377954,44.844145352658465,41.28251245008613
piecewise_0095,1,default,49.33025539323098,-7.247614708695549,126.87938719066344,136.07511631899675
piecewise_0095,2,previous_period,29.847933423859583,47.20040997221646,126.87938719066344,66.99179626643439
piecewise_0095,3,previous_period,28.500527297835884,52.0499828037159,126.87938719066344,60.83868797646301
piecewise_0095,4,previous_period,28.686314675956016,51.73229978648006,126.87938719066344,61.241762241940634
piecewise_0095,5,previous_period,28.630572819799767,51.77842123574719,126.87938719066344,61.183243629747075
piecewise_0095,6,previous_period,28.64296153844132,51.80428725692289,126.87938719066344,61.150424980588724
piecewise_0096,1,default,62.939937332715324,-5.7554109550832955,180.16800877383255,190.53741808835713
piecewise_0096,2,previous_period,24.89784075958077,62.49537268877279,180.16800877383255,67.57134022468503
piecewise_0096,3,previous_period,24.533970155804216,63.401043456210346,180.16800877383255,65.9396112369461
piecewise_0096,4,previous_period,24.529394322579154,63.38461291404385,180.16800877383255,65.96921381759824
piecewise_0096,5,previous_period,24.530067737556536,63.38716097308457,180.16800877383255,65.96462303036219
piecewise_0096,6,previous_period,24.52996089275826,63.38677117962375,180.16800877383255,65.96532531347887
piecewise_0097,1,default,36.35061663511605,5.762686638823,98.73562710461543,93.04580231369965
piecewise_0097,2,previous_period,29.647473868983347,24.688244300549933,98.73562710461543,74.35953427334798
piecewise_0097,3,previous_period,29.53378256995392,25.035429233495922,98.73562710461543,74.01673905259102
piecewise_0097,4,previous_period,29.56301850238481,25.049273898929115,98.73562710461543,74.00306943535502
piecewise_0097,5,previous_period,29.54982204910135,24.99083416793232,98.73562710461543,74.06077027023295
piecewise_0097,6,previous_period,29.556242830989625,25.047141761381365,98.73562710461543,74.00517461473352
piecewise_0098,1,default,38.18255864345506,12.261668291867577,123.57472489407886,108.422402034979
piecewise_0098,2,previous_period,26.900298245735076,46.38561029496861,123.57472489407886,66.25383458163188
piecewise_0098,3,previous_period,26.641822432333456,48.45194357959039,123.57472489407886,63.70036890976572
piecewise_0098,4,previous_period,26.69237526720172,47.828715777171425,123.57472489407886,64.47052095206837
piecewise_0098,5,previous_period,26.669224154498178,48.114138885197654,123.57472489407886,64.11781013154084
piecewise_0098,6,previous_period,26.678145180212347,47.99398790642826,123.57472489407886,64.26628637301266
piecewise_0099,1,default,58.90988022101642,-15.88297933479681,128.65424919157275,149.08837700400824
piecewise_0099,2,previous_period,36.37808639084088,30.433230731908324,128.65424919157275,89.50060468869711
piecewise_0099,3,previous_period,35.91660022048781,31.35295483690025,128.65424919157275,88.31734054678584
piecewise_0099,4,previous_period,35.91627982812841,31.36468979561705,128.65424919157275,88.30224302375579
piecewise_0099,5,previous_period,35.91722429804557,31.364577048198484,128.65424919157275,88.30238807810063
piecewise_0099,6,previous_period,35.91736786438856,31.36462350634499,128.65424919157275,88.30232830772106
piecewise_0100,1,default,39.25004206978945,13.696842474381532,109.21023300838573,94.25187942732211
piecewise_0100,2,previous_period,32.26449397048604,31.513113310402463,109.21023300838573,74.79468853389858
piecewise_0100,3,previous_period,31.9540923464365,32.48496936259928,109.21023300838573,73.73332227478834
piecewise_0100,4,previous_period,31.941918001389,32.53008263273952,109.21023300838573,73.68405396735048
piecewise_0100,5,previous_period,31.941227167920626,32.53172843892976,109.21023300838573,73.68225657857525
piecewise_0100,6,previous_period,31.94122355350827,32.531828934785125,109.21023300838573,73.68214682681744
piecewise_0101,1,default,50.387073483156804,3.2165375441813304,149.0631462765654,144.26847421204172
piecewise_0101,2,previous_period,37.545891657891296,35.78301554988966,149.0631462765654,95.72385746526723
piecewise_0101,3,previous_period,35.8886872630044,41.80954607386317,149.0631462765654,86.74052145491473
piecewise_0101,4,previous_period,35.90729556046248,41.590581431699846,149.0631462765654,87.0669170397566
piecewise_0101,5,previous_period,35.90046001642933,41.63255446353531,149.0631462765654,87.004350717915
piecewise_0101,6,previous_period,35.90131388194366,41.62705228976127,149.0631462765654,87.01255243125618
piecewise_0102,1,default,48.68714857468174,2.808656613557281,134.34503318772607,130.57174252811328
piecewise_0102,2,previous_period,45.437891294198714,9.252049965836328,134.34503318772607,121.91536359057825
piecewise_0102,3,previous_period,45.42045761135977,9.331051496291497,134.34503318772607,121.80922895826944
piecewise_0102,4,previous_period,45.42803258956388,9.296603966884732,134.34503318772607,121.85550750308332
piecewise_0102,5,previous_period,45.423720559205,9.315286921220366,134.34503318772607,121.83040788188066
piecewise_0102,6,previous_period,45.426449124359124,9.303699859905844,134.34503318772607,121.84597452324914
piecewise_0103,1,default,68.21151682862094,-5.675269183855236,180.42494189309343,190.6645430203409
piecewise_0103,2,previous_period,31.64775085867097,57.740177565691454,180.42494189309343,76.24726007122567
piecewise_0103,3,previous_period,31.090664115548048,58.82897726578725,180.42494189309343,74.28279384499564
piecewise_0103,4,previous_period,31.066016467555993,58.84559695591813,180.42494189309343,74.2528077787342
piecewise_0103,5,previous_period,31.070184268065876,58.844700960921756,180.42494189309343,74.25442437718576
piecewise_0103,6,previous_period,31.06935611885175,58.84484108464897,180.42494189309343,74.25417155903236
piecewise_0104,1,default,72.21025323158833,-0.15670374129557185,198.74867810132295,199.0601247156832
piecewise_0104,2,previous_period,46.50550399107963,35.398859303479945,198.74867810132295,128.39391317270938
piecewise_0104,3,previous_period,46.106891343834995,35.89962688965691,198.74867810132295,127.39864421482277
piecewise_0104,4,previous_period,46.080126947512035,35.93016600374849,198.74867810132295,127.33794812926189
piecewise_0104,5,previous_period,46.077346531613344,35.93331519135111,198.74867810132295,127.33168916053074
piecewise_0104,6,previous_period,46.07704590074755,35.933656313363706,198.74867810132295,127.33101118504001
piecewise_0105,1,default,59.676398405884704,-10.402609701813969,154.26494377315925,170.31252378060378
piecewise_0105,2,previous_period,31.643539703374508,47.55446002137646,154.26494377315925,80.90508275955337
piecewise_0105,3,previous_period,31.221319875765467,48.556292846292195,154.26494377315925,79.35960591549605
piecewise_0105,4,previous_period,31.2237706320763,48.56709256698083,154.26494377315925,79.34294573244807
piecewise_0105,5,previous_period,31.22437003003502,48.56491610724133,154.26494377315925,79.34630324684144
piecewise_0105,6,previous_period,31.224333189248334,48.564999057800954,154.26494377315925,79.34617528320729
piecewise_0106,1,default,96.49681391852921,-6.212551009857981,268.91918420900845,285.62592570328707
piecewise_0106,2,previous_period,62.34456335698646,30.466705700919317,268.91918420900845,186.98836778273676
piecewise_0106,3,previous_period,61.69541244874273,31.2134862083594,268.91918420900845,184.980131734297
piecewise_0106,4,previous_period,61.66906461987043,31.24440789197139,268.91918420900845,184.89697739498394
piecewise_0106,5,previous_period,61.667892139017674,31.2457859342531,268.91918420900845,184.8932715749219
piecewise_0106,6,previous_period,61.66783951490208,31.245847774379587,268.91918420900845,184.89310527495823
piecewise_0107,1,default,81.88395201717,-4.062105373319902,222.4460343407553,231.48202665444813
piecewise_0107,2,previous_period,44.870898140407036,44.270850214308986,222.4460343407553,123.96728367008919
piecewise_0107,3,previous_period,44.31263104832565,45.52612217875179,222.4460343407553,121.17498096499486
piecewise_0107,4,previous_period,44.29446928539816,45.45345067418989,222.4460343407553,121.33663584498859
piecewise_0107,5,previous_period,44.29704080908687,45.470674097764366,222.4460343407553,121.29832302226944
piecewise_0107,6,previous_period,44.29648705362606,45.46704694197557,222.4460343407553,121.306391486481
piecewise_0108,1,default,50.653132364118065,1.1152974634611623,146.4985599291939,144.86466520629648
piecewise_0108,2,previous_period,38.83437538903373,26.728583662442485,146.4985599291939,107.34156977424587
piecewise_0108,3,previous_period,38.030884836737656,29.541630178330724,146.4985599291939,103.22049713833124
piecewise_0108,4,previous_period,37.987973470768694,29.725020873973985,146.4985599291939,102.95183241016973
piecewise_0108,5,previous_period,37.98617834840448,29.73324771995217,146.4985599291939,102.93978019928409
piecewise_0108,6,previous_period,37.98618003468882,29.733243462522594,146.4985599291939,102.93978643635711
piecewise_0109,1,default,62.68816775609072,-12.570432057344739,158.81539527935726,178.77917663955236
piecewise_0109,2,previous_period,45.638507608050396,25.348771231262134,158.81539527935726,118.5576440499683
piecewise_0109,3,previous_period,45.242866166549625,25.970703663188498,158.81539527935726,117.56991959983392
piecewise_0109,4,previous_period,45.24249685219789,25.99956185804451,158.81539527935726,117.52408834360287
piecewise_0109,5,previous_period,45.24235729203512,25.995444898794375,158.81539527935726,117.53062670870946
piecewise_0109,6,previous_period,45.24326500125047,25.994893785003637,158.81539527935726,117.53150196225467
piecewise_0110,1,default,77.69892886365425,4.2293560212376065,245.17702606389403,234.80761674936943
piecewise_0110,2,previous_period,46.709580445857966,48.43309665428853,245.17702606389403,126.43020005625806
piecewise_0110,3,previous_period,45.980744397417446,49.389441816003036,245.17702606389403,124.08546142986049
piecewise_0110,4,previous_period,45.97434420278751,49.40145052784209,245.17702606389403,124.05601882730494
piecewise_0110,5,previous_period,45.97497433922303,49.400214251020515,245.17702606389403,124.05904989404996
piecewise_0110,6,previous_period,45.974894312737554,49.40036404173812,245.17702606389403,124.05868264162322
piecewise_0111,1,default,62.417914144414915,-2.530723565430515,173.52374322299735,177.9151494843589
piecewise_0111,2,previous_period,41.6557130418089,36.951013614633034,173.52374322299735,109.40496124004673
piecewise_0111,3,previous_period,41.04653027668907,38.20165496910695,173.52374322299735,107.2348015474688
piecewise_0111,4,previous_period,41.04127672242464,38.213122800183086,173.52374322299735,107.214902137719
piecewise_0111,5,previous_period,41.04120665524053,38.21329979269269,173.52374322299735,107.21459501369111
piecewise_0111,6,previous_period,41.04120494225627,38.21330335447827,173.52374322299735,107.21458883314746
piecewise_0112,1,default,67.03875568088893,1.5945521550422281,199.99603634828512,196.8069952406945
piecewise_0112,2,previous_period,36.58210561466666,48.25935731334212,199.99603634828512,103.47923455444462
piecewise_0112,3,previous_period,36.50666098548568,48.464991449202046,199.99603634828512,103.06797443334573
piecewise_0112,4,previous_period,36.50766157637839,48.460310649827655,199.99603634828512,103.07733584656393
piecewise_0112,5,previous_period,36.5078133147942,48.46012801868027,199.99603634828512,103.07770110161982
piecewise_0112,6,previous_period,36.50776332387104,48.46021537712014,199.99603634828512,103.07752638820267
piecewise_0113,1,default,62.11522040381568,-12.983998149388132,147.2108800891928,166.3247380356716
piecewise_0113,2,previous_period,40.551631440613804,28.966489671790608,147.2108800891928,104.56905571240472
piecewise_0113,3,previous_period,40.29772486709506,29.44663077060867,147.2108800891928,103.86223577516472
piecewise_0113,4,previous_period,40.293191370232336,29.45523696039278,147.2108800891928,103.8495665274414
piecewise_0113,5,previous_period,40.2934158868305,29.454911223775404,147.2108800891928,103.8500460471826
piecewise_0113,6,previous_period,40.29329440200944,29.45455538135311,147.2108800891928,103.8505698859442
piecewise_0114,1,default,41.88621017994083,13.070629193983763,132.8302851882359,115.46853115397045
piecewise_0114,2,previous_period,35.303231582730746,29.81858588043792,132.8302851882359,93.22217252415118
piecewise_0114,3,previous_period,35.16223642942014,30.181219978049477,132.8302851882359,92.74048461810395
piecewise_0114,4,previous_period,35.15868929108335,30.191328922595282,132.8302851882359,92.72705687823424
piecewise_0114,5,previous_period,35.15881977460231,30.190569056898486,132.8302851882359,92.72806621000635
piecewise_0114,6,previous_period,35.15901463518117,30.189698172645862,132.8302851882359,92.72922300804277
piecewise_0115,1,default,75.03747479366123,4.373284705379687,234.13982434419307,223.90022321694562
piecewise_0115,2,previous_period,37.488523763047546,53.56504136623796,234.13982434419307,108.72273057938916
piecewise_0115,3,previous_period,37.51698982474923,53.51709496321342,234.13982434419307,108.83499220321019
piecewise_0115,4,previous_period,37.522806424097325,53.51280276198127,234.13982434419307,108.84504195563562
piecewise_0115,5,previous_period,37.51723778483871,53.51763932491939,234.13982434419307,108.83371763566802
piecewise_0115,6,previous_period,37.51849909260632,53.51638678839814,234.13982434419307,108.8366503224787
piecewise_0116,1,default,28.090566946382165,-15.700995309967336,59.659824728511865,69.02701101107024
piecewise_0116,2,previous_period,20.788868401506935,9.660479968939594,59.659824728511865,53.896399311109505
piecewise_0116,3,previous_period,20.65510013415611,10.295506122428645,59.659824728511865,53.51754382095773
piecewise_0116,4,previous_period,20.666602982213355,10.196169767382512,59.659824728511865,53.57680771626994
piecewise_0116,5,previous_period,20.66117223457465,10.237981594292977,59.659824728511865,53.55186285361937
piecewise_0116,6,previous_period,20.66289531609032,10.223265913761026,59.659824728511865,53.56064220283234
piecewise_0117,1,default,32.91666435981539,5.417829662379436,96.41427974501326,91.19071829821844
piecewise_0117,2,previous_period,28.21713744213768,27.626738918034032,96.41427974501326,69.77815840015548
piecewise_0117,3,previous_period,27.950207727154627,29.60666104208688,96.41427974501326,67.86923074473776
piecewise_0117,4,previous_period,27.956845432120335,29.49717810538146,96.41427974501326,67.97478792960598
piecewise_0117,5,previous_period,27.95385977492181,29.53355696522032,96.41427974501326,67.93971351391289
piecewise_0117,6,previous_period,27.954602350004098,29.52433472135605,96.41427974501326,67.94860507391095
piecewise_0118,1,default,32.554672427145505,-16.48880080643853,81.64806970705855,95.11085728335752
piecewise_0118,2,previous_period,12.739282898091355,62.62389833011199,81.64806970705855,30.516865545211232
piecewise_0118,3,previous_period,12.136315783877162,65.0656244710917,81.64806970705855,28.52324328356866
piecewise_0118,4,previous_period,12.801725637856256,62.392974004071355,81.64806970705855,30.705410799907455
piecewise_0118,5,previous_period,12.13114353656647,65.0832467078349,81.64806970705855,28.50885506742862
piecewise_0118,6,previous_period,12.834735448729575,62.27081839241399,81.64806970705855,30.805148498864533
piecewise_0119,1,default,56.539795783601214,5.559952398641855,160.53993139113163,151.61398762497242
piecewise_0119,2,previous_period,41.49268585045586,32.48667007350535,160.53993139113163,108.38585354386285
piecewise_0119,3,previous_period,40.739899677130296,33.8717728951028,160.53993139113163,106.16221042437367
piecewise_0119,4,previous_period,40.734956835865844,33.88583142568839,160.53993139113163,106.13964086901697
piecewise_0119,5,previous_period,40.73511065579672,33.88538665084766,160.53993139113163,106.14035491024111
piecewise_0119,6,previous_period,40.73545662053513,33.884515106248934,160.53993139113163,106.14175408734195
piecewise_0120,1,default,90.51807983806228,3.5417102722436367,289.1145898492906,278.8749887220432
piecewise_0120,2,previous_period,53.73026233667449,44.214914611137054,289.1145898492906,161.28282081908765
piecewise_0120,3,previous_period,53.732047468087735,44.235795776389196,289.1145898492906,161.22245032381315
piecewise_0120,4,previous_period,53.73214709092705,44.23404790604788,289.1145898492906,161.22750367198157
piecewise_0120,5,previous_period,53.73213794590241,44.23416447853249,289.1145898492906,161.2271666439208
piecewise_0120,6,previous_period,53.732676388798886,44.233320517467654,289.1145898492906,161.2296066584919
piecewise_0121,1,default,63.27481715173744,-5.84476052001297,159.64870879237753,168.9797934945849
piecewise_0121,2,previous_period,38.72513494717497,33.51381389865531,159.64870879237753,106.14433763609398
piecewise_0121,3,previous_period,38.57656631288371,33.79111382219181,159.64870879237753,105.7016318886857
piecewise_0121,4,previous_period,38.57712533744533,33.77831035795204,159.64870879237753,105.7220724540252
piecewise_0121,5,previous_period,38.57694309978678,33.78176330959391,159.64870879237753,105.7165598613137
piecewise_0121,6,previous_period,38.57697967533734,33.78065282527598,159.64870879237753,105.71833273518862
piecewise_0122,1,default,102.99107397063324,-5.0247793550959985,282.2909732521458,296.47547179741923
piecewise_0122,2,previous_period,67.56331513377226,29.414678823852146,282.2909732521458,199.25599012130075
piecewise_0122,3,previous_period,67.2297822019141,29.734571545369203,282.2909732521458,198.35296184436748
piecewise_0122,4,previous_period,67.22718328586586,29.73701394358004,282.2909732521458,198.34606717468742
piecewise_0122,5,previous_period,67.22715857602637,29.737036702232224,282.2909732521458,198.34600292906666
piecewise_0122,6,previous_period,67.22715833306974,29.737036892471735,282.2909732521458,198.3460023920377
piecewise_0123,1,default,52.871702919502546,13.116242030869085,173.53979870721116,150.77789868889033
piecewise_0123,2,previous_period,42.614560104931584,30.94662533729139,173.53979870721116,119.83508739020088
piecewise_0123,3,previous_period,42.53942980398554,31.15611265785515,173.53979870721116,119.4715435157774
piecewise_0123,4,previous_period,42.54059488961486,31.158206489986373,173.53979870721116,119.4679098837116
piecewise_0123,5,previous_period,42.54067085487818,31.1582783868804,173.53979870721116,119.46778511398644
piecewise_0123,6,previous_period,42.5406753086472,31.158280639935686,173.53979870721116,119.46778120403883
piecewise_0124,1,default,28.925817732343365,-29.034989173870905,54.55209026935043,70.39128377317661
piecewise_0124,2,previous_period,6.164716471431582,71.96616311486585,54.55209026935043,15.293044003540837
piecewise_0124,3,previous_period,5.188348091467476,76.77896221674632,54.55209026935043,12.667561493000523
piecewise_0124,4,previous_period,5.366267095684404,76.16374264666078,54.55209026935043,13.003176628228292
piecewise_0124,5,previous_period,5.2735385345433645,76.34823157271919,54.55209026935043,12.902534062747954
piecewise_0124,6,previous_period,5.323863629883608,76.30492572794265,54.55209026935043,12.926158306282357
piecewise_0125,1,default,40.15718668831788,4.983350550875187,98.23344130052172,93.33812456232852
piecewise_0125,2,previous_period,32.036732889576456,18.831352542957823,98.23344130052172,79.73475565414094
piecewise_0125,3,previous_period,31.75517596662061,18.9338247759505,98.23344130052172,79.63409365329474
piecewise_0125,4,previous_period,31.751602544914956,18.92334868999702,98.23344130052172,79.64438467304045
piecewise_0125,5,previous_period,31.750501344090157,18.92719540148584,98.23344130052172,79.64060591596808
piecewise_0125,6,previous_period,31.75072187007339,18.92653782396466,98.23344130052172,79.64125187699635
piecewise_0126,1,default,55.45191355387959,-12.35380642627224,139.7844770823137,157.05318079503962
piecewise_0126,2,previous_period,32.88182594727334,34.01837050426625,139.7844770823137,92.23207576100108
piecewise_0126,3,previous_period,32.61643778048361,34.59074501020053,139.7844770823137,91.43198505092838
piecewise_0126,4,previous_period,32.615617889323396,34.594036640812774,139.7844770823137,91.42738386228957
piecewise_0126,5,previous_period,32.6154813579243,34.59402812137438,139.7844770823137,91.42739577114199
piecewise_0126,6,previous_period,32.615628948181595,34.593163290535486,139.7844770823137,91.42860467040776
piecewise_0127,1,default,43.08522343727018,16.792627782824677,107.91608452712993,89.79413813469054
piecewise_0127,2,previous_period,37.5473182955076,22.197532594883953,107.91608452712993,83.96137648909774
piecewise_0127,3,previous_period,37.211169703516596,23.382505734423166,107.91608452712993,82.68259987420882
piecewise_0127,4,previous_period,37.202650066994536,23.491230453480927,107.91608452712993,82.56526841448856
piecewise_0127,5,previous_period,37.202774294235994,23.48784757847846,107.91608452712993,82.56891908073567
piecewise_0127,6,previous_period,37.20276444362218,23.48805851926088,107.91608452712993,82.56869144170261
piecewise_0128,1,default,68.03072621278507,2.9110817239673903,201.1035280662686,195.24924001447783
piecewise_0128,2,previous_period,58.35975558981466,20.709508144749165,201.1035280662686,159.4559765420068
piecewise_0128,3,previous_period,57.208279151114844,23.40938407880384,201.1035280662686,154.02643078521072
piecewise_0128,4,previous_period,57.24430329695877,23.292065399264416,201.1035280662686,154.26236278884525
piecewise_0128,5,previous_period,57.24199503254514,23.299122628604817,201.1035280662686,154.24817045165798
piecewise_0128,6,previous_period,57.24213531488201,23.298685252866104,201.1035280662686,154.24905002969945
piecewise_0129,1,default,53.60307294045238,7.934333244540492,153.43762427418,141.2633718417606
piecewise_0129,2,previous_period,44.27780836708293,26.341320643533706,153.43762427418,113.02012767629773
piecewise_0129,3,previous_period,44.01572013037722,26.858855414746973,153.43762427418,112.22603461855529
piecewise_0129,4,previous_period,44.01722686402016,26.854047900667744,153.43762427418,112.2334111539451
piecewise_0129,5,previous_period,44.01774061575615,26.85323737848545,153.43762427418,112.23465479992583
piecewise_0129,6,previous_period,44.01768034466613,26.85333792007797,153.43762427418,112.23450053129486
piecewise_0130,1,default,71.93811442200071,-9.668071720669325,194.33440890550332,213.1227989364262
piecewise_0130,2,previous_period,39.59231408572852,39.43684453168464,194.33440890550332,117.69505019387165
piecewise_0130,3,previous_period,38.922979783217826,40.47333747107308,194.33440890550332,115.68078776676387
piecewise_0130,4,previous_period,38.89051840944744,40.52350529631408,194.33440890550332,115.58329442012102
piecewise_0130,5,previous_period,38.888559975150905,40.52652035512321,194.33440890550332,115.57743512340616
piecewise_0130,6,previous_period,38.88843907846123,40.52670651798657,194.33440890550332,115.57707334490604
piecewise_0131,1,default,23.483250784350382,16.020775535430133,64.81386119000601,54.43017797290988
piecewise_0131,2,previous_period,20.689934373128857,24.787303778671046,64.81386119000601,48.748252526153045
piecewise_0131,3,previous_period,20.48746579358464,25.3601841119132,64.81386119000601,48.37694666218063
piecewise_0131,4,previous_period,20.456251830898754,25.45961094753435,64.81386119000601,48.31250429095552
piecewise_0131,5,previous_period,20.45432474046956,25.459438110502553,64.81386119000601,48.3126163133094
piecewise_0131,6,previous_period,20.453968639184335,25.46086328192989,64.81386119000601,48.31169260467876
piecewise_0132,1,default,43.36285548913775,-16.715352218756728,100.93696283290649,117.80893168934237
piecewise_0132,2,previous_period,22.7210156278723,41.5773823894876,100.93696283290649,58.97001582353398
piecewise_0132,3,previous_period,22.10829178567709,43.48589220823873,100.93696283290649,57.043623977118784
piecewise_0132,4,previous_period,22.10272935838271,43.454362951129525,100.93696283290649,57.07544865164859
piecewise_0132,5,previous_period,22.101978209612646,43.45866384461245,100.93696283290649,57.07110746039224
piecewise_0132,6,previous_period,22.101997588504002,43.45845420065055,100.93696283290649,57.07131906864015
piecewise_0133,1,default,48.54131876302927,-10.533416084714409,113.06590417457173,124.97560631122386
piecewise_0133,2,previous_period,37.79504457935826,11.42681792711986,113.06590417457173,100.1460691668916
piecewise_0133,3,previous_period,37.540339415187965,11.788533289906667,113.06590417457173,99.73709242141837
piecewise_0133,4,previous_period,37.539672987230325,11.833890628373734,113.06590417457173,99.68580873657106
piecewise_0133,5,previous_period,37.535594030564084,11.829989142764807,113.06590417457173,99.69021998655103
piecewise_0133,6,previous_period,37.53664453119883,11.832041679105899,113.06590417457173,99.68789926777846
piecewise_0134,1,default,67.32279359658699,7.269504907973012,209.40307360206498,194.18050688911651
piecewise_0134,2,previous_period,43.7841160368657,40.292372159575976,209.40307360206498,125.02960787273015
piecewise_0134,3,previous_period,42.941867877585786,41.632343173343344,209.40307360206498,122.22366738452455
piecewise_0134,4,previous_period,42.99616812419951,41.527654872250665,209.40307360206498,122.4428879047144
piecewise_0134,5,previous_period,42.99012093768357,41.539815899113584,209.40307360206498,122.41742234068187
piecewise_0134,6,previous_period,42.99095986741506,41.53813851927851,209.40307360206498,122.42093482561249
piecewise_0135,1,default,60.47645070222284,4.786169792918837,172.45214107995403,164.1982887963435
piecewise_0135,2,previous_period,48.80057835182786,24.448018070747736,172.45214107995403,130.2910104653355
piecewise_0135,3,previous_period,48.2884010259228,25.4856091819596,172.45214107995403,128.50166237839534
piecewise_0135,4,previous_period,48.203129117247016,25.659831804253564,172.45214107995403,128.20121173600376
piecewise_0135,5,previous_period,48.19071822348085,25.685186659660918,172.45214107995403,128.15748674498604
piecewise_0135,6,previous_period,48.18931163751254,25.68805478853571,172.45214107995403,128.15254059533254
piecewise_0136,1,default,37.58838073034853,6.366766393755052,96.23469609734218,90.1076578070843
piecewise_0136,2,previous_period,32.792248018507216,14.499285323179755,96.23469609734218,82.28135293029361
piecewise_0136,3,previous_period,32.80477208688598,14.7857754230178,96.23469609734218,82.00565005336549
piecewise_0136,4,previous_period,32.79244349300459,14.617784570062264,96.23469609734218,82.16731554017858
piecewise_0136,5,previous_period,32.80277687646606,14.732304924789464,96.23469609734218,82.05710722483727
piecewise_0136,6,previous_period,32.79260583778953,14.647762193339918,96.23469609734218,82.13846666552013
piecewise_0137,1,default,40.15622573401216,7.674443290914523,105.97731461758573,97.84414570602505
piecewise_0137,2,previous_period,30.372596770512352,32.92231834097051,105.97731461758573,71.08712572997229
piecewise_0137,3,previous_period,29.84588185314764,31.75734800745955,105.97731461758573,72.32173000551873
piecewise_0137,4,previous_period,29.859642730332595,32.21556792775966,105.97731461758573,71.83612083894184
piecewise_0137,5,previous_period,29.86873901026356,32.16443614446249,105.97731461758573,71.89030892979625
piecewise_0137,6,previous_period,29.865408135708922,32.1752475390217,105.97731461758573,71.8788513041697
piecewise_0138,1,default,69.7505750919979,4.906688169447571,208.68660843389733,198.4470073066499
piecewise_0138,2,previous_period,34.558141310444974,54.59758151067797,208.68660843389733,94.74876729233085
piecewise_0138,3,previous_period,34.35475319459963,54.84923426592046,208.68660843389733,94.22360169238489
piecewise_0138,4,previous_period,34.35532782335407,54.85021286182439,208.68660843389733,94.22155949378266
piecewise_0138,5,previous_period,34.355307017630345,54.850091344337834,208.68660843389733,94.22181308450402
piecewise_0138,6,previous_period,34.355259048344664,54.85015669000957,208.68660843389733,94.22167671683792
piecewise_0139,1,default,86.34819511011362,-4.361133815981,234.79217926598116,245.0317803932286
piecewise_0139,2,previous_period,51.580592907622346,41.24266060625759,234.79217926598116,137.95763764127665
piecewise_0139,3,previous_period,51.14826356678852,41.82170324211838,234.79217926598116,136.5980908176599
piecewise_0139,4,previous_period,51.139296144570466,41.83480075087288,234.79217926598116,136.56733889142566
piecewise_0139,5,previous_period,51.13899190343323,41.83524583010202,234.79217926598116,136.5662938802041
piecewise_0139,6,previous_period,51.138982922134495,41.835258819287326,234.79217926598116,136.56626338261287
piecewise_0140,1,default,75.7590507455262,9.271739747458007,244.59316364047686,221.91512206765776
piecewise_0140,2,previous_period,62.727799725336006,24.022623660393794,244.59316364047686,185.83546844007395
piecewise_0140,3,previous_period,62.65374332243452,24.240127059682713,244.59316364047686,185.3034699947276
piecewise_0140,4,previous_period,62.647869055961415,24.215715946254623,244.59316364047686,185.36317790934123
piecewise_0140,5,previous_period,62.64919714139396,24.223012655734376,244.59316364047686,185.34533065678306
piecewise_0140,6,previous_period,62.64866114434884,24.221141237316836,244.59316364047686,185.34990801829548
piecewise_0141,1,default,82.21319297610319,-2.092602207385408,239.98461570684483,245.00653907251166
piecewise_0141,2,previous_period,49.466499189128065,39.34862245548075,239.98461570684483,145.5539753211221
piecewise_0141,3,previous_period,49.34784251316988,39.50676960668817,239.98461570684483,145.17444648804567
piecewise_0141,4,previous_period,49.34831886432147,39.50615954509657,239.98461570684483,145.17591054201182
piecewise_0141,5,previous_period,49.34825790661025,39.50624075630218,239.98461570684483,145.17571564761215
piecewise_0141,6,previous_period,49.348257959123444,39.50624026163854,239.98461570684483,145.17571683472877
piecewise_0142,1,default,42.58075486267115,2.9481476996292555,111.26145268634215,107.98130072839567
piecewise_0142,2,previous_period,27.713879489219774,40.00348944978559,111.26145268634215,66.75298919928308
piecewise_0142,3,previous_period,27.076775051104345,40.258656807317784,111.26145268634215,66.46908629051141
piecewise_0142,4,previous_period,27.26825124258366,39.86302514916925,111.26145268634215,66.90927182065454
piecewise_0142,5,previous_period,27.092457647128285,40.22816681374852,111.26145268634215,66.50300990028055
piecewise_0142,6,previous_period,27.236017902268035,39.91932439820162,111.26145268634215,66.84663245832962
piecewise_0143,1,default,61.316658380252015,-0.985479179478066,161.73220189571435,163.32603907190804
piecewise_0143,2,previous_period,57.21219384730467,5.219480253499209,161.73220189571435,153.29062155421806
piecewise_0143,3,previous_period,56.955346500494876,5.623200278788831,161.73220189571435,152.63767626782322
piecewise_0143,4,previous_period,57.04954907556162,5.440850274077313,161.73220189571435,152.9325949456001
piecewise_0143,5,previous_period,56.99806236354263,5.554768950086997,161.73220189571435,152.7483517625192
piecewise_0143,6,previous_period,57.02664777146441,5.48951972204793,161.73220189571435,152.85388077574675
piecewise_0144,1,default,72.39562330796875,-5.303068100282293,193.0882450237125,203.32784615095989
piecewise_0144,2,previous_period,41.6270792229551,43.35659659774216,193.0882450237125,109.37175355112151
piecewise_0144,3,previous_period,40.770857420071955,44.490951404463274,193.0882450237125,107.18144776248158
piecewise_0144,4,previous_period,40.731053385769414,44.54356103462054,193.0882450237125,107.07986475089746
piecewise_0144,5,previous_period,40.727339036086974,44.54883873248071,193.0882450237125,107.0696741367216
piecewise_0144,6,previous_period,40.726232229953375,44.551401011323634,193.0882450237125,107.06472667747119
piecewise_0145,1,default,51.50939714512207,7.341144933517352,144.24446896496858,133.65527343966778
piecewise_0145,2,previous_period,30.00941061072122,54.41234867134136,144.24446896496858,65.7576655726251
piecewise_0145,3,previous_period,28.998674450018697,53.849080757744325,144.24446896496858,66.5701483834432
piecewise_0145,4,previous_period,29.10394473139357,54.178497460708776,144.24446896496858,66.09498300957023
piecewise_0145,5,previous_period,29.09172398196727,54.143801852817866,144.24446896496858,66.14502950492664
piecewise_0145,6,previous_period,29.093296672151904,54.1483198161479,144.24446896496858,66.1385125927132
piecewise_0146,1,default,47.50874930915776,0.05825662560926537,115.93027260467642,115.86273553979731
piecewise_0146,2,previous_period,29.711540402917297,32.60950506628891,115.93027260467642,78.12598448629191
piecewise_0146,3,previous_period,29.33199202999157,33.21091957878307,115.93027260467642,77.42876300247335
piecewise_0146,4,previous_period,29.3495752093679,33.16347620385465,115.93027260467642,77.48376423636073
piecewise_0146,5,previous_period,29.34374317038881,33.18375585985321,115.93027260467642,77.46025397587832
piecewise_0146,6,previous_period,29.345769237792602,33.176490816011736,115.93027260467642,77.46867636100858
piecewise_0147,1,default,45.65242402225168,-0.7287488863809033,104.99801154702307,105.7631833868941
piecewise_0147,2,previous_period,38.94273465225838,6.921566723522499,104.99801154702307,97.73050411942401
piecewise_0147,3,previous_period,38.63525497337177,7.886147067800686,104.99801154702307,96.71771393815848
piecewise_0147,4,previous_period,38.65522410950941,7.452506075461807,104.99801154702307,97.17302835736709
piecewise_0147,5,previous_period,38.64433336784719,7.703993350638838,104.99801154702307,96.90897171913741
piecewise_0147,6,previous_period,38.64790733864028,7.574654422356941,104.99801154702307,97.04477502198964
piecewise_0148,1,default,41.0847142481233,-14.389360606650591,95.60978373628116,109.36742029333342
piecewise_0148,2,previous_period,34.927667164390364,10.852326028783832,95.60978373628116,85.23389828980478
piecewise_0148,3,previous_period,34.914587959635554,10.84113566106807,95.60978373628116,85.24459737617713
piecewise_0148,4,previous_period,34.91878870298045,10.886846680743467,95.60978373628116,85.20089316912183
piecewise_0148,5,previous_period,34.91603929294978,10.854791840316725,95.60978373628116,85.23154073273085
piecewise_0148,6,previous_period,34.9169281918908,10.878498140371951,95.60978373628116,85.20887519051617
piecewise_0149,1,default,60.81841567636509,-3.483717355610527,141.15586244494705,146.07333372340338
piecewise_0149,2,previous_period,43.419373651241976,17.07191769592391,141.15586244494705,117.05784978537412
piecewise_0149,3,previous_period,42.6511482000844,17.854727232204446,141.15586244494705,115.95286823313603
piecewise_0149,4,previous_period,42.71295867747403,17.76348392133703,141.15586244494705,116.08166351551426
piecewise_0149,5,previous_period,42.71212364778051,17.763862638654647,141.15586244494705,116.08112893381835
piecewise_0149,6,previous_period,42.71234793067992,17.763513858495372,141.15586244494705,116.08162125746021
piecewise_0150,1,default,38.59064741374765,13.929143350912499,108.58880416609603,93.46331397075886
piecewise_0150,2,previous_period,32.43324224514414,29.15494960372662,108.58880416609603,76.92979303618134
piecewise_0150,3,previous_period,32.295265062436236,29.290154675897284,108.58880416609603,76.7829754651393
piecewise_0150,4,previous_period,32.290551293030916,29.304814938119982,108.58880416609603,76.76705606170407
piecewise_0150,5,previous_period,32.290323798135404,29.305151962822784,108.58880416609603,76.76669009060954
piecewise_0150,6,previous_period,32.29031410744305,29.305178633967277,108.58880416609603,76.76666112873268
piecewise_0151,1,default,57.58655574999164,7.094770402881679,163.94294204925964,152.3115667191353
piecewise_0151,2,previous_period,35.452447199911354,53.88586651557181,163.94294204925964,75.60086713489434
piecewise_0151,3,previous_period,34.983259543130735,55.066682222131625,163.94294204925964,73.66500312538042
piecewise_0151,4,previous_period,34.973369721638754,55.038269160300416,163.94294204925964,73.71158433487278
piecewise_0151,5,previous_period,34.973689927215915,55.04752946738589,163.94294204925964,73.69640271499406
piecewise_0151,6,previous_period,34.973615726590396,55.04569101451753,163.94294204925964,73.69941672871464
piecewise_0152,1,default,60.632301871121776,-12.457189475381124,153.1572834593205,172.2363764551946
piecewise_0152,2,previous_period,45.77536572364269,17.944078734245593,153.1572834593205,125.67461992814832
piecewise_0152,3,previous_period,45.58001143625735,18.379713607248792,153.1572834593205,125.00741339085516
piecewise_0152,4,previous_period,45.57547811491341,18.389570902096132,153.1572834593205,124.9923162258444
piecewise_0152,5,previous_period,45.57542167316028,18.389752163929884,153.1572834593205,124.99203861014388
piecewise_0152,6,previous_period,45.57540006190706,18.389792247487502,153.1572834593205,124.99197721925592
piecewise_0153,1,default,49.17357652412505,-7.609242398457283,122.91935378721016,132.27258537149626
piecewise_0153,2,previous_period,42.80314471064252,5.658645994178945,122.91935378721016,115.96378269805955
piecewise_0153,3,previous_period,42.627106512655196,6.29639205771727,122.91935378721016,115.17986935795486
piecewise_0153,4,previous_period,42.59294406445462,6.390468182490638,122.91935378721016,115.06423159331538
piecewise_0153,5,previous_period,42.593948684436086,6.388964787252349,122.91935378721016,115.06607955702717
piecewise_0153,6,previous_period,42.593670508152236,6.3895019539228715,122.91935378721016,115.065419275227
piecewise_0154,1,default,50.24817672955113,-3.3673826473162194,129.34395834914167,133.6994643579426
piecewise_0154,2,previous_period,47.58632868816897,-0.09236838447623796,129.34395834914167,129.46343127388639
piecewise_0154,3,previous_period,47.52197947016658,-0.01179350426818715,129.34395834914167,129.35921253439022
piecewise_0154,4,previous_period,47.53152714712356,-0.0219012166659871,129.34395834914167,129.37228624970408
piecewise_0154,5,previous_period,47.52861909370529,-0.017153577305695222,129.34395834914167,129.36614546502733
piecewise_0154,6,previous_period,47.52960831683167,-0.020073523379782188,129.34395834914167,129.36992223886122
piecewise_0155,1,default,57.03463543775109,11.463319058063792,182.53474192161752,161.61020206332918
piecewise_0155,2,previous_period,48.99286397231729,27.093668555234462,182.53474192161752,133.07938394722186
piecewise_0155,3,previous_period,48.94351734188814,27.18366283338337,182.53474192161752,132.91511312385853
piecewise_0155,4,previous_period,48.94333780585523,27.18372963372735,182.53474192161752,132.91499119002304
piecewise_0155,5,previous_period,48.943339720821356,27.183738459920225,182.53474192161752,132.91497507915466
piecewise_0155,6,previous_period,48.94334014405168,27.183737200510226,182.53474192161752,132.91497737801544
piecewise_0156,1,default,41.668314433076944,4.220828188259318,102.5013974471635,98.1749895703539
piecewise_0156,2,previous_period,34.711803926767914,20.587545516462523,102.5013974471635,81.39887559271855
piecewise_0156,3,previous_period,34.35372651782854,21.329818185609906,102.5013974471635,80.63803573397414
piecewise_0156,4,previous_period,34.320051992867675,21.42208900677489,102.5013974471635,80.54345685284405
piecewise_0156,5,previous_period,34.319782998301456,21.42200764236889,102.5013974471635,80.54354025249722
piecewise_0156,6,previous_period,34.31966277271461,21.42238464671561,102.5013974471635,80.5431538177734
piecewise_0157,1,default,61.845992001714016,-8.396650716681076,155.9438693313894,169.0379313532237
piecewise_0157,2,previous_period,41.32997051507129,27.811450856384035,155.9438693313894,112.5736167487463
piecewise_0157,3,previous_period,41.160054444796025,28.287401726719274,155.9438693313894,111.83140054542912
piecewise_0157,4,previous_period,41.16861163416116,28.2212579475583,155.9438693313894,111.93454771397475
piecewise_0157,5,previous_period,41.16674186958591,28.237728775599113,155.9438693313894,111.90886246741698
piecewise_0157,6,previous_period,41.167164685824474,28.23321187959421,155.9438693313894,111.9159062898207
piecewise_0158,1,default,33.84719917583692,5.138951235955835,91.89678407828859,87.17425315709372
piecewise_0158,2,previous_period,33.87006254521261,5.041602347846952,91.89678407828859,87.26371365460174
piecewise_0158,3,previous_period,33.83018589944791,5.232189879995419,91.89678407828859,87.08856984170313
piecewise_0158,4,previous_period,33.84075921783168,5.184207863708334,91.89678407828859,87.13266377160689
piecewise_0158,5,previous_period,33.83766649905907,5.195134472794827,91.89678407828859,87.1226225692476
piecewise_0158,6,previous_period,33.83856194050503,5.193398445959197,91.89678407828859,87.12421792208028
piecewise_0159,1,default,37.53943337984708,-22.734231287504493,75.27002591285597,92.3820876940492
piecewise_0159,2,previous_period,22.23535904886849,29.79588927345137,75.27002591285597,52.84265233576325
piecewise_0159,3,previous_period,21.906148682253455,28.680284603283635,75.27002591285597,53.682368260083535
piecewise_0159,4,previous_period,21.982189250142177,28.895456510237615,75.27002591285597,53.52040830996209
piecewise_0159,5,previous_period,21.93106861303261,28.812078607783555,75.27002591285597,53.58316687874486
piecewise_0159,6,previous_period,21.967288976910098,28.859006242728015,75.27002591285597,53.547844435761874
piecewise_0160,1,default,58.05228248861512,-13.321739160925272,128.15677497216637,145.22948625101233
piecewise_0160,2,previous_period,35.62051238015779,26.786865873070987,128.15677497216637,93.82759155311876
piecewise_0160,3,previous_period,35.22586837871663,26.928666668356605,128.15677497216637,93.64586422699583
piecewise_0160,4,previous_period,35.26819877568599,26.889424039799646,128.15677497216637,93.69615631416873
piecewise_0160,5,previous_period,35.25968534646155,26.90130959403586,128.15677497216637,93.68092417117204
piecewise_0160,6,previous_period,35.26157771488238,26.89806221300962,128.15677497216637,93.68508590996632
piecewise_0161,1,default,77.01219493623387,-6.663786673609229,201.33201154158405,214.7483472964015
piecewise_0161,2,previous_period,55.52951559086018,22.490387554726333,201.33201154158405,156.05166187415546
piecewise_0161,3,previous_period,55.349219611212284,22.78033572901438,201.33201154158405,155.46790338243324
piecewise_0161,4,previous_period,55.357446755203576,22.76836948873877,201.33201154158405,155.491995254686
piecewise_0161,5,previous_period,55.35791896775544,22.76745469912789,201.33201154158405,155.49383701901098
piecewise_0161,6,previous_period,55.357430690481735,22.7687544618421,201.33201154158405,155.4912201805932
piecewise_0162,1,default,44.85379767060795,-10.787783310252319,105.19835796615442,116.54692886948672
piecewise_0162,2,previous_period,22.90698139132366,45.794169597273026,105.19835796615442,57.02364350558729
piecewise_0162,3,previous_period,22.617873539680588,46.809715164054836,105.19835796615442,55.955306244934754
piecewise_0162,4,previous_period,22.755499345456975,46.62281164951143,105.19835796615442,56.15192567321544
piecewise_0162,5,previous_period,22.662134906042866,46.66252954023682,105.19835796615442,56.11014310435354
piecewise_0162,6,previous_period,22.713292133146552,46.70438619707771,105.19835796615442,56.066110588657395
piecewise_0163,1,default,29.964639143737607,-22.77046877151161,43.04996990849062,52.85264986264862
piecewise_0163,2,previous_period,21.160886791630197,5.77875822709133,43.04996990849062,40.56221623064337
piecewise_0163,3,previous_period,20.73055183693161,-0.09889788601684657,43.04996990849062,43.092545418661004
piecewise_0163,4,previous_period,20.9635516212449,2.5967471487434612,43.04996990849062,41.93207104235697
piecewise_0163,5,previous_period,20.75111986368989,1.023999107783924,43.04996990849062,42.609138600726425
piecewise_0163,6,previous_period,20.913925053271214,1.9790592983414457,43.04996990849062,42.19798547608344
piecewise_0164,1,default,57.15438613597169,-9.554253724976602,131.83231569701945,144.42790963022486
piecewise_0164,2,previous_period,38.59230970245614,24.414904833770954,131.83231569701945,99.64558127943566
piecewise_0164,3,previous_period,37.71464870946983,25.561609860084943,131.83231569701945,98.13385348903182
piecewise_0164,4,previous_period,37.70510105272993,25.58531130049193,131.83231569701945,98.10260733128973
piecewise_0164,5,previous_period,37.70526420147489,25.58540212336832,131.83231569701945,98.10248759738862
piecewise_0164,6,previous_period,37.70527154390882,25.58539412986891,131.83231569701945,98.10249813540399
piecewise_0165,1,default,38.171189932561035,-30.911085597020982,55.81843659831692,73.07252131414155
piecewise_0165,2,previous_period,24.382780675399378,9.369343123867079,55.81843659831692,50.58861574704241
piecewise_0165,3,previous_period,24.119356141584102,10.406249194008355,55.81843659831692,50.0098309896965
piecewise_0165,4,previous_period,24.105979880372505,10.111246872921631,55.81843659831692,50.17449667325586
piecewise_0165,5,previous_period,24.1109550736667,10.276122153323952,55.81843659831692,50.08246586939819
piecewise_0165,6,previous_period,24.10743396426359,10.192640852174106,55.81843659831692,50.12906382655197
piecewise_0166,1,default,62.511065189296865,10.41692037492875,199.98938179260765,179.15664713295945
piecewise_0166,2,previous_period,48.087565067153136,31.630480806504092,199.98938179260765,136.7317787696507
piecewise_0166,3,previous_period,47.62204727851866,32.50300957752492,199.98938179260765,134.9868138745235
piecewise_0166,4,previous_period,47.509665314884174,32.667085641481506,199.98938179260765,134.65867916854708
piecewise_0166,5,previous_period,47.51356070943341,32.65879613604411,199.98938179260765,134.675257299225
piecewise_0166,6,previous_period,47.5145745537746,32.6577044984484,199.98938179260765,134.67744045850407
piecewise_0167,1,default,34.682531998886304,2.6660279489002847,83.31186003451302,81.09074256124421
piecewise_0167,2,previous_period,31.649954609082272,-0.8661103925617919,83.31186003451302,84.03343271250847
piecewise_0167,3,previous_period,31.42227085637463,1.4300230027113447,83.31186003451302,82.1204812720328
piecewise_0167,4,previous_period,31.478976066381755,-0.24003375209218358,83.31186003451302,83.51183661809165
piecewise_0167,5,previous_period,31.420036636220704,1.1961917976072045,83.31186003451302,82.31529039834618
piecewise_0167,6,previous_period,31.455075235840766,-0.07792388512777304,83.31186003451302,83.37677987262413
piecewise_0168,1,default,39.54976241786852,13.961672749597353,123.73965095792717,106.46352582968737
piecewise_0168,2,previous_period,29.773795303609784,37.41374783339126,123.73965095792717,77.44400997860978
piecewise_0168,3,previous_period,29.51166611828306,37.913417978607,123.73965095792717,76.82571988497887
piecewise_0168,4,previous_period,29.505155956452285,37.94228822173008,123.73965095792717,76.78999594690765
piecewise_0168,5,previous_period,29.50485159234369,37.940283222122616,123.73965095792717,76.79247692642363
piecewise_0168,6,previous_period,29.50486668540875,37.94075181930426,123.73965095792717,76.79189708590667
piecewise_0169,1,default,46.44255265765798,0.2739943273262324,125.21386367588704,124.8707847923891
piecewise_0169,2,previous_period,29.412028090158127,40.79662544106709,125.21386367588704,74.13083271174705
piecewise_0169,3,previous_period,29.48390862861946,40.74170301254502,125.21386367588704,74.19960320652416
piecewise_0169,4,previous_period,29.40940700497642,40.79751288088498,125.21386367588704,74.12972151406326
piecewise_0169,5,previous_period,29.485721835383117,40.739498430910594,125.21386367588704,74.20236364836651
piecewise_0169,6,previous_period,29.40804555837057,40.798565887046955,125.21386367588704,74.12840300436311
piecewise_0170,1,default,69.67757495315554,-9.246764179166744,164.45369165153843,179.6603367024902
piecewise_0170,2,previous_period,49.51085218705109,18.95572120454506,164.45369165153843,133.28030835149062
piecewise_0170,3,previous_period,49.35110459794237,19.19136915358167,164.45369165153843,132.89277659999877
piecewise_0170,4,previous_period,49.352881948929095,19.18881067154683,164.45369165153843,132.8969841181553
piecewise_0170,5,previous_period,49.35250981514667,19.189594926519494,164.45369165153843,132.8956943819008
piecewise_0170,6,previous_period,49.35293577940368,19.188593565167768,164.45369165153843,132.8973411576105
piecewise_0171,1,default,83.57869223747848,-5.076577137265903,236.98769835589573,249.01856166876382
piecewise_0171,2,previous_period,46.64618256017764,42.52664611715841,236.98769835589573,136.20477853488512
piecewise_0171,3,previous_period,46.33939237135204,43.05936924216706,236.98769835589573,134.94229026231753
piecewise_0171,4,previous_period,46.31348689571125,43.112466188460864,236.98769835589573,134.81645703139856
piecewise_0171,5,previous_period,46.309578041928326,43.120517218458644,236.98769835589573,134.7973770807129
piecewise_0171,6,previous_period,46.30897915198233,43.12174901427671,236.98769835589573,134.7944578761552
piecewise_0172,1,default,55.12849038761118,-10.71432941323216,135.511069427174,150.03017179699515
piecewise_0172,2,previous_period,27.897630804641647,44.821792830201645,135.511069427174,74.77257862653535
piecewise_0172,3,previous_period,26.886048831472543,46.503997231639225,135.511069427174,72.49300545219629
piecewise_0172,4,previous_period,26.90114771779932,46.49475652390353,135.511069427174,72.50552763407157
piecewise_0172,5,previous_period,26.900588946134672,46.494705265762924,135.511069427174,72.50559709452607
piecewise_0172,6,previous_period,26.898620341406907,46.497240007756865,135.511069427174,72.50216223854287
piecewise_0173,1,default,38.51206408085122,12.860765918629923,118.64183958851646,103.38359031748095
piecewise_0173,2,previous_period,23.64649089127015,52.47727889596274,118.64183958851646,56.38183054034994
piecewise_0173,3,previous_period,23.014533362865727,54.56965372683938,118.64183958851646,53.8993985499108
piecewise_0173,4,previous_period,23.033510137321056,54.542850855148174,118.64183958851646,53.93119796994779
piecewise_0173,5,previous_period,23.032978291487822,54.54328130574538,118.64183958851646,53.93068727544074
piecewise_0173,6,previous_period,23.03315568693534,54.54264001586181,118.64183958851646,53.9314481135557
piecewise_0174,1,default,47.01030006788894,13.199279757207282,132.7321228853403,115.21243865802407
piecewise_0174,2,previous_period,39.32399534627042,21.196809500897707,132.7321228853403,104.59714765083726
piecewise_0174,3,previous_period,39.08703725814584,22.78994726457174,132.7321228853403,102.48254207662468
piecewise_0174,4,previous_period,39.067022391928404,22.742969899387678,132.7321228853403,102.54489613070909
piecewise_0174,5,previous_period,39.0683194992577,22.754680208476074,132.7321228853403,102.52935278885963
piecewise_0174,6,previous_period,39.06809660117472,22.753161581989588,132.7321228853403,102.53136849403383
piecewise_0175,1,default,47.87774583429286,-6.6373853842909725,110.64651092046837,117.99054626453145
piecewise_0175,2,previous_period,40.12659592630424,4.920477717544081,110.64651092046837,105.20217400538675
piecewise_0175,3,previous_period,39.77795569386923,5.832726523365905,110.64651092046837,104.19280253083126
piecewise_0175,4,previous_period,39.7794540755894,5.670585253018102,110.64651092046837,104.37220618923322
piecewise_0175,5,previous_period,39.77554866237609,5.780503546880123,110.64651092046837,104.2505854322116
piecewise_0175,6,previous_period,39.77828459419198,5.709204140084701,110.64651092046837,104.32947573813772
piecewise_0176,1,default,45.51055038505565,-16.58072303121878,107.96136318864359,125.86213779968078
piecewise_0176,2,previous_period,21.993584849519188,44.91655098244986,107.96136318864359,59.468842450668625
piecewise_0176,3,previous_period,21.517785483379996,46.31264827248671,107.96136318864359,57.96159678490514
piecewise_0176,4,previous_period,21.50808265262802,46.33185989590714,107.96136318864359,57.94085565436978
piecewise_0176,5,previous_period,21.506045253528356,46.342016343780266,107.96136318864359,57.9298906147944
piecewise_0176,6,previous_period,21.506515162923908,46.340125108956634,107.96136318864359,57.9319324176911
piecewise_0177,1,default,40.5414395155985,4.164611041287469,115.86103384381049,111.03587243580135
piecewise_0177,2,previous_period,33.844703041442955,28.996647011367937,115.86103384381049,82.26521883639921
piecewise_0177,3,previous_period,33.719751548276555,31.103817286068537,115.86103384381049,79.82382957128165
piecewise_0177,4,previous_period,33.845740469802294,29.02207902889775,115.86103384381049,82.23575303796184
piecewise_0177,5,previous_period,33.72277950583112,31.04810397986727,115.86103384381049,79.888379583835
piecewise_0177,6,previous_period,33.84144212168856,29.0667494719005,115.86103384381049,82.18399740087625
piecewise_0178,1,default,51.82108098300484,0.05188458106157867,136.91134899207134,136.84031311222105
piecewise_0178,2,previous_period,49.890850395965856,2.972964155330493,136.91134899207134,132.84102366195762
piecewise_0178,3,previous_period,49.80135045987793,3.1110861257266587,136.91134899207134,132.6519190090338
piecewise_0178,4,previous_period,49.811769765159625,3.0951221641613236,136.91134899207134,132.67377548416547
piecewise_0178,5,previous_period,49.81114181856958,3.09477150334323,136.91134899207134,132.6742555786219
piecewise_0178,6,previous_period,49.81042891065079,3.096820512557641,136.91134899207134,132.6714502524655
piecewise_0179,1,default,80.35610875631427,-10.229488651013629,193.44295017800926,213.23117481265467
piecewise_0179,2,previous_period,56.949847176573506,17.438653101935707,193.44295017800926,159.7091051463159
piecewise_0179,3,previous_period,56.461175053189486,17.76813668884616,193.44295017800926,159.071742375444
piecewise_0179,4,previous_period,56.43142558356906,17.773459550670367,193.44295017800926,159.06144567449735
piecewise_0179,5,previous_period,56.42828692261726,17.77380340754324,193.44295017800926,159.06078050761806
piecewise_0179,6,previous_period,56.427935598033024,17.77383976308784,193.44295017800926,159.06071018038006
piecewise_0180,1,default,67.15986925188237,-1.3729573217081237,185.1744698314789,187.71683627296437
piecewise_0180,2,previous_period,57.15255769028382,15.716825899612896,185.1744698314789,156.07092079753414
piecewise_0180,3,previous_period,56.666218292172616,17.16468356284406,185.1744698314789,153.3898580457314
piecewise_0180,4,previous_period,56.71116135646033,17.01835595857326,185.1744698314789,153.66081941115695
piecewise_0180,5,previous_period,56.70247341025052,17.045768735642632,185.1744698314789,153.61005794655267
piecewise_0180,6,previous_period,56.70404609066211,17.04080021247385,185.1744698314789,153.6192583829889
piecewise_0181,1,default,62.96474452655697,-10.05746225291373,153.4873479512156,168.92428003440747
piecewise_0181,2,previous_period,44.41336239133307,22.796200332634175,153.4873479512156,118.49806462700923
piecewise_0181,3,previous_period,44.11618231283397,23.406225982135208,153.4873479512156,117.56175243576791
piecewise_0181,4,previous_period,44.11040737248887,23.416677643559403,153.4873479512156,117.54571045783108
piecewise_0181,5,previous_period,44.11039812497219,23.416328397115905,153.4873479512156,117.54624650693502
piecewise_0181,6,previous_period,44.110463240490155,23.415849288155556,153.4873479512156,117.54698187857205
piecewise_0182,1,default,57.54526875899013,5.895795150669681,175.8780461249014,165.50863681037688
piecewise_0182,2,previous_period,34.96075703421472,49.90811830141436,175.8780461249014,88.10062279866949
piecewise_0182,3,previous_period,34.19261154451846,51.25925374298441,175.8780461249014,85.72427218353502
piecewise_0182,4,previous_period,34.249005150942885,51.143883407182436,175.8780461249014,85.92718327595128
piecewise_0182,5,previous_period,34.24401729015938,51.15411102430013,175.8780461249014,85.90919514279955
piecewise_0182,6,previous_period,34.244470067251996,51.153283912667824,175.8780461249014,85.91064985057773
piecewise_0183,1,default,63.412628840260176,-13.360298319398822,160.98097784761396,182.4885167255405
piecewise_0183,2,previous_period,42.60008924775288,26.80441260498876,160.98097784761396,117.83097232979397
piecewise_0183,3,previous_period,42.307339026891654,27.49553145756626,160.98097784761396,116.7184024428255
piecewise_0183,4,previous_period,42.308211244069255,27.48776770698281,160.98097784761396,116.73090060443238
piecewise_0183,5,previous_period,42.30814283601243,27.4905444226219,160.98097784761396,116.72643062044452
piecewise_0183,6,previous_period,42.30849346074153,27.48842718294601,160.98097784761396,116.72983897357815
piecewise_0184,1,default,31.35795385671521,2.0253413242139584,89.25585654170578,87.44812079488548
piecewise_0184,2,previous_period,13.610661275451381,64.27723535551681,89.25585654170578,31.8846595638111
piecewise_0184,3,previous_period,13.658163589356517,62.26252449778231,89.25585654170578,33.68290699672078
piecewise_0184,4,previous_period,13.675224789504043,64.95454999331447,89.25585654170578,31.280116582362457
piecewise_0184,5,previous_period,13.764846137251915,61.30367770969476,89.25585654170578,34.538733910350956
piecewise_0184,6,previous_period,13.853776827140475,65.82535154693386,89.25585654170578,30.502875196900995
piecewise_0185,1,default,55.71634662294992,2.416984597652716,146.57755873047626,143.03480171234528
piecewise_0185,2,previous_period,51.345556372587104,8.72742562326927,146.57755873047626,133.7851113118701
piecewise_0185,3,previous_period,50.97834784299803,9.129237461959471,146.57755873047626,133.19614532802797
piecewise_0185,4,previous_period,50.9314867871506,9.172504818914817,146.57755873047626,133.13272509247562
piecewise_0185,5,previous_period,50.92389225238642,9.179662495935359,146.57755873047626,133.1222335442371
piecewise_0185,6,previous_period,50.92265830226754,9.180855129290865,146.57755873047626,133.12048541138
piecewise_0186,1,default,33.45611955660134,-21.143022230192177,82.02964273374835,99.37318833229199
piecewise_0186,2,previous_period,22.78221899931545,27.29529915479848,82.02964273374835,59.63940635395932
piecewise_0186,3,previous_period,22.574462155461056,27.20605133428997,82.02964273374835,59.712616022270105
piecewise_0186,4,previous_period,22.63398594345266,27.573827186441978,82.02964273374835,59.41093080468882
piecewise_0186,5,previous_period,22.57823897267117,27.246036666162045,82.02964273374835,59.67981619738954
piecewise_0186,6,previous_period,22.613457081089546,27.54163937549058,82.02964273374835,59.43733435101606
piecewise_0187,1,default,66.68658740730554,0.8313046322488638,169.23741862394579,167.83054012342652
piecewise_0187,2,previous_period,55.03125575556714,15.598118761932989,169.23741862394579,142.83956507735303
piecewise_0187,3,previous_period,54.05255619781486,16.40920386843254,169.23741862394579,141.4669055802699
piecewise_0187,4,previous_period,53.96552826987095,16.48598852542368,169.23741862394579,141.33695720887886
piecewise_0187,5,previous_period,53.958162447590134,16.491652759996878,169.23741862394579,141.32737120450236
piecewise_0187,6,previous_period,53.957558666337356,16.4921196142343,169.23741862394579,141.3265811124422
piecewise_0188,1,default,42.3958708286081,3.2300121574340035,115.49094676345456,111.76057514225934
piecewise_0188,2,previous_period,41.851673829649066,3.5567076527070474,115.49094676345456,111.38327142173495
piecewise_0188,3,previous_period,41.83305412231141,3.5539527111602243,115.49094676345456,111.38645312981015
piecewise_0188,4,previous_period,41.833045469321284,3.5558440888056375,115.49094676345456,111.38426875986059
piecewise_0188,5,previous_period,41.83304623400214,3.554909576216392,115.49094676345456,111.38534803729753
piecewise_0188,6,previous_period,41.833045703877076,3.5553741730569466,115.49094676345456,111.38481147000775
piecewise_0189,1,default,48.792047049777345,-8.272028101347374,120.55508572675214,130.5274362956725
piecewise_0189,2,previous_period,37.38971319139888,17.664087057484267,120.55508572675214,99.26013043175385
piecewise_0189,3,previous_period,37.03264188260554,18.359654363310117,120.55508572675214,98.42158866992824
piecewise_0189,4,previous_period,36.99287955561203,18.53459410119881,120.55508572675214,98.21068991894637
piecewise_0189,5,previous_period,36.995357975919525,18.497428278793883,120.55508572675214,98.25549520800769
piecewise_0189,6,previous_period,36.993144112523304,18.513814146935893,120.55508572675214,98.23574121062201
piecewise_0190,1,default,49.332106986349935,15.340625101801619,147.82997056720842,125.1519289943893
piecewise_0190,2,previous_period,32.460024524028654,38.03249466724646,147.82997056720842,91.60654489464287
piecewise_0190,3,previous_period,32.04402982668634,39.17056545352688,147.82997056720842,89.92413518625051
piecewise_0190,4,previous_period,32.055932708796426,39.192907871557225,147.82997056720842,89.89110639625227
piecewise_0190,5,previous_period,32.05845766588623,39.19373976036308,147.82997056720842,89.88987661527543
piecewise_0190,6,previous_period,32.06002056918865,39.19212414613112,147.82997056720842,89.892264977319
piecewise_0191,1,default,56.42920597366422,2.194661013789323,156.2763763559052,152.84663965025948
piecewise_0191,2,previous_period,43.845853226061834,28.83931569738245,156.2763763559052,111.20733881819616
piecewise_0191,3,previous_period,43.150864491164114,31.963399176529485,156.2763763559052,106.32513436265168
piecewise_0191,4,previous_period,43.20693443861486,31.53438422478456,156.2763763559052,106.99558338326368
piecewise_0191,5,previous_period,43.17264361839498,31.778095839197107,156.2763763559052,106.61471970350128
piecewise_0191,6,previous_period,43.189662695776626,31.653149389476965,156.2763763559052,106.80998148750928
piecewise_0192,1,default,34.22704951303268,17.033629707659827,104.69987790028767,86.86568839438071
piecewise_0192,2,previous_period,28.44045391550862,36.75720549237374,104.69987790028767,66.21512863021452
piecewise_0192,3,previous_period,28.28682605743251,37.5891075037601,104.69987790028767,65.34412824004298
piecewise_0192,4,previous_period,28.274120777028244,37.63828110577756,104.69987790028767,65.29264353877153
piecewise_0192,5,previous_period,28.274094232717406,37.637784237115625,104.69987790028767,65.2931637596539
piecewise_0192,6,previous_period,28.273954585651705,37.640196825305196,104.69987790028767,65.29063778276517
piecewise_0193,1,default,48.714941848004,12.667643245081816,165.25546391346228,144.32149130189995
piecewise_0193,2,previous_period,39.93061165294518,35.14456094459728,165.25546391346228,107.17715668411856
piecewise_0193,3,previous_period,39.57882596724522,35.58761256235803,165.25546391346228,106.44498967781195
piecewise_0193,4,previous_period,39.58786500498538,35.55422013842924,165.25546391346228,106.50017248288741
piecewise_0193,5,previous_period,39.58846017984908,35.55341784710328,165.25546391346228,106.50149831314005
piecewise_0193,6,previous_period,39.58844131557005,35.55346918079502,165.25546391346228,106.50141348140964
piecewise_0194,1,default,58.69531738320147,4.272614953165221,157.94915011483343,151.20059110862968
piecewise_0194,2,previous_period,55.54626104690762,9.590359891516243,157.94915011483343,142.80125817322966
piecewise_0194,3,previous_period,55.61300670613145,9.278570647766083,157.94915011483343,143.2937266338825
piecewise_0194,4,previous_period,55.5885574471383,9.368270404581269,157.94915011483343,143.15204663033785
piecewise_0194,5,previous_period,55.59712096157711,9.337013930713066,157.94915011483343,143.20141596516854
piecewise_0194,6,previous_period,55.5940981558881,9.347532558600957,157.94915011483343,143.18480188181587
piecewise_0195,1,default,37.07232943334106,5.485205348831146,102.363895633737,96.74902575516333
piecewise_0195,2,previous_period,34.439824735458956,11.64771598122737,102.363895633737,90.4408398029993
piecewise_0195,3,previous_period,34.444989944147764,11.635842547366371,102.363895633737,90.45299391244492
piecewise_0195,4,previous_period,34.423921763932434,11.651537867745388,102.363895633737,90.43692757107277
piecewise_0195,5,previous_period,34.42704779508224,11.66697631933442,102.363895633737,90.4211241706007
piecewise_0195,6,previous_period,34.42341080497838,11.657375717899788,102.363895633737,90.43095172023347
piecewise_0196,1,default,43.83390695064998,-0.1327253446537613,125.73447631540044,125.90135783243866
piecewise_0196,2,previous_period,16.21077741281599,69.8171348960144,125.73447631540044,37.95026737548005
piecewise_0196,3,previous_period,16.02068763024723,70.56348606712702,125.73447631540044,37.011846639007736
piecewise_0196,4,previous_period,16.03069552146984,70.49461759396729,125.73447631540044,37.09843805308152
piecewise_0196,5,previous_period,16.028785960310838,70.51673790801493,125.73447631540044,37.07062519205439
piecewise_0196,6,previous_period,16.028764708551325,70.51088260129144,125.73447631540044,37.07798733129984
piecewise_0197,1,default,42.665963407187874,9.156238299084517,120.78970724423661,109.72991380818775
piecewise_0197,2,previous_period,34.01496231623376,25.92017982582815,120.78970724423661,89.48079791543911
piecewise_0197,3,previous_period,33.6985264222937,26.58304557941117,120.78970724423661,88.68012431226387
piecewise_0197,4,previous_period,33.70443989281973,26.586819171559874,120.78970724423661,88.67556620135487
piecewise_0197,5,previous_period,33.703678906514206,26.582155273329665,120.78970724423661,88.6811997103733
piecewise_0197,6,previous_period,33.70378492490085,26.583653665042174,120.78970724423661,88.67938980741039
piecewise_0198,1,default,68.36327246870987,-8.70842145214834,166.1232439189485,180.5899561293909
piecewise_0198,2,previous_period,44.62126629642561,27.399973050384485,166.1232439189485,120.60551985473214
piecewise_0198,3,previous_period,44.4324355831883,27.593736441169913,166.1232439189485,120.28363382443203
piecewise_0198,4,previous_period,44.431232081540394,27.607317424562506,166.1232439189485,120.26107265426415
piecewise_0198,5,previous_period,44.43139221813636,27.60580775843957,166.1232439189485,120.26358056059992
piecewise_0198,6,previous_period,44.431579595055005,27.605102278146077,166.1232439189485,120.26475252734869
piecewise_0199,1,default,32.340473590976536,17.347362767729578,85.36146582642573,70.55350268566414
piecewise_0199,2,previous_period,25.15558579895128,39.42840741293213,85.36146582642573,51.70479930673176
piecewise_0199,3,previous_period,24.664742022738526,41.17464063330548,85.36146582642573,50.21418903307307
piecewise_0199,4,previous_period,24.665894420878764,41.16663096544143,85.36146582642573,50.221026202969654
piecewise_0199,5,previous_period,24.665717222660668,41.16825586974399,85.36146582642573,50.21963916083871
piecewise_0199,6,previous_period,24.665763901696568,41.167831686058655,85.36146582642573,50.22000125025031
