profile,period,policy,rmse_nm,offload_pct,baseline_motor_work_j,assisted_motor_work_j
piecewise_0000,1,default,54.52332489942618,-5.740376502070754,145.62745155791555,153.9870155677106
piecewise_0000,2,previous_period,40.32221411284003,25.314802371639534,145.62745155791555,108.76214999717413
piecewise_0000,3,previous_period,40.1610166615973,25.66527717490277,145.62745155791555,108.25176247282927
piecewise_0000,4,previous_period,40.159113483109365,25.66919354086078,145.62745155791555,108.24605916889094
piecewise_0000,5,previous_period,40.15906577447771,25.669288980874605,145.62745155791555,108.24592018203103
piecewise_0000,6,previous_period,40.15906451496641,25.66928987368383,145.62745155791555,108.2459188818557
piecewise_0001,1,default,35.259605512757766,-13.897498686360565,82.60573399470402,94.08586479147652
piecewise_0001,2,previous_period,19.035695005460262,39.6301216023786,82.60573399470402,49.868981162065424
piecewise_0001,3,previous_period,18.27934186011486,42.50735708947639,82.60573399470402,47.49221966919219
piecewise_0001,4,previous_period,18.209055347087443,42.69519292477627,82.60573399470402,47.337056498737645
piecewise_0001,5,previous_period,18.20873463553738,42.70120413602726,82.60573399470402,47.33209089356179
piecewise_0001,6,previous_period,18.20833962856914,42.701979478911,82.60573399470402,47.331450415881704
piecewise_0002,1,default,41.2532145820137,8.077365999437692,107.58704577887802,98.89684632333547
piecewise_0002,2,previous_period,29.704915776524807,30.26203057842092,107.58704577887802,75.02902108685424
piecewise_0002,3,previous_period,29.48806853144783,30.7575977635125,107.58704577887802,74.49585499256466
piecewise_0002,4,previous_period,29.50575626714355,30.78006073250794,107.58704577887802,74.47168774782824
piecewise_0002,5,previous_period,29.50103718882794,30.76141563631235,107.58704577887802,74.49174745600772
piecewise_0002,6,previous_period,29.502695726995174,30.770106548595678,107.58704577887802,74.48239716023085
piecewise_0003,1,default,62.78255219295513,4.852293139281805,173.89630752009828,165.45834892083616
piecewise_0003,2,previous_period,38.799980263382274,36.88739768280519,173.89630752009828,109.75048500944575
piecewise_0003,3,previous_period,38.4838830099225,37.15390562084912,173.89630752009828,109.2870375459394
piecewise_0003,4,previous_period,38.47978779457606,37.1607892273477,173.89630752009828,109.27506720841416
piecewise_0003,5,previous_period,38.47975427562958,37.16078636668665,173.89630752009828,109.2750721829981
piecewise_0003,6,previous_period,38.479752926321815,37.16078889143674,173.89630752009828,109.27506779255093
piecewise_0004,1,default,69.99027469757401,-6.328666190722743,175.17770378352833,186.26411589656092
piecewise_0004,2,previous_period,53.03796554120637,20.587239298873484,175.17770378352833,139.1134507073416
piecewise_0004,3,previous_period,51.66420704095169,22.71761901354853,175.17770378352833,135.38150044130379
piecewise_0004,4,previous_period,51.64513607430403,22.752791012757545,175.17770378352833,135.31988694071467
piecewise_0004,5,previous_period,51.64528783191208,22.751434140751293,175.17770378352833,135.3222638779385
piecewise_0004,6,previous_period,51.645267915865126,22.75168376320679,175.17770378352833,135.32182659505284
piecewise_0005,1,default,70.8298857613784,0.3116654072082947,189.72546089569582,189.13415226541744
piecewise_0005,2,previous_period,45.68591980051453,31.77350520278698,189.72546089569582,129.44303170699033
piecewise_0005,3,previous_period,45.29752853912485,32.33429615462473,189.72546089569582,128.3790684889548
piecewise_0005,4,previous_period,45.297139664387075,32.3345997692286,189.72546089569582,128.37849245474825
piecewise_0005,5,previous_period,45.297233267902286,32.33451358121642,189.72546089569582,128.37865597535162
piecewise_0005,6,previous_period,45.29721502121564,32.33452959125046,189.72546089569582,128.37862560024072
piecewise_0006,1,default,64.27467787526534,4.788670095067737,202.20103466141347,192.51829418266482
piecewise_0006,2,previous_period,36.999069574511566,47.1797248310286,202.20103466141347,106.80314290266584
piecewise_0006,3,previous_period,36.557888830330796,47.995600272872565,202.20103466141347,105.15343431770896
piecewise_0006,4,previous_period,36.55413512518491,48.002469505841226,202.20103466141347,105.13954465757303
piecewise_0006,5,previous_period,36.554088619617644,48.00255853959794,202.20103466141347,105.13936463039576
piecewise_0006,6,previous_period,36.554087838336834,48.0025598815344,202.20103466141347,105.13936191698633
piecewise_0007,1,default,52.8474952472505,-9.20062670254036,122.09991831770809,133.33387600622711
piecewise_0007,2,previous_period,42.06585817852645,11.298795327190591,122.09991831770809,108.30409845232336
piecewise_0007,3,previous_period,41.40101106364946,12.951992708683102,122.09991831770809,106.28554579989051
piecewise_0007,4,previous_period,41.38446991384124,13.003093735835236,122.09991831770809,106.22315148747825
piecewise_0007,5,previous_period,41.38450116161945,13.002688160920705,122.09991831770809,106.2236466941176
piecewise_0007,6,previous_period,41.38449270019279,13.00270955042363,122.09991831770809,106.22362057755201
piecewise_0008,1,default,48.64615462669621,1.140401347790243,128.3915676071555,126.92738843971449
piecewise_0008,2,previous_period,39.680970608954,22.896176246829935,128.3915676071555,98.99480800175337
piecewise_0008,3,previous_period,39.52138996935447,23.251639770028763,128.3915676071555,98.53842281204678
piecewise_0008,4,previous_period,39.53304996856743,23.22115554500188,128.3915676071555,98.57756198643168
piecewise_0008,5,previous_period,39.53038851672905,23.229248426465,128.3915676071555,98.5671714090566
piecewise_0008,6,previous_period,39.53117388428511,23.22683823448265,128.3915676071555,98.57026589232507
piecewise_0009,1,default,61.798133702739676,-10.823056848345725,160.26573475645597,177.61138633756616
piecewise_0009,2,previous_period,32.52039112346696,46.117825113532916,160.26573475645597,86.35466348455506
piecewise_0009,3,previous_period,31.103873400232764,49.795829080438004,160.26573475645597,80.46008340262303
piecewise_0009,4,previous_period,31.130706348022798,49.642564847393245,160.26573475645597,80.70571345183106
piecewise_0009,5,previous_period,31.128409282703892,49.6563985141327,160.26573475645597,80.68354282418733
piecewise_0009,6,previous_period,31.128607393125566,49.65517307316918,160.26573475645597,80.6855067861515
piecewise_0010,1,default,63.192282367594835,8.965428410181442,192.6299568360163,175.35985595931984
piecewise_0010,2,previous_period,40.68262433708403,48.78415229646793,192.6299568360163,98.65706532451367
piecewise_0010,3,previous_period,39.895657095014286,50.46622018553744,192.6299568360163,95.4168986758466
piecewise_0010,4,previous_period,39.86855573401283,50.52458261564051,192.6299568360163,95.30447515193059
piecewise_0010,5,previous_period,39.867776048850885,50.526269693075996,192.6299568360163,95.30122533539482
piecewise_0010,6,previous_period,39.86775373948505,50.52631850540765,192.6299568360163,95.30113130822141
piecewise_0011,1,default,38.26757974817606,-0.10677908022784788,90.92762199635246,91.02471367479322
piecewise_0011,2,previous_period,38.74611044721908,1.937604464326781,90.92762199635246,89.16580433324495
piecewise_0011,3,previous_period,38.64473229331556,0.6987945866422485,90.92762199635246,90.29222469607942
piecewise_0011,4,previous_period,38.68151379877323,1.1440689301444706,90.92762199635246,89.88734732417298
piecewise_0011,5,previous_period,38.656510642484825,0.9075812878456935,90.92762199635246,90.1023799136305
piecewise_0011,6,previous_period,38.67201619770958,1.0552079146279647,90.92762199635246,89.96814653246395
piecewise_0012,1,default,45.778493163305484,-11.296447632788231,101.39844537713077,112.85286765961973
piecewise_0012,2,previous_period,27.708554113068825,37.67083373462097,101.39844537713077,63.200805609621376
piecewise_0012,3,previous_period,27.537938125013998,37.91160771657124,101.39844537713077,62.95666453505119
piecewise_0012,4,previous_period,27.53426786757444,37.943667808555624,101.39844537713077,62.92415610019254
piecewise_0012,5,previous_period,27.534238301330202,37.9421541661329,101.39844537713077,62.92569091007775
piecewise_0012,6,previous_period,27.534235602217567,37.942289991066204,101.39844537713077,62.925553185706946
piecewise_0013,1,default,38.722244374706264,7.8122953935338195,113.09026968259579,104.25532375364739
piecewise_0013,2,previous_period,26.906909882640978,44.36454188457481,113.09026968259579,62.91828962188197
piecewise_0013,3,previous_period,26.74193177224545,46.71253267902845,113.09026968259579,60.26294050031182
piecewise_0013,4,previous_period,26.743011162867546,46.21185889481948,113.09026968259579,60.82915383310381
piecewise_0013,5,previous_period,26.746257489607714,46.40341055955469,113.09026968259579,60.61252753887325
piecewise_0013,6,previous_period,26.742999731405735,46.32250592353907,113.09026968259579,60.70402280992904
piecewise_0014,1,default,43.80129060010773,8.082346226278837,117.67302956321174,108.16228789896152
piecewise_0014,2,previous_period,33.72235151475903,24.621608394497486,117.67302956321174,88.7000370382165
piecewise_0014,3,previous_period,33.19248327029692,25.36516650990346,117.67302956321174,87.82506967725516
piecewise_0014,4,previous_period,33.19425477316678,25.35933818336754,117.67302956321174,87.8319280456628
piecewise_0014,5,previous_period,33.19595562074149,25.358293231348096,117.67302956321174,87.83315767236158
piecewise_0014,6,previous_period,33.195122413447336,25.35896767184639,117.67302956321174,87.83236403779463
piecewise_0015,1,default,66.75213136636107,-10.625275780245481,169.66877088611028,187.69654570571237
piecewise_0015,2,previous_period,36.811327858172156,44.76299689062188,169.66877088611028,93.71994425000437
piecewise_0015,3,previous_period,35.84660215894227,46.364057298255666,169.66877088611028,91.00344473522799
piecewise_0015,4,previous_period,35.861566311288904,46.3447481624766,169.66877088611028,91.03620630857306
piecewise_0015,5,previous_period,35.85724996530168,46.35083975325275,169.66877088611028,91.02587078137576
piecewise_0015,6,previous_period,35.85813589185906,46.34959061420519,169.66877088611028,91.02799018024439
piecewise_0016,1,default,33.27952250492216,-6.742613658268803,81.95160288710906,87.47728285654549
piecewise_0016,2,previous_period,15.43453972643361,54.92433279767654,81.95160288710906,36.94023178436298
piecewise_0016,3,previous_period,13.509291811488183,58.283629704420036,81.95160288710906,34.187234123549615
piecewise_0016,4,previous_period,13.834330141336688,57.86858739935779,81.95160288710906,34.52736794520773
piecewise_0016,5,previous_period,13.664896535233147,58.07311686544725,81.95160288710906,34.35975276937098
piecewise_0016,6,previous_period,13.732805077070903,57.98337075582921,81.95160288710906,34.43330114473178
piecewise_0017,1,default,42.35275636480419,-17.961255619948545,100.3458446942733,118.3692183638083
piecewise_0017,2,previous_period,32.30784949981502,29.422365276645646,100.3458446942733,70.82172372838866
piecewise_0017,3,previous_period,31.944403795207084,32.00039517154637,100.3458446942733,68.23477785387965
piecewise_0017,4,previous_period,31.85469841715445,32.698003717869106,100.3458446942733,67.53475666541266
piecewise_0017,5,previous_period,31.832876692893702,32.86579773864331,100.3458446942733,67.3663823379203
piecewise_0017,6,previous_period,31.827146342217592,32.910511109843334,100.3458446942733,67.32151432789834
piecewise_0018,1,default,29.509715860888672,18.88242153718106,94.94455955320072,77.01672759174545
piecewise_0018,2,previous_period,8.324616975877206,77.94533526801312,94.94455955320072,20.93970429072003
piecewise_0018,3,previous_period,7.354273143389786,80.95113703513718,94.94455955320072,18.085859041881783
piecewise_0018,4,previous_period,7.723512870355068,79.590077517005,94.94455955320072,19.37811100662929
piecewise_0018,5,previous_period,7.491358569550338,80.50876179105148,94.94455955320072,18.505870268951334
piecewise_0018,6,previous_period,7.620895618617909,79.97815701355425,94.94455955320072,19.009650637914326
piecewise_0019,1,default,48.11547114536103,7.45996789332678,138.24269394898312,127.92983336551897
piecewise_0019,2,previous_period,26.99564937877209,44.647899217205165,138.24269394898312,76.52023527949174
piecewise_0019,3,previous_period,26.70102453008312,45.24747107445343,138.24269394898312,75.6913709918718
piecewise_0019,4,previous_period,26.707854800645013,45.23487703666665,138.24269394898312,75.7087813289852
piecewise_0019,5,previous_period,26.706646524520767,45.237128564451325,138.24269394898312,75.70566875632065
piecewise_0019,6,previous_period,26.70683691921475,45.23677349085868,138.24269394898312,75.70615961962062
piecewise_0020,1,default,49.738186173106264,10.950084773147639,146.28288823159915,130.26478796163022
piecewise_0020,2,previous_period,28.739723179783688,58.22430147864785,146.28288823159915,61.11069837595938
piecewise_0020,3,previous_period,27.284355962132555,60.32166939712169,146.28288823159915,58.04260800797287
piecewise_0020,4,previous_period,27.257001904931506,60.363334929650605,146.28288823159915,57.981658463592495
piecewise_0020,5,previous_period,27.25493416743095,60.36551725179279,146.28288823159915,57.9784660997324
piecewise_0020,6,previous_period,27.255042721305706,60.36544707453281,146.28288823159915,57.978568757055186
piecewise_0021,1,default,63.72641514601529,1.675505462886051,170.00272834345324,167.15432334300334
piecewise_0021,2,previous_period,63.839567341808355,2.933305348551263,170.00272834345324,165.01602922027166
piecewise_0021,3,previous_period,63.91519103863734,2.4413927035212835,170.00272834345324,165.85229413788906
piecewise_0021,4,previous_period,63.86307834442414,2.6381915191863725,170.00272834345324,165.5177307819108
piecewise_0021,5,previous_period,63.88001929930753,2.5679657899820074,170.00272834345324,165.63711643755732
piecewise_0021,6,previous_period,63.873098343260395,2.59746158436559,170.00272834345324,165.58697278235866
piecewise_0022,1,default,48.916796279067206,5.275910101032622,133.83373271937123,126.77278529624093
piecewise_0022,2,previous_period,37.38026250709823,26.491352415214187,133.83373271937123,98.37936693424678
piecewise_0022,3,previous_period,37.320515653845426,26.686477329436585,133.83373271937123,98.11822397807747
piecewise_0022,4,previous_period,37.318964683558015,26.68387432548395,133.83373271937123,98.12170767543012
piecewise_0022,5,previous_period,37.3221936710179,26.6771639652005,133.83373271937123,98.13068840107637
piecewise_0022,6,previous_period,37.32067008608259,26.680579004338135,133.83373271937123,98.12611792672465
piecewise_0023,1,default,31.323106169574874,1.2983853003343149,74.92994330113196,73.95706393176123
piecewise_0023,2,previous_period,17.60518817407862,40.34707248658324,74.92994330113196,44.697904763268525
piecewise_0023,3,previous_period,17.02059946227858,43.52364835172733,74.92994330113196,42.31769826859862
piecewise_0023,4,previous_period,17.003643123224826,43.35618169157905,74.92994330113196,42.44318094209602
piecewise_0023,5,previous_period,17.001198480081328,43.425564539541014,74.92994330113196,42.391192413457404
piecewise_0023,6,previous_period,17.001564180787383,43.408442754812235,74.92994330113196,42.40402175704682
piecewise_0024,1,default,52.50153663231862,-6.2170265987901985,134.30275666293605,142.65239476757927
piecewise_0024,2,previous_period,45.753783070397986,10.520518135219014,134.30275666293605,120.1734107921128
piecewise_0024,3,previous_period,45.48504019251509,11.48327136229872,134.30275666293605,118.88040666828337
piecewise_0024,4,previous_period,45.48489517750462,11.48167465454193,134.30275666293605,118.88255109081659
piecewise_0024,5,previous_period,45.4850834986783,11.481336453420043,134.30275666293605,118.88300530424635
piecewise_0024,6,previous_period,45.485048979719934,11.481402101337457,134.30275666293605,118.88291713728358
piecewise_0025,1,default,59.73858635818464,1.8004716222606354,158.24932365373715,155.40008948893222
piecewise_0025,2,previous_period,41.58122373607275,28.68139594319875,158.24932365373715,112.86120855917471
piecewise_0025,3,previous_period,41.24108739307834,29.454121571530766,158.24932365373715,111.63837547864021
piecewise_0025,4,previous_period,41.2385509993539,29.452738165002255,158.24932365373715,111.64056471011497
piecewise_0025,5,previous_period,41.23894683249002,29.453745874410842,158.24932365373715,111.63897001679149
piecewise_0025,6,previous_period,41.238838252533895,29.453476223137454,158.24932365373715,111.63939673810785
piecewise_0026,1,default,58.67950621926594,6.9778034010338885,172.36441189279032,160.33716209756312
piecewise_0026,2,previous_period,36.84125618524703,43.439729373744875,172.36441189279032,97.48977782991528
piecewise_0026,3,previous_period,36.63150565599309,43.83351729293543,172.36441189279032,96.81102759889762
piecewise_0026,4,previous_period,36.630995287682765,43.82999749329126,172.36441189279032,96.8170944808541
piecewise_0026,5,previous_period,36.63070760624614,43.83084757659249,172.36441189279032,96.81562923977134
piecewise_0026,6,previous_period,36.6307331855169,43.83076779382586,172.36441189279032,96.81576675686782
piecewise_0027,1,default,68.25764471710715,7.11887819680761,228.17023664492314,211.92707541680338
piecewise_0027,2,previous_period,28.80535620819783,64.4774332267998,228.17023664492314,81.05192466876173
piecewise_0027,3,previous_period,28.4240452537222,64.95688642358665,228.17023664492314,79.9579551750515
piecewise_0027,4,previous_period,28.40705007209873,64.98815018188766,228.17023664492314,79.886620583752
piecewise_0027,5,previous_period,28.40786791955653,64.98649363733522,228.17023664492314,79.89040032537744
piecewise_0027,6,previous_period,28.40780193662971,64.98662316146284,228.17023664492314,79.89010478986893
piecewise_0028,1,default,42.74324935788956,2.3604986037492393,111.90651128244386,109.26495964611729
piecewise_0028,2,previous_period,36.59963967567156,18.307925936026837,111.90651128244386,91.41875007926252
piecewise_0028,3,previous_period,36.414573028778264,19.731914120666595,111.90651128244386,89.82521458075796
piecewise_0028,4,previous_period,36.403062502979296,19.731565038064637,111.90651128244386,89.82560522691931
piecewise_0028,5,previous_period,36.402841683366354,19.73502963005914,111.90651128244386,89.82172812288809
piecewise_0028,6,previous_period,36.40282106866832,19.734952174015476,111.90651128244386,89.82181480124433
piecewise_0029,1,default,31.127965212697124,9.497499773869954,82.74990477449708,74.89073275566162
piecewise_0029,2,previous_period,26.57931233773119,16.99822350942438,82.74990477449708,68.68389100709223
piecewise_0029,3,previous_period,26.585253753168033,18.039671375409895,82.74990477449708,67.82209388971319
piecewise_0029,4,previous_period,26.58825611646709,17.54260852567381,82.74990477449708,68.2334129245392
piecewise_0029,5,previous_period,26.57866386494401,17.788151377318385,82.74990477449708,68.03022644862273
piecewise_0029,6,previous_period,26.584110162542157,17.679053429966928,82.74990477449708,68.12050489616699
piecewise_0030,1,default,41.730045802151956,7.737163655434776,118.42082994976694,109.25841653442936
piecewise_0030,2,previous_period,34.68357342643815,22.89631893631048,118.42082994976694,91.30681903744242
piecewise_0030,3,previous_period,34.32147736770882,23.36039944187638,118.42082994976694,90.75725105111621
piecewise_0030,4,previous_period,34.3232758883421,23.324741687072937,118.42082994976694,90.7994772602959
piecewise_0030,5,previous_period,34.32162274311062,23.335980236281696,118.42082994976694,90.78616847704858
piecewise_0030,6,previous_period,34.322096215423414,23.332754746849517,118.42082994976694,90.7899881284041
piecewise_0031,1,default,39.70869179177256,12.508495373206575,129.5019111587785,113.30317059326862
piecewise_0031,2,previous_period,18.941952861553084,75.52641865399394,129.5019111587785,31.693755572076153
piecewise_0031,3,previous_period,18.390347174542907,76.50196576464809,129.5019111587785,30.430403419524787
piecewise_0031,4,previous_period,18.385720508323942,76.67278167869917,129.5019111587785,30.20919354626531
piecewise_0031,5,previous_period,18.388239891713233,76.62623554995376,129.5019111587785,30.269471672561043
piecewise_0031,6,previous_period,18.387441682090053,76.63799685959088,129.5019111587785,30.25424055180366
piecewise_0032,1,default,33.62170044570276,-6.757864003176173,84.49923754655381,90.2095811036707
piecewise_0032,2,previous_period,31.767487933676207,-0.6650667969807955,84.49923754655381,85.06121391917787
piecewise_0032,3,previous_period,31.74369066481149,-0.501090494494183,84.49923754655381,84.92265519381965
piecewise_0032,4,previous_period,31.74553931213779,-0.5154567979090974,84.49923754655381,84.93479461066889
piecewise_0032,5,previous_period,31.745354810794403,-0.5140429378450051,84.49923754655381,84.93359990969475
piecewise_0032,6,previous_period,31.745371832539405,-0.514178576090174,84.49923754655381,84.93371452297774
piecewise_0033,1,default,42.387329819406844,4.4950354371086965,113.26815053799506,108.17670703235456
piecewise_0033,2,previous_period,38.66878349704662,15.105362114140908,113.26815053799506,96.15858623924066
piecewise_0033,3,previous_period,38.735648223742466,14.914916201972183,113.26815053799506,96.37430080172939
piecewise_0033,4,previous_period,38.701934522253005,15.011171569425308,113.26815053799506,96.26527412722169
piecewise_0033,5,previous_period,38.70982166622505,14.990620786792109,113.26815053799506,96.28855161863139
piecewise_0033,6,previous_period,38.70691841742167,14.99716170401777,113.26815053799506,96.28114284266167
piecewise_0034,1,default,71.31543925521952,-1.6498032187009404,193.99057246072928,197.19103516916277
piecewise_0034,2,previous_period,52.762981427598476,25.257715734805906,193.99057246072928,144.9929851162756
piecewise_0034,3,previous_period,52.88067924711207,24.9989279205571,193.99057246072928,145.49500907859547
piecewise_0034,4,previous_period,52.86473624490611,25.029332370596112,193.99057246072928,145.43602731191126
piecewise_0034,5,previous_period,52.866214709652525,25.026465085290607,193.99057246072928,145.4415895750895
piecewise_0034,6,previous_period,52.86607164573916,25.026741470970514,193.99057246072928,145.44105341292683
piecewise_0035,1,default,44.29077648704038,-4.963411170102727,109.77477893662832,115.22335257632452
piecewise_0035,2,previous_period,27.332620160447206,38.136990001802,109.77477893662832,67.90998246906614
piecewise_0035,3,previous_period,27.21047272279438,38.015037021280015,109.77477893662832,68.04385608384077
piecewise_0035,4,previous_period,27.20931883200896,38.002831409110236,109.77477893662832,68.057254767618
piecewise_0035,5,previous_period,27.209328396360544,38.002455000812176,109.77477893662832,68.0576679689951
piecewise_0035,6,previous_period,27.20932787651543,38.00244876124192,109.77477893662832,68.05767481846955
piecewise_0036,1,default,60.533995134467844,-4.746568893774228,153.26157535911904,160.53624162122333
piecewise_0036,2,previous_period,43.11398731259797,26.38302054794046,153.26157535911904,112.8265424400254
piecewise_0036,3,previous_period,43.06314576820871,26.573017375765318,153.26157535911904,112.53535030856868
piecewise_0036,4,previous_period,43.06377882395979,26.56810588305456,153.26157535911904,112.54287773967083
piecewise_0036,5,previous_period,43.063750785707924,26.56832937694159,153.26157535911904,112.54253520941873
piecewise_0036,6,previous_period,43.06375184699891,26.56831928295539,153.26157535911904,112.54255067962102
piecewise_0037,1,default,35.94454548206369,14.64167968099359,112.71782561804287,96.2140426476681
piecewise_0037,2,previous_period,16.60678149607766,59.981630227103054,112.71782561804287,45.10783625579756
piecewise_0037,3,previous_period,15.842056817370905,62.4657337024615,112.71782561804287,42.30780883227128
piecewise_0037,4,previous_period,16.105115006314616,61.35044704035,112.71782561804287,43.56493570721142
piecewise_0037,5,previous_period,15.943701735164527,62.04332493933515,112.71782561804287,42.78393880528736
piecewise_0037,6,previous_period,16.02565522316929,61.64770584318556,112.71782561804287,43.22987204819694
piecewise_0038,1,default,63.447499865290794,-6.373144165744105,151.52939674459986,161.18658365261558
piecewise_0038,2,previous_period,41.984756410875285,28.520911945608564,151.52939674459986,108.31183092736069
piecewise_0038,3,previous_period,40.731961852380806,30.58375431440047,151.52939674459986,105.1860183301383
piecewise_0038,4,previous_period,40.70101327553741,30.64622244987767,151.52939674459986,105.0913607412921
piecewise_0038,5,previous_period,40.70037274939414,30.647349534881908,151.52939674459986,105.08965287618437
piecewise_0038,6,previous_period,40.70036129164699,30.64737328628706,151.52939674459986,105.08961688582343
piecewise_0039,1,default,53.45677040871638,-3.200843534238329,132.35294090564162,136.5893514569941
piecewise_0039,2,previous_period,40.87015588187223,21.441901242177874,132.35294090564162,103.9739540255359
piecewise_0039,3,previous_period,40.52639301447088,21.716655213315672,132.35294090564162,103.61030906447999
piecewise_0039,4,previous_period,40.59087691789173,21.68070091718015,132.35294090564162,103.65789563279728
piecewise_0039,5,previous_period,40.57632089001789,21.68607926648439,132.35294090564162,103.65077722932094
piecewise_0039,6,previous_period,40.57943188824172,21.685119221196135,132.35294090564162,103.65204787749396
piecewise_0040,1,default,39.17394838364206,-8.587119333149108,81.62785869677926,88.63734033216602
piecewise_0040,2,previous_period,15.706493122229823,50.87217661252854,81.62785869677926,40.10199025552848
piecewise_0040,3,previous_period,15.473214018859268,51.12702781298009,81.62785869677926,39.89396067773684
piecewise_0040,4,previous_period,15.464648741716847,51.17292146901844,81.62785869677926,39.85649866903506
piecewise_0040,5,previous_period,15.471222406430323,51.147453456234146,81.62785869677926,39.877287662523514
piecewise_0040,6,previous_period,15.468040492182658,51.15958126054673,81.62785869677926,39.867387995556214
piecewise_0041,1,default,31.92149323533136,10.128321756966274,92.1650868602037,82.83031031541482
piecewise_0041,2,previous_period,27.84028378914492,32.6140265613178,92.1650868602037,62.10634095135524
piecewise_0041,3,previous_period,27.853605075906355,30.98742888860907,92.1650868602037,63.6054961092733
piecewise_0041,4,previous_period,27.834643049298535,31.98205302677508,92.1650868602037,62.688799908400036
piecewise_0041,5,previous_period,27.84169626932239,31.441208472373873,92.1650868602037,63.1872697617426
piecewise_0041,6,previous_period,27.837015297462496,31.75167697968948,92.1650868602037,62.90112619230159
piecewise_0042,1,default,70.41520460610772,-1.5937996481305339,193.2584441910294,196.33859659452858
piecewise_0042,2,previous_period,52.208470508028846,25.53646731794942,193.2584441910294,143.90706475100967
piecewise_0042,3,previous_period,52.346356162691016,25.192753004032053,193.2584441910294,144.57132168654823
piecewise_0042,4,previous_period,52.33353484271199,25.217986799098234,193.2584441910294,144.522555246793
piecewise_0042,5,previous_period,52.33451024231614,25.216039592676488,193.2584441910294,144.52631838762883
piecewise_0042,6,previous_period,52.33443256637414,25.21619337800056,193.2584441910294,144.52602118450415
piecewise_0043,1,default,43.0722679532821,5.5582648914195065,119.91887267999013,113.25346408163217
piecewise_0043,2,previous_period,38.99540418131036,26.15452870757389,119.91887267999013,88.55465669910313
piecewise_0043,3,previous_period,39.01535680836076,24.545313064654508,119.91887267999013,90.48440995708211
piecewise_0043,4,previous_period,39.00051601081683,25.202969579948252,119.91887267999013,89.69575567783534
piecewise_0043,5,previous_period,39.00348205167834,24.954332335867445,119.91887267999013,89.99391865799964
piecewise_0043,6,previous_period,39.002592599087386,25.053663574808247,119.91887267999013,89.87480175604276
piecewise_0044,1,default,52.50779218631212,5.9872763506888855,149.5760414059385,140.62051045254412
piecewise_0044,2,previous_period,35.553561688798325,35.84463728028825,149.5760414059385,95.96105190576608
piecewise_0044,3,previous_period,35.502354607963696,35.91627682180795,149.5760414059385,95.85389631547955
piecewise_0044,4,previous_period,35.50699002033993,35.907536597237765,149.5760414059385,95.86696959740162
piecewise_0044,5,previous_period,35.507615168852944,35.90631746871503,149.5760414059385,95.86879312158557
piecewise_0044,6,previous_period,35.50766460766811,35.90621935793181,149.5760414059385,95.8689398718113
piecewise_0045,1,default,52.10762516290176,1.4451833010151405,138.79213674799672,136.78633596459258
piecewise_0045,2,previous_period,49.94758601310699,5.195807407517627,138.79213674799672,131.5807646257923
piecewise_0045,3,previous_period,49.96982756347183,4.930213741425504,138.79213674799672,131.9493877500289
piecewise_0045,4,previous_period,49.936942577253184,5.074490731061509,138.79213674799672,131.74914263327742
piecewise_0045,5,previous_period,49.949753997729694,4.995953129286046,138.79213674799672,131.8581466489322
piecewise_0045,6,previous_period,49.940494391731896,5.041649526054037,138.79213674799672,131.79472364344107
piecewise_0046,1,default,37.17783284039902,-10.596728208977325,92.3147501789665,102.097093352228
piecewise_0046,2,previous_period,20.64335016732046,39.97050861597516,92.3147501789665,55.41607500486675
piecewise_0046,3,previous_period,19.960665398196937,41.795526919648005,92.3147501789665,53.731313917110754
piecewise_0046,4,previous_period,19.93895373210669,41.886686965971876,92.3147501789665,53.647159748083844
piecewise_0046,5,previous_period,19.940228138622253,41.879596022069286,92.3147501789665,53.65370573523285
piecewise_0046,6,previous_period,19.94004165004484,41.880592649607436,92.3147501789665,53.65278570101079
piecewise_0047,1,default,46.69104572908681,11.731919746044506,153.21860967985887,135.24312535621266
piecewise_0047,2,previous_period,18.27799485395667,71.42803761466612,153.21860967985887,43.7775635250608
piecewise_0047,3,previous_period,17.53177534548716,72.48199808214785,153.21860967985887,42.16269995020996
piecewise_0047,4,previous_period,17.635635862089654,72.37663905270793,153.21860967985887,42.324129590290006
piecewise_0047,5,previous_period,17.59188581101506,72.42438997462712,153.21860967985887,42.25096629161611
piecewise_0047,6,previous_period,17.61100497559151,72.40444236557796,153.21860967985887,42.28152974086559
piecewise_0048,1,default,66.91141176142995,-4.492333460593656,179.62011295373998,187.68924738991697
piecewise_0048,2,previous_period,52.19169928390503,18.060845568290794,179.62011295373998,147.1792017435755
piecewise_0048,3,previous_period,52.11542647948563,18.160642805105265,179.62011295373998,146.99994583408466
piecewise_0048,4,previous_period,52.11587351675043,18.162236727357282,179.62011295373998,146.99708282913517
piecewise_0048,5,previous_period,52.11579946215686,18.162105679523798,179.62011295373998,146.9973182174017
piecewise_0048,6,previous_period,52.11580695081063,18.1621201879415,179.62011295373998,146.99729215736545
piecewise_0049,1,default,73.55885291173139,-8.333389802222246,205.4964421026453,222.62126165275666
piecewise_0049,2,previous_period,32.84009938827602,52.18313143854023,205.4964421026453,98.26196361869816
piecewise_0049,3,previous_period,32.24472332810291,53.14788182256769,205.4964421026453,96.27943590435012
piecewise_0049,4,previous_period,32.23055013644287,53.170424747320524,205.4964421026453,96.2331109960372
piecewise_0049,5,previous_period,32.23027526543708,53.170873459771606,205.4964421026453,96.23218890791495
piecewise_0049,6,previous_period,32.2302665787553,53.17088777345579,205.4964421026453,96.23215949380321
piecewise_0050,1,default,66.17988945253366,5.647110752931306,203.15660269773147,191.68412434149795
piecewise_0050,2,previous_period,44.760222235976556,36.67290420336508,203.15660269773147,128.6531764075814
piecewise_0050,3,previous_period,43.78114387027834,38.56346733634498,203.15660269773147,124.81237257476366
piecewise_0050,4,previous_period,43.75547402683233,38.620000946383435,203.15660269773147,124.69752081322714
piecewise_0050,5,previous_period,43.7546671046938,38.62189661496899,203.15660269773147,124.69366963733032
piecewise_0050,6,previous_period,43.75463625403062,38.62197068647918,203.15660269773147,124.69351915616666
piecewise_0051,1,default,53.13661362194984,-0.18688341029613476,139.37509546783835,139.63556439935215
piecewise_0051,2,previous_period,49.94380808498713,3.8842234588617575,139.37509546783835,133.9614553138656
piecewise_0051,3,previous_period,49.7512577795705,4.50220597166151,139.37509546783835,133.1001415966764
piecewise_0051,4,previous_period,49.73329762043467,4.510775235838105,139.37509546783835,133.08819817654938
piecewise_0051,5,previous_period,49.73407316641674,4.52193098444893,139.37509546783835,133.0726498412729
piecewise_0051,6,previous_period,49.733457723390224,4.518982891477097,139.37509546783835,133.07675874866686
piecewise_0052,1,default,54.63924565901065,10.64231577203203,150.2170966299363,134.230518863
piecewise_0052,2,previous_period,30.16584043927298,52.76456059284285,150.2170966299363,70.95570565782427
piecewise_0052,3,previous_period,29.37277769406248,54.195881227226074,150.2170966299363,68.80561735738861
piecewise_0052,4,previous_period,29.322825755697185,54.266519026676406,150.2170966299363,68.69950730593102
piecewise_0052,5,previous_period,29.32241172101206,54.26651475546973,150.2170966299363,68.69951372201369
piecewise_0052,6,previous_period,29.322445296403117,54.266493506059675,150.2170966299363,68.69954564226052
piecewise_0053,1,default,71.97184200047462,-5.260030896532775,197.44184798267815,207.8273501892523
piecewise_0053,2,previous_period,37.78007587222671,49.91811427301982,197.44184798267815,98.88260068392279
piecewise_0053,3,previous_period,36.25453779671131,52.95069628101242,197.44184798267815,92.89501472575199
piecewise_0053,4,previous_period,36.25486043013714,52.918512295029196,197.44184798267815,92.95855938243176
piecewise_0053,5,previous_period,36.25313342395785,52.926989859279395,197.44184798267815,92.94182112291224
piecewise_0053,6,previous_period,36.25340278259638,52.9256321537378,197.44184798267815,92.94450180182375
piecewise_0054,1,default,43.46056017263121,4.083745555716045,109.62248443359874,105.14578109747615
piecewise_0054,2,previous_period,24.76409053194157,47.17932413356478,109.62248443359874,57.903337179404595
piecewise_0054,3,previous_period,23.860625895760062,49.220557120629536,109.62248443359874,55.66568686590605
piecewise_0054,4,previous_period,23.822184789294308,49.30190264755455,109.62248443359874,55.57651387831525
piecewise_0054,5,previous_period,23.820308569448798,49.30594554158901,109.62248443359874,55.57208195743166
piecewise_0054,6,previous_period,23.820221877217676,49.3061293446592,109.62248443359874,55.57188046793965
piecewise_0055,1,default,58.12826022917199,-2.180574888672826,157.44224684336177,160.87539294219042
piecewise_0055,2,previous_period,55.67797472964365,2.483267412643253,157.44224684336177,153.53253483376722
piecewise_0055,3,previous_period,55.68313879633326,2.0981676130303106,157.44224684336177,154.13884461086712
piecewise_0055,4,previous_period,55.662386821915355,2.2332488882034762,157.44224684336177,153.92616961616983
piecewise_0055,5,previous_period,55.66406934879007,2.196439100330938,157.44224684336177,153.98412377325462
piecewise_0055,6,previous_period,55.66361685928235,2.2082279648119485,157.44224684336177,153.9655631201384
piecewise_0056,1,default,49.50291300229358,9.372114874819948,157.9942371061494,143.18683570896567
piecewise_0056,2,previous_period,25.37908275629544,54.75033009821602,157.9942371061494,71.4918707543745
piecewise_0056,3,previous_period,25.229068824437466,55.06782854051935,157.9942371061494,70.99024151263345
piecewise_0056,4,previous_period,25.227341406065197,55.07143417203303,157.9942371061494,70.98454482263055
piecewise_0056,5,previous_period,25.22732933607985,55.0714664211833,157.9942371061494,70.98449387083161
piecewise_0056,6,previous_period,25.22732743428171,55.07147059544463,157.9942371061494,70.98448727573927
piecewise_0057,1,default,77.21500521733861,-8.275124220335783,203.07263149413166,219.87714400777577
piecewise_0057,2,previous_period,53.21586543201457,25.5706022332576,203.07263149413166,151.14573665015826
piecewise_0057,3,previous_period,52.544641787862645,26.74697271566011,203.07263149413166,148.75685015542325
piecewise_0057,4,previous_period,52.53113054635063,26.776119037377597,203.07263149413166,148.6976619529278
piecewise_0057,5,previous_period,52.53074792070122,26.777027489145322,203.07263149413166,148.69581713601724
piecewise_0057,6,previous_period,52.53073184195759,26.777063797894385,203.07263149413166,148.69574340288506
piecewise_0058,1,default,49.52541439177942,-5.693481969086256,126.4023086643,133.59900131661067
piecewise_0058,2,previous_period,40.37366250764869,15.008371934814946,126.4023086643,107.43138004576903
piecewise_0058,3,previous_period,39.83468649042701,16.348484079660285,126.4023086643,105.73744735599385
piecewise_0058,4,previous_period,39.802463891070126,16.44107660141252,126.4023086643,105.62040827084854
piecewise_0058,5,previous_period,39.800203788386035,16.446720475177734,126.4023086643,105.61327428411121
piecewise_0058,6,previous_period,39.80017916489989,16.44681322815005,126.4023086643,105.61315704221285
piecewise_0059,1,default,50.77435865799036,11.841693098657247,151.3958503407598,133.4680183793046
piecewise_0059,2,previous_period,30.929991209391023,49.32215355929379,151.3958503407598,76.72415655329164
piecewise_0059,3,previous_period,30.54380692234875,49.67041539024637,151.3958503407598,76.19690259290869
piecewise_0059,4,previous_period,30.540587131129854,49.66368390528947,151.3958503407598,76.20709378179976
piecewise_0059,5,previous_period,30.53957664047571,49.665262489317485,151.3958503407598,76.20470387108719
piecewise_0059,6,previous_period,30.539686962096326,49.66507664176555,151.3958503407598,76.20498523656877
piecewise_0060,1,default,30.296547558037858,-7.140140505220671,66.81064335588914,71.58101716394151
piecewise_0060,2,previous_period,27.87408868235153,-3.756840392288008,66.81064335588914,69.32061259183067
piecewise_0060,3,previous_period,27.752505066094212,-2.4188506535268273,66.81064335588914,68.42669303932854
piecewise_0060,4,previous_period,27.781677521511895,-2.6679103893950007,66.81064335588914,68.59309145120255
piecewise_0060,5,previous_period,27.77587490313445,-2.609257911633467,66.81064335588914,68.5539053534659
piecewise_0060,6,previous_period,27.77713310767299,-2.6222327180812854,66.81064335588914,68.56257390512786
piecewise_0061,1,default,39.397022183723465,3.3558848154748744,108.03425558270187,104.40875040409067
piecewise_0061,2,previous_period,39.10584429537882,5.958239052343195,108.03425558270187,101.59731637666508
piecewise_0061,3,previous_period,39.04019331103518,5.2651628873398355,108.03425558270187,102.3460760521476
piecewise_0061,4,previous_period,39.042756378066585,5.5597422782895585,108.03425558270187,102.027829400035
piecewise_0061,5,previous_period,39.0375925051589,5.43090779660872,108.03425558270187,102.16701477325273
piecewise_0061,6,previous_period,39.03898354387578,5.499377910961966,108.03425558270187,102.09304359491458
piecewise_0062,1,default,38.06734690780819,-3.5431666341487977,95.56511025625589,98.95114135674305
piecewise_0062,2,previous_period,22.519157519120753,63.310274669159185,95.56511025625589,35.06257646513547
piecewise_0062,3,previous_period,22.2669075599379,66.07634765490296,95.56511025625589,32.41917576654093
piecewise_0062,4,previous_period,22.26234312443919,66.1391885477437,95.56511025625589,32.35912179801166
piecewise_0062,5,previous_period,22.262838906723157,66.1311631403851,95.56511025625589,32.36679128740242
piecewise_0062,6,previous_period,22.262703291479976,66.13339856113566,95.56511025625589,32.36465500509745
piecewise_0063,1,default,68.33945868188269,6.678944979598922,210.55528810797944,196.4924162636115
piecewise_0063,2,previous_period,38.70869915944925,48.29591034971059,210.55528810797944,108.86569492677484
piecewise_0063,3,previous_period,38.567209979111645,48.50744393534837,210.55528810797944,108.42029977609008
piecewise_0063,4,previous_period,38.56722902774228,48.50722279041051,210.55528810797944,108.42076540845113
piecewise_0063,5,previous_period,38.567231618138,48.50722378377736,210.55528810797944,108.4207633168647
piecewise_0063,6,previous_period,38.56723168451946,48.50722345265507,210.55528810797944,108.42076401406018
piecewise_0064,1,default,51.56236557211734,-13.538488695688034,128.94185621047842,146.39863483754436
piecewise_0064,2,previous_period,18.723800446212216,58.63756087580849,128.94185621047842,53.33349678066168
piecewise_0064,3,previous_period,16.959304995454602,62.68245527899463,128.94185621047842,48.117934855439714
piecewise_0064,4,previous_period,17.050066216141108,62.500055748988004,128.94185621047842,48.35312419514945
piecewise_0064,5,previous_period,17.03496127735377,62.52827344975256,128.94185621047842,48.31673976800373
piecewise_0064,6,previous_period,17.03779553373981,62.52303363526306,128.94185621047842,48.32349608206846
piecewise_0065,1,default,79.69577231260224,-4.882805182781769,215.93025233752348,226.47370588985385
piecewise_0065,2,previous_period,44.16416161842203,44.2531170481426,215.93025233752348,120.37438502824955
piecewise_0065,3,previous_period,42.87004830035321,46.23211086246394,215.93025233752348,116.10113869124149
piecewise_0065,4,previous_period,42.813289715387384,46.316303356357444,215.93025233752348,115.919341626728
piecewise_0065,5,previous_period,42.810732838764665,46.31988399674406,215.93025233752348,115.91160994090588
piecewise_0065,6,previous_period,42.81061455464239,46.32003669932215,215.93025233752348,115.91128020984367
piecewise_0066,1,default,54.8866268846545,1.255141151404937,159.63610333812835,157.6324449126322
piecewise_0066,2,previous_period,35.70183002343714,39.35947312211848,159.63610333812835,96.80417415156043
piecewise_0066,3,previous_period,35.52536728812478,39.637702503736804,159.63610333812835,96.36001960840318
piecewise_0066,4,previous_period,35.527713657935834,39.63507975915375,159.63610333812835,96.36420645565607
piecewise_0066,5,previous_period,35.527670077228244,39.635064260768814,159.63610333812835,96.36423119667387
piecewise_0066,6,previous_period,35.52767214218443,39.635065228680155,159.63610333812835,96.36422965153793
piecewise_0067,1,default,78.12006504643097,5.719048295588425,228.28011573770124,215.22466566943694
piecewise_0067,2,previous_period,51.117930612194485,39.283874704521594,228.28011573770124,138.6028410959658
piecewise_0067,3,previous_period,50.79718002141383,39.822145126971684,228.28011573770124,137.3740767526149
piecewise_0067,4,previous_period,50.78872309356904,39.837991327483216,228.28011573770124,137.3379030277472
piecewise_0067,5,previous_period,50.78842486815846,39.83851810173399,228.28011573770124,137.33670050687783
piecewise_0067,6,previous_period,50.788412924702875,39.83853938979437,228.28011573770124,137.33665191046896
piecewise_0068,1,default,80.23238665241303,0.6953946686318879,228.69543130340134,227.10509546671278
piecewise_0068,2,previous_period,50.41086538678828,37.32816798686507,228.69543130340134,143.3276165281821
piecewise_0068,3,previous_period,50.371721184528084,37.43779220379889,228.69543130340134,143.0769109524523
piecewise_0068,4,previous_period,50.37247092520817,37.43343671106435,228.69543130340134,143.08687176534696
piecewise_0068,5,previous_period,50.372406728745865,37.43369366485027,228.69543130340134,143.086284123778
piecewise_0068,6,previous_period,50.372409617554474,37.43368059716913,228.69543130340134,143.08631400896775
piecewise_0069,1,default,49.88999862248548,-3.5580606415531735,133.6223872170061,138.37675278487816
piecewise_0069,2,previous_period,46.83121250048752,5.211782547621569,133.6223872170061,126.65827896031486
piecewise_0069,3,previous_period,46.8116285264921,5.35428094233672,133.6223872170061,126.46786920355056
piecewise_0069,4,previous_period,46.81118930510099,5.351638002816383,133.6223872170061,126.47140076243033
piecewise_0069,5,previous_period,46.81111377982241,5.352319058346177,133.6223872170061,126.47049071977315
piecewise_0069,6,previous_period,46.81111266921312,5.35229041412707,133.6223872170061,126.47052899486252
piecewise_0070,1,default,38.969404806272884,-9.125105263471278,98.60015837614003,107.5975266179122
piecewise_0070,2,previous_period,31.074125212229955,16.195343676633954,98.60015837614003,82.63152386141877
piecewise_0070,3,previous_period,30.689713815131313,18.35249019337062,98.60015837614003,80.50457397951104
piecewise_0070,4,previous_period,30.68516556144823,18.285270897823423,98.60015837614003,80.5708523113799
piecewise_0070,5,previous_period,30.684053641974327,18.307208698568022,98.60015837614003,80.54922160510148
piecewise_0070,6,previous_period,30.684245490778466,18.302943939567086,98.60015837614003,80.55342666423076
piecewise_0071,1,default,30.881177772383626,14.1388806096719,107.25405571450706,92.08953282800192
piecewise_0071,2,previous_period,13.08663914540353,69.4311905101997,107.25405571450706,32.78628796145195
piecewise_0071,3,previous_period,11.635893002030357,73.91866937415863,107.25405571450706,27.9732848805247
piecewise_0071,4,previous_period,11.690009319302979,73.45947694784913,107.25405571450706,28.465787381275494
piecewise_0071,5,previous_period,11.632868353600538,73.71827947376688,107.25405571450706,28.188211175937106
piecewise_0071,6,previous_period,11.655148845763327,73.6113569844027,107.25405571450706,28.3028898822511
piecewise_0072,1,default,57.98851642517567,4.1726424751768025,171.32570168833468,164.17689268879252
piecewise_0072,2,previous_period,44.5276928431871,36.925576030049626,171.32570168833468,108.06269945239265
piecewise_0072,3,previous_period,43.932357182380805,38.69866232325211,171.32570168833468,105.0249469190238
piecewise_0072,4,previous_period,43.94508689952441,38.64498001215211,171.32570168833468,105.11691851519839
piecewise_0072,5,previous_period,43.94280031051676,38.65231660746395,171.32570168833468,105.10434904180035
piecewise_0072,6,previous_period,43.94292628313761,38.65187750652801,171.32570168833468,105.10510133455998
piecewise_0073,1,default,50.18102349844368,-5.665137676277965,139.55163692044246,147.45742928148508
piecewise_0073,2,previous_period,31.910839204868143,40.79246586720549,139.55163692044246,82.62508306254443
piecewise_0073,3,previous_period,29.623371722505176,48.60172079444417,139.55163692044246,71.72713998029255
piecewise_0073,4,previous_period,29.61415233125935,48.606651321743456,139.55163692044246,71.72025934873759
piecewise_0073,5,previous_period,29.617426278490665,48.59925065297466,139.55163692044246,71.73058710314751
piecewise_0073,6,previous_period,29.6167888144692,48.600899092779514,139.55163692044246,71.72828667841618
piecewise_0074,1,default,50.968452941696725,-5.642311962666646,125.31005449137866,132.3804386863698
piecewise_0074,2,previous_period,43.17617570037879,9.79609725199284,125.31005449137866,113.03455968687798
piecewise_0074,3,previous_period,42.946885997486184,10.205120501736499,125.31005449137866,112.5220124297418
piecewise_0074,4,previous_period,42.9086170418323,10.292614810064283,125.31005449137866,112.4123732642994
piecewise_0074,5,previous_period,42.91279062150482,10.280790482399604,125.31005449137866,112.42719033573925
piecewise_0074,6,previous_period,42.91160739388946,10.283954564476494,125.31005449137866,112.42322542276455
piecewise_0075,1,default,65.55065358299237,8.152284477231886,211.55285415262415,194.30646366239876
piecewise_0075,2,previous_period,26.590542130189306,64.2513252236072,211.55285415262415,75.62734181119819
piecewise_0075,3,previous_period,26.305666650659028,64.63253676955073,211.55285415262415,74.82087790539535
piecewise_0075,4,previous_period,26.30653147073137,64.63386041079333,211.55285415262415,74.81807770456786
piecewise_0075,5,previous_period,26.30628219640286,64.63394935660607,211.55285415262415,74.81788953716234
piecewise_0075,6,previous_period,26.306307857328637,64.6339410374203,211.55285415262415,74.81790713663727
piecewise_0076,1,default,43.77917370278432,-17.19414727006996,104.8483215622058,122.87609638180797
piecewise_0076,2,previous_period,28.27607324646509,38.125191911010525,104.8483215622058,64.87469775114141
piecewise_0076,3,previous_period,27.248112024785478,44.371467788789275,104.8483215622058,58.32558233314545
piecewise_0076,4,previous_period,27.254250347447456,44.363068811679526,104.8483215622058,58.33438851967341
piecewise_0076,5,previous_period,27.2502448673908,44.38327169687511,104.8483215622058,58.3132061336387
piecewise_0076,6,previous_period,27.251072431098702,44.37907509503914,104.8483215622058,58.31760620022637
piecewise_0077,1,default,42.634032556107236,1.8454899633378208,115.96924340274015,113.82904265518377
piecewise_0077,2,previous_period,42.73047291098207,2.1728389217164024,115.96924340274015,113.44941854486538
piecewise_0077,3,previous_period,42.77074662766208,1.8778418811049913,115.96924340274015,113.79152438092291
piecewise_0077,4,previous_period,42.73968011022302,2.024238097974429,115.96924340274015,113.62174979584918
piecewise_0077,5,previous_period,42.75270714406257,1.955149881388385,115.96924340274015,113.70187087790447
piecewise_0077,6,previous_period,42.74556789518443,1.9893032243170072,115.96924340274015,113.6622635045134
piecewise_0078,1,default,68.47726129083318,-5.272603557140587,181.70879692230113,191.28958141246375
piecewise_0078,2,previous_period,54.13544279497568,18.498807420024043,181.70879692230113,148.09483651440206
piecewise_0078,3,previous_period,54.1760689778302,18.44279808882119,181.70879692230113,148.196610396295
piecewise_0078,4,previous_period,54.153487785232734,18.473951860952155,181.70879692230113,148.1400012517599
piecewise_0078,5,previous_period,54.158907414598275,18.46633298224264,181.70879692230113,148.15384542460194
piecewise_0078,6,previous_period,54.1575510215064,18.468228599691784,181.70879692230113,148.15040092094085
piecewise_0079,1,default,53.443909967809155,3.2349609592123074,146.2738329289703,141.5419315401747
piecewise_0079,2,previous_period,47.70431807872825,13.65063088464934,146.2738329289703,126.30653191500791
piecewise_0079,3,previous_period,47.509005894572866,13.935462127437537,146.2738329289703,125.8898983388024
piecewise_0079,4,previous_period,47.469665317867246,14.029761702030285,146.2738329289703,125.75196273660987
piecewise_0079,5,previous_period,47.47046270269469,14.025589993071518,146.2738329289703,125.75806485520249
piecewise_0079,6,previous_period,47.46942093620175,14.028444199569023,146.2738329289703,125.75388989795889
piecewise_0080,1,default,35.99235326065896,-5.429332887792304,91.11550046544522,96.06246429809218
piecewise_0080,2,previous_period,29.343646167337344,29.149023011927945,91.11550046544522,64.55622226733928
piecewise_0080,3,previous_period,29.06592434257959,30.31152692489695,91.11550046544522,63.49700100910719
piecewise_0080,4,previous_period,29.043678539770447,30.65148023072887,91.11550046544522,63.18725085314961
piecewise_0080,5,previous_period,29.040488815380737,30.630926317371998,91.11550046544522,63.20597865416996
piecewise_0080,6,previous_period,29.04043254708336,30.64188730153685,91.11550046544522,63.195991498592214
piecewise_0081,1,default,68.10517918087977,2.716436932348809,195.18946543348292,189.88726670639358
piecewise_0081,2,previous_period,57.93838919266578,20.018456213087678,195.18946543348292,156.11554776312124
piecewise_0081,3,previous_period,57.65805040215073,20.624085364260523,195.18946543348292,154.9334234604376
piecewise_0081,4,previous_period,57.653413926705845,20.638166501501466,195.18946543348292,154.90593856393008
piecewise_0081,5,previous_period,57.65320425035121,20.638407768250676,195.18946543348292,154.90546763665202
piecewise_0081,6,previous_period,57.653211559624935,20.63841207382726,195.18946543348292,154.9054592326201
piecewise_0082,1,default,62.71630546155518,6.094765911561706,172.67582683647123,162.15163940493466
piecewise_0082,2,previous_period,48.68220087486839,28.758420333334755,172.67582683647123,123.01698674077757
piecewise_0082,3,previous_period,48.17250255775802,29.43917274763367,172.67582683647123,121.84149188067768
piecewise_0082,4,previous_period,48.13694202733246,29.51013387160203,172.67582683647123,121.71895917313287
piecewise_0082,5,previous_period,48.13547532365208,29.50994386444964,172.67582683647123,121.71928726955431
piecewise_0082,6,previous_period,48.1352369841325,29.510671352206476,172.67582683647123,121.71803107405506
piecewise_0083,1,default,53.24082255794426,-7.509274329444526,128.60802637240826,138.26555588239677
piecewise_0083,2,previous_period,37.29427921469305,28.204492038752747,128.60802637240826,92.33478581300534
piecewise_0083,3,previous_period,37.285185797703605,28.60559528282036,128.60802637240826,91.81893484709428
piecewise_0083,4,previous_period,37.26206780652201,28.567189934011562,128.60802637240826,91.86832720821872
piecewise_0083,5,previous_period,37.26813770729305,28.577196296108887,128.60802637240826,91.85545822341366
piecewise_0083,6,previous_period,37.266487357565445,28.574467906294863,128.60802637240826,91.85896715170523
piecewise_0084,1,default,45.929737736050676,9.798708067840533,136.90898436558535,123.49367266895621
piecewise_0084,2,previous_period,23.17941822568634,55.56608342222439,136.90898436558535,60.83402390048405
piecewise_0084,3,previous_period,22.903737758875174,56.11871698339953,136.90898436558535,60.0774189046158
piecewise_0084,4,previous_period,22.907449429574847,56.10944856550661,136.90898436558535,60.090108201419746
piecewise_0084,5,previous_period,22.907289949884305,56.10998888303547,136.90898436558535,60.08936845817865
piecewise_0084,6,previous_period,22.907302669961794,56.10993917018931,136.90898436558535,60.089436519531425
piecewise_0085,1,default,64.89402615886301,-5.312545384828948,164.24940452115652,172.97522868065425
piecewise_0085,2,previous_period,50.15785810833725,16.44548705511777,164.24940452115652,137.2377899625217
piecewise_0085,3,previous_period,49.392925275966846,17.782536499466794,164.24940452115652,135.041694212025
piecewise_0085,4,previous_period,49.36491693922094,17.836654758452553,164.24940452115652,134.95280529390368
piecewise_0085,5,previous_period,49.36351390447435,17.839188992452705,164.24940452115652,134.94864282964926
piecewise_0085,6,previous_period,49.3635259116246,17.839191430308276,164.24940452115652,134.948638825486
piecewise_0086,1,default,32.691440393292645,-8.294153995919306,75.33590041457971,81.58437600917736
piecewise_0086,2,previous_period,20.08448158871786,57.49555049362718,75.33590041457971,32.02110975188635
piecewise_0086,3,previous_period,19.08655731679205,59.85128095961614,75.33590041457971,30.246398993992987
piecewise_0086,4,previous_period,19.158611950348778,59.94467834156203,75.33590041457971,30.176037235340402
piecewise_0086,5,previous_period,19.145357013673834,59.866917999308946,75.33590041457971,30.23461868934223
piecewise_0086,6,previous_period,19.147122658583275,59.91300106647881,75.33590041457971,30.19990159575115
piecewise_0087,1,default,52.012921129095545,-0.7637377710436155,141.908701545654,142.9925118997557
piecewise_0087,2,previous_period,46.68182183833975,20.150694857256525,141.908701545654,113.31311212129438
piecewise_0087,3,previous_period,46.76654615132828,19.680621808689878,141.908701545654,113.98018668083138
piecewise_0087,4,previous_period,46.74794833010705,19.787062581402893,141.908701545654,113.82913796235918
piecewise_0087,5,previous_period,46.75155780500915,19.76362454399063,141.908701545654,113.86239857691871
piecewise_0087,6,previous_period,46.75078475201098,19.768934937521465,141.908701545654,113.85486266641215
piecewise_0088,1,default,41.71688300051162,0.6978538044387639,109.30677237169076,108.54397090218569
piecewise_0088,2,previous_period,41.80867406618867,2.551137043083329,109.30677237169076,106.51820681111778
piecewise_0088,3,previous_period,41.68938994593098,1.8927685176182707,109.30677237169076,107.23784819661472
piecewise_0088,4,previous_period,41.696232378136415,2.2929649022637055,109.30677237169076,106.8004064454106
piecewise_0088,5,previous_period,41.688370026429155,2.137170374665631,109.30677237169076,106.97070041505978
piecewise_0088,6,previous_period,41.690256257761284,2.2065140894085733,109.30677237169076,106.89490303863164
piecewise_0089,1,default,17.232063366116822,10.0832257490434,42.40068136959677,38.12532494796774
piecewise_0089,2,previous_period,12.059300751941182,49.78977976360211,42.40068136959677,21.289475497407864
piecewise_0089,3,previous_period,11.778160023014033,49.51831908233786,42.40068136959677,21.40457667591446
piecewise_0089,4,previous_period,11.76555120677125,50.248297399928575,42.40068136959677,21.095060895405673
piecewise_0089,5,previous_period,11.764042567531279,50.06275762502923,42.40068136959677,21.17373102417461
piecewise_0089,6,previous_period,11.764199333485047,50.121522997418055,42.40068136959677,21.14881410587237
piecewise_0090,1,default,47.304932459627196,-11.152044807595352,115.04122193362355,127.87067055086645
piecewise_0090,2,previous_period,30.308115975126334,27.51853632614717,115.04122193362355,83.38356148577577
piecewise_0090,3,previous_period,28.655951697431263,31.18975400333791,115.04122193362355,79.16014781009234
piecewise_0090,4,previous_period,28.690079563813786,31.105699106292562,115.04122193362355,79.25684559074837
piecewise_0090,5,previous_period,28.685575898322547,31.116689267679277,115.04122193362355,79.24420237479661
piecewise_0090,6,previous_period,28.68612950181925,31.11533715216429,115.04122193362355,79.24575786500701
piecewise_0091,1,default,39.462141152273425,-20.741414223044764,83.8285897268954,101.21582475948753
piecewise_0091,2,previous_period,27.628270880320677,40.04904258719135,83.8285897268954,50.256042126929145
piecewise_0091,3,previous_period,27.394974805532748,42.76066455461487,83.8285897268954,47.98292767291332
piecewise_0091,4,previous_period,27.375177016813346,43.025523741629854,83.8285897268954,47.760899951676535
piecewise_0091,5,previous_period,27.371781649595984,43.06257210298654,83.8285897268954,47.7298428328343
piecewise_0091,6,previous_period,27.371885546884958,43.063076040759185,83.8285897268954,47.72942038890639
piecewise_0092,1,default,38.94068229379618,12.953468428525806,118.41483634560687,103.07600790488819
piecewise_0092,2,previous_period,26.27554396435824,44.2185058824972,118.41483634560687,66.05356497037528
piecewise_0092,3,previous_period,26.16992011480663,44.53125247940899,118.41483634560687,65.68322659946571
piecewise_0092,4,previous_period,26.194796530251825,44.45572448182964,118.41483634560687,65.77266295419442
piecewise_0092,5,previous_period,26.18817286967013,44.475886641122955,118.41483634560687,65.74878796626349
piecewise_0092,6,previous_period,26.189880823755257,44.4706899648659,118.41483634560687,65.7549416019487
piecewise_0093,1,default,59.8775002962156,9.014812747897661,185.91697138910854,169.15690455181795
piecewise_0093,2,previous_period,36.57875889409109,45.666313297889836,185.91697138910854,101.01554476061003
piecewise_0093,3,previous_period,36.43847216799151,45.88779188939358,185.91697138910854,100.603778471011
piecewise_0093,4,previous_period,36.431089130662016,45.89849402804036,185.91697138910854,100.58388137896506
piecewise_0093,5,previous_period,36.43110584752507,45.89847154809037,185.91697138910854,100.58392317300724
piecewise_0093,6,previous_period,36.43110366526736,45.898474730553986,185.91697138910854,100.58391725626728
piecewise_0094,1,default,20.36252656527334,-3.213056224634747,44.844145352658465,46.28501295629631
piecewise_0094,2,previous_period,16.30067162209428,8.840148414700199,44.844145352658465,40.87985634817957
piecewise_0094,3,previous_period,16.32335072595434,9.599170903413823,44.844145352658465,40.53947920008147
piecewise_0094,4,previous_period,16.27049953815934,9.374109190023693,44.844145352658465,40.64040620196732
piecewise_0094,5,previous_period,16.30218081381238,9.501702868071138,44.844145352658465,40.58318790752293
piecewise_0094,6,previous_period,16.276455151065562,9.476086389485971,44.844145352658465,40.59467539841389
piecewise_0095,1,default,51.58871123485898,-13.361601181079141,126.87938719066344,143.8325048880771
piecewise_0095,2,previous_period,32.264269450181914,42.199416256441594,126.87938719066344,73.33702644645314
piecewise_0095,3,previous_period,30.525567725283167,48.0173265359043,126.87938719066344,65.95529753656824
piecewise_0095,4,previous_period,30.493093555406244,47.9183871240018,126.87938719066344,66.08083125608019
piecewise_0095,5,previous_period,30.48873158326881,47.95074419209163,126.87938719066344,66.03977680637493
piecewise_0095,6,previous_period,30.489059510573664,47.947078847278604,126.87938719066344,66.04442737341213
piecewise_0096,1,default,63.22021792616034,-8.873150053517275,180.16800877383255,196.1545865407689
piecewise_0096,2,previous_period,23.236727345468587,64.68879949525493,180.16800877383255,63.61948682353473
piecewise_0096,3,previous_period,21.088401591042622,69.23425181033441,180.16800877383255,55.43003589769192
piecewise_0096,4,previous_period,21.01831667185566,69.40656730982265,180.16800877383255,55.11957849345528
piecewise_0096,5,previous_period,21.02360383347218,69.39082313673191,180.16800877383255,55.14794445661079
piecewise_0096,6,previous_period,21.02209158068852,69.39513738267918,180.16800877383255,55.14017156559397
piecewise_0097,1,default,38.457022069086996,2.0380311749661817,98.73562710461543,96.72336424342501
piecewise_0097,2,previous_period,31.425853168786308,18.282530385767835,98.73562710461543,80.6842560776357
piecewise_0097,3,previous_period,31.2446672748269,18.671549532010946,98.73562710461543,80.30015558403554
piecewise_0097,4,previous_period,31.24434869517566,18.704031023505262,98.73562710461543,80.26808477971569
piecewise_0097,5,previous_period,31.238671300920185,18.710666255227494,98.73562710461543,80.2615334420649
piecewise_0097,6,previous_period,31.240038900077494,18.71560853866745,98.73562710461543,80.25665364751717
piecewise_0098,1,default,40.11172384417868,5.804100710408888,123.57472489407886,116.4023234086158
piecewise_0098,2,previous_period,28.123270523264793,38.40224875435104,123.57472489407886,76.11925164274973
piecewise_0098,3,previous_period,27.48534403634654,41.39054561891003,123.57472489407886,72.42647201335257
piecewise_0098,4,previous_period,27.459110831403777,41.53384454457779,123.57472489407886,72.24939076018246
piecewise_0098,5,previous_period,27.458099581527687,41.540588711941126,123.57472489407886,72.24105667391683
piecewise_0098,6,previous_period,27.458051360526284,41.54101709941243,123.57472489407886,72.2405272952777
piecewise_0099,1,default,48.279805995816396,6.3461231920979415,128.65424919157275,120.48969204600687
piecewise_0099,2,previous_period,26.932704532688785,47.52128288722404,128.65424919157275,67.51609948681131
piecewise_0099,3,previous_period,26.688230789091662,48.005010786811134,128.65424919157275,66.89376298946738
piecewise_0099,4,previous_period,26.68233858697567,48.01457814784557,128.65424919157275,66.88145417296107
piecewise_0099,5,previous_period,26.682452565385955,48.014444221839426,128.65424919157275,66.88162647445876
piecewise_0099,6,previous_period,26.682444389013277,48.01445324397632,128.65424919157275,66.88161486709627
piecewise_0100,1,default,44.997229101819954,0.4030243732397909,109.21023300838573,108.77008915128997
piecewise_0100,2,previous_period,34.1218814217069,26.56732715686505,109.21023300838573,80.19599311627327
piecewise_0100,3,previous_period,33.86976785301254,27.27784352584095,109.21023300838573,79.42003653415196
piecewise_0100,4,previous_period,33.86327385376646,27.294140746063633,109.21023300838573,79.40223830197289
piecewise_0100,5,previous_period,33.86308967647617,27.29527672277805,109.21023300838573,79.40099769915615
piecewise_0100,6,previous_period,33.863090693605244,27.295084979205086,109.21023300838573,79.40120710275896
piecewise_0101,1,default,57.23020521550739,-11.487871368358093,149.0631462765654,166.18732877844468
piecewise_0101,2,previous_period,39.32946413844481,31.751114215438957,149.0631462765654,101.73393644916626
piecewise_0101,3,previous_period,38.47507836884758,34.46770347165571,149.0631462765654,97.68450303243844
piecewise_0101,4,previous_period,38.386395646174854,34.79633409014288,149.0631462765654,97.19463589289333
piecewise_0101,5,previous_period,38.372429730727596,34.850154272452095,149.0631462765654,97.11440983581141
piecewise_0101,6,previous_period,38.37003698698898,34.85943612761556,149.0631462765654,97.10057401047193
piecewise_0102,1,default,49.47628469687858,2.0196596899292207,134.34503318772607,131.63172070701154
piecewise_0102,2,previous_period,47.22476042121733,5.492357035270457,134.34503318772607,126.96632430590357
piecewise_0102,3,previous_period,47.28232500329775,5.328359598551802,134.34503318772607,127.18664671669026
piecewise_0102,4,previous_period,47.2667551847272,5.392469099130204,134.34503318772607,127.10051878686173
piecewise_0102,5,previous_period,47.27137124649464,5.364261419039861,134.34503318772607,127.13841440404059
piecewise_0102,6,previous_period,47.26863549016696,5.37817224495446,134.34503318772607,127.11972590034893
piecewise_0103,1,default,68.46971807596418,-9.00272493242329,180.42494189309343,196.6681031212132
piecewise_0103,2,previous_period,29.925884693608953,58.10574218498053,180.42494189309343,75.58769031929165
piecewise_0103,3,previous_period,28.52652905049621,60.85480397723651,180.42494189309343,70.62769717800856
piecewise_0103,4,previous_period,28.50731214439493,60.866472298379605,180.42494189309343,70.60664461636622
piecewise_0103,5,previous_period,28.51062569374566,60.86641481078501,180.42494189309343,70.60674833832536
piecewise_0103,6,previous_period,28.509775713430283,60.86644980516371,180.42494189309343,70.60668519973791
piecewise_0104,1,default,79.05714126501638,-8.765125832081067,198.74867810132295,216.16924982650164
piecewise_0104,2,previous_period,47.215478519691395,33.86038524500828,198.74867810132295,131.4516100268536
piecewise_0104,3,previous_period,46.9348973789289,34.23678897262765,198.74867810132295,130.703512593886
piecewise_0104,4,previous_period,46.933812899263756,34.23791213439369,198.74867810132295,130.70128032472306
piecewise_0104,5,previous_period,46.93373593598034,34.2379953480653,198.74867810132295,130.70111493865073
piecewise_0104,6,previous_period,46.93373114905187,34.23800091334105,198.74867810132295,130.70110387773875
piecewise_0105,1,default,58.55953559839673,-6.1990092637150385,154.26494377315925,163.8278419283222
piecewise_0105,2,previous_period,31.572497383412767,52.359107212876786,154.26494377315925,73.4931964710867
piecewise_0105,3,previous_period,30.2397310592658,55.87498353678318,154.26494377315925,68.06943183687868
piecewise_0105,4,previous_period,30.198808305313662,55.9994720679035,154.26494377315925,67.8773896743419
piecewise_0105,5,previous_period,30.199014472899858,55.99475814065098,154.26494377315925,67.8846616115675
piecewise_0105,6,previous_period,30.198666200351862,55.996894206118554,154.26494377315925,67.88136641137498
piecewise_0106,1,default,93.80989241185323,-3.0155707006173538,268.91918420900845,277.0286323363545
piecewise_0106,2,previous_period,53.67867164085018,41.28451117918727,268.91918420900845,157.89721354126115
piecewise_0106,3,previous_period,53.00317641438545,42.01199133040375,268.91918420900845,155.94087985332732
piecewise_0106,4,previous_period,52.99547053735859,42.02505529623901,268.91918420900845,155.9057483429778
piecewise_0106,5,previous_period,52.995339137212916,42.0250232007544,268.91918420900845,155.9058346538932
piecewise_0106,6,previous_period,52.99533699600657,42.02503365867618,268.91918420900845,155.90580653053524
piecewise_0107,1,default,82.35029037813261,-7.583068917779956,222.4460343407553,239.31427042968323
piecewise_0107,2,previous_period,41.292240052244445,47.495739526901005,222.4460343407553,116.79364528234939
piecewise_0107,3,previous_period,40.087159350786834,49.49884223347198,222.4460343407553,112.33782274780992
piecewise_0107,4,previous_period,40.08413833612325,49.4983607151708,222.4460343407553,112.33889386617554
piecewise_0107,5,previous_period,40.08442051634303,49.498095161775126,222.4460343407553,112.33948457917326
piecewise_0107,6,previous_period,40.084410849215445,49.49810424255091,222.4460343407553,112.33946437934763
piecewise_0108,1,default,54.84325302357612,-6.394285540658329,146.4985599291939,155.86609616401904
piecewise_0108,2,previous_period,38.79536164972154,25.913263138386856,146.4985599291939,108.53600260079452
piecewise_0108,3,previous_period,38.20248442285895,27.928451694178314,146.4985599291939,105.58378038670212
piecewise_0108,4,previous_period,38.2517140111891,27.751590094785207,146.4985599291939,105.84288008288075
piecewise_0108,5,previous_period,38.24670122713535,27.769349801498944,146.4985599291939,105.81686236829748
piecewise_0108,6,previous_period,38.24723656835809,27.7674475536655,146.4985599291939,105.81964913397975
piecewise_0109,1,default,56.4609475370602,-0.38397577732607324,158.81539527935726,159.42520792789463
piecewise_0109,2,previous_period,41.996917003010765,32.30853784708422,158.81539527935726,107.50446318852971
piecewise_0109,3,previous_period,41.85930143207141,32.5252083653133,158.81539527935726,107.16035704855038
piecewise_0109,4,previous_period,41.83962068107282,32.58727908729464,158.81539527935726,107.06177918608296
piecewise_0109,5,previous_period,41.845815410393904,32.56656099600562,158.81539527935726,107.09468270465794
piecewise_0109,6,previous_period,41.84354616174329,32.57404803753171,158.81539527935726,107.08279213006357
piecewise_0110,1,default,77.59691491489343,6.520422416238203,245.17702606389403,229.1904482969577
piecewise_0110,2,previous_period,45.65702234923973,49.99633538968277,245.17702606389403,122.59749781453965
piecewise_0110,3,previous_period,45.19853401884575,50.59835730299304,245.17702606389403,121.12147839123257
piecewise_0110,4,previous_period,45.20280021250485,50.59039952701696,245.17702606389403,121.14098902971155
piecewise_0110,5,previous_period,45.20232015742865,50.59116086197214,245.17702606389403,121.13912241131004
piecewise_0110,6,previous_period,45.202349550011554,50.59111460284801,245.17702606389403,121.13923582805486
piecewise_0111,1,default,69.73437773270315,-10.238823735792346,173.52374322299735,191.29053343134896
piecewise_0111,2,previous_period,42.88080589559283,35.70398784789817,173.52374322299735,111.56884702944036
piecewise_0111,3,previous_period,41.969140412361334,37.60979914782,173.52374322299735,108.26181192304912
piecewise_0111,4,previous_period,42.008623402480694,37.481475126128494,173.52374322299735,108.48448456894252
piecewise_0111,5,previous_period,42.00670144840219,37.488198962868566,173.52374322299735,108.47281711574294
piecewise_0111,6,previous_period,42.00680820560969,37.487819643563526,173.52374322299735,108.47347532479982
piecewise_0112,1,default,60.48617573410923,8.948698498556451,199.99603634828512,182.0989940464137
piecewise_0112,2,previous_period,30.582027374357192,57.38051944313079,199.99603634828512,85.23727182596646
piecewise_0112,3,previous_period,30.121400890640505,58.319970937292844,199.99603634828512,83.35840607422762
piecewise_0112,4,previous_period,30.116643059524197,58.32825476353789,199.99603634828512,83.34183875007952
piecewise_0112,5,previous_period,30.117191703450505,58.32731385133374,199.99603634828512,83.34372053719335
piecewise_0112,6,previous_period,30.117113440953045,58.32744986367609,199.99603634828512,83.34344851789973
piecewise_0113,1,default,52.25562960039896,6.388548506115022,147.2108800891928,137.80624160841592
piecewise_0113,2,previous_period,32.665500186669824,44.20940899550298,147.2108800891928,82.12982002468209
piecewise_0113,3,previous_period,32.53234392332208,44.40210471450248,147.2108800891928,81.84615096084875
piecewise_0113,4,previous_period,32.52365207437831,44.423255450479814,147.2108800891928,81.81501477627116
piecewise_0113,5,previous_period,32.52384220482277,44.42269206744476,147.2108800891928,81.81584413739535
piecewise_0113,6,previous_period,32.523824620545106,44.42274111737866,147.2108800891928,81.81577193055597
piecewise_0114,1,default,50.24556404550691,-6.930708558357224,132.8302851882359,142.03636513186729
piecewise_0114,2,previous_period,37.18195928951785,24.5707654937261,132.8302851882359,100.19286730998687
piecewise_0114,3,previous_period,36.83943020775964,25.49884292154916,132.8302851882359,98.96009941584185
piecewise_0114,4,previous_period,36.832896157980954,25.51200935911272,132.8302851882359,98.94261039927704
piecewise_0114,5,previous_period,36.83298065865459,25.511976008151194,132.8302851882359,98.94265469945435
piecewise_0114,6,previous_period,36.832975754652495,25.51198169668185,132.8302851882359,98.94264714336286
piecewise_0115,1,default,71.67413919385191,6.937376532854045,234.13982434419307,217.89666311607334
piecewise_0115,2,previous_period,31.09276376006528,61.437018354249886,234.13982434419307,90.29129748724274
piecewise_0115,3,previous_period,30.154472219433107,62.80519093160789,234.13982434419307,87.08786061789128
piecewise_0115,4,previous_period,30.151276320641955,62.800285085100235,234.13982434419307,87.09934715828689
piecewise_0115,5,previous_period,30.150972597332267,62.801579091970396,234.13982434419307,87.0963173728741
piecewise_0115,6,previous_period,30.150994459981643,62.80146521550287,234.13982434419307,87.09658400303513
piecewise_0116,1,default,22.78452774453126,2.9260686452227014,59.659824728511865,57.91413730333606
piecewise_0116,2,previous_period,21.096286136311605,9.58241920694295,59.659824728511865,53.942970224898446
piecewise_0116,3,previous_period,21.037452133094796,9.134995434978876,59.659824728511865,54.20990246304591
piecewise_0116,4,previous_period,21.00502778167186,9.440053793636526,59.659824728511865,54.02790518095108
piecewise_0116,5,previous_period,21.01917484898874,9.29867732056675,59.659824728511865,54.11225013699186
piecewise_0116,6,previous_period,21.00631251014874,9.366300445697773,59.659824728511865,54.071906299062746
piecewise_0117,1,default,38.65280810522506,-12.554549217164258,96.41427974501326,108.51865794797538
piecewise_0117,2,previous_period,29.613770703381615,21.059181615901156,96.41427974501326,76.11022146984791
piecewise_0117,3,previous_period,29.031808717219743,24.40190343799419,96.41427974501326,72.88736030119753
piecewise_0117,4,previous_period,28.998020165079318,24.57812437438356,96.41427974501326,72.7174581546178
piecewise_0117,5,previous_period,28.996553309328046,24.584696639826088,96.41427974501326,72.71112155222846
piecewise_0117,6,previous_period,28.996504646684034,24.584962681313105,96.41427974501326,72.71086505024493
piecewise_0118,1,default,32.40080924095082,-15.035596449160682,81.64806970705855,93.92434397674128
piecewise_0118,2,previous_period,16.180048875265438,50.85859371736943,81.64806970705855,40.12300965667106
piecewise_0118,3,previous_period,14.775245301531585,55.50246349849424,81.64806970705855,36.331379620673246
piecewise_0118,4,previous_period,14.669280133395878,55.82190660584314,81.64806970705855,36.070560489710616
piecewise_0118,5,previous_period,14.65956672195791,55.852357659139315,81.64806970705855,36.04569779248883
piecewise_0118,6,previous_period,14.658995255329097,55.853921894396116,81.64806970705855,36.04442062459597
piecewise_0119,1,default,64.80837250156411,-8.905084654018157,160.53993139113163,174.83614818501457
piecewise_0119,2,previous_period,42.752565454394684,29.805999595232823,160.53993139113163,112.68940009050388
piecewise_0119,3,previous_period,42.382968933391616,30.468815027851626,160.53993139113163,111.62531664972784
piecewise_0119,4,previous_period,42.35621952662421,30.51369638212843,160.53993139113163,111.55326415436443
piecewise_0119,5,previous_period,42.35436029269937,30.516830815855876,160.53993139113163,111.54823213660889
piecewise_0119,6,previous_period,42.35423363070116,30.5170428157285,160.53993139113163,111.54789179215882
piecewise_0120,1,default,87.8895447272403,5.618243353469987,289.1145898492906,272.8714286211708
piecewise_0120,2,previous_period,45.64548151085095,52.9126353415039,289.1145898492906,136.13644120325083
piecewise_0120,3,previous_period,45.40868810748631,53.18080701191246,289.1145898492906,135.36111777825712
piecewise_0120,4,previous_period,45.40677041977058,53.18304090726345,289.1145898492906,135.35465926087545
piecewise_0120,5,previous_period,45.40676380254429,53.183048493664664,289.1145898492906,135.3546373274827
piecewise_0120,6,previous_period,45.40676361253591,53.18304885864617,289.1145898492906,135.35463627226792
piecewise_0121,1,default,54.05255303484239,8.139105236081523,159.64870879237753,146.65473237572058
piecewise_0121,2,previous_period,30.069303474803256,45.696129709401276,159.64870879237753,86.69542774322838
piecewise_0121,3,previous_period,29.85874219974811,46.14890690460638,159.64870879237753,85.97257479737709
piecewise_0121,4,previous_period,29.855452877884034,46.14903579188773,159.64870879237753,85.97236903049662
piecewise_0121,5,previous_period,29.855404772980116,46.1497860291726,159.64870879237753,85.97117128635844
piecewise_0121,6,previous_period,29.855403973305172,46.14971658111734,159.64870879237753,85.97128215928194
piecewise_0122,1,default,101.41620079439951,-4.179396528673895,282.2909732521458,294.08903238900575
piecewise_0122,2,previous_period,60.008132455676495,37.81271260095676,282.2909732521458,175.5490988378682
piecewise_0122,3,previous_period,59.77224789519514,38.05061134221931,282.2909732521458,174.87753216580353
piecewise_0122,4,previous_period,59.776075929319106,38.04850526575688,282.2909732521458,174.88347742954676
piecewise_0122,5,previous_period,59.77506546202257,38.04917738025433,282.2909732521458,174.88158011099054
piecewise_0122,6,previous_period,59.77526641707336,38.04904509871739,282.2909732521458,174.8819535298286
piecewise_0123,1,default,61.49960692192908,-2.7619203515761193,173.53979870721116,178.33282972578985
piecewise_0123,2,previous_period,45.029835869255876,26.450038389942232,173.53979870721116,127.63845532732535
piecewise_0123,3,previous_period,45.07794594186141,26.39818388799299,173.53979870721116,127.72844352562869
piecewise_0123,4,previous_period,45.07501995075428,26.4027020944661,173.53979870721116,127.72060263921006
piecewise_0123,5,previous_period,45.07509912424067,26.402590864113108,173.53979870721116,127.72079566814075
piecewise_0123,6,previous_period,45.07509597071496,26.402595201923152,173.53979870721116,127.72078814031393
piecewise_0124,1,default,23.794531301243826,-23.283284392352186,54.55209026935043,67.25360858873597
piecewise_0124,2,previous_period,7.735538236512771,62.94498396584132,54.55209026935043,20.21428579627652
piecewise_0124,3,previous_period,6.427673081985989,72.14122963966119,54.55209026935043,15.197541554903067
piecewise_0124,4,previous_period,6.50891425690335,71.75956135787622,54.55209026935043,15.40574958051188
piecewise_0124,5,previous_period,6.5093997639006655,71.62866723673842,54.55209026935043,15.477155059632247
piecewise_0124,6,previous_period,6.502878580993735,71.73419893627963,54.55209026935043,15.419585311635753
piecewise_0125,1,default,44.56631062631858,8.561836466045957,98.23344130052172,89.8228547014018
piecewise_0125,2,previous_period,32.37658634899072,21.338471166455708,98.23344130052172,77.2719267527927
piecewise_0125,3,previous_period,32.129472825381704,21.373915172224844,98.23344130052172,77.23710888619092
piecewise_0125,4,previous_period,32.12375017922264,21.38344204739545,98.23344130052172,77.22775030886243
piecewise_0125,5,previous_period,32.12429030353608,21.382377078147385,98.23344130052172,77.2287964648036
piecewise_0125,6,previous_period,32.124225148345374,21.382506139317027,98.23344130052172,77.22866968357528
piecewise_0126,1,default,45.49297761643133,8.110263797436112,139.7844770823137,128.44758724307144
piecewise_0126,2,previous_period,26.012473919210656,50.1736374923201,139.7844770823137,69.64952028049836
piecewise_0126,3,previous_period,25.88681132330506,50.53190684265188,139.7844770823137,69.14871534259089
piecewise_0126,4,previous_period,25.875983136315647,50.54810118968538,139.7844770823137,69.1260781592732
piecewise_0126,5,previous_period,25.878413689377517,50.545123888605836,139.7844770823137,69.13023996401841
piecewise_0126,6,previous_period,25.877660886084577,50.54607485743744,139.7844770823137,69.12891065720994
piecewise_0127,1,default,47.40654132002739,0.20660128822241886,107.91608452712993,107.69312850629768
piecewise_0127,2,previous_period,37.93399253823335,22.870990339941223,107.91608452712993,83.23460725968724
piecewise_0127,3,previous_period,37.61288830960533,23.17761496589663,107.91608452712993,82.9037099691602
piecewise_0127,4,previous_period,37.61178164026037,23.22127728515757,107.91608452712993,82.85659130380006
piecewise_0127,5,previous_period,37.61119648792982,23.21820308396688,107.91608452712993,82.85990886135554
piecewise_0127,6,previous_period,37.61124561439749,23.21856339839402,107.91608452712993,82.85952002413379
piecewise_0128,1,default,73.92162666053959,-7.009908211311311,201.1035280662686,215.2007007934227
piecewise_0128,2,previous_period,59.04550571146931,20.22791362670181,201.1035280662686,160.42448010877376
piecewise_0128,3,previous_period,58.701341189880175,21.09110967626163,201.1035280662686,158.6885623989803
piecewise_0128,4,previous_period,58.67512919693752,21.171905062900564,201.1035280662686,158.52608002593462
piecewise_0128,5,previous_period,58.671766655099994,21.18238527109897,201.1035280662686,158.50500395749896
piecewise_0128,6,previous_period,58.67130435014309,21.183828969902386,201.1035280662686,158.50210062827063
piecewise_0129,1,default,62.638201285639525,-6.973950297454179,153.43762427418,164.1382879286558
piecewise_0129,2,previous_period,45.43095591621695,24.626546001959483,153.43762427418,115.65123714798531
piecewise_0129,3,previous_period,45.40160758938492,24.62901498049723,153.43762427418,115.64744880597314
piecewise_0129,4,previous_period,45.398788614186984,24.636634146904345,153.43762427418,115.63575813804857
piecewise_0129,5,previous_period,45.39888665187926,24.636347197490515,153.43762427418,115.63619842641202
piecewise_0129,6,previous_period,45.39888281791111,24.63635982198753,153.43762427418,115.63617905568373
piecewise_0130,1,default,69.71563104104844,-2.6772326417802805,194.33440890550332,199.53719313493224
piecewise_0130,2,previous_period,33.83716831881707,53.0539776525081,194.33440890550332,91.23227503364387
piecewise_0130,3,previous_period,32.61734190541943,55.16213441048296,194.33440890550332,87.13540105923201
piecewise_0130,4,previous_period,32.65811049235913,55.13595122115924,194.33440890550332,87.18628400543686
piecewise_0130,5,previous_period,32.654565808745275,55.137423608984214,194.33440890550332,87.18342264926042
piecewise_0130,6,previous_period,32.654904368177654,55.13728234211284,194.33440890550332,87.1836971793999
piecewise_0131,1,default,30.79859756502535,-11.181886733637691,64.81386119000601,72.06127373596964
piecewise_0131,2,previous_period,22.100378094613472,18.931777301899565,64.81386119000601,52.54344532875176
piecewise_0131,3,previous_period,21.995589971383747,19.261492940035573,64.81386119000601,52.329743892728544
piecewise_0131,4,previous_period,21.99175491431351,19.2803913829965,64.81386119000601,52.31749508214078
piecewise_0131,5,previous_period,21.992738520422208,19.275283648957775,64.81386119000601,52.32080560179059
piecewise_0131,6,previous_period,21.992441562070837,19.276819238391273,64.81386119000601,52.31981032698671
piecewise_0132,1,default,33.298055336825705,12.446348984218014,100.93696283290649,88.37399618465251
piecewise_0132,2,previous_period,17.051092152470588,58.67093521338551,100.93696283290649,41.716302762852905
piecewise_0132,3,previous_period,16.79354357433117,59.50810887546029,100.93696283290649,40.871285094717614
piecewise_0132,4,previous_period,16.79620791989383,59.492073035197855,100.93696283290649,40.88747118484324
piecewise_0132,5,previous_period,16.795951265666236,59.49403211415182,100.93696283290649,40.885493750047615
piecewise_0132,6,previous_period,16.795985896771157,59.493752763105846,100.93696283290649,40.885775718509066
piecewise_0133,1,default,42.428032731007576,2.4856819342801373,113.06590417457173,110.25544542067391
piecewise_0133,2,previous_period,37.615347935652785,11.513444983913434,113.06590417457173,100.04812350186813
piecewise_0133,3,previous_period,37.58121419805104,11.667721075799298,113.06590417457173,99.87368984365219
piecewise_0133,4,previous_period,37.586639263206564,11.639777547533448,113.06590417457173,99.90528444654424
piecewise_0133,5,previous_period,37.584735217286315,11.64967591903735,113.06590417457173,99.8940927633048
piecewise_0133,6,previous_period,37.58537481708944,11.646156875811975,113.06590417457173,99.89807160134586
piecewise_0134,1,default,71.00995368203617,3.3836324028025833,209.40307360206498,202.31764335120096
piecewise_0134,2,previous_period,44.78571496839255,39.01509342959626,209.40307360206498,127.7042687917731
piecewise_0134,3,previous_period,44.42876536497534,39.60371802068799,209.40307360206498,126.47167080604942
piecewise_0134,4,previous_period,44.41523052762632,39.627957000326475,209.40307360206498,126.42091363767668
piecewise_0134,5,previous_period,44.41454531851779,39.62919073421002,209.40307360206498,126.41833016100445
piecewise_0134,6,previous_period,44.414510835536696,39.62925282381171,209.40307360206498,126.41820014347013
piecewise_0135,1,default,67.41687259848295,-6.464582457448942,172.45214107995403,183.60045193970385
piecewise_0135,2,previous_period,49.40355109918126,23.193344756736465,172.45214107995403,132.45472145890673
piecewise_0135,3,previous_period,49.343123776758674,23.31298997581508,172.45214107995403,132.24839071690587
piecewise_0135,4,previous_period,49.33536391080814,23.328608297952137,172.45214107995403,132.22145658597975
piecewise_0135,5,previous_period,49.33393548901908,23.331487877882616,172.45214107995403,132.21649068873552
piecewise_0135,6,previous_period,49.333669545060104,23.33202440573364,172.45214107995403,132.21556543496894
piecewise_0136,1,default,36.23806566809802,5.244478046399315,96.23469609734218,91.18768858749797
piecewise_0136,2,previous_period,32.75564989754315,12.209333102900166,96.23469609734218,84.485081490254
piecewise_0136,3,previous_period,32.82294174062363,12.268486121632705,96.23469609734218,84.42815576244435
piecewise_0136,4,previous_period,32.80928820109988,12.289867741915739,96.23469609734218,84.40757922514427
piecewise_0136,5,previous_period,32.811319837564945,12.284260312175721,96.23469609734218,84.41297551811346
piecewise_0136,6,previous_period,32.810971418558324,12.285423367274294,96.23469609734218,84.4118562555739
piecewise_0137,1,default,42.36687767777698,13.449880995721076,105.97731461758573,91.72349191905954
piecewise_0137,2,previous_period,30.50538591978069,35.75171867968404,105.97731461758573,68.0886032312228
piecewise_0137,3,previous_period,30.066216770394398,35.74156857237229,105.97731461758573,68.09936004238261
piecewise_0137,4,previous_period,30.059752902186705,35.772849390208606,105.97731461758573,68.06620947164926
piecewise_0137,5,previous_period,30.058852686793823,35.76933620949644,105.97731461758573,68.06993264622568
piecewise_0137,6,previous_period,30.05892826103634,35.76981970123945,105.97731461758573,68.06942025466005
piecewise_0138,1,default,65.75158643625994,7.783518717380877,208.68660843389733,192.4434472057776
piecewise_0138,2,previous_period,30.266721246294775,62.02465127442171,208.68660843389733,79.2494672963546
piecewise_0138,3,previous_period,28.93821796370499,63.49847439287692,208.68660843389733,76.17379581613571
piecewise_0138,4,previous_period,28.864633659247126,63.64836909291724,208.68660843389733,75.86098565039939
piecewise_0138,5,previous_period,28.86611091237731,63.63786338340305,208.68660843389733,75.88290965927649
piecewise_0138,6,previous_period,28.865540917898116,63.64007529421048,208.68660843389733,75.87829369763087
piecewise_0139,1,default,85.32453243065703,-6.918101479742611,234.79217926598116,251.03534049410092
piecewise_0139,2,previous_period,46.633255123139016,46.759086116342196,234.79217926598116,125.00550196856447
piecewise_0139,3,previous_period,44.95145427432676,48.825021365783286,234.79217926598116,120.15484757417768
piecewise_0139,4,previous_period,44.90257508831135,48.88773393082829,234.79217926598116,120.00760337603491
piecewise_0139,5,previous_period,44.90307160718964,48.8870361543627,234.79217926598116,120.00924170060487
piecewise_0139,6,previous_period,44.90303961339969,48.88707932524622,234.79217926598116,120.00914033874665
piecewise_0140,1,default,82.62720991745506,-1.3026682755578056,244.59316364047686,247.77940118740455
piecewise_0140,2,previous_period,64.54980370422793,21.21937497505415,244.59316364047686,192.69202308425628
piecewise_0140,3,previous_period,64.51033632294603,21.247513571519406,244.59316364047686,192.62319800095787
piecewise_0140,4,previous_period,64.50676054857533,21.249846293369313,244.59316364047686,192.61749232278626
piecewise_0140,5,previous_period,64.50639141548311,21.25008810990815,244.59316364047686,192.6169008560637
piecewise_0140,6,previous_period,64.50635439451632,21.25011162594831,244.59316364047686,192.6168433374371
piecewise_0141,1,default,86.38843484429142,-7.457578999036185,239.98461570684483,257.8816580087162
piecewise_0141,2,previous_period,49.0229355344509,40.33199451252316,239.98461570684483,143.1940336690604
piecewise_0141,3,previous_period,48.84482907648041,40.587369206211164,239.98461570684483,142.5811736918007
piecewise_0141,4,previous_period,48.84361398077215,40.58893694444746,239.98461570684483,142.57741136121902
piecewise_0141,5,previous_period,48.84360185036634,40.588957209952795,239.98461570684483,142.57736272712393
piecewise_0141,6,previous_period,48.84360046909309,40.58895866253648,239.98461570684483,142.57735924114655
piecewise_0142,1,default,37.23532753707443,14.461950638602172,111.26145268634215,95.17087631905164
piecewise_0142,2,previous_period,27.890294515997564,37.95876310509275,111.26145268634215,69.02798143384868
piecewise_0142,3,previous_period,27.391731261661878,39.124270818997175,111.26145268634215,67.73122062018724
piecewise_0142,4,previous_period,27.424021924017712,38.99435561529998,111.26145268634215,67.87576616308117
piecewise_0142,5,previous_period,27.41367910241868,39.033547440210036,111.26145268634215,67.83216076935194
piecewise_0142,6,previous_period,27.416561397630065,39.0225144508989,111.26145268634215,67.84443623353424
piecewise_0143,1,default,62.90340924918806,-2.9144354521013716,161.73220189571435,166.44578252522723
piecewise_0143,2,previous_period,58.23153369803739,4.118297996731202,161.73220189571435,155.07158786497388
piecewise_0143,3,previous_period,58.10719053150892,4.2315351910372385,161.73220189571435,154.8884468572578
piecewise_0143,4,previous_period,58.10572308295753,4.231970678142649,161.73220189571435,154.88774253437325
piecewise_0143,5,previous_period,58.10535168149005,4.232481988757241,161.73220189571435,154.88691558045775
piecewise_0143,6,previous_period,58.10539618514317,4.232416237378322,161.73220189571435,154.88702192161065
piecewise_0144,1,default,71.8295279170712,-8.412299374374111,193.0882450237125,209.33140625183222
piecewise_0144,2,previous_period,38.1634973033622,47.67047566487164,193.0882450237125,101.0421601679559
piecewise_0144,3,previous_period,36.412504975694944,49.85948988289765,193.0882450237125,96.81543103104994
piecewise_0144,4,previous_period,36.39207829823666,49.87345166551632,193.0882450237125,96.78847247001752
piecewise_0144,5,previous_period,36.387246024275136,49.87902071518084,193.0882450237125,96.7777192897558
piecewise_0144,6,previous_period,36.38716316447511,49.87909044434002,193.0882450237125,96.77758465094605
piecewise_0145,1,default,54.91230862456393,6.202233798940049,144.24446896496858,135.2980897577217
piecewise_0145,2,previous_period,30.945043472579545,51.163300925302856,144.24446896496858,70.44423724031662
piecewise_0145,3,previous_period,30.406555530146584,51.14335949042279,144.24446896496858,70.47300165716337
piecewise_0145,4,previous_period,30.40749190531103,51.19120064515532,144.24446896496858,70.40399343757272
piecewise_0145,5,previous_period,30.407045242424495,51.18827402970902,144.24446896496858,70.40821491848187
piecewise_0145,6,previous_period,30.407081948910992,51.18850402257411,144.24446896496858,70.40788316649497
piecewise_0146,1,default,41.102133207622465,9.677289738634665,115.93027260467642,104.71136422993287
piecewise_0146,2,previous_period,28.039371714122034,35.527242375508486,115.93027260467642,74.74344366982531
piecewise_0146,3,previous_period,27.293402880516897,36.663470584384314,115.93027260467642,73.42621120986433
piecewise_0146,4,previous_period,27.278901553570872,36.68802639811032,115.93027260467642,73.39774358807148
piecewise_0146,5,previous_period,27.280371598577734,36.685872861844835,115.93027260467642,73.4002401885347
piecewise_0146,6,previous_period,27.280178894514894,36.68613809200455,115.93027260467642,73.3999327064875
piecewise_0147,1,default,44.02255212926701,-6.342906837943629,104.99801154702307,111.65793760114404
piecewise_0147,2,previous_period,38.74848260180342,3.7224626490268697,104.99801154702307,101.08949978496422
piecewise_0147,3,previous_period,38.660994465344686,4.3407074099401814,104.99801154702307,100.44035507951159
piecewise_0147,4,previous_period,38.648517498837975,4.246463326155792,104.99801154702307,100.53930949348592
piecewise_0147,5,previous_period,38.64948627449197,4.2991065563869775,104.99801154702307,100.48403514852905
piecewise_0147,6,previous_period,38.64871776286167,4.278543243372357,104.99801154702307,100.50562621830258
piecewise_0148,1,default,37.39767346559514,1.038600628794184,95.60978373628116,94.61677992120738
piecewise_0148,2,previous_period,35.753633898713254,11.74917762854224,95.60978373628116,84.3764204148404
piecewise_0148,3,previous_period,35.71572710527721,9.96477073539137,95.60978373628116,86.08248798635724
piecewise_0148,4,previous_period,35.71425953934366,11.035233247089272,95.60978373628116,85.0590210939449
piecewise_0148,5,previous_period,35.71252732259452,10.44397355105402,95.60978373628116,85.62432321064401
piecewise_0148,6,previous_period,35.70923371501254,10.795647773467499,95.60978373628116,85.28808824713823
piecewise_0149,1,default,58.77427926580691,-7.286867338720615,141.15586244494705,151.4417028821373
piecewise_0149,2,previous_period,42.20821111341135,17.90816114108873,141.15586244494705,115.87744313821239
piecewise_0149,3,previous_period,41.387142779803426,19.118858341242053,141.15586244494705,114.16847306373913
piecewise_0149,4,previous_period,41.400374198756246,19.09799249062205,141.15586244494705,114.19792643513827
piecewise_0149,5,previous_period,41.399579729900246,19.09929684365055,141.15586244494705,114.19608526437156
piecewise_0149,6,previous_period,41.399643247838966,19.099185304750122,141.15586244494705,114.19624270806843
piecewise_0150,1,default,47.722767227041665,-10.56444761380455,108.58880416609603,120.06061149668005
piecewise_0150,2,previous_period,34.11218319099291,24.786338104719917,108.58880416609603,81.67361602161527
piecewise_0150,3,previous_period,33.85874286337617,25.531117460689913,108.58880416609603,80.86486902529151
piecewise_0150,4,previous_period,33.856868453560594,25.533989597631745,108.58880416609603,80.86175020613236
piecewise_0150,5,previous_period,33.85688145199452,25.533964306029212,108.58880416609603,80.86177766998111
piecewise_0150,6,previous_period,33.856881625052445,25.53396413250193,108.58880416609603,80.86177785841231
piecewise_0151,1,default,54.481240347041094,7.0522728038769795,163.94294204925964,152.3812385332439
piecewise_0151,2,previous_period,38.0555716180569,44.18456893253248,163.94294204925964,91.50545980948274
piecewise_0151,3,previous_period,36.895052782661864,48.39577433731066,163.94294204925964,84.60148577315195
piecewise_0151,4,previous_period,36.7897002030561,48.808308894981586,163.94294204925964,83.92516448233633
piecewise_0151,5,previous_period,36.77938756318663,48.84890537966848,163.94294204925964,83.85860941097206
piecewise_0151,6,previous_period,36.77836857739525,48.85291601667304,163.94294204925964,83.85203425467188
piecewise_0152,1,default,53.12055461047477,2.2624065797997694,153.1572834593205,149.69224300089425
piecewise_0152,2,previous_period,42.32062470040189,26.264484826148315,153.1572834593205,112.9313119850063
piecewise_0152,3,previous_period,42.2545790637049,26.506998592814224,153.1572834593205,112.55988448796592
piecewise_0152,4,previous_period,42.25530249527087,26.50679593585872,153.1572834593205,112.56019487185371
piecewise_0152,5,previous_period,42.255332427525964,26.50677162489805,153.1572834593205,112.56023210586065
piecewise_0152,6,previous_period,42.25533485062549,26.506768844393434,153.1572834593205,112.560236364406
piecewise_0153,1,default,45.192173366838745,0.15966325651564084,122.91935378721016,122.72309674406551
piecewise_0153,2,previous_period,42.8076550731119,7.559712833980015,122.91935378721016,113.62700362351313
piecewise_0153,3,previous_period,42.758958071946914,7.755238558756449,122.91935378721016,113.38666466613017
piecewise_0153,4,previous_period,42.76789686392691,7.713926301251417,122.91935378721016,113.43744542609028
piecewise_0153,5,previous_period,42.76547056693025,7.724692813110201,122.91935378721016,113.42421129928803
piecewise_0153,6,previous_period,42.76607954021987,7.722005799373621,122.91935378721016,113.42751415920921
piecewise_0154,1,default,48.16768765202837,-0.8727828159523554,129.34395834914167,130.47285019108554
piecewise_0154,2,previous_period,48.167987943017195,-1.5362297718721551,129.34395834914167,131.33097874541912
piecewise_0154,3,previous_period,48.1252293736852,-1.4370917874247269,129.34395834914167,131.20274975210725
piecewise_0154,4,previous_period,48.122629519254644,-1.459582128210224,129.34395834914167,131.23183964912542
piecewise_0154,5,previous_period,48.11957548198906,-1.4484663965106392,129.34395834914167,131.2174621217457
piecewise_0154,6,previous_period,48.12094374144021,-1.4534208172790164,129.34395834914167,131.2238703656808
piecewise_0155,1,default,65.85439788969441,-4.892587035761187,182.53474192161752,191.46541304063473
piecewise_0155,2,previous_period,51.319422914095085,21.815122107688012,182.53474192161752,142.71456508246348
piecewise_0155,3,previous_period,51.31354110943826,21.85575861197635,182.53474192161752,142.6403893442348
piecewise_0155,4,previous_period,51.3138989882641,21.850785057452494,182.53474192161752,142.64946780914926
piecewise_0155,5,previous_period,51.31384536418922,21.85152870807515,182.53474192161752,142.64811038840438
piecewise_0155,6,previous_period,51.31385244820015,21.85141960394357,182.53474192161752,142.6483095413494
piecewise_0156,1,default,47.515450704204625,-6.011268974186934,102.5013974471635,108.66303215001288
piecewise_0156,2,previous_period,35.253774538600695,19.397432637857136,102.5013974471635,82.61875792448774
piecewise_0156,3,previous_period,35.1057214414165,19.760980931991202,102.5013974471635,82.24611584260501
piecewise_0156,4,previous_period,35.106483953558566,19.7591375483912,102.5013974471635,82.24800533655531
piecewise_0156,5,previous_period,35.10644206510526,19.75923882189161,102.5013974471635,82.24790152980215
piecewise_0156,6,previous_period,35.10644493126161,19.75923238774291,102.5013974471635,82.24790812489448
piecewise_0157,1,default,53.22658446303365,7.120160689499045,155.9438693313894,144.84041524957206
piecewise_0157,2,previous_period,35.95304550059879,39.70146499022954,155.9438693313894,94.03186864437853
piecewise_0157,3,previous_period,35.78320840439021,40.16907483241775,155.9438693313894,93.30265976309585
piecewise_0157,4,previous_period,35.78086703795148,40.16815669712577,155.9438693313894,93.30409153879586
piecewise_0157,5,previous_period,35.782221593425895,40.16781471637937,155.9438693313894,93.30462483680415
piecewise_0157,6,previous_period,35.78158491416899,40.16798680633028,155.9438693313894,93.30435647307598
piecewise_0158,1,default,36.2896761285677,-3.758142635811601,91.89678407828859,95.35039630167448
piecewise_0158,2,previous_period,35.09661352035262,0.07829963988412736,91.89678407828859,91.8248292272902
piecewise_0158,3,previous_period,35.065487352220416,0.1010620909629445,91.89678407828859,91.80391126677137
piecewise_0158,4,previous_period,35.061337872982925,0.11982328366242356,91.89678407828859,91.78667033402581
piecewise_0158,5,previous_period,35.06151467338412,0.11833900276042586,91.89678407828859,91.78803434044144
piecewise_0158,6,previous_period,35.061474735845394,0.11858066552871138,91.89678407828859,91.78781226012907
piecewise_0159,1,default,34.77640533099253,-11.157846552742035,75.27002591285597,83.6685399044216
piecewise_0159,2,previous_period,22.735457028883015,27.721638376756342,75.27002591285597,54.40394152320325
piecewise_0159,3,previous_period,21.685697342099918,29.269479403469468,75.27002591285597,53.23888118130646
piecewise_0159,4,previous_period,21.81375836150281,29.17998955522706,75.27002591285597,53.3062402132679
piecewise_0159,5,previous_period,21.781783960389884,29.179267548765807,75.27002591285597,53.30678366771837
piecewise_0159,6,previous_period,21.78914802360836,29.188670430596066,75.27002591285597,53.299706116128185
piecewise_0160,1,default,57.3197971366598,-6.064925053204662,128.15677497216637,135.92938732483242
piecewise_0160,2,previous_period,37.137845672525586,23.782474263349542,128.15677497216637,97.67792294767212
piecewise_0160,3,previous_period,36.00252767604494,24.795135332100017,128.15677497216637,96.38012918056285
piecewise_0160,4,previous_period,36.06684544961581,24.763334111441427,128.15677497216637,96.42088459936068
piecewise_0160,5,previous_period,36.049774357306354,24.770091942785044,128.15677497216637,96.41222398065263
piecewise_0160,6,previous_period,36.05455152315754,24.76845916203111,128.15677497216637,96.41431649980925
piecewise_0161,1,default,68.19732879315076,5.167512242182337,201.33201154158405,190.92815519774075
piecewise_0161,2,previous_period,47.77727088963641,35.012948301667365,201.33201154158405,130.83973842582225
piecewise_0161,3,previous_period,47.59742553807079,35.23174089012142,201.33201154158405,130.3992389063838
piecewise_0161,4,previous_period,47.5949948244693,35.239308536828304,201.33201154158405,130.38400281104248
piecewise_0161,5,previous_period,47.595073187482996,35.239077738279,201.33201154158405,130.3844674824044
piecewise_0161,6,previous_period,47.595069008166206,35.2390875841863,201.33201154158405,130.38444765944118
piecewise_0162,1,default,43.906453059811774,-11.972695824055691,105.19835796615442,117.79343737734334
piecewise_0162,2,previous_period,24.993264486832185,42.93077948664872,105.19835796615442,60.03588288412931
piecewise_0162,3,previous_period,24.083852210371607,45.703865866650816,105.19835796615442,57.11864154738403
piecewise_0162,4,previous_period,24.25651198089385,44.935526541504075,105.19835796615442,57.926921901046626
piecewise_0162,5,previous_period,24.174662061703824,45.348547218576826,105.19835796615442,57.4924309307054
piecewise_0162,6,previous_period,24.215044705344543,45.13479850287672,105.19835796615442,57.717291069795664
piecewise_0163,1,default,27.124202180788703,-38.21311704735799,43.04996990849062,59.50070529847453
piecewise_0163,2,previous_period,21.38017452031419,-3.748860718043101,43.04996990849062,44.6638533195194
piecewise_0163,3,previous_period,21.33446593634421,-0.22330656307749663,43.04996990849062,43.14610331669916
piecewise_0163,4,previous_period,21.3053167546384,-1.3290133552026573,43.04996990849062,43.622109757985186
piecewise_0163,5,previous_period,21.315652011651828,-0.8905653802790292,43.04996990849062,43.43335803671618
piecewise_0163,6,previous_period,21.311688464115903,-1.061587831925892,43.04996990849062,43.506983150686914
piecewise_0164,1,default,54.47455331852812,-4.595821365776986,131.83231569701945,137.89109342882165
piecewise_0164,2,previous_period,37.535788675551295,28.875153081862027,131.83231569701945,93.76553272814147
piecewise_0164,3,previous_period,36.046140754383536,30.319306192430684,131.83231569701945,91.86167224026826
piecewise_0164,4,previous_period,35.9997883362601,30.371334254219917,131.83231569701945,91.79308244159924
piecewise_0164,5,previous_period,36.001678154763326,30.365187356801272,131.83231569701945,91.80118603880976
piecewise_0164,6,previous_period,36.000920609525124,30.367188061452822,131.83231569701945,91.79854846353737
piecewise_0165,1,default,33.505314630825566,-10.73046623982885,55.81843659831692,61.80801509309959
piecewise_0165,2,previous_period,24.408569700324595,3.2563329306710354,55.81843659831692,54.00080246598019
piecewise_0165,3,previous_period,24.39870091319458,5.943420295134905,55.81843659831692,52.500912309105544
piecewise_0165,4,previous_period,24.402524915079848,4.436568284099829,55.81843659831692,53.34201354351562
piecewise_0165,5,previous_period,24.39378787649273,5.305997625854997,55.81843659831692,52.85671167762085
piecewise_0165,6,previous_period,24.399790593175382,4.800421282416778,55.81843659831692,53.138916488339
piecewise_0166,1,default,69.92261080429256,0.15780440109127714,199.98938179260765,199.67378974642367
piecewise_0166,2,previous_period,50.079712917732245,28.79800406195301,199.98938179260765,142.39643150049778
piecewise_0166,3,previous_period,49.946377326194714,29.08215595791027,199.98938179260765,141.8281578804209
piecewise_0166,4,previous_period,49.93923545896577,29.097696539921593,199.98938179260765,141.79707836652946
piecewise_0166,5,previous_period,49.93887838531905,29.098473063764185,199.98938179260765,141.7955254012972
piecewise_0166,6,previous_period,49.938860755234934,29.0985120852285,199.98938179260765,141.79544736251194
piecewise_0167,1,default,37.64857107831106,-2.5939608545456627,83.31186003451302,85.47293707100215
piecewise_0167,2,previous_period,32.81193595865327,0.18512243203764323,83.31186003451302,83.15763109304133
piecewise_0167,3,previous_period,32.64824865547223,1.4676380906884945,83.31186003451302,82.08914344258542
piecewise_0167,4,previous_period,32.60742410119042,1.1681724070502608,83.31186003451302,82.3386338737895
piecewise_0167,5,previous_period,32.60622177403061,1.296818087372642,83.31186003451302,82.23145676465887
piecewise_0167,6,previous_period,32.60525281233408,1.2553654700041217,83.31186003451302,82.26599171122157
piecewise_0168,1,default,50.22407777888423,-9.678065959717784,123.73965095792717,135.71525599595992
piecewise_0168,2,previous_period,32.66502532407654,31.454366203993356,123.73965095792717,84.81812800607759
piecewise_0168,3,previous_period,32.56509270714232,31.623926141935833,123.73965095792717,84.60831513070309
piecewise_0168,4,previous_period,32.56445049651166,31.632705288510053,123.73965095792717,84.59745184537506
piecewise_0168,5,previous_period,32.56445171063483,31.63178332218466,123.73965095792717,84.59859268328805
piecewise_0168,6,previous_period,32.56444997083687,31.631902283616576,123.73965095792717,84.59844548082742
piecewise_0169,1,default,43.38782914680286,10.217985290388054,125.21386367588704,112.41952950395836
piecewise_0169,2,previous_period,30.290159309935177,40.352519750897685,125.21386367588704,74.68691460521262
piecewise_0169,3,previous_period,29.76906823077576,41.12015501679617,125.21386367588704,73.72572882984247
piecewise_0169,4,previous_period,29.795551505261717,41.09673287190289,125.21386367588704,73.7550566024191
piecewise_0169,5,previous_period,29.790622221187782,41.09895400716196,125.21386367588704,73.75227543314375
piecewise_0169,6,previous_period,29.791703310245513,41.098818839292264,125.21386367588704,73.75244468205585
piecewise_0170,1,default,61.50328922265899,2.6967438423059376,164.45369165153843,160.01879684848078
piecewise_0170,2,previous_period,42.99435435628271,28.645914236622815,164.45369165153843,117.3444281820786
piecewise_0170,3,previous_period,42.61763789768755,29.205633112601937,164.45369165153843,116.42394982766044
piecewise_0170,4,previous_period,42.611086262470494,29.219236474912837,164.45369165153843,116.40157859615142
piecewise_0170,5,previous_period,42.60926333596,29.2206965920808,164.45369165153843,116.39917737956628
piecewise_0170,6,previous_period,42.60979369304859,29.22034519782106,164.45369165153843,116.39975526039866
piecewise_0171,1,default,82.01202756989079,-5.53981134048509,236.98769835589573,250.11636974497026
piecewise_0171,2,previous_period,39.191651447927725,51.04871965792708,236.98769835589573,116.00851259842065
piecewise_0171,3,previous_period,38.073103549501425,52.76304195038244,236.98769835589573,111.94577965512866
piecewise_0171,4,previous_period,38.073385193066294,52.758659164782706,236.98769835589573,111.95616631784536
piecewise_0171,5,previous_period,38.073136237576776,52.7591892624079,236.98769835589573,111.95491005168438
piecewise_0171,6,previous_period,38.07314478642155,52.759169804086646,236.98769835589573,111.95495616551204
piecewise_0172,1,default,53.1124540285691,-8.24174352677327,135.511069427174,146.67954421974935
piecewise_0172,2,previous_period,26.896063108477183,48.33222015976456,135.511069427174,70.01556101078086
piecewise_0172,3,previous_period,24.716263087874506,52.23333903115501,135.511069427174,64.72911310853435
piecewise_0172,4,previous_period,24.68434647051804,52.300612258944,135.511069427174,64.63795043811932
piecewise_0172,5,previous_period,24.68691140369143,52.29337653884172,135.511069427174,64.64775563981067
piecewise_0172,6,previous_period,24.68659885547602,52.29460178395551,135.511069427174,64.64609529705388
piecewise_0173,1,default,42.350356876365026,3.50699943293985,118.64183958851646,114.48107094691778
piecewise_0173,2,previous_period,25.758929992639224,45.76863371801062,118.64183958851646,64.34109059093865
piecewise_0173,3,previous_period,25.394257111664384,46.992088678179876,118.64183958851646,62.88956111965689
piecewise_0173,4,previous_period,25.401374090553166,46.97005678325179,118.64183958851646,62.91570016509578
piecewise_0173,5,previous_period,25.401312422168502,46.970184155787074,118.64183958851646,62.91554904797678
piecewise_0173,6,previous_period,25.401310806628018,46.970191171818435,118.64183958851646,62.91554072402811
piecewise_0174,1,default,53.957235468635304,-5.598886418393145,132.7321228853403,140.1636436864125
piecewise_0174,2,previous_period,40.66530210156252,18.500924860930603,132.7321228853403,108.17545256400541
piecewise_0174,3,previous_period,40.596679109327546,19.7638835803263,132.7321228853403,106.499100644586
piecewise_0174,4,previous_period,40.58819192037891,19.6531284526409,132.7321228853403,106.6461082767672
piecewise_0174,5,previous_period,40.58917529151257,19.669790002526067,132.7321228853403,106.623993047899
piecewise_0174,6,previous_period,40.58902845324942,19.667406505812423,132.7321228853403,106.62715671368593
piecewise_0175,1,default,42.04509555218017,3.3050267535165823,110.64651092046837,106.98961413271425
piecewise_0175,2,previous_period,38.12986000868791,9.565311323443504,110.64651092046837,100.06282768239765
piecewise_0175,3,previous_period,38.20906507250688,9.955058293287323,110.64651092046837,99.63158625884722
piecewise_0175,4,previous_period,38.183967623940404,9.905813986190593,110.64651092046837,99.68607336647672
piecewise_0175,5,previous_period,38.19044114405948,9.917899781369321,110.64651092046837,99.67270085579446
piecewise_0175,6,previous_period,38.18872925826856,9.915080393740293,110.64651092046837,99.6758204098353
piecewise_0176,1,default,35.11948086220882,10.980245504267794,107.96136318864359,96.10694046077633
piecewise_0176,2,previous_period,13.75956691057398,65.55144772695702,107.96136318864359,37.191126632729656
piecewise_0176,3,previous_period,13.363715738234658,66.73797680847477,107.96136318864359,35.91013366169341
piecewise_0176,4,previous_period,13.36618555800461,66.72066673362187,107.96136318864359,35.92882185447358
piecewise_0176,5,previous_period,13.366109750264375,66.72487555927673,107.96136318864359,35.92427794892235
piecewise_0176,6,previous_period,13.366133412377861,66.72317858277816,107.96136318864359,35.926110027883205
piecewise_0177,1,default,40.62257294591551,6.74599268804953,115.86103384381049,108.04505697240845
piecewise_0177,2,previous_period,35.96784413586573,22.86728554493791,115.86103384381049,89.3667603994292
piecewise_0177,3,previous_period,35.86773507808985,22.752406778764577,115.86103384381049,89.49986012558463
piecewise_0177,4,previous_period,35.85824942327967,22.931874405667973,115.86103384381049,89.2919270776394
piecewise_0177,5,previous_period,35.8638245215649,22.853778107843592,115.86103384381049,89.38241025569248
piecewise_0177,6,previous_period,35.86132374873488,22.887432099658266,115.86103384381049,89.34341839284627
piecewise_0178,1,default,54.227910349751255,-3.487483780632328,136.91134899207134,141.68611008201475
piecewise_0178,2,previous_period,50.94274547365577,1.4562412950341885,136.91134899207134,134.91758939046042
piecewise_0178,3,previous_period,50.67570023225634,1.8845446180749348,136.91134899207134,134.33119353310747
piecewise_0178,4,previous_period,50.6658387781887,1.890904820960404,136.91134899207134,134.32248569353834
piecewise_0178,5,previous_period,50.6627562908364,1.8958090007442863,136.91134899207134,134.31577131483922
piecewise_0178,6,previous_period,50.662718442665046,1.8956763631883478,136.91134899207134,134.31595291070633
piecewise_0179,1,default,74.12614155674645,0.06804384932364016,193.44295017800926,193.31132414846292
piecewise_0179,2,previous_period,47.13034964959742,30.066769411479843,193.44295017800926,135.28090440522337
piecewise_0179,3,previous_period,47.28788125653502,29.954815968648894,193.44295017800926,135.49747044786142
piecewise_0179,4,previous_period,47.29311663882736,29.943175414692803,193.44295017800926,135.51998827885114
piecewise_0179,5,previous_period,47.29296961374972,29.94360146300421,193.44295017800926,135.51916411842836
piecewise_0179,6,previous_period,47.29297490644206,29.943582721476226,193.44295017800926,135.51920037259302
piecewise_0180,1,default,64.40683838446586,3.238159339269464,185.1744698314789,179.17822544268813
piecewise_0180,2,previous_period,58.23574167384643,14.808919378619635,185.1744698314789,157.75213188434884
piecewise_0180,3,previous_period,57.99653985746574,15.521760912014315,185.1744698314789,156.43213135414666
piecewise_0180,4,previous_period,58.03789216650256,15.420824300207936,185.1744698314789,156.619040189925
piecewise_0180,5,previous_period,58.026196745535614,15.443731067938272,185.1744698314789,156.5766227042248
piecewise_0180,6,previous_period,58.02964766875122,15.437746534619713,185.1744698314789,156.58770453206932
piecewise_0181,1,default,54.27578997011023,5.1476668156585355,153.4873479512156,145.58633067449654
piecewise_0181,2,previous_period,39.21057658571346,34.00465472436163,153.4873479512156,101.29450523482521
piecewise_0181,3,previous_period,39.20003208126943,34.18181616201341,153.4873479512156,101.02258484258124
piecewise_0181,4,previous_period,39.20985248944637,34.15780441322993,153.4873479512156,101.05943983898571
piecewise_0181,5,previous_period,39.2098399494311,34.15777153633258,153.4873479512156,101.05949030086353
piecewise_0181,6,previous_period,39.209837698841234,34.157783297373534,153.4873479512156,101.05947224915369
piecewise_0182,1,default,59.81764659060545,8.822230917849705,175.8780461249014,160.36167876196038
piecewise_0182,2,previous_period,35.1018958777239,49.270629633644845,175.8780461249014,89.22182541181017
piecewise_0182,3,previous_period,34.64111462770074,50.108267965222566,175.8780461249014,87.74860348063808
piecewise_0182,4,previous_period,34.611589672314935,50.16364413948797,175.8780461249014,87.65120894732135
piecewise_0182,5,previous_period,34.609361249513874,50.16783564481268,175.8780461249014,87.64383700965303
piecewise_0182,6,previous_period,34.60919350934742,50.16815065026874,175.8780461249014,87.64328298421172
piecewise_0183,1,default,56.94600286955868,1.0852133057529079,160.98097784761396,159.2339908562805
piecewise_0183,2,previous_period,37.14053859450861,40.86153815509248,160.98097784761396,95.2016741619702
piecewise_0183,3,previous_period,36.74421269183552,41.698857325198134,160.98097784761396,93.8537495742286
piecewise_0183,4,previous_period,36.746731492398006,41.6953055741591,160.98097784761396,93.85946721778194
piecewise_0183,5,previous_period,36.74648973762215,41.6954658649595,160.98097784761396,93.85920918008406
piecewise_0183,6,previous_period,36.74653367205552,41.69543711702567,160.98097784761396,93.85925545878905
piecewise_0184,1,default,27.929450747716096,15.644390464597214,89.25585654170578,75.29232183180059
piecewise_0184,2,previous_period,15.454767572515788,56.324390942914015,89.25585654170578,38.98303896370892
piecewise_0184,3,previous_period,15.238596948190763,56.94518155299777,89.25585654170578,38.42894698734818
piecewise_0184,4,previous_period,15.285539571730398,56.75444548317671,89.25585654170578,38.599190100200964
piecewise_0184,5,previous_period,15.271581285602123,56.82271943703546,89.25585654170578,38.53825159788944
piecewise_0184,6,previous_period,15.275958381420066,56.7981648409019,89.25585654170578,38.560168012988804
piecewise_0185,1,default,59.84966148262258,-4.061928536875126,146.57755873047626,152.53143441720437
piecewise_0185,2,previous_period,51.502006511536415,8.033580174729792,146.57755873047626,134.8021330317018
piecewise_0185,3,previous_period,51.3332474215272,8.422216741389033,146.57755873047626,134.23247903995875
piecewise_0185,4,previous_period,51.329230828948106,8.417904978369483,146.57755873047626,134.23879911693103
piecewise_0185,5,previous_period,51.32925450276106,8.418402552775229,146.57755873047626,134.23806978451424
piecewise_0185,6,previous_period,51.32925149673998,8.418378718876973,146.57755873047626,134.23810471966044
piecewise_0186,1,default,26.717492407326432,11.873699285162044,82.02964273374835,72.28968963085029
piecewise_0186,2,previous_period,23.28507963356121,24.298622334603202,82.02964273374835,62.097569643450555
piecewise_0186,3,previous_period,23.269502449643333,24.30769586680167,82.02964273374835,62.090126657404824
piecewise_0186,4,previous_period,23.249646246133047,24.43252347670034,82.02964273374835,61.98773101497187
piecewise_0186,5,previous_period,23.254123179282082,24.35567858401977,82.02964273374835,62.050766605896875
piecewise_0186,6,previous_period,23.24572706789513,24.42461778481433,82.02964273374835,61.9942160257816
piecewise_0187,1,default,71.61181720188765,-4.607135333087897,169.23741862394579,177.03441553417548
piecewise_0187,2,previous_period,54.18535731846464,15.819440307798116,169.23741862394579,142.46500620627228
piecewise_0187,3,previous_period,53.48445792113022,16.37350911336831,169.23741862394579,141.52731446232474
piecewise_0187,4,previous_period,53.44291535418432,16.41779701291065,169.23741862394579,141.45236276437652
piecewise_0187,5,previous_period,53.44170490941262,16.41956410017921,169.23741862394579,141.44937219149838
piecewise_0187,6,previous_period,53.441686234686664,16.41957485575263,169.23741862394579,141.44935398904357
piecewise_0188,1,default,46.50159714777163,-2.624225089286991,115.49094676345456,118.52168916427622
piecewise_0188,2,previous_period,43.191054489117214,0.9640264439107038,115.49094676345456,114.37758349633202
piecewise_0188,3,previous_period,43.15661319950476,1.42989301024673,115.49094676345456,113.83954978821615
piecewise_0188,4,previous_period,43.14944312872405,1.3789113324008007,115.49094676345456,113.8984290106363
piecewise_0188,5,previous_period,43.15075448088702,1.3871959724216065,115.49094676345456,113.88886100144033
piecewise_0188,6,previous_period,43.150540927328265,1.385743412859275,115.49094676345456,113.89053857623118
piecewise_0189,1,default,41.75945781398057,6.990156701695971,120.55508572675214,112.12809632258825
piecewise_0189,2,previous_period,35.14993591572031,23.869679498784024,120.55508572675214,91.77897314429208
piecewise_0189,3,previous_period,35.12461106409502,24.01926206783638,120.55508572675214,91.59864374993873
piecewise_0189,4,previous_period,35.10817822581349,24.06336255139143,120.55508572675214,91.54547837418303
piecewise_0189,5,previous_period,35.11601331192219,24.039042868282955,120.55508572675214,91.57479698900292
piecewise_0189,6,previous_period,35.11086923113303,24.05402832411403,120.55508572675214,91.55673125987923
piecewise_0190,1,default,54.12930475379794,-2.155339363663833,147.82997056720842,151.01620811413613
piecewise_0190,2,previous_period,34.029653293967414,34.808042844330444,147.82997056720842,96.37325107541344
piecewise_0190,3,previous_period,33.80817844907927,35.31101955231606,147.82997056720842,95.62970075603837
piecewise_0190,4,previous_period,33.805679161778386,35.314135525494386,147.82997056720842,95.62509441380598
piecewise_0190,5,previous_period,33.805625172796,35.31442642252508,147.82997056720842,95.62466438081113
piecewise_0190,6,previous_period,33.805626895003584,35.31440950475656,147.82997056720842,95.62468939034335
piecewise_0191,1,default,53.075802995949026,6.165285042467894,156.2763763559052,146.64149229952375
piecewise_0191,2,previous_period,45.407784677819315,23.987475017576276,156.2763763559052,118.78961961915897
piecewise_0191,3,previous_period,45.11983605253792,25.10849570892094,156.2763763559052,117.03772910452561
piecewise_0191,4,previous_period,45.10697480193436,25.162650415750555,156.2763763559052,116.95309809106612
piecewise_0191,5,previous_period,45.10822615098368,25.157358713529675,156.2763763559052,116.96136777154445
piecewise_0191,6,previous_period,45.10807090366746,25.15801546481494,156.2763763559052,116.96034142443416
piecewise_0192,1,default,42.60421523935614,-8.087863140726515,104.69987790028767,113.1678607333707
piecewise_0192,2,previous_period,30.240116670189348,29.95921160259214,104.69987790028767,73.33261993248489
piecewise_0192,3,previous_period,29.67878876011227,32.0525896626473,104.69987790028767,71.14085565961572
piecewise_0192,4,previous_period,29.668578075097237,32.0879756452224,104.69987790028767,71.10380657906578
piecewise_0192,5,previous_period,29.668280274858024,32.088974817722146,104.69987790028767,71.10276044667853
piecewise_0192,6,previous_period,29.668270472539145,32.08900831064375,104.69987790028767,71.1027253796305
piecewise_0193,1,default,55.93834189514545,0.5302218248765755,165.25546391346228,164.37924337699206
piecewise_0193,2,previous_period,41.92528293187845,30.75249292101676,165.25546391346228,114.43528907188139
piecewise_0193,3,previous_period,41.926107755825896,30.198465199230263,165.25546391346228,115.35085015372886
piecewise_0193,4,previous_period,41.91727861225983,30.416629329747412,165.25546391346228,114.99032200774997
piecewise_0193,5,previous_period,41.920000013592215,30.34000646311078,165.25546391346228,115.11694548147412
piecewise_0193,6,previous_period,41.91898144827296,30.367716269031586,165.25546391346228,115.07115351315016
piecewise_0194,1,default,56.85800315365043,3.4783732870195094,157.94915011483343,152.45508907016472
piecewise_0194,2,previous_period,54.763513890692685,9.62054553852213,157.94915011483343,142.7535802003272
piecewise_0194,3,previous_period,54.82353271727379,9.16965472697081,157.94915011483343,143.46575840511838
piecewise_0194,4,previous_period,54.800131083409596,9.31846288058562,157.94915011483343,143.2307171911822
piecewise_0194,5,previous_period,54.80681852116285,9.274369096166247,157.94915011483343,143.30036294892608
piecewise_0194,6,previous_period,54.80471610322996,9.287929738312961,157.94915011483343,143.27894402990523
piecewise_0195,1,default,37.78707018499643,4.0009368061984185,102.363895633737,98.26838085706828
piecewise_0195,2,previous_period,34.24730073763309,12.0844538178969,102.363895633737,89.99377793967787
piecewise_0195,3,previous_period,34.21788015412456,12.141511946094996,102.363895633737,89.9353710168786
piecewise_0195,4,previous_period,34.21809023916418,12.141600347266813,102.363895633737,89.93528052599535
piecewise_0195,5,previous_period,34.21781517161698,12.142072511840674,102.363895633737,89.93479719994374
piecewise_0195,6,previous_period,34.21785530216877,12.142009077956795,102.363895633737,89.93486213333844
piecewise_0196,1,default,37.512376911706035,13.358908448411643,125.73447631540044,108.93772273633627
piecewise_0196,2,previous_period,15.126322592117113,76.48732473466362,125.73447631540044,29.563539112611387
piecewise_0196,3,previous_period,14.528430593106458,79.1440347823551,125.73447631540044,26.22313864692788
piecewise_0196,4,previous_period,14.776693083848217,78.04779242920202,125.73447631540044,27.601493228812547
piecewise_0196,5,previous_period,14.629915040009053,78.69936584320786,125.73447631540044,26.782240808901918
piecewise_0196,6,previous_period,14.706622770632688,78.35984599946175,125.73447631540044,27.209134306422946
piecewise_0197,1,default,46.5094893295988,1.2654080896549513,120.78970724423661,119.2612245172975
piecewise_0197,2,previous_period,35.87855014957108,22.01846990434484,120.78970724423661,94.19366190711813
piecewise_0197,3,previous_period,35.87398270563675,22.0463220241375,120.78970724423661,94.16001941315926
piecewise_0197,4,previous_period,35.876929988895945,22.039582230294652,120.78970724423661,94.1681603904109
piecewise_0197,5,previous_period,35.876837479893275,22.039800469544424,120.78970724423661,94.16789677986002
piecewise_0197,6,previous_period,35.8768395899375,22.03979430756844,120.78970724423661,94.16790422289277
piecewise_0198,1,default,59.45512750109219,6.4134511416789834,166.1232439189485,155.46901083523454
piecewise_0198,2,previous_period,36.54502599217502,41.36676536315008,166.1232439189485,97.4034313933436
piecewise_0198,3,previous_period,36.28584278048866,41.694422945431164,166.1232439189485,96.85911598871186
piecewise_0198,4,previous_period,36.28183890800269,41.704193500404685,166.1232439189485,96.84288482584097
piecewise_0198,5,previous_period,36.28183752164171,41.70405459578581,166.1232439189485,96.84311557869978
piecewise_0198,6,previous_period,36.28183753804407,41.704063239042355,166.1232439189485,96.84310122024164
piecewise_0199,1,default,40.72778261572597,-14.7194154712728,85.36146582642573,97.92617463378588
piecewise_0199,2,previous_period,26.90984694753038,34.0700766473809,85.36146582642573,56.27874899203463
piecewise_0199,3,previous_period,26.147309978375702,36.09310988405411,85.36146582642573,54.5518581670546
piecewise_0199,4,previous_period,26.123047986630084,36.30014853656229,85.36146582642573,54.37512693844633
piecewise_0199,5,previous_period,26.125319260948547,36.259071061750994,85.36146582642573,54.410191273069735
piecewise_0199,6,previous_period,26.12462958497767,36.27025188675941,85.36146582642573,54.40064715695107
