profile,period,policy,rmse_nm,offload_pct,baseline_motor_work_j,assisted_motor_work_j
piecewise_0000,1,default,48.8872137133751,6.256874098253462,145.62745155791555,136.51572526144173
piecewise_0000,2,previous_period,39.03360170447742,28.25088791450707,145.62745155791555,104.48640344553574
piecewise_0000,3,previous_period,38.76356288412902,28.841139474926248,145.62745155791555,103.62683514031647
piecewise_0000,4,previous_period,38.762825741628525,28.849284159566412,145.62745155791555,103.61497424363756
piecewise_0000,5,previous_period,38.761884331270295,28.848604058893024,145.62745155791555,103.61596465691625
piecewise_0000,6,previous_period,38.76238506959195,28.848405350610427,145.62745155791555,103.61625403072424
piecewise_0001,1,default,28.39414622361628,8.161061887856002,82.60573399470402,75.86422892047852
piecewise_0001,2,previous_period,17.099046280820772,45.893001657873874,82.60573399470402,44.69548312301562
piecewise_0001,3,previous_period,16.35586309714554,49.10373267960531,82.60573399470402,42.04323519591871
piecewise_0001,4,previous_period,16.29154602316699,49.16773451462896,82.60573399470402,41.99036601032735
piecewise_0001,5,previous_period,16.287225621687575,49.212332013754356,82.60573399470402,41.95352591883153
piecewise_0001,6,previous_period,16.286738541059506,49.2079554438308,82.60573399470402,41.95714121654068
piecewise_0002,1,default,45.85190210411424,-3.379135420791868,107.58704577887802,111.22255775097565
piecewise_0002,2,previous_period,30.798909866538082,27.1105985004684,107.58704577887802,78.41955375925127
piecewise_0002,3,previous_period,30.54727619425748,27.80768513162114,107.58704577887802,77.66957884627453
piecewise_0002,4,previous_period,30.542869982125616,27.817694450558474,107.58704577887802,77.65881011572726
piecewise_0002,5,previous_period,30.5427009110138,27.81882209142692,107.58704577887802,77.6575969202299
piecewise_0002,6,previous_period,30.54259595922027,27.81892724730063,107.58704577887802,77.65748378613192
piecewise_0003,1,default,61.552223603909326,6.743272116025922,173.89630752009828,162.1700063042968
piecewise_0003,2,previous_period,37.92527398727476,39.050123470511366,173.89630752009828,105.98958472283977
piecewise_0003,3,previous_period,37.679158592707765,39.29771677734165,173.89630752009828,105.55902910459498
piecewise_0003,4,previous_period,37.66688172484014,39.30895888266971,173.89630752009828,105.53947949854197
piecewise_0003,5,previous_period,37.66613813206473,39.30964129661207,173.89630752009828,105.53829280589419
piecewise_0003,6,previous_period,37.66609236544713,39.30968336133242,173.89630752009828,105.53821965689876
piecewise_0004,1,default,68.8963029721501,-3.690797996319395,175.17770378352833,181.6431589647691
piecewise_0004,2,previous_period,52.16283680616123,21.612772204038176,175.17770378352833,137.3169457125296
piecewise_0004,3,previous_period,50.78658373954841,23.914997441483663,175.17770378352833,133.2839604056477
piecewise_0004,4,previous_period,50.69918246245658,24.069019331595488,175.17770378352833,133.01414839522582
piecewise_0004,5,previous_period,50.694391554810075,24.07782193164083,175.17770378352833,132.99872820259313
piecewise_0004,6,previous_period,50.69412683710029,24.078299733319742,175.17770378352833,132.99789120058338
piecewise_0005,1,default,75.16014405322831,-6.380648312332915,189.72546089569582,201.83117531440288
piecewise_0005,2,previous_period,49.732972429967106,26.224644621891958,189.72546089569582,139.970633018553
piecewise_0005,3,previous_period,49.72807238952296,26.28782468562362,189.72546089569582,139.8507643514439
piecewise_0005,4,previous_period,49.74058566834625,26.264211275824046,189.72546089569582,139.89556500201934
piecewise_0005,5,previous_period,49.73927014983519,26.26619476212282,189.72546089569582,139.8918018234972
piecewise_0005,6,previous_period,49.73904910517978,26.266475732261608,189.72546089569582,139.8912687516064
piecewise_0006,1,default,63.481417787113635,6.43700145555729,202.20103466141347,189.1853511171064
piecewise_0006,2,previous_period,36.01049525246085,48.63906639251382,202.20103466141347,103.85233916609869
piecewise_0006,3,previous_period,35.374490764320726,49.762290872931395,202.20103466141347,101.58116764512408
piecewise_0006,4,previous_period,35.29612197971897,49.90627905253471,202.20103466141347,101.29002205617603
piecewise_0006,5,previous_period,35.28628156616679,49.924456243574255,202.20103466141347,101.25326758782168
piecewise_0006,6,previous_period,35.285041793304416,49.92674867177007,202.20103466141347,101.24863227429087
piecewise_0007,1,default,50.239717163277454,-4.947746718295609,122.09991831770809,128.1411130193141
piecewise_0007,2,previous_period,41.811857429963794,11.790510128413024,122.09991831770809,107.70371508167469
piecewise_0007,3,previous_period,41.11937329330984,13.534039340446425,122.09991831770809,105.57486733793652
piecewise_0007,4,previous_period,41.18498345613455,13.335385658005483,122.09991831770809,105.81742332193204
piecewise_0007,5,previous_period,41.16114057181107,13.411620346489261,122.09991831770809,105.72434082956359
piecewise_0007,6,previous_period,41.168291781150224,13.388353845240031,122.09991831770809,105.75274920858428
piecewise_0008,1,default,46.69777571461739,7.014864741466342,128.3915676071555,119.38507280006523
piecewise_0008,2,previous_period,37.92595127607075,26.199974159964313,128.3915676071555,94.75301007050766
piecewise_0008,3,previous_period,37.38597137678663,27.084203942787767,128.3915676071555,93.61773359109128
piecewise_0008,4,previous_period,37.406672150943166,27.065298842802733,128.3915676071555,93.64200614531975
piecewise_0008,5,previous_period,37.38695159722901,27.081899783343545,128.3915676071555,93.62069193752188
piecewise_0008,6,previous_period,37.39362511850148,27.07609690237228,128.3915676071555,93.62814234736726
piecewise_0009,1,default,58.0302976033332,-6.597117770629302,160.26573475645597,170.83865402430376
piecewise_0009,2,previous_period,32.33398290355239,46.35062538794229,160.26573475645597,85.98156441425783
piecewise_0009,3,previous_period,31.339899407687213,48.661606169534465,160.26573475645597,82.27785408455864
piecewise_0009,4,previous_period,31.354994531415645,48.60310138379117,160.26573475645597,82.37161720929784
piecewise_0009,5,previous_period,31.355369548391742,48.60198367609782,160.26573475645597,82.37340851174501
piecewise_0009,6,previous_period,31.355368143253525,48.60199295270483,160.26573475645597,82.37339364452262
piecewise_0010,1,default,62.97427048350157,5.48595489577618,192.6299568360163,182.06236428823934
piecewise_0010,2,previous_period,40.02938785418229,50.42154410354635,192.6299568360163,95.50295819330202
piecewise_0010,3,previous_period,39.219960825661964,52.282218877649264,192.6299568360163,91.91874117908895
piecewise_0010,4,previous_period,39.222656512145875,52.27740536548042,192.6299568360163,91.9280134455021
piecewise_0010,5,previous_period,39.22283322022238,52.276821769547276,192.6299568360163,91.9291376260962
piecewise_0010,6,previous_period,39.22280494622327,52.27690601239301,192.6299568360163,91.92897534913882
piecewise_0011,1,default,38.94457267811917,-6.113715432263622,90.92762199635246,96.4866780545338
piecewise_0011,2,previous_period,38.320224659001425,2.0297934613833113,90.92762199635246,89.08197907047916
piecewise_0011,3,previous_period,38.31134463690743,0.1623359279670611,90.92762199635246,90.7800137974063
piecewise_0011,4,previous_period,38.291283544943425,1.099608508434402,90.92762199635246,89.9277741283635
piecewise_0011,5,previous_period,38.30054321181336,0.6325622789235208,90.92762199635246,90.35244815848137
piecewise_0011,6,previous_period,38.29084873980375,0.8526319590877685,90.92762199635246,90.15234403157304
piecewise_0012,1,default,40.45566848600598,6.473363472615768,101.39844537713077,94.83455545228733
piecewise_0012,2,previous_period,26.799373199266785,42.81311897273356,101.39844537713077,57.98660832131752
piecewise_0012,3,previous_period,26.783292735671232,43.31633777235232,101.39844537713077,57.47635228165864
piecewise_0012,4,previous_period,26.784180539473173,43.29628879313548,101.39844537713077,57.49668163489849
piecewise_0012,5,previous_period,26.78414199070332,43.297094283863935,101.39844537713077,57.49586487982219
piecewise_0012,6,previous_period,26.78414313643506,43.29706495950427,101.39844537713077,57.49589461426701
piecewise_0013,1,default,43.671404105720555,-3.853581272280815,113.09026968259579,117.44829513585616
piecewise_0013,2,previous_period,27.62982811079549,39.19658075757716,113.09026968259579,68.76275079749533
piecewise_0013,3,previous_period,27.37053331036965,40.51201043470487,113.09026968259579,67.27512782814671
piecewise_0013,4,previous_period,27.372462404689472,40.56529956667132,113.09026968259579,67.21486300509433
piecewise_0013,5,previous_period,27.369214064688308,40.54597002641237,113.09026968259579,67.23672283430159
piecewise_0013,6,previous_period,27.370861740421947,40.55580688186219,113.09026968259579,67.22559830794509
piecewise_0014,1,default,46.82617273951847,5.591558199090296,117.67302956321174,111.09327363055203
piecewise_0014,2,previous_period,33.94364787369274,24.048928126013447,117.67302956321174,89.3739272598524
piecewise_0014,3,previous_period,33.50084276122844,24.500719376549718,117.67302956321174,88.84229080804485
piecewise_0014,4,previous_period,33.587234969394075,24.46003279830865,117.67302956321174,88.89016793728672
piecewise_0014,5,previous_period,33.521311601661694,24.491138728130522,117.67302956321174,88.8535646472915
piecewise_0014,6,previous_period,33.56475631272144,24.46942221807429,117.67302956321174,88.87911912259008
piecewise_0015,1,default,64.4709731997366,-4.976784279947388,169.66877088611028,178.11281960355018
piecewise_0015,2,previous_period,35.89915258838449,46.09017361125852,169.66877088611028,91.4681398206136
piecewise_0015,3,previous_period,35.12554637017415,47.370512082154626,169.66877088611028,89.29580527386216
piecewise_0015,4,previous_period,35.13439396609234,47.35688301071578,169.66877088611028,89.31892955185565
piecewise_0015,5,previous_period,35.133321999402256,47.35880879451199,169.66877088611028,89.3156620981587
piecewise_0015,6,previous_period,35.13403601879144,47.357363626504224,169.66877088611028,89.3181140969547
piecewise_0016,1,default,35.09059716336764,-16.257132008794862,81.95160288710906,95.27458315178971
piecewise_0016,2,previous_period,14.125045108897526,56.30020692461011,81.95160288710906,35.81268088363191
piecewise_0016,3,previous_period,13.349978418948838,56.89096775346608,81.95160288710906,35.32854291515527
piecewise_0016,4,previous_period,13.853965220555763,57.02808091794282,81.95160288710906,35.21617647909734
piecewise_0016,5,previous_period,13.393485399493791,56.7889725378557,81.95160288710906,35.41212962921614
piecewise_0016,6,previous_period,13.709343839827461,57.25985207367879,81.95160288710906,35.02623630194173
piecewise_0017,1,default,40.95781960864469,-8.264483095205243,100.3458446942733,108.63891006577242
piecewise_0017,2,previous_period,30.663792951311777,41.37342736162365,100.3458446942733,58.82932952928046
piecewise_0017,3,previous_period,29.869788576385925,50.25276848083402,100.3458446942733,49.919279679922866
piecewise_0017,4,previous_period,29.935996156361075,49.26773777607364,100.3458446942733,50.90771706111263
piecewise_0017,5,previous_period,29.879621582082123,49.919967554715626,100.3458446942733,50.25323158038674
piecewise_0017,6,previous_period,29.91182267693726,49.53584365728395,100.3458446942733,50.63868394993712
piecewise_0018,1,default,34.89738433458191,5.1096766398910365,94.94455955320072,90.09319957286338
piecewise_0018,2,previous_period,8.874388154047262,77.13714733192626,94.94455955320072,21.70703476699981
piecewise_0018,3,previous_period,8.36588306792756,78.52979941493905,94.94455955320072,20.38478738067484
piecewise_0018,4,previous_period,8.254141460472406,78.71852256463372,94.94455955320072,20.205605017422307
piecewise_0018,5,previous_period,8.362008041846222,78.52709128797089,94.94455955320072,20.387358599896906
piecewise_0018,6,previous_period,8.265767682018225,78.70152535901316,94.94455955320072,20.221742939435103
piecewise_0019,1,default,46.522738623388115,8.835575434396336,138.24269394898312,126.02815644257905
piecewise_0019,2,previous_period,26.78488945427882,45.159631291357194,138.24269394898312,75.81280307438298
piecewise_0019,3,previous_period,26.365739585013465,46.003098669697536,138.24269394898312,74.64677104798443
piecewise_0019,4,previous_period,26.408581476422956,45.92715088171405,138.24269394898312,74.75176331608746
piecewise_0019,5,previous_period,26.40072543429021,45.94073286917715,138.24269394898312,74.73298721072666
piecewise_0019,6,previous_period,26.402187625513452,45.93819957925158,138.24269394898312,74.7364892989653
piecewise_0020,1,default,48.85611810486435,8.643425501200586,146.28288823159915,133.63903576629636
piecewise_0020,2,previous_period,27.546549088759743,60.286422455993936,146.28288823159915,58.09416825146785
piecewise_0020,3,previous_period,27.062773862948905,60.881071736476414,146.28288823159915,57.22429810912967
piecewise_0020,4,previous_period,27.11961298152248,60.816054308489356,146.28288823159915,57.31940748064303
piecewise_0020,5,previous_period,27.10740309921233,60.829517998729976,146.28288823159915,57.29971240569648
piecewise_0020,6,previous_period,27.110051207408578,60.82657685276111,146.28288823159915,57.30401479896686
piecewise_0021,1,default,63.96328844120806,-0.1452017192170585,170.00272834345324,170.24957522772382
piecewise_0021,2,previous_period,63.04697861966849,3.1047093261162284,170.00272834345324,164.724637781922
piecewise_0021,3,previous_period,63.10927508638724,2.861336194990294,170.00272834345324,165.13837874489099
piecewise_0021,4,previous_period,63.08431964700687,2.9568245553125094,170.00272834345324,164.9760459270928
piecewise_0021,5,previous_period,63.09125335259968,2.925104416081814,170.00272834345324,165.02997102921933
piecewise_0021,6,previous_period,63.089132125021074,2.9354831014794414,170.00272834345324,165.01232698087716
piecewise_0022,1,default,48.558889472709666,5.797035348237256,133.83373271937123,126.0753439257639
piecewise_0022,2,previous_period,36.37896228889844,29.147980777913464,133.83373271937123,94.82390203196482
piecewise_0022,3,previous_period,35.78582998002089,30.64819175530038,133.83373271937123,92.81611368226214
piecewise_0022,4,previous_period,35.80885719577864,30.59700433776147,133.83373271937123,92.88461971383713
piecewise_0022,5,previous_period,35.80372891741785,30.604480791820155,133.83373271937123,92.87461369629534
piecewise_0022,6,previous_period,35.80446892151779,30.604996298647414,133.83373271937123,92.87392377426599
piecewise_0023,1,default,28.444903180207007,16.874231993595814,74.92994330113196,62.28609083582915
piecewise_0023,2,previous_period,16.061596502824706,43.142619540603036,74.92994330113196,42.60320294073503
piecewise_0023,3,previous_period,15.810256032283041,48.21887133734103,74.92994330113196,38.79957034761656
piecewise_0023,4,previous_period,15.592134327539183,47.988509795044706,74.92994330113196,38.9721801206468
piecewise_0023,5,previous_period,15.643126801603223,48.504982194660876,74.92994330113196,38.58518764444841
piecewise_0023,6,previous_period,15.607602632598168,48.29523079198738,74.92994330113196,38.742354251544995
piecewise_0024,1,default,49.61661937599353,-0.030172395515748462,134.30275666293605,134.34327902186493
piecewise_0024,2,previous_period,45.72903984790174,10.414731027048541,134.30275666293605,120.31548579457974
piecewise_0024,3,previous_period,45.54802207343355,10.994276650586254,134.30275666293605,119.53714004604919
piecewise_0024,4,previous_period,45.53392765537875,11.04035582036127,134.30275666293605,119.47525445079395
piecewise_0024,5,previous_period,45.53280021383718,11.044030349945434,134.30275666293605,119.47031945626803
piecewise_0024,6,previous_period,45.532709902563845,11.044325940952948,134.30275666293605,119.4699224693965
piecewise_0025,1,default,63.51714327363308,-5.931485203658893,158.24932365373715,167.63585887114883
piecewise_0025,2,previous_period,43.75887080162529,23.3888316152687,158.24932365373715,121.23665581206299
piecewise_0025,3,previous_period,43.26762569789966,24.31137551638811,158.24932365373715,119.77673632813271
piecewise_0025,4,previous_period,43.249018640090206,24.34554472411533,158.24932365373715,119.72266378800656
piecewise_0025,5,previous_period,43.2489260161876,24.34543646352282,158.24932365373715,119.72283510966199
piecewise_0025,6,previous_period,43.24801685830694,24.347406944430194,158.24932365373715,119.71971683695334
piecewise_0026,1,default,65.00376524647606,-3.727499303141091,172.36441189279032,178.7892941449573
piecewise_0026,2,previous_period,41.199844193500404,36.77191941288914,172.36441189279032,108.98270925507316
piecewise_0026,3,previous_period,40.63719392961737,37.652175708123224,172.36441189279032,107.46546066864366
piecewise_0026,4,previous_period,40.632040526816006,37.66116612614792,172.36441189279032,107.4499643874887
piecewise_0026,5,previous_period,40.63233988845376,37.66056549244503,172.36441189279032,107.4509996662383
piecewise_0026,6,previous_period,40.63229432065869,37.66065515786732,172.36441189279032,107.45084511496052
piecewise_0027,1,default,69.38854283725766,5.541411820937492,228.17023664492314,215.52638417962032
piecewise_0027,2,previous_period,30.54016595573502,61.63219886417608,228.17023664492314,87.54390264706294
piecewise_0027,3,previous_period,30.165595099765127,62.23252867752183,228.17023664492314,86.17412869130195
piecewise_0027,4,previous_period,30.164788502690637,62.233744869770426,228.17023664492314,86.17135370257026
piecewise_0027,5,previous_period,30.164784938572968,62.23375477980314,228.17023664492314,86.17133109082515
piecewise_0027,6,previous_period,30.16478540574979,62.23375382183332,228.17023664492314,86.17133327662717
piecewise_0028,1,default,39.360179056778705,9.519104290343394,111.90651128244386,101.25401376578313
piecewise_0028,2,previous_period,36.38113041006871,22.666643156814192,111.90651128244386,86.54106170081229
piecewise_0028,3,previous_period,36.23807071071408,21.68686376849419,111.90651128244386,87.63749863254567
piecewise_0028,4,previous_period,36.22647885602287,21.626460279026183,111.90651128244386,87.70509407030218
piecewise_0028,5,previous_period,36.22559647893097,21.623587101811115,111.90651128244386,87.70830934268653
piecewise_0028,6,previous_period,36.225525335994554,21.623453498554934,111.90651128244386,87.70845885342948
piecewise_0029,1,default,34.277068063454344,7.6792977964407205,82.74990477449708,76.39529316059233
piecewise_0029,2,previous_period,27.009089872557535,17.846805462036862,82.74990477449708,67.98169024937184
piecewise_0029,3,previous_period,26.905850780043394,18.207284748766938,82.74990477449708,67.68339398287091
piecewise_0029,4,previous_period,26.9896361136481,17.93273135433434,82.74990477449708,67.91058665531904
piecewise_0029,5,previous_period,26.910687572362473,18.19114896156656,82.74990477449708,67.69674633141383
piecewise_0029,6,previous_period,26.980423306622882,17.96235869501238,82.74990477449708,67.88607005912074
piecewise_0030,1,default,42.71917528628677,5.2439443073186816,118.42082994976694,112.2109075789366
piecewise_0030,2,previous_period,34.57440925895165,21.44540619896651,118.42082994976694,93.02500194285203
piecewise_0030,3,previous_period,34.00314036216711,22.574414622288465,118.42082994976694,91.68802079775139
piecewise_0030,4,previous_period,34.166321519090864,22.143801561645947,118.42082994976694,92.19795635803635
piecewise_0030,5,previous_period,34.05588431997308,22.467977846826248,118.42082994976694,91.81406411062552
piecewise_0030,6,previous_period,34.10997093983604,22.266303297850186,118.42082994976694,92.05288878532042
piecewise_0031,1,default,42.139343252805816,9.763448548493281,129.5019111587785,116.8580586934757
piecewise_0031,2,previous_period,17.96036561015869,76.28782194094063,129.5019111587785,30.70772376385444
piecewise_0031,3,previous_period,17.308752694846625,75.02222522601555,129.5019111587785,32.34669569724514
piecewise_0031,4,previous_period,17.463184060394017,76.03269208576316,129.5019111587785,31.0381218022459
piecewise_0031,5,previous_period,17.358011558249522,75.35632932752169,129.5019111587785,31.9140245005348
piecewise_0031,6,previous_period,17.410399036746437,75.79882644227158,129.5019111587785,31.340982280111245
piecewise_0032,1,default,33.18024296736347,0.6393388250439114,84.49923754655381,83.95900111405261
piecewise_0032,2,previous_period,31.518874075807243,0.49196689381213465,84.49923754655381,84.08352927230109
piecewise_0032,3,previous_period,31.401743122923023,2.4348910224883946,84.49923754655381,82.44177319746163
piecewise_0032,4,previous_period,31.42242558493324,1.7918666653244486,84.49923754655381,82.98512387650379
piecewise_0032,5,previous_period,31.41239979703944,2.0540970491942034,84.49923754655381,82.76354120151845
piecewise_0032,6,previous_period,31.41580470277656,1.9518763156935792,84.49923754655381,82.84991694194098
piecewise_0033,1,default,42.35044689367124,4.155658849275589,113.26815053799506,108.56111261675207
piecewise_0033,2,previous_period,38.03632679111734,18.899477194051528,113.26815053799506,91.86106225894272
piecewise_0033,3,previous_period,37.98933127338306,19.598761729540026,113.26815053799506,91.0689955985967
piecewise_0033,4,previous_period,37.996462536115935,19.45064418843947,113.26815053799506,91.23676559802365
piecewise_0033,5,previous_period,37.99301088884077,19.498357817370206,113.26815053799506,91.18272125297925
piecewise_0033,6,previous_period,37.99426072944839,19.487095118338438,113.26815053799506,91.19547830387319
piecewise_0034,1,default,65.38194263033458,6.73831030037606,193.99057246072928,180.91888573484948
piecewise_0034,2,previous_period,51.20712034789741,27.306206688648317,193.99057246072928,141.01910578811047
piecewise_0034,3,previous_period,51.1863324433816,27.314822274485383,193.99057246072928,141.0023923638243
piecewise_0034,4,previous_period,51.188456121685526,27.311187279241068,193.99057246072928,141.00944391190765
piecewise_0034,5,previous_period,51.18852317680534,27.311080271339115,193.99057246072928,141.00965149714924
piecewise_0034,6,previous_period,51.188524897582205,27.311076886211914,193.99057246072928,141.00965806397687
piecewise_0035,1,default,37.56756799597689,11.191835421000428,109.77477893662832,97.48896634427383
piecewise_0035,2,previous_period,25.522556909442073,42.678077208333896,109.77477893662832,62.92501402677623
piecewise_0035,3,previous_period,25.115055023548738,43.679027317862904,109.77477893662832,61.826223256774824
piecewise_0035,4,previous_period,25.096214339567137,43.70352266911809,109.77477893662832,61.79933353908469
piecewise_0035,5,previous_period,25.094857909573072,43.70771545434672,109.77477893662832,61.79473091836868
piecewise_0035,6,previous_period,25.094813986505446,43.70767733031498,109.77477893662832,61.79477276894025
piecewise_0036,1,default,53.741911833917506,7.218067593562749,153.26157535911904,142.19905125473872
piecewise_0036,2,previous_period,40.780333534352216,30.323017076816484,153.26157535911904,106.78804169077542
piecewise_0036,3,previous_period,40.734150942735084,30.625641410135916,153.26157535911904,106.32423487011
piecewise_0036,4,previous_period,40.72472464856817,30.542375392533838,153.26157535911904,106.45184968042577
piecewise_0036,5,previous_period,40.72906601698317,30.575472454480966,153.26157535911904,106.401124601888
piecewise_0036,6,previous_period,40.72736340931408,30.56071658349122,153.26157535911904,106.42373968222485
piecewise_0037,1,default,39.812379386556685,10.467633616061068,112.71782561804287,100.91893661235552
piecewise_0037,2,previous_period,16.708977382633844,61.742285497939,112.71782561804287,43.123263917881815
piecewise_0037,3,previous_period,16.37916839451737,62.645128085961275,112.71782561804287,42.105599383909436
piecewise_0037,4,previous_period,16.57781999138827,61.85417510599941,112.71782561804287,42.99714438458357
piecewise_0037,5,previous_period,16.40854317003937,62.53966632611308,112.71782561804287,42.22447358646885
piecewise_0037,6,previous_period,16.539412138835626,61.98469696154184,112.71782561804287,42.850022987059816
piecewise_0038,1,default,61.88665975889141,-6.688215308295975,151.52939674459986,161.66400905424075
piecewise_0038,2,previous_period,41.475172810380435,30.241640386576773,151.52939674459986,105.7044215011488
piecewise_0038,3,previous_period,40.301824141910856,31.98636566622588,151.52939674459986,103.06064981004597
piecewise_0038,4,previous_period,40.33799338434986,31.914576596458122,151.52939674459986,103.16943135439362
piecewise_0038,5,previous_period,40.33455396544871,31.920382285479086,151.52939674459986,103.16063402884329
piecewise_0038,6,previous_period,40.33483965856072,31.91995336743364,151.52939674459986,103.16128396577008
piecewise_0039,1,default,55.4668715470145,-7.391890857317529,132.35294090564162,142.1363258438366
piecewise_0039,2,previous_period,40.467598198547016,20.33761907825732,132.35294090564162,105.43550394538121
piecewise_0039,3,previous_period,40.09503702156295,21.27317137167102,132.35294090564162,104.19727297133801
piecewise_0039,4,previous_period,40.164642545668805,21.20616527750836,132.35294090564162,104.28595750754829
piecewise_0039,5,previous_period,40.12520898246987,21.24193696244625,132.35294090564162,104.23861263052149
piecewise_0039,6,previous_period,40.14399343383042,21.224127070944952,132.35294090564162,104.26218454569556
piecewise_0040,1,default,43.05622008773825,-15.23058539746125,81.62785869677926,94.06025942371122
piecewise_0040,2,previous_period,18.377082635650524,47.824643012585135,81.62785869677926,42.58962667622715
piecewise_0040,3,previous_period,17.730526146328785,48.78759922257208,81.62785869677926,41.80358614182715
piecewise_0040,4,previous_period,17.726933858437278,48.806846489283664,81.62785869677926,41.787875010152824
piecewise_0040,5,previous_period,17.723760973741854,48.80808150939264,81.62785869677926,41.78686688968339
piecewise_0040,6,previous_period,17.724781165000223,48.80902581389823,81.62785869677926,41.7860960741359
piecewise_0041,1,default,35.846099642190495,-1.5698164992396402,92.1650868602037,93.61190960027372
piecewise_0041,2,previous_period,27.836631633969496,29.84926399524278,92.1650868602037,64.65448677185668
piecewise_0041,3,previous_period,27.728413126305846,31.373781382517997,92.1650868602037,63.249413997675575
piecewise_0041,4,previous_period,27.742570090355645,31.013006277430367,92.1650868602037,63.58192268664958
piecewise_0041,5,previous_period,27.739152029671654,31.156668189500724,92.1650868602037,63.4495165606049
piecewise_0041,6,previous_period,27.739869116448794,31.088627219087662,92.1650868602037,63.512226580086626
piecewise_0042,1,default,64.60087896513349,6.780259892188456,193.2584441910294,180.15501941127764
piecewise_0042,2,previous_period,50.752002564189354,27.410184289122718,193.2584441910294,140.28594848397688
piecewise_0042,3,previous_period,50.72917270067634,27.3919528043885,193.2584441910294,140.32118236772715
piecewise_0042,4,previous_period,50.735510744905945,27.378720397488323,193.2584441910294,140.34675511143146
piecewise_0042,5,previous_period,50.73596898204071,27.377833610224535,193.2584441910294,140.34846890270074
piecewise_0042,6,previous_period,50.73599321071735,27.377786809174875,193.2584441910294,140.34855934968118
piecewise_0043,1,default,46.42826995190246,-3.571151992891841,119.91887267999013,124.20135789155503
piecewise_0043,2,previous_period,39.078753999566,22.354285959483235,119.91887267999013,93.11186496171652
piecewise_0043,3,previous_period,38.98775969543084,24.469975262245004,119.91887267999013,90.57475420043346
piecewise_0043,4,previous_period,38.986545999784816,24.103255675411685,119.91887267999013,91.0145201948607
piecewise_0043,5,previous_period,38.986096547987195,24.19617233640057,119.91887267999013,90.90309558247094
piecewise_0043,6,previous_period,38.98614404848126,24.17311497168648,119.91887267999013,90.93074571430579
piecewise_0044,1,default,58.386907109658374,-3.8904341659766306,149.5760414059385,155.3951988249105
piecewise_0044,2,previous_period,39.036655843383265,29.534294429911355,149.5760414059385,105.3998129405025
piecewise_0044,3,previous_period,38.50221789623552,30.48585154108785,149.5760414059385,103.976511481888
piecewise_0044,4,previous_period,38.49273608115223,30.50028944735208,149.5760414059385,103.95491583323606
piecewise_0044,5,previous_period,38.49286817471581,30.50002421565845,149.5760414059385,103.95531255630394
piecewise_0044,6,previous_period,38.493221295292386,30.499186293132162,149.5760414059385,103.95656588764882
piecewise_0045,1,default,51.24681172454842,2.2549548729960733,138.79213674799672,135.6624366970624
piecewise_0045,2,previous_period,49.05771811740422,6.4349738579942635,138.79213674799672,129.86089903131148
piecewise_0045,3,previous_period,49.17573277518902,6.033872227038184,138.79213674799672,130.4175965554465
piecewise_0045,4,previous_period,49.07016645352574,6.29448675628328,138.79213674799672,130.0558840816315
piecewise_0045,5,previous_period,49.12628560913123,6.137336196343224,138.79213674799672,130.27399670168373
piecewise_0045,6,previous_period,49.08813634259381,6.23623487588355,138.79213674799672,130.13673311113416
piecewise_0046,1,default,30.67474919691601,9.59872419447889,92.3147501789665,83.4537119184653
piecewise_0046,2,previous_period,18.951290272065748,44.39405427449682,92.3147501789665,51.33248988114997
piecewise_0046,3,previous_period,18.464464657673506,45.74581634173516,92.3147501789665,50.08461410576486
piecewise_0046,4,previous_period,18.45644235939616,45.79008845732386,92.3147501789665,50.04374441286021
piecewise_0046,5,previous_period,18.4572484094477,45.78468179477362,92.3147501789665,50.04873555988648
piecewise_0046,6,previous_period,18.457127201645076,45.78545140204634,92.3147501789665,50.048025098855305
piecewise_0047,1,default,49.90849898915429,5.52961918323982,153.21860967985887,144.74620404670804
piecewise_0047,2,previous_period,18.486548816424726,70.35220520753262,153.21860967985887,45.42593898175611
piecewise_0047,3,previous_period,18.140874550663145,71.04396293205168,153.21860967985887,44.36603741389497
piecewise_0047,4,previous_period,18.151612527501655,71.02817615934183,153.21860967985887,44.390225687554356
piecewise_0047,5,previous_period,18.149648884627673,71.03085778040945,153.21860967985887,44.38611694503766
piecewise_0047,6,previous_period,18.150066725086507,71.03028906275455,153.21860967985887,44.3869883263215
piecewise_0048,1,default,61.50316860261802,4.223224675675996,179.62011295373998,172.03435202100053
piecewise_0048,2,previous_period,50.6760725493391,20.079106617725863,179.62011295373998,143.5539989668789
piecewise_0048,3,previous_period,50.700336937299525,20.227589110792486,179.62011295373998,143.2872945451161
piecewise_0048,4,previous_period,50.66948625791231,20.25900262556344,179.62011295373998,143.23086955440178
piecewise_0048,5,previous_period,50.67088159851011,20.25780118590782,179.62011295373998,143.23302758166827
piecewise_0048,6,previous_period,50.670792562565936,20.25788433393283,179.62011295373998,143.23287823109183
piecewise_0049,1,default,71.35609067447095,-5.685021869973839,205.4964421026453,217.17895977819882
piecewise_0049,2,previous_period,33.291431816158926,51.44421914741963,205.4964421026453,99.78040208721015
piecewise_0049,3,previous_period,33.003187449359096,51.9070873348347,205.4964421026453,98.82922443044717
piecewise_0049,4,previous_period,33.00436451549355,51.90516717381435,205.4964421026453,98.83317029302663
piecewise_0049,5,previous_period,33.00435237401457,51.905186989234956,205.4964421026453,98.83312957304231
piecewise_0049,6,previous_period,33.00435245971138,51.905187264321775,205.4964421026453,98.83312900774868
piecewise_0050,1,default,65.37120940866761,5.24771332658498,203.15660269773147,192.49552658412532
piecewise_0050,2,previous_period,44.58239934132283,36.91796141007663,203.15660269773147,128.15532651176028
piecewise_0050,3,previous_period,43.853575756156815,38.5115467600916,203.15660269773147,124.91785265358111
piecewise_0050,4,previous_period,43.909160576215186,38.35167432222072,203.15660269773147,125.24264406700962
piecewise_0050,5,previous_period,43.89727602926114,38.38528503517122,203.15660269773147,125.17436168443689
piecewise_0050,6,previous_period,43.89971782002705,38.37835227201345,203.15660269773147,125.1884460505413
piecewise_0051,1,default,51.148073323877774,4.338500274375379,139.37509546783835,133.32830656855523
piecewise_0051,2,previous_period,49.59051044989945,6.178422248878279,139.37509546783835,130.76391356005809
piecewise_0051,3,previous_period,49.651841925843634,6.473418625171434,139.37509546783835,130.35276207897283
piecewise_0051,4,previous_period,49.642074963449524,6.39207832900528,139.37509546783835,130.46613019440824
piecewise_0051,5,previous_period,49.64363847190506,6.409253938567061,139.37509546783835,130.44219167218432
piecewise_0051,6,previous_period,49.64334274279419,6.405782913013591,139.37509546783835,130.44702941736318
piecewise_0052,1,default,52.0094760972894,8.406173697982311,150.2170966299363,137.58958656315792
piecewise_0052,2,previous_period,29.16365479754303,53.74611848510074,150.2170966299363,69.48123789033248
piecewise_0052,3,previous_period,28.406001191950505,54.88827075810413,150.2170966299363,67.76552990673395
piecewise_0052,4,previous_period,28.37382206215923,54.93145650867544,150.2170966299363,67.70065752606789
piecewise_0052,5,previous_period,28.372222397221392,54.93355829359443,150.2170966299363,67.69750028578517
piecewise_0052,6,previous_period,28.37218489455185,54.93360850065685,150.2170966299363,67.6974248661937
piecewise_0053,1,default,72.07158582028993,-6.647938971918799,197.44184798267815,210.56766154159527
piecewise_0053,2,previous_period,37.09321733566143,50.198304995778976,197.44184798267815,98.32938694303111
piecewise_0053,3,previous_period,36.77065681339889,50.69391436734877,197.44184798267815,97.35084664102835
piecewise_0053,4,previous_period,36.751643141238794,50.77383184370403,197.44184798267815,97.1930560988514
piecewise_0053,5,previous_period,36.75579975576711,50.75511488461786,197.44184798267815,97.23001120875732
piecewise_0053,6,previous_period,36.754773850423746,50.759713595233116,197.44184798267815,97.22093142953517
piecewise_0054,1,default,39.47145570550972,12.286297638620969,109.62248443359874,96.15393971723586
piecewise_0054,2,previous_period,23.348653722138643,50.63525909981066,109.62248443359874,54.11485540899642
piecewise_0054,3,previous_period,23.074766289655972,51.40142601863247,109.62248443359874,53.27496419767559
piecewise_0054,4,previous_period,23.07574285241102,51.389286047586204,109.62248443359874,53.288272335546026
piecewise_0054,5,previous_period,23.075597975544298,51.39121093911891,109.62248443359874,53.28616222162522
piecewise_0054,6,previous_period,23.07562165985779,51.39089996247586,109.62248443359874,53.28650312194735
piecewise_0055,1,default,58.265247088702125,-1.961318322884953,157.44224684336177,160.53019047866238
piecewise_0055,2,previous_period,55.55495668005796,2.283899968052394,157.44224684336177,153.84642341800526
piecewise_0055,3,previous_period,55.58590292671931,2.1575836221717437,157.44224684336177,154.0452987110902
piecewise_0055,4,previous_period,55.57735784530643,2.1929516317933384,157.44224684336177,153.98961452207817
piecewise_0055,5,previous_period,55.57972674873459,2.183603786741428,157.44224684336177,154.00433197935934
piecewise_0055,6,previous_period,55.57880797141543,2.1870757922678674,157.44224684336177,153.998865575848
piecewise_0056,1,default,55.47547423740281,-1.5486545541033347,157.9942371061494,160.4410220543146
piecewise_0056,2,previous_period,28.931834452667832,47.289369824758424,157.9942371061494,83.27975801921671
piecewise_0056,3,previous_period,28.817865316814924,47.47031374756513,157.9942371061494,82.99387704878832
piecewise_0056,4,previous_period,28.844113496241164,47.41686068555323,157.9942371061494,83.0783298063239
piecewise_0056,5,previous_period,28.844887675132064,47.41535799918505,157.9942371061494,83.08070396418739
piecewise_0056,6,previous_period,28.845046863712053,47.41500688417602,157.9942371061494,83.08125870566727
piecewise_0057,1,default,71.67044475095166,-1.1598070525616233,203.07263149413166,205.42788219602306
piecewise_0057,2,previous_period,52.096435882312285,27.174300664385065,203.07263149413166,147.8890640448376
piecewise_0057,3,previous_period,51.719506399638135,27.699626047427007,203.07263149413166,146.8222719655877
piecewise_0057,4,previous_period,51.722607747018294,27.692957374540917,203.07263149413166,146.83581421510323
piecewise_0057,5,previous_period,51.72280038387941,27.6926723234878,203.07263149413166,146.8363930757779
piecewise_0057,6,previous_period,51.72279962718675,27.692674485496116,203.07263149413166,146.83638868533072
piecewise_0058,1,default,48.21406770065653,-1.0677650491428325,126.4023086643,127.75198833752702
piecewise_0058,2,previous_period,40.18664096454055,15.350309041433906,126.4023086643,106.99916364882276
piecewise_0058,3,previous_period,39.80796062929024,16.238421227549683,126.4023086643,105.87656934204344
piecewise_0058,4,previous_period,39.804620735785626,16.248459642333234,126.4023086643,105.86388055400373
piecewise_0058,5,previous_period,39.80448661012086,16.248243367803738,126.4023086643,105.86415393000206
piecewise_0058,6,previous_period,39.8045158802336,16.24829900169842,126.4023086643,105.86408360747478
piecewise_0059,1,default,54.497979240676024,3.9713610653564713,151.3958503407598,145.38337448576152
piecewise_0059,2,previous_period,31.853892338411324,46.97042321956791,151.3958503407598,80.28457869884127
piecewise_0059,3,previous_period,31.446486197732973,47.19217398230246,151.3958503407598,79.94885724596219
piecewise_0059,4,previous_period,31.49615915217248,47.28992401955344,151.3958503407598,79.80086774585766
piecewise_0059,5,previous_period,31.470360860682643,47.24346292813139,151.3958503407598,79.87120791029366
piecewise_0059,6,previous_period,31.482293473676123,47.26448822063145,151.3958503407598,79.83937648992656
piecewise_0060,1,default,31.07816864810744,-0.8079686053754864,66.81064335588914,67.35045237925411
piecewise_0060,2,previous_period,27.517702302219682,-0.7951385819821688,66.81064335588914,67.34188055808232
piecewise_0060,3,previous_period,27.431509173590037,0.03380522940283903,66.81064335588914,66.78805786463717
piecewise_0060,4,previous_period,27.432922695951312,-0.256873002979896,66.81064335588914,66.9822618617876
piecewise_0060,5,previous_period,27.434262835714353,-0.1418484774707851,66.81064335588914,66.90541323627791
piecewise_0060,6,previous_period,27.433366960079535,-0.18917515277108166,66.81064335588914,66.93703249252499
piecewise_0061,1,default,40.03910384010782,-1.1679540835903612,108.03425558270187,109.29604608245648
piecewise_0061,2,previous_period,39.21293133868192,4.487884698486644,108.03425558270187,103.18580275728185
piecewise_0061,3,previous_period,39.18908063831649,3.5984262792863486,108.03425558270187,104.14672253918255
piecewise_0061,4,previous_period,39.177962266885594,3.9545141664940497,108.03425558270187,103.76202564101754
piecewise_0061,5,previous_period,39.18169591542032,3.774429444850491,108.03425558270187,103.95657882946334
piecewise_0061,6,previous_period,39.1783226540686,3.8631610019286833,108.03425558270187,103.86071835230698
piecewise_0062,1,default,42.15914470848791,-14.149880881205501,95.56511025625589,109.0874595215088
piecewise_0062,2,previous_period,23.620071388945384,56.69203352244829,95.56511025625589,41.387305914014625
piecewise_0062,3,previous_period,23.13064912746618,59.33960976700645,95.56511025625589,38.85714675678419
piecewise_0062,4,previous_period,23.14494863678642,59.18406258106164,95.56511025625589,39.005795596532856
piecewise_0062,5,previous_period,23.14338776990745,59.24414735146901,95.56511025625589,38.94837551944583
piecewise_0062,6,previous_period,23.144167858963616,59.205391159260714,95.56511025625589,38.98541291726081
piecewise_0063,1,default,67.90338987612718,6.099264459242937,210.55528810797944,197.71296425335288
piecewise_0063,2,previous_period,37.872934969655894,50.380523401056855,210.55528810797944,104.47643191057617
piecewise_0063,3,previous_period,37.710473286462644,50.768604102563984,210.55528810797944,103.65930747142636
piecewise_0063,4,previous_period,37.710447133768476,50.765006074156396,210.55528810797944,103.66688331050617
piecewise_0063,5,previous_period,37.71045591215534,50.76510378207723,210.55528810797944,103.66667758131194
piecewise_0063,6,previous_period,37.710456405000805,50.765098931583275,210.55528810797944,103.66668779428349
piecewise_0064,1,default,48.446240107114605,-8.552302652865972,128.94185621047842,139.9693539998218
piecewise_0064,2,previous_period,17.839527889514716,60.83847445875594,128.94185621047842,50.495597953220695
piecewise_0064,3,previous_period,16.311132911185094,64.32334725532102,128.94185621047842,46.002138282755666
piecewise_0064,4,previous_period,16.389117351524057,64.1483857407413,128.94185621047842,46.22773690730872
piecewise_0064,5,previous_period,16.383166502214678,64.16160059333438,128.94185621047842,46.21069743107972
piecewise_0064,6,previous_period,16.383613958103506,64.16060854521187,128.94185621047842,46.2119765963434
piecewise_0065,1,default,80.7152537625275,-5.494749696615497,215.93025233752348,227.7950792227406
piecewise_0065,2,previous_period,45.334068396720085,42.01334237090067,215.93025233752348,125.21073614060998
piecewise_0065,3,previous_period,44.32064945304416,43.448049366514105,215.93025233752348,122.11276970467779
piecewise_0065,4,previous_period,44.29029854345998,43.49137274922408,215.93025233752348,122.019221415071
piecewise_0065,5,previous_period,44.28950502105917,43.49250878157549,215.93025233752348,122.01676837754796
piecewise_0065,6,previous_period,44.28949292940111,43.49252734771759,215.93025233752348,122.01672828763047
piecewise_0066,1,default,50.98675439879151,8.375308353342314,159.63610333812835,146.2660874402999
piecewise_0066,2,previous_period,34.1835006776964,42.316504859981485,159.63610333812835,92.0836839107642
piecewise_0066,3,previous_period,33.98386827813032,42.63097102085347,159.63610333812835,91.58168238523115
piecewise_0066,4,previous_period,34.01347265155826,42.54960200351453,159.63610333812835,91.71157671383557
piecewise_0066,5,previous_period,34.0160575521657,42.543563514636936,159.63610333812835,91.72121632218025
piecewise_0066,6,previous_period,34.01606752473695,42.543608029704835,159.63610333812835,91.72114526006047
piecewise_0067,1,default,75.73933879757455,5.4992199480337405,228.28011573770124,215.72649007565906
piecewise_0067,2,previous_period,50.475326368723735,39.90530059544357,228.28011573770124,137.18424935294507
piecewise_0067,3,previous_period,49.9678526008106,40.789651172181266,228.28011573770124,135.16545283284125
piecewise_0067,4,previous_period,49.980576484746365,40.75726425259831,228.28011573770124,135.23938573034908
piecewise_0067,5,previous_period,49.979145556744285,40.76052145790526,228.28011573770124,135.23195017830454
piecewise_0067,6,previous_period,49.979272466231784,40.76023229027017,228.28011573770124,135.23261029051662
piecewise_0068,1,default,84.57398183533802,-5.812222447636173,228.69543130340134,241.98771849833597
piecewise_0068,2,previous_period,55.8421935870059,29.632401125493168,228.69543130340134,160.92748374390078
piecewise_0068,3,previous_period,55.97439230902564,29.649338496389056,228.69543130340134,160.88874875047898
piecewise_0068,4,previous_period,55.98133165754897,29.645875025322177,228.69543130340134,160.89666955057345
piecewise_0068,5,previous_period,55.980706212336926,29.646907874736574,228.69543130340134,160.89430747115048
piecewise_0068,6,previous_period,55.98011469168338,29.647805466235553,228.69543130340134,160.89225472040053
piecewise_0069,1,default,48.29040565356417,2.3237579599133418,133.6223872170061,130.5173263578247
piecewise_0069,2,previous_period,46.661917144086004,6.998600554553558,133.6223872170061,124.270690084229
piecewise_0069,3,previous_period,46.670915649464376,7.090863531413305,133.6223872170061,124.14740609203153
piecewise_0069,4,previous_period,46.671475893250644,7.053541273788344,133.6223872170061,124.19727698363329
piecewise_0069,5,previous_period,46.67172142883999,7.061046827740625,133.6223872170061,124.18724788326838
piecewise_0069,6,previous_period,46.67170241823711,7.059023054609604,133.6223872170061,124.18995209723792
piecewise_0070,1,default,34.63044066547712,3.3230827235878,98.60015837614003,95.3235935477123
piecewise_0070,2,previous_period,30.22577509932024,19.535015198645624,98.60015837614003,79.33860245147243
piecewise_0070,3,previous_period,30.056876103972463,20.468907713650854,98.60015837614003,78.41778295261435
piecewise_0070,4,previous_period,30.040778271548344,20.5283959241637,98.60015837614003,78.35912748283354
piecewise_0070,5,previous_period,30.04165519021919,20.529031563147736,98.60015837614003,78.35850074178859
piecewise_0070,6,previous_period,30.041302229289425,20.52957576727651,98.60015837614003,78.35796415565572
piecewise_0071,1,default,32.25272113879932,11.78759953044446,107.25405571450706,94.61137714672118
piecewise_0071,2,previous_period,10.624492122737871,74.69031356022685,107.25405571450706,27.145665195281328
piecewise_0071,3,previous_period,9.718314174674743,76.69298640032093,107.25405571450706,24.997717351587525
piecewise_0071,4,previous_period,10.14369513357145,75.36507814368419,107.25405571450706,26.421952812998246
piecewise_0071,5,previous_period,9.718099748139954,76.86028572790188,107.25405571450706,24.818282037573866
piecewise_0071,6,previous_period,10.134699511006827,75.29635430224882,107.25405571450706,26.49566192018049
piecewise_0072,1,default,57.37884227678914,7.8257824782183345,171.32570168833468,157.91812494492436
piecewise_0072,2,previous_period,42.84545602872106,40.92465971060319,171.32570168833468,101.21124127558058
piecewise_0072,3,previous_period,42.36289447604434,41.89762606326796,171.32570168833468,99.54429984468625
piecewise_0072,4,previous_period,42.391885968539526,41.76709074986271,171.32570168833468,99.76794038632886
piecewise_0072,5,previous_period,42.38420637391598,41.79826249494969,171.32570168833468,99.7145351753301
piecewise_0072,6,previous_period,42.38600058198891,41.79090239051426,171.32570168833468,99.72714492589908
piecewise_0073,1,default,51.38610566473836,-8.818033324156783,139.55163692044246,151.85734676849336
piecewise_0073,2,previous_period,30.323123680738718,45.84785558655191,139.55163692044246,75.57020395648874
piecewise_0073,3,previous_period,28.61878577864796,52.978997922358076,139.55163692044246,65.61857809574457
piecewise_0073,4,previous_period,28.5906290936424,53.0906085846635,139.55163692044246,65.4628235895196
piecewise_0073,5,previous_period,28.59609637835588,53.072034268670244,139.55163692044246,65.48874435153496
piecewise_0073,6,previous_period,28.59500755345465,53.07564640059472,139.55163692044246,65.48370356230663
piecewise_0074,1,default,49.733841179524624,-3.5949448882519386,125.31005449137866,129.8148818897822
piecewise_0074,2,previous_period,42.80525282433847,10.418034739795235,125.31005449137866,112.2552094820105
piecewise_0074,3,previous_period,42.3985581705074,11.377980904356043,125.31005449137866,111.05230042011145
piecewise_0074,4,previous_period,42.487921308846836,11.154888810304897,125.31005449137866,111.3318572447329
piecewise_0074,5,previous_period,42.4519594836663,11.24211978722255,125.31005449137866,111.22254806002402
piecewise_0074,6,previous_period,42.46537868475371,11.209039357754014,125.31005449137866,111.26400116421704
piecewise_0075,1,default,67.61158334342807,5.169097588080751,211.55285415262415,200.61748067110486
piecewise_0075,2,previous_period,29.030539880478727,60.309515187945514,211.55285415262415,83.96635344691506
piecewise_0075,3,previous_period,28.882879099827036,60.41177648100946,211.55285415262415,83.75001676274489
piecewise_0075,4,previous_period,28.854182635995276,60.45801189684853,211.55285415262415,83.65220442090802
piecewise_0075,5,previous_period,28.85506713606873,60.45646630970547,211.55285415262415,83.6554741546226
piecewise_0075,6,previous_period,28.855009220915747,60.456562523671955,211.55285415262415,83.6552706112304
piecewise_0076,1,default,42.3082169704502,-7.805252887423353,104.8483215622058,113.03199820835479
piecewise_0076,2,previous_period,26.39730447274412,48.06285268826289,104.8483215622058,54.455227223646645
piecewise_0076,3,previous_period,25.369171016939323,48.062447493638814,104.8483215622058,54.45565206340905
piecewise_0076,4,previous_period,25.561352643843666,48.21363994024994,104.8483215622058,54.29712932080845
piecewise_0076,5,previous_period,25.435680781321395,48.14087464873399,104.8483215622058,54.37342250764278
piecewise_0076,6,previous_period,25.504719640231123,48.175872958903746,104.8483215622058,54.33672736685465
piecewise_0077,1,default,42.540696091450236,0.3502152677504533,115.96924340274015,115.56310140644906
piecewise_0077,2,previous_period,41.92818943475901,3.1463774697995883,115.96924340274015,112.32041325641929
piecewise_0077,3,previous_period,41.98435910126789,2.6099189399926614,115.96924340274015,112.94254015460584
piecewise_0077,4,previous_period,41.90560160688544,2.879611125031012,115.96924340274015,112.62978016810055
piecewise_0077,5,previous_period,41.93915172560016,2.773174468236961,115.96924340274015,112.75321395368778
piecewise_0077,6,previous_period,41.91599667374912,2.8287373563236184,115.96924340274015,112.68877809276097
piecewise_0078,1,default,63.626062054697485,3.059602887177326,181.70879692230113,176.14922932541123
piecewise_0078,2,previous_period,53.36604268152022,19.737791455604846,181.70879692230113,145.84349352928882
piecewise_0078,3,previous_period,53.478956148505254,19.656400850078892,181.70879692230113,145.9913874193978
piecewise_0078,4,previous_period,53.463137389471655,19.666415074380915,181.70879692230113,145.9731906928975
piecewise_0078,5,previous_period,53.46465536101947,19.666158148369718,181.70879692230113,145.97365755006143
piecewise_0078,6,previous_period,53.464436824122075,19.666202822136924,181.70879692230113,145.9735763738965
piecewise_0079,1,default,56.73527564005292,-2.3333805626611914,146.2738329289703,149.6869581147944
piecewise_0079,2,previous_period,48.7085705213358,11.555148674651882,146.2738329289703,129.37167406191588
piecewise_0079,3,previous_period,48.333781450288896,12.244796622339415,146.2738329289703,128.36289957511735
piecewise_0079,4,previous_period,48.306602918683595,12.31550457589533,146.2738329289703,128.25947234126548
piecewise_0079,5,previous_period,48.30754745870411,12.309467257481154,146.2738329289703,128.26830335831602
piecewise_0079,6,previous_period,48.30673148491533,12.312178331121359,146.2738329289703,128.26433776698897
piecewise_0080,1,default,37.63497941359633,-12.394988693044295,91.11550046544522,102.40925644574787
piecewise_0080,2,previous_period,28.332660515241294,34.46364665822783,91.11550046544522,59.71377633415825
piecewise_0080,3,previous_period,27.985529744389115,37.87922072342633,91.11550046544522,56.601658930884675
piecewise_0080,4,previous_period,28.15870875771177,36.31947139144641,91.11550046544522,58.02283234072463
piecewise_0080,5,previous_period,28.032867998139178,37.305209047221474,91.11550046544522,57.12467254238882
piecewise_0080,6,previous_period,28.1049937374058,36.79115199981382,91.11550046544522,57.593058193812205
piecewise_0081,1,default,67.02933896302025,4.506317422589056,195.18946543348292,186.39360854559544
piecewise_0081,2,previous_period,56.86241377285299,21.521129106794156,195.18946543348292,153.1824885746817
piecewise_0081,3,previous_period,56.27561161362657,22.911568038352037,195.18946543348292,150.46849825699485
piecewise_0081,4,previous_period,56.23054381929596,23.027356466358672,195.18946543348292,150.24249144333487
piecewise_0081,5,previous_period,56.227304043236195,23.035735408016212,195.18946543348292,150.22613663190452
piecewise_0081,6,previous_period,56.2270809826787,23.03631236975997,195.18946543348292,150.22501046336114
piecewise_0082,1,default,64.96475161578373,2.289041760023658,172.67582683647123,168.72320505071826
piecewise_0082,2,previous_period,47.7582201398026,28.36001153108344,172.67582683647123,123.70494243425432
piecewise_0082,3,previous_period,47.3170398766674,28.85359011487737,172.67582683647123,122.85265153360041
piecewise_0082,4,previous_period,47.2876614280375,28.872897032776855,172.67582683647123,122.81931315348083
piecewise_0082,5,previous_period,47.28510086011135,28.875724202144582,172.67582683647123,122.81443131539903
piecewise_0082,6,previous_period,47.284940467966585,28.875841117871147,172.67582683647123,122.81422943020148
piecewise_0083,1,default,48.41548624944485,4.7381539905511305,128.60802637240826,122.51438003867494
piecewise_0083,2,previous_period,36.59773506120906,30.491893514256375,128.60802637240826,89.39300392014678
piecewise_0083,3,previous_period,36.706656002580296,30.727953818550734,128.60802637240826,89.0894114217451
piecewise_0083,4,previous_period,36.69774641826636,30.69059652728834,128.60802637240826,89.13745589674386
piecewise_0083,5,previous_period,36.69862549109384,30.694616777108806,128.60802637240826,89.13228553279451
piecewise_0083,6,previous_period,36.698533479360194,30.6941914854016,128.60802637240826,89.13283249206548
piecewise_0084,1,default,50.517380364959045,2.197091912962368,136.90898436558535,133.90096814197017
piecewise_0084,2,previous_period,24.640375049140108,51.34348779623487,136.90898436558535,66.61513668589194
piecewise_0084,3,previous_period,24.58118522096075,51.59510755027898,136.90898436558535,66.27064663616696
piecewise_0084,4,previous_period,24.577632514211558,51.59940484871577,136.90898436558535,66.264763248522
piecewise_0084,5,previous_period,24.577686567944287,51.599782402092195,136.90898436558535,66.26424634402889
piecewise_0084,6,previous_period,24.57768897075791,51.599542866551104,136.90898436558535,66.2645742897054
piecewise_0085,1,default,63.81746566435117,-3.6144725181572745,164.24940452115652,170.18615410881068
piecewise_0085,2,previous_period,49.92767135448427,17.030330885334333,164.24940452115652,136.27718745401228
piecewise_0085,3,previous_period,49.03834298653985,18.490131664591836,164.24940452115652,133.87947336688663
piecewise_0085,4,previous_period,48.97724555247486,18.595070372057464,164.24940452115652,133.70711216476212
piecewise_0085,5,previous_period,48.97234491147226,18.604037108721748,164.24940452115652,133.69238435318607
piecewise_0085,6,previous_period,48.971760115838,18.605117382737667,164.24940452115652,133.69061000954773
piecewise_0086,1,default,34.82135313247948,-17.908284018982144,75.33590041457971,88.8272674290802
piecewise_0086,2,previous_period,18.851919035438275,56.716240391434546,75.33590041457971,32.60821003439495
piecewise_0086,3,previous_period,18.362322883277614,59.680055279199905,75.33590041457971,30.375393402075545
piecewise_0086,4,previous_period,18.59779620959122,58.780188331332454,75.33590041457971,31.053316269784695
piecewise_0086,5,previous_period,18.424499291331827,58.94574227774495,75.33590041457971,30.928594713582967
piecewise_0086,6,previous_period,18.517151473949383,59.200910195919356,75.33590041457971,30.736361664857142
piecewise_0087,1,default,54.13447996983354,-7.358218469168487,141.908701545654,152.3506538321435
piecewise_0087,2,previous_period,46.88048939176014,16.806257567391103,141.908701545654,118.05915965335106
piecewise_0087,3,previous_period,46.52092460572526,18.35722166552879,141.908701545654,115.85820664024462
piecewise_0087,4,previous_period,46.536272413699685,18.52378337910191,141.908701545654,115.62184107524081
piecewise_0087,5,previous_period,46.53295270038685,18.479964124375748,141.908701545654,115.68402441064968
piecewise_0087,6,previous_period,46.53359757174291,18.49138296627212,141.908701545654,115.667820080383
piecewise_0088,1,default,41.99776934812944,1.7804710730612516,109.30677237169076,107.36059690871589
piecewise_0088,2,previous_period,41.524753209590784,2.732438692833661,109.30677237169076,106.32003182951907
piecewise_0088,3,previous_period,41.49114019538915,2.6635719908143396,109.30677237169076,106.39530779873522
piecewise_0088,4,previous_period,41.48584904570391,2.736994842669427,109.30677237169076,106.31505164918917
piecewise_0088,5,previous_period,41.48464276575198,2.668563082925024,109.30677237169076,106.38985219704293
piecewise_0088,6,previous_period,41.48317547460088,2.7153395683631953,109.30677237169076,106.33872233058155
piecewise_0089,1,default,12.376603870480206,30.89858116758214,42.40068136959677,29.299472421004033
piecewise_0089,2,previous_period,10.467462220035978,52.57757483730548,42.40068136959677,20.107431390969587
piecewise_0089,3,previous_period,10.097951927652096,58.16708422106205,42.40068136959677,17.73744132703925
piecewise_0089,4,previous_period,10.081950004113299,55.62459290972019,42.40068136959677,18.815474966810992
piecewise_0089,5,previous_period,10.050526166242417,57.56138846823053,42.40068136959677,17.99426045326652
piecewise_0089,6,previous_period,10.048288363181687,56.42040138051729,42.40068136959677,18.478046752796054
piecewise_0090,1,default,45.640929805282006,-8.795917500653827,115.04122193362355,125.16015290664916
piecewise_0090,2,previous_period,29.187442269368553,30.055138913293067,115.04122193362355,80.46542287392322
piecewise_0090,3,previous_period,27.956755039484893,33.11278921182982,115.04122193362355,76.94786460802945
piecewise_0090,4,previous_period,28.00716884535623,33.020540462942016,115.04122193362355,77.05398869596846
piecewise_0090,5,previous_period,28.00592623836412,33.01318926692234,115.04122193362355,77.06244560169623
piecewise_0090,6,previous_period,28.005544032602025,33.017593848791684,115.04122193362355,77.05737851689267
piecewise_0091,1,default,40.8174127491892,-13.219353592416994,83.8285897268954,94.91018741443025
piecewise_0091,2,previous_period,26.924927047970062,46.495250392750634,83.8285897268954,44.85227703266375
piecewise_0091,3,previous_period,26.415464262568985,47.381810997526266,83.8285897268954,44.10908578060611
piecewise_0091,4,previous_period,26.451452822621494,47.386523526955756,83.8285897268954,44.105135333644895
piecewise_0091,5,previous_period,26.444837612480004,47.3926338136502,83.8285897268954,44.10001316648068
piecewise_0091,6,previous_period,26.44485543940295,47.39234917932957,83.8285897268954,44.10025177141753
piecewise_0092,1,default,40.20670259584763,5.183686856179348,118.41483634560687,112.27658203819337
piecewise_0092,2,previous_period,25.27383883870247,47.94691843674944,118.41483634560687,61.63857134596841
piecewise_0092,3,previous_period,25.043554180127902,49.568626792730974,118.41483634560687,59.71822805022985
piecewise_0092,4,previous_period,25.36243425063025,47.68947851431808,118.41483634560687,61.94341840880376
piecewise_0092,5,previous_period,25.034199717346244,49.60858980578596,118.41483634560687,59.67090591372201
piecewise_0092,6,previous_period,25.414948571646743,47.496512781360764,118.41483634560687,62.171918465688265
piecewise_0093,1,default,64.64961075750551,0.8345759739843084,185.91697138910854,184.36535301433577
piecewise_0093,2,previous_period,38.70870159071685,42.98578150052465,185.91697138910854,105.9991082953934
piecewise_0093,3,previous_period,38.6577740153355,43.029334399399055,185.91697138910854,105.91813606485397
piecewise_0093,4,previous_period,38.65600299229942,43.03637565082392,185.91697138910854,105.90504518345696
piecewise_0093,5,previous_period,38.65609936965878,43.03571888763198,185.91697138910854,105.9062662176926
piecewise_0093,6,previous_period,38.65585534761626,43.03614659452549,185.91697138910854,105.90547103798977
piecewise_0094,1,default,23.57709271919087,-4.978938606569505,44.844145352658465,47.076907818408124
piecewise_0094,2,previous_period,16.44050789952568,9.148811131477197,44.844145352658465,40.74143919081863
piecewise_0094,3,previous_period,16.357684127646028,9.173775608248924,44.844145352658465,40.73024408456859
piecewise_0094,4,previous_period,16.395025693972915,9.160620944860842,44.844145352658465,40.736143180938996
piecewise_0094,5,previous_period,16.368809888029435,9.211674680902082,44.844145352658465,40.7132485693407
piecewise_0094,6,previous_period,16.38335837605478,9.170217694566196,44.844145352658465,40.73183960055199
piecewise_0095,1,default,49.9395174824291,-9.169703938084982,126.87938719066344,138.5138513545038
piecewise_0095,2,previous_period,31.0172398451195,44.3819506499904,126.87938719066344,70.56784018269295
piecewise_0095,3,previous_period,29.026807375021942,51.7541127390857,126.87938719066344,61.21408610134641
piecewise_0095,4,previous_period,29.14151258906834,51.03957272201104,126.87938719066344,62.12069009624281
piecewise_0095,5,previous_period,29.118380327774155,51.204873075926535,126.87938719066344,61.91095802017084
piecewise_0095,6,previous_period,29.123524066899257,51.163453459512645,126.87938719066344,61.963510975653506
piecewise_0096,1,default,62.85668681251855,-7.008741536700813,180.16800877383255,192.79551884061092
piecewise_0096,2,previous_period,22.706696405400358,65.84584391350016,180.16800877383255,61.5348629345535
piecewise_0096,3,previous_period,20.981281311782094,69.77040762234468,180.16800877383255,54.46405464726785
piecewise_0096,4,previous_period,20.93759964475089,69.85508012251782,180.16800877383255,54.31150188972689
piecewise_0096,5,previous_period,20.94230060613688,69.84678217066707,180.16800877383255,54.326452144345396
piecewise_0096,6,previous_period,20.941485695264547,69.84822951028777,180.16800877383255,54.323844501370594
piecewise_0097,1,default,36.73825313145064,5.562770615200375,98.73562710461543,93.24319065330607
piecewise_0097,2,previous_period,30.131028403867543,22.568377241865754,98.73562710461543,76.45259830752397
piecewise_0097,3,previous_period,29.964153525877723,23.29402149681301,98.73562710461543,75.73612890185318
piecewise_0097,4,previous_period,29.967980219782145,23.141142322070472,98.73562710461543,75.88707511374758
piecewise_0097,5,previous_period,29.959592184005864,23.249457755937865,98.73562710461543,75.78012919086753
piecewise_0097,6,previous_period,29.96363388979944,23.18312443723044,98.73562710461543,75.8456238090726
piecewise_0098,1,default,38.50885442419424,10.259279085422445,123.57472489407886,110.8968489881523
piecewise_0098,2,previous_period,26.794983555152566,46.007184635482965,123.57472489407886,66.72147304926986
piecewise_0098,3,previous_period,26.5419853282683,47.64776533279724,123.57472489407886,64.69412996589838
piecewise_0098,4,previous_period,26.56041745452028,47.462714287150696,123.57472489407886,64.92280628646972
piecewise_0098,5,previous_period,26.557084931132596,47.50797707935782,123.57472489407886,64.86687291552039
piecewise_0098,6,previous_period,26.55784482430098,47.49569124026996,123.57472489407886,64.88205510737413
piecewise_0099,1,default,54.87381450087065,-7.349527432584391,128.65424919157275,138.10972852909288
piecewise_0099,2,previous_period,31.9330936721782,38.45849869315068,128.65424919157275,79.17575644754892
piecewise_0099,3,previous_period,31.02935072590676,40.17179286375197,128.65424919157275,76.97153069591886
piecewise_0099,4,previous_period,31.008364292156667,40.21900998286557,128.65424919157275,76.91078386583335
piecewise_0099,5,previous_period,31.01189224738918,40.20763506013775,128.65424919157275,76.92541818726495
piecewise_0099,6,previous_period,31.009980438197747,40.21349426432188,128.65424919157275,76.91788007211326
piecewise_0100,1,default,41.13484721279661,9.394869620111312,109.21023300838573,98.95007400542812
piecewise_0100,2,previous_period,32.61077267048138,30.60149870730582,109.21023300838573,75.7902649660789
piecewise_0100,3,previous_period,32.403507849619764,31.326945018728292,109.21023300838573,74.99800335902367
piecewise_0100,4,previous_period,32.387002502734745,31.368450160698067,109.21023300838573,74.95267549676802
piecewise_0100,5,previous_period,32.388021852004364,31.3666491203743,109.21023300838573,74.95464241710218
piecewise_0100,6,previous_period,32.38787149311815,31.366930256861092,109.21023300838573,74.95433538728989
piecewise_0101,1,default,52.8235874462016,-2.277492101056966,149.0631462765654,152.45804765860117
piecewise_0101,2,previous_period,38.5296745658519,33.19652374345494,149.0631462765654,99.5793635301244
piecewise_0101,3,previous_period,37.40793082111948,36.881266882338004,149.0631462765654,94.08676947509542
piecewise_0101,4,previous_period,37.309152370818865,37.179266900954744,149.0631462765654,93.64256127144056
piecewise_0101,5,previous_period,37.3012292792834,37.20401236696842,149.0631462765654,93.60567490123978
piecewise_0101,6,previous_period,37.30058492372,37.20596847827656,149.0631462765654,93.60275906017918
piecewise_0102,1,default,48.67029191419144,2.997099714887952,134.34503318772607,130.3185785810906
piecewise_0102,2,previous_period,45.95105006256107,8.16921764282369,134.34503318772607,123.37009503429701
piecewise_0102,3,previous_period,46.01204307156806,7.849048579119544,134.34503318772607,123.80022626918718
piecewise_0102,4,previous_period,45.93235920557739,8.200215806867494,134.34503318772607,123.32845054052478
piecewise_0102,5,previous_period,45.99087089698995,7.92068383897927,134.34503318772607,123.70398785555452
piecewise_0102,6,previous_period,45.938521240281865,8.161468000825023,134.34503318772607,123.38050629341205
piecewise_0103,1,default,68.13803854918335,-7.00781850482437,180.42494189309343,193.06879435839625
piecewise_0103,2,previous_period,30.283236935110992,58.91405147881549,180.42494189309343,74.12929874557344
piecewise_0103,3,previous_period,29.2921353149949,60.95978643365918,180.42494189309343,70.43828264201
piecewise_0103,4,previous_period,29.228804899621522,61.071235898031894,180.42494189309343,70.23720001067537
piecewise_0103,5,previous_period,29.226720259204008,61.07578495838717,180.42494189309343,70.2289923711727
piecewise_0103,6,previous_period,29.226544808437215,61.076068923814816,180.42494189309343,70.22848002671485
piecewise_0104,1,default,74.70675781516715,-2.976992812128798,198.74867810132295,204.66541196260033
piecewise_0104,2,previous_period,47.40307456228775,34.005220594780624,198.74867810132295,131.16375168375762
piecewise_0104,3,previous_period,46.65516596455376,34.815175357695296,198.74867810132295,129.55397729924601
piecewise_0104,4,previous_period,46.543173941459635,34.935015038120554,198.74867810132295,129.31579751855998
piecewise_0104,5,previous_period,46.52598898253474,34.95354934045797,198.74867810132295,129.27896083766905
piecewise_0104,6,previous_period,46.52336684143715,34.95638109876368,198.74867810132295,129.27333275546943
piecewise_0105,1,default,59.0484876366806,-8.649500804647392,154.26494377315925,167.6080913261075
piecewise_0105,2,previous_period,30.694648488713995,52.465397957373725,154.26494377315925,73.32922711385243
piecewise_0105,3,previous_period,29.680928580286473,55.924741009554104,154.26494377315925,67.99267349948568
piecewise_0105,4,previous_period,29.703958529803625,55.865635637845735,154.26494377315925,68.08385236791851
piecewise_0105,5,previous_period,29.70443035677358,55.85895774219121,154.26494377315925,68.0941540198952
piecewise_0105,6,previous_period,29.704126291128087,55.86078961539984,154.26494377315925,68.09132808171991
piecewise_0106,1,default,95.37783933224527,-4.855577070437556,268.91918420900845,281.9767624554688
piecewise_0106,2,previous_period,57.23367425453842,36.453821510285614,268.91918420900845,170.88786479054033
piecewise_0106,3,previous_period,56.95271847648232,36.771232452642124,268.91918420900845,170.0342858737651
piecewise_0106,4,previous_period,56.95250121382072,36.77162366519068,268.91918420900845,170.03323382817098
piecewise_0106,5,previous_period,56.95255520793437,36.7715631620841,268.91918420900845,170.03339653263163
piecewise_0106,6,previous_period,56.95255596510865,36.77156237905377,268.91918420900845,170.0333986383504
piecewise_0107,1,default,81.92514779658072,-5.230355954782628,222.4460343407553,234.0807537440748
piecewise_0107,2,previous_period,42.27685069411735,46.7441218725559,222.4460343407553,118.46558894784509
piecewise_0107,3,previous_period,41.50190705559052,48.063388939834496,222.4460343407553,115.53093167432026
piecewise_0107,4,previous_period,41.474443055270385,48.10072848420523,222.4460343407553,115.44787133862667
piecewise_0107,5,previous_period,41.47390947810809,48.10168113975281,222.4460343407553,115.44575219414014
piecewise_0107,6,previous_period,41.47388999416276,48.101707488403065,222.4460343407553,115.44569358261253
piecewise_0108,1,default,52.01768272745114,-1.6500595323992284,146.4985599291939,148.91587338213316
piecewise_0108,2,previous_period,38.75445940839938,26.316851590458146,146.4985599291939,107.94475133046956
piecewise_0108,3,previous_period,38.48000271143451,27.272566302498767,146.4985599291939,106.54464304029861
piecewise_0108,4,previous_period,38.475810700566285,27.288082961215466,146.4985599291939,106.52191135872951
piecewise_0108,5,previous_period,38.475483007600175,27.28929632864575,146.4985599291939,106.52013379291749
piecewise_0108,6,previous_period,38.47545535360752,27.289399150071915,146.4985599291939,106.51998316100887
piecewise_0109,1,default,60.191353384054516,-7.7732439143902265,158.81539527935726,171.16050332802467
piecewise_0109,2,previous_period,43.901417384604194,28.323727036027655,158.81539527935726,113.83295622924375
piecewise_0109,3,previous_period,43.394310631714475,29.595134473388807,158.81539527935726,111.8137654819875
piecewise_0109,4,previous_period,43.38351572595379,29.564305429316672,158.81539527935726,111.86272675019151
piecewise_0109,5,previous_period,43.384022324890466,29.589874952186936,158.81539527935726,111.82211841137405
piecewise_0109,6,previous_period,43.38365180427672,29.577612615468464,158.81539527935726,111.84159288990398
piecewise_0110,1,default,77.42745784937621,5.150364318183531,245.17702606389403,232.5495159971157
piecewise_0110,2,previous_period,45.56039259870891,50.00776438324757,245.17702606389403,122.56947654800842
piecewise_0110,3,previous_period,44.93702888345264,50.79056660011547,245.17702606389403,120.65022535272946
piecewise_0110,4,previous_period,44.935052818139496,50.79430435886445,245.17702606389403,120.64106122698728
piecewise_0110,5,previous_period,44.93508382382721,50.7942232689793,245.17702606389403,120.64126004075612
piecewise_0110,6,previous_period,44.93508209838114,50.794226227903174,245.17702606389403,120.64125278615457
piecewise_0111,1,default,65.08282405034973,-5.264331821998813,173.52374322299735,182.65860885620913
piecewise_0111,2,previous_period,42.66600622036864,35.31948685537664,173.52374322299735,112.2360475443933
piecewise_0111,3,previous_period,41.8670762687414,37.04420140961231,173.52374322299735,109.24325828997172
piecewise_0111,4,previous_period,41.95562849322974,36.74680254305832,173.52374322299735,109.75931593551897
piecewise_0111,5,previous_period,41.93349170226291,36.821256056426876,173.52374322299735,109.63012141216082
piecewise_0111,6,previous_period,41.93914705306286,36.80216281163603,173.52374322299735,109.66325272522462
piecewise_0112,1,default,64.38235086185442,4.445910411384791,199.99603634828512,191.1043917459198
piecewise_0112,2,previous_period,32.533561423189255,54.19888975002935,199.99603634828512,91.60040510344945
piecewise_0112,3,previous_period,32.35042297395947,54.59203538526056,199.99603634828512,90.81412941591071
piecewise_0112,4,previous_period,32.34528706911429,54.60040033274887,199.99603634828512,90.7973998524915
piecewise_0112,5,previous_period,32.34531137339883,54.60045226541934,199.99603634828512,90.79729598920898
piecewise_0112,6,previous_period,32.34530187118602,54.60046570083081,199.99603634828512,90.79726911891856
piecewise_0113,1,default,58.33806243383755,-5.517546356006986,147.2108800891928,155.33330863919988
piecewise_0113,2,previous_period,36.82513845606323,35.86885329488283,147.2108800891928,94.40802547589436
piecewise_0113,3,previous_period,36.101236918884794,37.38408991466057,147.2108800891928,92.17743231248582
piecewise_0113,4,previous_period,36.090053839498125,37.384697341541454,147.2108800891928,92.17653811402857
piecewise_0113,5,previous_period,36.08734940820028,37.39728352767217,147.2108800891928,92.15800987865588
piecewise_0113,6,previous_period,36.08782318422817,37.39645835725508,147.2108800891928,92.15922461928912
piecewise_0114,1,default,44.89819359442372,5.838274721414349,132.8302851882359,125.07528822570853
piecewise_0114,2,previous_period,36.00366647116637,28.09980299687853,132.8302851882359,95.50523673014969
piecewise_0114,3,previous_period,35.818113947875375,28.598818723180486,132.8302851882359,94.84239271776866
piecewise_0114,4,previous_period,35.81268768112705,28.61194396500084,132.8302851882359,94.82495842162703
piecewise_0114,5,previous_period,35.81241572566984,28.61318390863865,132.8302851882359,94.82331140095675
piecewise_0114,6,previous_period,35.81244741690478,28.61291866139143,132.8302851882359,94.8236637296317
piecewise_0115,1,default,73.54502108037715,5.400128961707917,234.13982434419307,221.49597187889026
piecewise_0115,2,previous_period,33.61935208955112,58.3081482465518,234.13982434419307,97.61722846136499
piecewise_0115,3,previous_period,33.59082385973742,58.425527361066486,234.13982434419307,97.34239720882354
piecewise_0115,4,previous_period,33.57308427105744,58.43950360100101,234.13982434419307,97.30967326519092
piecewise_0115,5,previous_period,33.57514077165378,58.43786537333446,234.13982434419307,97.31350900857171
piecewise_0115,6,previous_period,33.574901038733714,58.43805650874816,234.13982434419307,97.31306148444986
piecewise_0116,1,default,25.658594996276737,-6.622572188348119,59.659824728511865,63.61083968859952
piecewise_0116,2,previous_period,20.782760599116106,9.857506033045759,59.659824728511865,53.77885390659428
piecewise_0116,3,previous_period,20.78422332059443,9.883508483825032,59.659824728511865,53.76334089003425
piecewise_0116,4,previous_period,20.759303723145052,9.938209274038812,59.659824728511865,53.7307064944676
piecewise_0116,5,previous_period,20.761681863624876,9.988142128892274,59.659824728511865,53.70091664078008
piecewise_0116,6,previous_period,20.758388581249385,9.958950286013412,59.659824728511865,53.71833244307663
piecewise_0117,1,default,34.78784179316885,-1.2092512177092285,96.41427974501326,97.5801705968754
piecewise_0117,2,previous_period,28.72802698724929,24.797179955913485,96.41427974501326,72.50625729344448
piecewise_0117,3,previous_period,28.340956513848614,27.120694202823557,96.41427974501326,70.26605776751336
piecewise_0117,4,previous_period,28.308165024942223,27.31773778865052,96.41427974501326,70.07607961345455
piecewise_0117,5,previous_period,28.30520991631241,27.33591495476586,96.41427974501326,70.05855422966638
piecewise_0117,6,previous_period,28.304949996174155,27.337499965939205,96.41427974501326,70.05702605255973
piecewise_0118,1,default,32.084214758272076,-15.416702796129279,81.64806970705855,94.23550995257223
piecewise_0118,2,previous_period,14.456334748412198,56.77812678429224,81.64806970705855,35.28982517185755
piecewise_0118,3,previous_period,13.211636804606227,60.79141191376289,81.64806970705855,32.013055331804324
piecewise_0118,4,previous_period,13.201813822011012,60.816002678488914,81.64806970705855,31.99297744707933
piecewise_0118,5,previous_period,13.198813230525632,60.82794008357442,81.64806970705855,31.983230786253902
piecewise_0118,6,previous_period,13.20059501053384,60.821379966526436,81.64806970705855,31.988586995194105
piecewise_0119,1,default,59.57237901518884,0.18490963589188336,160.53993139113163,160.24307758853521
piecewise_0119,2,previous_period,42.71252557877272,30.156503960015012,160.53993139113163,112.12670062375963
piecewise_0119,3,previous_period,42.2272756063426,31.006523818081742,160.53993139113163,110.7620793268083
piecewise_0119,4,previous_period,42.19515258502217,31.06715088718125,160.53993139113163,110.6647486716715
piecewise_0119,5,previous_period,42.19413732709693,31.069005328542985,160.53993139113163,110.66177155278169
piecewise_0119,6,previous_period,42.19408141380431,31.069105624131055,160.53993139113163,110.66161053831343
piecewise_0120,1,default,89.32825704084499,4.373301420690579,289.1145898492906,276.47073738398785
piecewise_0120,2,previous_period,49.22493130050373,49.01564358972762,289.1145898492906,147.4032129228595
piecewise_0120,3,previous_period,49.19021419044366,49.0857645136487,289.1145898492906,147.20048310126654
piecewise_0120,4,previous_period,49.18794348829964,49.08474415572061,289.1145898492906,147.20343310490534
piecewise_0120,5,previous_period,49.18824526601127,49.08486556421012,289.1145898492906,147.20308209524882
piecewise_0120,6,previous_period,49.18820636891917,49.08484996125092,289.1145898492906,147.20312720568035
piecewise_0121,1,default,59.698166598814545,-0.24213220395834512,159.64870879237753,160.03526972956755
piecewise_0121,2,previous_period,33.60922409485677,40.659382048594615,159.64870879237753,94.73653034883648
piecewise_0121,3,previous_period,33.56214231208074,40.500992681012406,159.64870879237753,94.98939692904591
piecewise_0121,4,previous_period,33.56622563316575,40.5115465900783,159.64870879237753,94.97254774949508
piecewise_0121,5,previous_period,33.565919800168736,40.51085057515337,159.64870879237753,94.97365892833574
piecewise_0121,6,previous_period,33.56576041138108,40.511290609551054,159.64870879237753,94.97295641910159
piecewise_0122,1,default,102.29813236425893,-4.661460208206081,282.2909732521458,295.4498546416523
piecewise_0122,2,previous_period,63.19205564132933,34.04607960388732,282.2909732521458,186.18196378413197
piecewise_0122,3,previous_period,62.99263614289414,34.2434236806015,282.2909732521458,185.62487926932005
piecewise_0122,4,previous_period,62.98518035795239,34.250757013795564,282.2909732521458,185.6041779316747
piecewise_0122,5,previous_period,62.98486581243358,34.25106657769028,282.2909732521458,185.60330406074348
piecewise_0122,6,previous_period,62.98494511214403,34.25098719107918,282.2909732521458,185.6035281619806
piecewise_0123,1,default,56.00099264662975,7.186201764244881,173.53979870721116,161.06887863084654
piecewise_0123,2,previous_period,43.55841827800031,29.15879633849583,173.53979870721116,122.93768223593983
piecewise_0123,3,previous_period,43.532035660820156,29.219849776953033,173.53979870721116,122.83173022173739
piecewise_0123,4,previous_period,43.529189655395946,29.22469061551266,173.53979870721116,122.82332944024526
piecewise_0123,5,previous_period,43.529336846803005,29.224442279959774,173.53979870721116,122.82376040126385
piecewise_0123,6,previous_period,43.52932876065154,29.22445543454517,173.53979870721116,122.82373757282284
piecewise_0124,1,default,26.594881148026236,-23.07416669712068,54.55209026935043,67.13953051486409
piecewise_0124,2,previous_period,5.445653218982508,77.44791791575506,54.55209026935043,12.302632176215312
piecewise_0124,3,previous_period,4.8695036725995635,79.3425356899256,54.55209026935043,11.269078577790633
piecewise_0124,4,previous_period,5.147512487648442,78.88211148126459,54.55209026935043,11.520249607721329
piecewise_0124,5,previous_period,4.967506362878957,79.05731496207149,54.55209026935043,11.42467244671651
piecewise_0124,6,previous_period,5.063799036320239,79.12034338469306,54.55209026935043,11.39028912471264
piecewise_0125,1,default,41.49681726449159,6.740364087869899,98.23344130052172,91.6121497008226
piecewise_0125,2,previous_period,31.7733039716374,20.23165309552597,98.23344130052172,78.35919223280303
piecewise_0125,3,previous_period,31.62972490285035,20.297956447947886,98.23344130052172,78.29406016802137
piecewise_0125,4,previous_period,31.62953076685122,20.29656513084642,98.23344130052172,78.29542690668954
piecewise_0125,5,previous_period,31.62947898249222,20.296799189389436,98.23344130052172,78.29519698292808
piecewise_0125,6,previous_period,31.629485324789755,20.2967636403815,98.23344130052172,78.29523190394193
piecewise_0126,1,default,51.6291883883494,-4.445460136682855,139.7844770823137,145.99854028827855
piecewise_0126,2,previous_period,29.24158391959087,42.242555213018264,139.7844770823137,80.73594217158849
piecewise_0126,3,previous_period,28.572403464490773,43.744213351828755,139.7844770823137,78.63685719468823
piecewise_0126,4,previous_period,28.537772408179805,43.81906430186788,139.7844770823137,78.5322271855849
piecewise_0126,5,previous_period,28.542978519559945,43.8073364321785,139.7844770823137,78.54862092690308
piecewise_0126,6,previous_period,28.54079631689298,43.81160884965677,139.7844770823137,78.54264875047232
piecewise_0127,1,default,44.414843320316585,10.939313789001492,107.91608452712993,96.1108054119031
piecewise_0127,2,previous_period,37.37199487934127,24.04430442979839,107.91608452712993,81.96841263470824
piecewise_0127,3,previous_period,37.09061720419845,23.72294743843646,107.91608452712993,82.31520851714023
piecewise_0127,4,previous_period,37.08042354601498,23.769106705858956,107.91608452712993,82.26539524309146
piecewise_0127,5,previous_period,37.08039817332652,23.76947672418194,107.91608452712993,82.26499593380527
piecewise_0127,6,previous_period,37.080399181497896,23.769468395332062,107.91608452712993,82.26500492197394
piecewise_0128,1,default,70.12406218404426,-0.7364436944736319,201.1035280662686,202.58454231807667
piecewise_0128,2,previous_period,59.14455999533745,19.32139844602411,201.1035280662686,162.24751411957294
piecewise_0128,3,previous_period,58.89997938584399,19.763953197335184,201.1035280662686,161.35752090106146
piecewise_0128,4,previous_period,58.88363118197114,19.8031426347272,201.1035280662686,161.27870955983678
piecewise_0128,5,previous_period,58.88219924974903,19.805498395794263,201.1035280662686,161.27397204121812
piecewise_0128,6,previous_period,58.882100685500525,19.805737271029,201.1035280662686,161.27349165469337
piecewise_0129,1,default,56.93529186912791,2.4084393862209397,153.43762427418,149.74217209787895
piecewise_0129,2,previous_period,44.5749609738159,25.884723080365767,153.43762427418,113.72072012971641
piecewise_0129,3,previous_period,44.49933718716262,26.000089946406202,153.43762427418,113.5437039512644
piecewise_0129,4,previous_period,44.50350698476267,25.989395634278168,153.43762427418,113.56011304972613
piecewise_0129,5,previous_period,44.50372720238055,25.988863035239916,153.43762427418,113.56093025703731
piecewise_0129,6,previous_period,44.503734748461426,25.988844135336297,153.43762427418,113.56095925660043
piecewise_0130,1,default,70.94013235556213,-6.795605896434775,194.33440890550332,207.54060945588736
piecewise_0130,2,previous_period,35.35074522636138,48.22823493737257,194.33440890550332,100.6103536144029
piecewise_0130,3,previous_period,34.94577344468393,48.911834283649256,194.33440890550332,99.28188486553421
piecewise_0130,4,previous_period,34.94217370871169,48.91609288944176,194.33440890550332,99.27360892913975
piecewise_0130,5,previous_period,34.94224858944028,48.91592715654549,194.33440890550332,99.27393100518407
piecewise_0130,6,previous_period,34.94198192949007,48.91636978239981,194.33440890550332,99.2730708308464
piecewise_0131,1,default,25.91493715117827,7.346643417848531,64.81386119000601,60.05221792303695
piecewise_0131,2,previous_period,21.229471549110897,22.369294759134593,64.81386119000601,50.31545753563722
piecewise_0131,3,previous_period,21.021721590402706,23.180933106665712,64.81386119000601,49.789403383703544
piecewise_0131,4,previous_period,21.01859399514464,23.19504478330161,64.81386119000601,49.780257061197176
piecewise_0131,5,previous_period,21.015452206040738,23.211390805608556,64.81386119000601,49.76966257298906
piecewise_0131,6,previous_period,21.016227258701896,23.20678114457717,64.81386119000601,49.77265027229127
piecewise_0132,1,default,39.498194732791475,-5.618534186788837,100.93696283290649,106.60814059677969
piecewise_0132,2,previous_period,19.662348413845905,50.96550328831753,100.93696283290649,49.49393172117369
piecewise_0132,3,previous_period,18.80698778759573,52.45039357121806,100.93696283290649,47.99512856821295
piecewise_0132,4,previous_period,18.784592241088234,52.59921136309524,100.93696283290649,47.84491640893711
piecewise_0132,5,previous_period,18.780760702533662,52.607692105408496,100.93696283290649,47.836356205220426
piecewise_0132,6,previous_period,18.780428616565654,52.609289394515415,100.93696283290649,47.83474395010825
piecewise_0133,1,default,46.011365171762804,-4.777166374726383,113.06590417457173,118.46725053007972
piecewise_0133,2,previous_period,37.47357366602421,12.005265912471884,113.06590417457173,99.49204172207374
piecewise_0133,3,previous_period,37.32146956606447,12.147861886769707,113.06590417457173,99.33081429441737
piecewise_0133,4,previous_period,37.32145451333669,12.196836077158446,113.06590417457173,99.27544118324217
piecewise_0133,5,previous_period,37.319406209617554,12.18842937760768,113.06590417457173,99.28494629410048
piecewise_0133,6,previous_period,37.31985265781207,12.190293825891384,113.06590417457173,99.28283823879065
piecewise_0134,1,default,68.48372032216997,6.190778232515315,209.40307360206498,196.4393937032903
piecewise_0134,2,previous_period,43.89140588357296,40.231231066034645,209.40307360206498,125.15763920183963
piecewise_0134,3,previous_period,43.410306980717394,41.028521783296924,209.40307360206498,123.48808793434847
piecewise_0134,4,previous_period,43.4393247232662,40.97193004035534,209.40307360206498,123.60659278347312
piecewise_0134,5,previous_period,43.43600892983714,40.97830837915923,209.40307360206498,123.593236345973
piecewise_0134,6,previous_period,43.43637866145669,40.977596809827496,209.40307360206498,123.59472639402446
piecewise_0135,1,default,62.970398503471465,0.7191869859202171,172.45214107995403,171.21188772436622
piecewise_0135,2,previous_period,49.193179316994,23.705763163909587,172.45214107995403,131.5710449444489
piecewise_0135,3,previous_period,49.187043950075775,23.756037483296478,172.45214107995403,131.48434580425283
piecewise_0135,4,previous_period,49.18701927077518,23.753321561679186,172.45214107995403,131.4890294692319
piecewise_0135,5,previous_period,49.187229409353826,23.753137164717398,172.45214107995403,131.4893474657406
piecewise_0135,6,previous_period,49.18721338242818,23.753150757382745,172.45214107995403,131.48932402489817
piecewise_0136,1,default,36.66490941386163,6.791111473006451,96.23469609734218,89.69929060966268
piecewise_0136,2,previous_period,32.698055752544825,13.36000091047056,96.23469609734218,83.37773982254869
piecewise_0136,3,previous_period,32.65476900147302,14.803157558427982,96.23469609734218,81.98892240817827
piecewise_0136,4,previous_period,32.627021474102364,14.475874345694184,96.23469609734218,82.30388241333026
piecewise_0136,5,previous_period,32.635087261787525,14.591010534730021,96.23469609734218,82.19308145171357
piecewise_0136,6,previous_period,32.6292052984895,14.566793890546448,96.23469609734218,82.2163862656486
piecewise_0137,1,default,40.614221115792624,10.162353551615533,105.97731461758573,95.20752522163875
piecewise_0137,2,previous_period,29.637910086612578,33.555958874516136,105.97731461758573,70.41561050819209
piecewise_0137,3,previous_period,29.422689552954278,33.602034628589884,105.97731461758573,70.36678066133493
piecewise_0137,4,previous_period,29.438967610479907,33.65036013726462,105.97731461758573,70.31556658496615
piecewise_0137,5,previous_period,29.43932535253524,33.64924620375993,105.97731461758573,70.31674710178105
piecewise_0137,6,previous_period,29.439256949212808,33.64913565897593,105.97731461758573,70.31686425417459
piecewise_0138,1,default,68.01330989654673,6.058775194148502,208.68660843389733,196.04275596859455
piecewise_0138,2,previous_period,30.94046239072729,60.100042920936566,208.68660843389733,83.2658671948782
piecewise_0138,3,previous_period,30.343808882888762,60.74566051224504,208.68660843389733,81.91854974012395
piecewise_0138,4,previous_period,30.319490534338073,60.78810763215468,208.68660843389733,81.82996828520663
piecewise_0138,5,previous_period,30.319989623563227,60.786853883749025,208.68660843389733,81.8325846902327
piecewise_0138,6,previous_period,30.319949796788148,60.78694015050981,208.68660843389733,81.8324046630554
piecewise_0139,1,default,85.83567644931311,-5.385125051792872,234.79217926598116,247.43603173128392
piecewise_0139,2,previous_period,47.829792339684154,45.23583596076163,234.79217926598116,128.58197420452456
piecewise_0139,3,previous_period,47.14247057731156,46.08348771575409,234.79217926598116,126.5917541763914
piecewise_0139,4,previous_period,47.12735907042808,46.10174809059869,234.79217926598116,126.54888024435164
piecewise_0139,5,previous_period,47.126760740557366,46.10234229265709,234.79217926598116,126.54748510438947
piecewise_0139,6,previous_period,47.126642867129895,46.10271898504956,234.79217926598116,126.54660066011206
piecewise_0140,1,default,78.2065362762511,5.306038987431827,244.59316364047686,231.61495501712022
piecewise_0140,2,previous_period,63.48265172040197,22.860794840699295,244.59316364047686,188.67722230625154
piecewise_0140,3,previous_period,63.336574104344145,23.015424662973018,244.59316364047686,188.2990083320206
piecewise_0140,4,previous_period,63.32559678802398,23.02852961481412,244.59316364047686,188.26695451571888
piecewise_0140,5,previous_period,63.32508700451241,23.029116142604856,244.59316364047686,188.2655199088399
piecewise_0140,6,previous_period,63.32505655585114,23.02915107962109,244.59316364047686,188.2654344552866
piecewise_0141,1,default,83.67847180122763,-4.130070293933397,239.98461570684483,249.89614903016343
piecewise_0141,2,previous_period,49.61589975054432,39.352813520590146,239.98461570684483,145.5439174096253
piecewise_0141,3,previous_period,48.9533940116565,40.315048215868764,239.98461570684483,143.23470217396297
piecewise_0141,4,previous_period,48.95139067597481,40.318092595714916,239.98461570684483,143.22739613068853
piecewise_0141,5,previous_period,48.95142472123677,40.318039972926556,239.98461570684483,143.22752241728494
piecewise_0141,6,previous_period,48.951424767006046,40.318040679588904,239.98461570684483,143.22752072140403
piecewise_0142,1,default,40.25587205775763,7.77356429294731,111.26145268634215,102.61247212850219
piecewise_0142,2,previous_period,27.81340966888662,38.78677630009738,111.26145268634215,68.10672192465194
piecewise_0142,3,previous_period,26.805251602774412,40.44057367141851,111.26145268634215,66.2666829448315
piecewise_0142,4,previous_period,27.053681327846853,39.877993604370246,111.26145268634215,66.8926176999532
piecewise_0142,5,previous_period,26.85031182889203,40.34960512151694,111.26145268634215,66.36789587493969
piecewise_0142,6,previous_period,26.99447003647901,40.02703854312328,111.26145268634215,66.7267881359411
piecewise_0143,1,default,61.699446073357244,-1.4344308500119807,161.73220189571435,164.05213849411015
piecewise_0143,2,previous_period,57.69025833564406,4.632333045871018,161.73220189571435,154.24022766148434
piecewise_0143,3,previous_period,57.845165764712156,4.29663516411437,161.73220189571435,154.78315923736665
piecewise_0143,4,previous_period,57.7889325692788,4.401978822950792,161.73220189571435,154.61278461837298
piecewise_0143,5,previous_period,57.8031547814785,4.373704853288651,161.73220189571435,154.6585127320709
piecewise_0143,6,previous_period,57.799240224714865,4.381384843868297,161.73220189571435,154.64609171420105
piecewise_0144,1,default,72.02046242289859,-6.548224861513452,193.0882450237125,205.73209748901525
piecewise_0144,2,previous_period,39.595302252130125,45.610185782878595,193.0882450237125,105.0203377434974
piecewise_0144,3,previous_period,38.1471206009775,47.43087155865605,193.0882450237125,101.50480753165233
piecewise_0144,4,previous_period,37.97165143747442,47.6432558501838,193.0882450237125,101.09471843043536
piecewise_0144,5,previous_period,37.98755588687325,47.62371141655488,193.0882450237125,101.13245643432927
piecewise_0144,6,previous_period,37.984594100075384,47.62733979205384,193.0882450237125,101.12545046775546
piecewise_0145,1,default,52.499166881614045,8.703020470816769,144.24446896496858,131.69084330292642
piecewise_0145,2,previous_period,29.826396657144105,52.66974638189629,144.24446896496858,68.27127299120653
piecewise_0145,3,previous_period,29.344157304817823,52.75069174111684,144.24446896496858,68.15451378764705
piecewise_0145,4,previous_period,29.37596181285656,52.86396131340291,144.24446896496858,67.99112869460413
piecewise_0145,5,previous_period,29.37103365360248,52.84382478881602,144.24446896496858,68.02017451756248
piecewise_0145,6,previous_period,29.37186963349446,52.847278659574435,144.24446896496858,68.01519250002828
piecewise_0146,1,default,44.84750372621668,4.214711329812304,115.93027260467642,111.04414627052483
piecewise_0146,2,previous_period,28.377029275338636,34.55164392875144,115.93027260467642,75.87445760867774
piecewise_0146,3,previous_period,27.60395079044593,35.864829145699915,115.93027260467642,74.35207840686506
piecewise_0146,4,previous_period,27.625434274513307,35.83379611175306,115.93027260467642,74.38805508771716
piecewise_0146,5,previous_period,27.61755342625333,35.84716356226697,115.93027260467642,74.37255816589608
piecewise_0146,6,previous_period,27.621571834467794,35.83984754638353,115.93027260467642,74.38103964305355
piecewise_0147,1,default,44.73681082875417,-2.730632467211014,104.99801154702307,107.86512134025206
piecewise_0147,2,previous_period,38.59668455969176,5.787343635237696,104.99801154702307,98.92141580863029
piecewise_0147,3,previous_period,38.527338959498174,6.43814094816898,104.99801154702307,98.23809157085098
piecewise_0147,4,previous_period,38.51050644706489,6.322124836488296,104.99801154702307,98.35990618118987
piecewise_0147,5,previous_period,38.51593745746666,6.362011678330292,104.99801154702307,98.31802579038687
piecewise_0147,6,previous_period,38.51395825227935,6.3481606050192045,104.99801154702307,98.33256914194143
piecewise_0148,1,default,39.37611599535617,-8.255908760201969,95.60978373628116,103.50324024737495
piecewise_0148,2,previous_period,35.27449808561254,10.341714629545928,95.60978373628116,85.72209274434894
piecewise_0148,3,previous_period,35.25886661562181,10.307272850445305,95.60978373628116,85.75502245486199
piecewise_0148,4,previous_period,35.26821516496849,10.399120314467448,95.60978373628116,85.66720729314315
piecewise_0148,5,previous_period,35.26249159650547,10.306997445814691,95.60978373628116,85.75528576863371
piecewise_0148,6,previous_period,35.26565232795579,10.382319311539101,95.60978373628116,85.68327069570847
piecewise_0149,1,default,59.842618104562376,-4.947123612787441,141.15586244494705,148.13901744679478
piecewise_0149,2,previous_period,42.36579619015676,17.892620054185304,141.15586244494705,115.89938029346423
piecewise_0149,3,previous_period,41.44228664655922,19.13985041628954,141.15586244494705,114.13884151916076
piecewise_0149,4,previous_period,41.44563262509146,19.145111536888294,141.15586244494705,114.13141513900533
piecewise_0149,5,previous_period,41.43859050752764,19.154541089326948,141.15586244494705,114.11810477293584
piecewise_0149,6,previous_period,41.43931382648629,19.153431867634353,141.15586244494705,114.11967050438246
piecewise_0150,1,default,41.919385280011646,4.721131616255603,108.58880416609603,103.46218380089658
piecewise_0150,2,previous_period,33.19741122315189,27.02298921859666,108.58880416609603,79.24486332368886
piecewise_0150,3,previous_period,32.83151948464219,27.812389293829842,108.58880416609603,78.38766322190688
piecewise_0150,4,previous_period,32.80660697653624,27.907099187302865,108.58880416609603,78.28481888115755
piecewise_0150,5,previous_period,32.806492482952514,27.900391281671922,108.58880416609603,78.29210291566677
piecewise_0150,6,previous_period,32.806225884992095,27.902630460470444,108.58880416609603,78.28967141818632
piecewise_0151,1,default,56.1417582176519,7.299913740063424,163.94294204925964,151.97524869674152
piecewise_0151,2,previous_period,35.84860225565502,52.78643948128967,163.94294204925964,77.40330016058141
piecewise_0151,3,previous_period,35.28407803332438,54.42380603692503,163.94294204925964,74.71895325714218
piecewise_0151,4,previous_period,35.27703433089445,54.410640041870884,163.94294204925964,74.740537976784
piecewise_0151,5,previous_period,35.27698456662183,54.414104003703514,163.94294204925964,74.73485905584413
piecewise_0151,6,previous_period,35.27696149823114,54.41376288198225,163.94294204925964,74.73541830082993
piecewise_0152,1,default,57.665385376012075,-6.710821351474494,153.1572834593205,163.43539513904688
piecewise_0152,2,previous_period,44.05893582553069,21.70190799422492,153.1572834593205,119.9192307165245
piecewise_0152,3,previous_period,43.69468347851417,22.4705176667237,153.1572834593205,118.7420490217198
piecewise_0152,4,previous_period,43.70028215965729,22.463281095896747,153.1572834593205,118.75313235701395
piecewise_0152,5,previous_period,43.69748796169187,22.468592548677524,153.1572834593205,118.7449974802227
piecewise_0152,6,previous_period,43.69786117606277,22.468026211561455,153.1572834593205,118.74586486676489
piecewise_0153,1,default,47.41184654672028,-4.338086745961811,122.91935378721016,128.25170198207502
piecewise_0153,2,previous_period,42.45717624098544,7.527462886482949,122.91935378721016,113.66664505057324
piecewise_0153,3,previous_period,42.47653215112568,7.486651648306497,122.91935378721016,113.7168099608123
piecewise_0153,4,previous_period,42.465753990538936,7.493261031885656,122.91935378721016,113.70868574922747
piecewise_0153,5,previous_period,42.467541522823076,7.497372815026404,122.91935378721016,113.70363157196174
piecewise_0153,6,previous_period,42.46706400880089,7.495659526062115,122.91935378721016,113.70573753568515
piecewise_0154,1,default,49.179903217210004,-1.9979170725229256,129.34395834914167,131.9281433752761
piecewise_0154,2,previous_period,47.79530805208475,-0.5982853148733813,129.34395834914167,130.11780425762052
piecewise_0154,3,previous_period,47.794070999180946,-0.5612130312515395,129.34395834914167,130.06985349853363
piecewise_0154,4,previous_period,47.79225409885089,-0.5772942919922475,129.34395834914167,130.0906536377281
piecewise_0154,5,previous_period,47.79208926152428,-0.5666683076497536,129.34395834914167,130.07690956896596
piecewise_0154,6,previous_period,47.79178746149575,-0.5742238634216967,129.34395834914167,130.08668222387666
piecewise_0155,1,default,60.26109112821311,5.300179057524956,182.53474192161752,172.86007375758072
piecewise_0155,2,previous_period,49.87841112965314,24.657512502572175,182.53474192161752,137.52621511075682
piecewise_0155,3,previous_period,49.76666357953509,24.896820218532312,182.53474192161752,137.08939538903047
piecewise_0155,4,previous_period,49.76518124439285,24.90065379024282,182.53474192161752,137.08239778880233
piecewise_0155,5,previous_period,49.76516485239522,24.900709978509262,182.53474192161752,137.0822952256952
piecewise_0155,6,previous_period,49.765164224802376,24.90071147534899,182.53474192161752,137.08229249344265
piecewise_0156,1,default,43.649750690377296,0.7673861817368732,102.5013974471635,101.71481588706678
piecewise_0156,2,previous_period,34.84665919098897,20.236722823753052,102.5013974471635,81.75847375530753
piecewise_0156,3,previous_period,34.63723721215169,20.70058348165761,102.5013974471635,81.28301009874775
piecewise_0156,4,previous_period,34.63982316554577,20.70021638589986,102.5013974471635,81.28338637702942
piecewise_0156,5,previous_period,34.63890523964175,20.70118632462339,102.5013974471635,81.28239217628342
piecewise_0156,6,previous_period,34.639093453826796,20.700989697039386,102.5013974471635,81.2825937223048
piecewise_0157,1,default,58.47981454373648,-2.2747578743093078,155.9438693313894,159.4912147785078
piecewise_0157,2,previous_period,38.341389354446264,33.931842452079245,155.9438693313894,103.02924127618604
piecewise_0157,3,previous_period,37.85837532408081,34.96160454771295,155.9438693313894,101.42339041934682
piecewise_0157,4,previous_period,37.85343537747981,34.979386003814206,155.9438693313894,101.39566132867907
piecewise_0157,5,previous_period,37.853365657456244,34.9775803522399,155.9438693313894,101.39847713161069
piecewise_0157,6,previous_period,37.85328969509908,34.978431522041916,155.9438693313894,101.39714978448683
piecewise_0158,1,default,34.366491997584085,2.6890485231675254,91.89678407828859,89.42563496319292
piecewise_0158,2,previous_period,34.27966619067737,3.6381415170375853,91.89678407828859,88.55344902391398
piecewise_0158,3,previous_period,34.26390343584869,3.556520830781229,91.89678407828859,88.6284558097262
piecewise_0158,4,previous_period,34.2684995392795,3.573241956145201,91.89678407828859,88.61308963325502
piecewise_0158,5,previous_period,34.267248522755324,3.568735732126238,91.89678407828859,88.6172307082118
piecewise_0158,6,previous_period,34.26758046213099,3.5699309383654176,91.89678407828859,88.6161323521149
piecewise_0159,1,default,36.14893798720839,-17.172116767982672,75.27002591285597,88.19548265390242
piecewise_0159,2,previous_period,22.704239502832365,29.28728635567549,75.27002591285597,53.2254778837667
piecewise_0159,3,previous_period,21.727388524120983,29.047879370337405,75.27002591285597,53.40567958366786
piecewise_0159,4,previous_period,21.862825097468928,29.26957630960989,75.27002591285597,53.238808240029456
piecewise_0159,5,previous_period,21.79164123434107,29.17696958693664,75.27002591285597,53.30851334418266
piecewise_0159,6,previous_period,21.82227737399309,29.210836223631432,75.27002591285597,53.28302191796667
piecewise_0160,1,default,57.55880729127265,-10.085660117347416,128.15677497216637,141.08223171321282
piecewise_0160,2,previous_period,36.16703123332938,25.10573177129488,128.15677497216637,95.98207880091232
piecewise_0160,3,previous_period,35.66449662467582,25.614868680144088,128.15677497216637,95.32958535833819
piecewise_0160,4,previous_period,35.669696545282406,25.563630116905088,128.15677497216637,95.39525104852737
piecewise_0160,5,previous_period,35.67937169029696,25.57469773325467,128.15677497216637,95.38106714834746
piecewise_0160,6,previous_period,35.67488321478449,25.570919381813674,128.15677497216637,95.38590936170135
piecewise_0161,1,default,73.59761562362891,-2.1238041762928095,201.33201154158405,205.60790921091854
piecewise_0161,2,previous_period,50.69733166372612,29.863812434292537,201.33201154158405,141.2065972446172
piecewise_0161,3,previous_period,50.68742919970287,29.908054681783025,201.33201154158405,141.11752343779338
piecewise_0161,4,previous_period,50.69066285073264,29.90361837052764,201.33201154158405,141.1264551524821
piecewise_0161,5,previous_period,50.6907316241815,29.903837413887246,201.33201154158405,141.12601414808006
piecewise_0161,6,previous_period,50.69073142477837,29.90373171077224,201.33201154158405,141.12622696228775
piecewise_0162,1,default,44.20728665776317,-9.574912725408957,105.19835796615442,115.271008929977
piecewise_0162,2,previous_period,23.51826884982685,46.13456241980506,105.19835796615442,56.66555584564894
piecewise_0162,3,previous_period,23.191513871811267,46.77003099999219,105.19835796615442,55.99705333390125
piecewise_0162,4,previous_period,23.329953581166933,46.538574447143986,105.19835796615442,56.240541826902614
piecewise_0162,5,previous_period,23.25791874265808,46.66686637006939,105.19835796615442,56.105580830581886
piecewise_0162,6,previous_period,23.29200528027216,46.61466538405231,105.19835796615442,56.16049541071399
piecewise_0163,1,default,28.439810415928672,-28.91654846479801,43.04996990849062,55.49853532116027
piecewise_0163,2,previous_period,21.350080563692973,0.432747546634038,43.04996990849062,42.86367221988493
piecewise_0163,3,previous_period,20.8630623754928,3.183220743884141,43.04996990849062,41.679594336127664
piecewise_0163,4,previous_period,20.857445335781435,1.1656389743171958,43.04996990849062,42.548162680805426
piecewise_0163,5,previous_period,20.85023766968412,2.2020518360234553,43.04996990849062,42.101987255713155
piecewise_0163,6,previous_period,20.853148122758924,1.6627811453038155,43.04996990849062,42.33414312579327
piecewise_0164,1,default,55.927382580838206,-7.439342979754704,131.83231569701945,141.63977381987374
piecewise_0164,2,previous_period,37.08282822250906,27.72981569866001,131.83231569701945,95.27545752296032
piecewise_0164,3,previous_period,36.04747601996177,29.098171821619445,131.83231569701945,93.47152195908095
piecewise_0164,4,previous_period,35.99821714716414,29.124897541959793,131.83231569701945,93.43628882306956
piecewise_0164,5,previous_period,35.995826972166725,29.12636353617262,131.83231569701945,93.43435616895081
piecewise_0164,6,previous_period,35.9957497267348,29.126402996259316,131.83231569701945,93.43430414780474
piecewise_0165,1,default,36.10341433357981,-16.90940223961528,55.81843659831692,65.25700056659096
piecewise_0165,2,previous_period,24.04192661294083,7.839812103938937,55.81843659831692,51.44237604965259
piecewise_0165,3,previous_period,24.022669009932827,6.9803092929329065,55.81843659831692,51.92213708127474
piecewise_0165,4,previous_period,24.02208041068281,7.39368092397954,55.81843659831692,51.69139949948355
piecewise_0165,5,previous_period,24.021240148465903,7.21895682159931,55.81843659831692,51.788927761792635
piecewise_0165,6,previous_period,24.0209756389918,7.303737677188071,55.81843659831692,51.74160441366831
piecewise_0166,1,default,65.1524452873534,6.733066692578149,199.98938179260765,186.52396333843663
piecewise_0166,2,previous_period,48.823794687386496,30.626406983403765,199.98938179260765,138.73981980121044
piecewise_0166,3,previous_period,48.816455063681396,30.61147437634688,199.98938179260765,138.76968342974902
piecewise_0166,4,previous_period,48.82166034052794,30.603624254576534,199.98938179260765,138.7853828397475
piecewise_0166,5,previous_period,48.82162620239739,30.603703371620107,199.98938179260765,138.78522461406118
piecewise_0166,6,previous_period,48.82161981289498,30.603712317866737,199.98938179260765,138.78520672251784
piecewise_0167,1,default,35.40145990384026,1.3666706484050661,83.31186003451302,82.17326129678102
piecewise_0167,2,previous_period,31.783848938633795,0.09759421820295655,83.31186003451302,83.23055247604199
piecewise_0167,3,previous_period,31.60518520086863,1.5004487151086265,83.31186003451302,82.06180830109207
piecewise_0167,4,previous_period,31.576083627100022,0.9806672739411493,83.31186003451302,82.4948478878429
piecewise_0167,5,previous_period,31.59238656207924,1.348334825975972,83.31186003451302,82.18853721149932
piecewise_0167,6,previous_period,31.578421255907763,1.1130897440684628,83.31186003451302,82.38452426487618
piecewise_0168,1,default,43.55412142208803,5.028802440903702,123.73965095792717,117.51702837018921
piecewise_0168,2,previous_period,30.742651319001563,35.46677161640998,123.73965095792717,79.85319155373628
piecewise_0168,3,previous_period,30.516210016286678,36.20520959882768,123.73965095792717,78.93945097175185
piecewise_0168,4,previous_period,30.517007407353773,36.15090332445615,123.73965095792717,79.00664936610744
piecewise_0168,5,previous_period,30.515864671343248,36.16676489439601,123.73965095792717,78.98702231482741
piecewise_0168,6,previous_period,30.51611673908663,36.16289062268271,123.73965095792717,78.99181632512261
piecewise_0169,1,default,44.95746898777319,4.293352288856678,125.21386367588704,119.83799139379246
piecewise_0169,2,previous_period,29.57982076821606,40.99324165025874,125.21386367588704,73.88464195960512
piecewise_0169,3,previous_period,29.398197449196214,41.15058775969318,125.21386367588704,73.68762281663857
piecewise_0169,4,previous_period,29.4507624517972,41.11750022109765,125.21386367588704,73.72905300210928
piecewise_0169,5,previous_period,29.42327147456992,41.13441843153485,125.21386367588704,73.70786905715605
piecewise_0169,6,previous_period,29.431107183345166,41.13216676606331,125.21386367588704,73.71068845449003
piecewise_0170,1,default,66.50774065573579,-4.5273592927953965,164.45369165153843,171.89910114286945
piecewise_0170,2,previous_period,46.028714408243594,24.095994774760833,164.45369165153843,124.82693870428244
piecewise_0170,3,previous_period,45.50666078720261,24.844475478938378,164.45369165153843,123.59603455496304
piecewise_0170,4,previous_period,45.488608846518375,24.87212851597723,164.45369165153843,123.55055811469887
piecewise_0170,5,previous_period,45.48859016798658,24.872358249083646,164.45369165153843,123.55018031012443
piecewise_0170,6,previous_period,45.48866315684581,24.871869908684864,164.45369165153843,123.55098340393806
piecewise_0171,1,default,82.85699561794094,-5.297163417820028,236.98769835589573,249.5413240179379
piecewise_0171,2,previous_period,42.21826545736775,47.31598940068545,236.98769835589573,124.8546241208917
piecewise_0171,3,previous_period,41.650383651380906,48.18586015822424,236.98769835589573,122.79313743392953
piecewise_0171,4,previous_period,41.60619334205169,48.26030542231234,236.98769835589573,122.61671131603217
piecewise_0171,5,previous_period,41.60041263013036,48.27017887347653,236.98769835589573,122.59331245136987
piecewise_0171,6,previous_period,41.59902478296548,48.272485836459936,236.98769835589573,122.58784523289359
piecewise_0172,1,default,54.14417324807778,-9.350063001775233,135.511069427174,148.18143979299413
piecewise_0172,2,previous_period,25.962929246913912,49.210053007833146,135.511069427174,68.8260003305801
piecewise_0172,3,previous_period,24.8057590359685,51.435356023442694,135.511069427174,65.81046841613244
piecewise_0172,4,previous_period,24.773907907135502,51.514157983137586,135.511069427174,65.70368303782031
piecewise_0172,5,previous_period,24.775373364676206,51.50867689836649,135.511069427174,65.71111051440985
piecewise_0172,6,previous_period,24.77506040018625,51.50992520182185,135.511069427174,65.7094189250478
piecewise_0173,1,default,39.59944581030482,10.207004174037394,118.64183958851646,106.53206206956183
piecewise_0173,2,previous_period,24.031228261228286,51.222935366043785,118.64183958851646,57.87000677900532
piecewise_0173,3,previous_period,23.828862493036183,52.06822654250725,118.64183958851646,56.867137777369656
piecewise_0173,4,previous_period,23.840481853219607,52.01772754839579,118.64183958851646,56.9270507129572
piecewise_0173,5,previous_period,23.839768041860545,52.02181332119127,118.64183958851646,56.92220327695123
piecewise_0173,6,previous_period,23.839836312194628,52.02138360749703,118.64183958851646,56.922713097183035
piecewise_0174,1,default,49.429479311391454,6.275922782716603,132.7321228853403,124.40195734519583
piecewise_0174,2,previous_period,39.63072466036404,20.482678245544495,132.7321228853403,105.54502922625531
piecewise_0174,3,previous_period,39.57852045802102,21.028247795470143,132.7321228853403,104.82088318082299
piecewise_0174,4,previous_period,39.57622046025743,21.13652072629655,132.7321228853403,104.67717022122693
piecewise_0174,5,previous_period,39.57584056956632,21.16123065726727,132.7321228853403,104.64437220528599
piecewise_0174,6,previous_period,39.57575995290568,21.166861449097052,132.7321228853403,104.63689833575506
piecewise_0175,1,default,45.43646725956686,-2.5777649816186132,110.64651092046837,113.49871793235901
piecewise_0175,2,previous_period,39.167775320665186,6.876530448472007,110.64651092046837,103.03786990685046
piecewise_0175,3,previous_period,38.957353923273836,7.346218347130174,110.64651092046837,102.51817663476953
piecewise_0175,4,previous_period,38.96318917196986,7.427918769406238,110.64651092046837,102.42777796811377
piecewise_0175,5,previous_period,38.96037020358335,7.404047316089047,110.64651092046837,102.45419089831526
piecewise_0175,6,previous_period,38.96128817892482,7.412287682073715,110.64651092046837,102.44507322086615
piecewise_0176,1,default,41.53092597505903,-6.1629257388408965,107.96136318864359,114.6149418286
piecewise_0176,2,previous_period,17.391339951538615,56.660522976991444,107.96136318864359,46.78989019286901
piecewise_0176,3,previous_period,16.611069196810252,58.78458457620916,107.96136318864359,44.49672433538704
piecewise_0176,4,previous_period,16.652994108860256,58.55966443334288,107.96136318864359,44.739551187711335
piecewise_0176,5,previous_period,16.62985145709134,58.696663886615184,107.96136318864359,44.59164471039756
piecewise_0176,6,previous_period,16.644324671428357,58.60787920999451,107.96136318864359,44.687497857579885
piecewise_0177,1,default,40.18488149595864,5.756963009091343,115.86103384381049,109.19095698347152
piecewise_0177,2,previous_period,34.69799428435524,25.6240692276098,115.86103384381049,86.17272232384806
piecewise_0177,3,previous_period,34.38465012322196,28.45096340495199,115.86103384381049,82.89745350430893
piecewise_0177,4,previous_period,34.5617820606131,26.38376367421612,115.86103384381049,85.29253248395597
piecewise_0177,5,previous_period,34.41148787751885,28.081666633245984,115.86103384381049,83.32532456195932
piecewise_0177,6,previous_period,34.5177654275067,26.78358245144503,115.86103384381049,84.82929831515688
piecewise_0178,1,default,52.47542330699177,-0.8263397285654284,136.91134899207134,138.04270186170768
piecewise_0178,2,previous_period,50.208199985919805,2.4497567101087525,136.91134899207134,133.55735403323766
piecewise_0178,3,previous_period,50.366495072385845,2.2056849763236186,136.91134899207134,133.89151593647122
piecewise_0178,4,previous_period,50.328085576263156,2.2651884327881455,136.91134899207134,133.81004895152873
piecewise_0178,5,previous_period,50.33700896321168,2.249887431912756,136.91134899207134,133.83099775823652
piecewise_0178,6,previous_period,50.33424897988191,2.2544618947371697,136.91134899207134,133.82473479947447
piecewise_0179,1,default,77.90704019057519,-5.957983974929237,193.44295017800926,204.96825015024538
piecewise_0179,2,previous_period,51.580129601806455,24.161465323719376,193.44295017800926,146.7042988495698
piecewise_0179,3,previous_period,51.64156825679929,24.221249151789713,193.44295017800926,146.58865124882118
piecewise_0179,4,previous_period,51.62754529647538,24.209999647023395,193.44295017800926,146.61041262272158
piecewise_0179,5,previous_period,51.629754178245044,24.212730270117756,193.44295017800926,146.6051304248496
piecewise_0179,6,previous_period,51.62916244432201,24.21241157647367,193.44295017800926,146.60574691523675
piecewise_0180,1,default,65.89428332014595,0.6149921309018036,185.1744698314789,184.03566141357615
piecewise_0180,2,previous_period,57.85173719059711,14.560238745707977,185.1744698314789,158.21262492791658
piecewise_0180,3,previous_period,57.382611772000885,15.929905015871416,185.1744698314789,155.67635267368084
piecewise_0180,4,previous_period,57.41715200508716,15.813383554258941,185.1744698314789,155.89212067246163
piecewise_0180,5,previous_period,57.40402219484139,15.855729497805115,185.1744698314789,155.81370679600485
piecewise_0180,6,previous_period,57.40804298332044,15.842624671331828,185.1744698314789,155.8379735889491
piecewise_0181,1,default,59.58602949558222,-4.112010836278768,153.4873479512156,159.7987643312865
piecewise_0181,2,previous_period,42.04807842029301,27.434575291787134,153.4873479512156,111.37874591417207
piecewise_0181,3,previous_period,41.45859390858496,28.662807030015024,153.4873479512156,109.49356559247096
piecewise_0181,4,previous_period,41.42910528272466,28.713324555755836,153.4873479512156,109.41602758196082
piecewise_0181,5,previous_period,41.433497457022916,28.70739406927307,153.4873479512156,109.42513012838381
piecewise_0181,6,previous_period,41.43177169826304,28.71098774249886,153.4873479512156,109.41961429465552
piecewise_0182,1,default,58.12022463567786,7.179696582375483,175.8780461249014,163.2505360581231
piecewise_0182,2,previous_period,34.79677178077005,49.96194558457425,175.8780461249014,88.00595242476575
piecewise_0182,3,previous_period,34.12830626796839,51.20931468052745,175.8780461249014,85.81210403083743
piecewise_0182,4,previous_period,34.126193536655904,51.21169366704257,175.8780461249014,85.80791991583706
piecewise_0182,5,previous_period,34.12623935920444,51.21160487690186,175.8780461249014,85.80807607820168
piecewise_0182,6,previous_period,34.12623873388573,51.211606489320104,175.8780461249014,85.80807324231199
piecewise_0183,1,default,60.83908395473061,-7.754753420974603,160.98097784761396,173.46465573437018
piecewise_0183,2,previous_period,39.338827058198504,35.48569556274111,160.98097784761396,103.85575813468597
piecewise_0183,3,previous_period,39.02995734196692,36.23361829536118,160.98097784761396,102.65174480616957
piecewise_0183,4,previous_period,39.02996527224745,36.23334362149508,160.98097784761396,102.65218697884511
piecewise_0183,5,previous_period,39.02911102173889,36.234964496957744,160.98097784761396,102.64957767767564
piecewise_0183,6,previous_period,39.02967342437452,36.23407885926678,160.98097784761396,102.65100338589073
piecewise_0184,1,default,29.58229217791045,8.976613268942412,89.25585654170578,81.24370348007481
piecewise_0184,2,previous_period,14.47003572853687,59.055986637196014,89.25585654170578,36.54492982952117
piecewise_0184,3,previous_period,14.118107607902258,62.9748889202453,89.25585654170578,33.047080029753076
piecewise_0184,4,previous_period,14.564653940984845,58.09848172507994,89.25585654170578,37.399559040259284
piecewise_0184,5,previous_period,14.149896552737536,63.35230037515818,89.25585654170578,32.710218202984066
piecewise_0184,6,previous_period,14.597520109993113,57.83997660057132,89.25585654170578,37.63029000334365
piecewise_0185,1,default,57.07088417883122,0.1486071982430226,146.57755873047626,146.35973392719387
piecewise_0185,2,previous_period,51.32807133733278,8.584949991213819,146.57755873047626,133.9939486151228
piecewise_0185,3,previous_period,51.102486920188554,8.871844293523058,146.57755873047626,133.5734259506611
piecewise_0185,4,previous_period,51.08238120142039,8.897120682530069,146.57755873047626,133.5363764367194
piecewise_0185,5,previous_period,51.080491154878864,8.899413428979209,146.57755873047626,133.53301578494637
piecewise_0185,6,previous_period,51.080304241694186,8.899635081661739,146.57755873047626,133.53269089185545
piecewise_0186,1,default,30.605190887268574,-7.563569665884939,82.02964273374835,88.23401190859192
piecewise_0186,2,previous_period,23.010799731287726,26.346293662662745,82.02964273374835,60.41787216868191
piecewise_0186,3,previous_period,22.820470921423862,26.08188017364439,82.02964273374835,60.63476960906351
piecewise_0186,4,previous_period,22.846857767807048,26.351180251982264,82.02964273374835,60.41386371692125
piecewise_0186,5,previous_period,22.822034167715863,26.201527690200532,82.02964273374835,60.5366231786927
piecewise_0186,6,previous_period,22.831528843795887,26.300671371413074,82.02964273374835,60.45529597120097
piecewise_0187,1,default,68.39762738037314,-1.159042211681549,169.23741862394579,171.19895174375753
piecewise_0187,2,previous_period,54.80634914662154,15.589201367229977,169.23741862394579,142.8546566459569
piecewise_0187,3,previous_period,54.27592654726796,16.053602546582766,169.23741862394579,142.06871607796108
piecewise_0187,4,previous_period,54.26376458106842,16.04946158401246,169.23741862394579,142.07572413612127
piecewise_0187,5,previous_period,54.26216143736242,16.04967511443377,169.23741862394579,142.07536276274826
piecewise_0187,6,previous_period,54.26203402897062,16.04968012479404,169.23741862394579,142.07535428334387
piecewise_0188,1,default,43.66045708475769,1.4592601258327287,115.49094676345456,113.80563342838876
piecewise_0188,2,previous_period,42.349376876365014,2.489660449637421,115.49094676345456,112.61561433897302
piecewise_0188,3,previous_period,42.276949638888475,2.696208607761985,115.49094676345456,112.37706991563249
piecewise_0188,4,previous_period,42.27706891451059,2.6394414180634596,115.49094676345456,112.44263088046633
piecewise_0188,5,previous_period,42.275907958627755,2.6761231459920265,115.49094676345456,112.40026680559242
piecewise_0188,6,previous_period,42.276572262145656,2.653494748481844,115.49094676345456,112.42640055611433
piecewise_0189,1,default,45.94381803571624,-2.325780059674498,120.55508572675214,123.35893187150843
piecewise_0189,2,previous_period,35.92726038839372,21.355033871064,120.55508572675214,94.81050633651398
piecewise_0189,3,previous_period,35.67127723630588,22.138311129359366,120.55508572675214,93.86622576629784
piecewise_0189,4,previous_period,35.67259367112119,22.114596370100838,120.55508572675214,93.89481511465186
piecewise_0189,5,previous_period,35.67118357483655,22.126688032288776,120.55508572675214,93.88023800093539
piecewise_0189,6,previous_period,35.671723274257964,22.121927637022875,120.55508572675214,93.88597689952914
piecewise_0190,1,default,50.87127884101187,8.779145780494025,147.82997056720842,134.85176194385178
piecewise_0190,2,previous_period,32.66057923351699,37.431470662881985,147.82997056720842,92.49503850339673
piecewise_0190,3,previous_period,32.300736671803314,38.09303574081627,147.82997056720842,91.51704704340354
piecewise_0190,4,previous_period,32.296713993585904,38.096114830454965,147.82997056720842,91.51249522609693
piecewise_0190,5,previous_period,32.296485501578935,38.096145479371465,147.82997056720842,91.51244991781267
piecewise_0190,6,previous_period,32.296467346730104,38.096144794248055,147.82997056720842,91.51245093063042
piecewise_0191,1,default,54.89846909634162,4.114895495299853,156.2763763559052,149.8457667850182
piecewise_0191,2,previous_period,44.505772629401434,26.558458048974522,156.2763763559052,114.77178050096458
piecewise_0191,3,previous_period,43.99046437511971,28.883197657623494,156.2763763559052,111.13876168085751
piecewise_0191,4,previous_period,43.9807981093257,28.92244024703462,156.2763763559052,111.07743478413758
piecewise_0191,5,previous_period,43.98131576531912,28.9208992665,156.2763763559052,111.07984297267743
piecewise_0191,6,previous_period,43.98130472497129,28.920862370360368,156.2763763559052,111.07990063262747
piecewise_0192,1,default,37.22251692652496,7.619324394984906,104.69987790028767,96.72245456191165
piecewise_0192,2,previous_period,29.374587976961433,33.34748865589155,104.69987790028767,69.78509799475694
piecewise_0192,3,previous_period,29.01161987431209,34.62977258303298,104.69987790028767,68.44254828870484
piecewise_0192,4,previous_period,29.016930197916835,34.61953330557074,104.69987790028767,68.45326879970568
piecewise_0192,5,previous_period,29.01499312166301,34.625359382187725,104.69987790028767,68.44716890460133
piecewise_0192,6,previous_period,29.015268378248802,34.62456257100478,104.69987790028767,68.44800316493696
piecewise_0193,1,default,51.25500209170404,8.137932089880984,165.25546391346228,151.80708648536694
piecewise_0193,2,previous_period,40.38851055510291,34.746967215052024,165.25546391346228,107.8342020463694
piecewise_0193,3,previous_period,40.383542317308695,34.317715734431765,165.25546391346228,108.54356357202383
piecewise_0193,4,previous_period,40.37598563630992,34.32684282376955,165.25546391346228,108.52848055819688
piecewise_0193,5,previous_period,40.37585049346045,34.326711456496724,165.25546391346228,108.528697649793
piecewise_0193,6,previous_period,40.37584217617151,34.3267221918745,165.25546391346228,108.52867990899466
piecewise_0194,1,default,57.74083542145103,4.577652989814451,157.94915011483343,150.71878612221525
piecewise_0194,2,previous_period,55.22543211700896,9.140650725146916,157.94915011483343,143.51156997949852
piecewise_0194,3,previous_period,55.157945642379836,10.302139392813547,157.94915011483343,141.67700850023897
piecewise_0194,4,previous_period,55.17580716815787,9.77888216535442,157.94915011483343,142.5034888439251
piecewise_0194,5,previous_period,55.16521346738618,10.058589573467513,157.94915011483343,142.06169337000225
piecewise_0194,6,previous_period,55.17001116431689,9.909745248500968,157.94915011483343,142.29679171628106
piecewise_0195,1,default,36.92896933510262,5.340661986351836,102.363895633737,96.89698597187714
piecewise_0195,2,previous_period,34.18688604347713,12.339864878796025,102.363895633737,89.73232922786207
piecewise_0195,3,previous_period,34.202976527764974,12.216827483630265,102.363895633737,89.85827509864002
piecewise_0195,4,previous_period,34.189580274705634,12.285833180999706,102.363895633737,89.78763817860343
piecewise_0195,5,previous_period,34.190968841483254,12.274070305120489,102.363895633737,89.79967911659196
piecewise_0195,6,previous_period,34.19057898181518,12.277080538358609,102.363895633737,89.79659772458176
piecewise_0196,1,default,41.17255309269306,5.928941330410797,125.73447631540044,118.27975298256109
piecewise_0196,2,previous_period,14.538066706445708,78.1399079465871,125.73447631540044,27.48567226542319
piecewise_0196,3,previous_period,14.258736701993902,80.19178563216957,125.73447631540044,24.9057546028235
piecewise_0196,4,previous_period,14.393947383643544,79.08851011028713,125.73447631540044,26.2929523025784
piecewise_0196,5,previous_period,14.280354146246534,79.9462328249142,125.73447631540044,25.214499139103797
piecewise_0196,6,previous_period,14.353606495912715,79.3566178982744,125.73447631540044,25.9558483793918
piecewise_0197,1,default,43.79829185511158,6.82357899944993,120.78970724423661,112.54752614722183
piecewise_0197,2,previous_period,34.56817302700564,24.831239016354655,120.78970724423661,90.79612633126516
piecewise_0197,3,previous_period,34.12696508874486,25.743084411513028,120.78970724423661,89.69471094793332
piecewise_0197,4,previous_period,34.12294183079376,25.75407292050039,120.78970724423661,89.68143796009697
piecewise_0197,5,previous_period,34.12440860721623,25.751104638164346,120.78970724423661,89.68502333964086
piecewise_0197,6,previous_period,34.12443926723479,25.751036950028052,120.78970724423661,89.68510509994253
piecewise_0198,1,default,64.9017596996794,-2.943109707509328,166.1232439189485,171.01243323715647
piecewise_0198,2,previous_period,39.70026885065802,35.6083548194778,166.1232439189485,106.96948978666273
piecewise_0198,3,previous_period,39.73606081416392,35.73190161917621,166.1232439189485,106.7642498352457
piecewise_0198,4,previous_period,39.740464718121196,35.71283656891017,166.1232439189485,106.79592131520243
piecewise_0198,5,previous_period,39.741494975547305,35.71191571046032,166.1232439189485,106.79745107513122
piecewise_0198,6,previous_period,39.740913309593815,35.71275263177319,166.1232439189485,106.79606075429723
piecewise_0199,1,default,35.338988512490566,5.945501345392645,85.36146582642573,80.2862987272687
piecewise_0199,2,previous_period,25.958825902947076,37.090789666523015,85.36146582642573,53.70022408048524
piecewise_0199,3,previous_period,25.25958307319273,39.08366242844511,85.36146582642573,51.99907867885297
piecewise_0199,4,previous_period,25.20316663497778,39.296150773373164,85.36146582642573,51.81769551291207
piecewise_0199,5,previous_period,25.20189066848796,39.2997523392132,85.36146582642573,51.814621163518304
piecewise_0199,6,previous_period,25.201822016984114,39.30009606132834,85.36146582642573,51.814327757282456
