profile,period,policy,rmse_nm,offload_pct,baseline_motor_work_j,assisted_motor_work_j
piecewise_0000,1,default,60.84898187811259,-18.572601018684274,145.62745155791555,172.67425710944494
piecewise_0000,2,previous_period,42.1181947925905,21.036451659566712,145.62745155791555,114.99260310787571
piecewise_0000,3,previous_period,42.12635664286481,21.026830147122933,145.62745155791555,115.00661467124891
piecewise_0000,4,previous_period,42.12851556149345,21.021734289584025,145.62745155791555,115.01403563871784
piecewise_0000,5,previous_period,42.12850863560154,21.021748762151205,145.62745155791555,115.0140145626871
piecewise_0000,6,previous_period,42.12850887521751,21.021747972856076,145.62745155791555,115.01401571211747
piecewise_0001,1,default,42.59132818423475,-37.56983917378047,82.60573399470402,113.64057540483523
piecewise_0001,2,previous_period,20.388633339390147,37.71540566345295,82.60573399470402,51.45064631732855
piecewise_0001,3,previous_period,20.330852607991964,37.290582113304936,82.60573399470402,51.80157492911067
piecewise_0001,4,previous_period,20.326433498159105,37.33032303249493,82.60573399470402,51.76874665111754
piecewise_0001,5,previous_period,20.326429940341566,37.32916518484078,82.60573399470402,51.76970309967078
piecewise_0001,6,previous_period,20.326429006850404,37.32921727355733,82.60573399470402,51.76966007140415
piecewise_0002,1,default,37.222635675196564,16.942822143972514,107.58704577887802,89.35876396260844
piecewise_0002,2,previous_period,29.635668996266634,31.706505234368144,107.58704577887802,73.47495347749602
piecewise_0002,3,previous_period,29.334117378180682,32.027557583566704,107.58704577887802,73.1295427395896
piecewise_0002,4,previous_period,29.35418801710682,32.04054341087242,107.58704577887802,73.11557167162144
piecewise_0002,5,previous_period,29.352201228036577,32.03887412267707,107.58704577887802,73.11736760947633
piecewise_0002,6,previous_period,29.352237119995195,32.03965580352322,107.58704577887802,73.11652662214655
piecewise_0003,1,default,64.97786497411775,-1.613835705711275,173.89630752009828,176.7027082217711
piecewise_0003,2,previous_period,40.44509585321843,34.40464133110984,173.89630752009828,114.06790662976468
piecewise_0003,3,previous_period,40.35933314493183,34.431655214317004,173.89630752009828,114.02093048434963
piecewise_0003,4,previous_period,40.39587550129756,34.412960111748745,173.89630752009828,114.05344057740291
piecewise_0003,5,previous_period,40.38321753795127,34.41942910660545,173.89630752009828,114.04219123421345
piecewise_0003,6,previous_period,40.38763067274449,34.4171696394873,173.89630752009828,114.04612036410154
piecewise_0004,1,default,71.81111106079739,-11.12231035023228,175.17770378352833,194.66151166274292
piecewise_0004,2,previous_period,52.30006273623499,22.168327414796785,175.17770378352833,136.34373685107292
piecewise_0004,3,previous_period,51.727999319947514,23.14335748628624,175.17770378352833,134.63570156063878
piecewise_0004,4,previous_period,51.737273734810394,23.11545971228608,175.17770378352833,134.68457224053898
piecewise_0004,5,previous_period,51.736496693000134,23.11796708065248,175.17770378352833,134.68017989020933
piecewise_0004,6,previous_period,51.73656485538129,23.117741090392087,175.17770378352833,134.68057577475827
piecewise_0005,1,default,66.625037559737,5.961754720394163,189.72546089569582,178.4144942749571
piecewise_0005,2,previous_period,44.61223974521873,33.40232195098434,189.72546089569582,126.35275162432661
piecewise_0005,3,previous_period,44.54172003399254,33.48660613969724,189.72546089569582,126.19284305882886
piecewise_0005,4,previous_period,44.537946891342685,33.491153595211095,189.72546089569582,126.18421537789617
piecewise_0005,5,previous_period,44.53773799720693,33.49140610086007,189.72546089569582,126.18373631038988
piecewise_0005,6,previous_period,44.537725881982375,33.49142109785227,189.72546089569582,126.1837078572773
piecewise_0006,1,default,65.99603520588506,2.3131924598860043,202.20103466141347,197.52373557381418
piecewise_0006,2,previous_period,37.766349783401715,46.09998699087397,202.20103466141347,108.98638398708928
piecewise_0006,3,previous_period,37.83325771858324,45.97507803522639,202.20103466141347,109.23895118779348
piecewise_0006,4,previous_period,37.81736210347798,46.00470744250658,202.20103466141347,109.1790402197089
piecewise_0006,5,previous_period,37.82114837979429,45.99764270616947,202.20103466141347,109.1933251896786
piecewise_0006,6,previous_period,37.82023884707366,45.999340004181974,202.20103466141347,109.18989323553603
piecewise_0007,1,default,56.367531010416286,-15.576307575719861,122.09991831770809,141.11857714457702
piecewise_0007,2,previous_period,42.396009573310344,10.556962164651917,122.09991831770809,109.20987613783674
piecewise_0007,3,previous_period,41.76720740501515,12.007839741197557,122.09991831770809,107.43835580198459
piecewise_0007,4,previous_period,41.74541848604054,12.050688471264227,122.09991831770809,107.386037537573
piecewise_0007,5,previous_period,41.74586818020376,12.05008721943608,122.09991831770809,107.38677166556405
piecewise_0007,6,previous_period,41.745832088163404,12.050142946344478,122.09991831770809,107.38670362305442
piecewise_0008,1,default,51.70196835658852,-6.400505524146127,128.3915676071555,136.6092769843893
piecewise_0008,2,previous_period,41.310313308184064,19.122029744722756,128.3915676071555,103.8404938595994
piecewise_0008,3,previous_period,40.9141787472906,20.121751995441695,128.3915676071555,102.55693479018382
piecewise_0008,4,previous_period,40.89006235843829,20.17941574707578,128.3915676071555,102.48289939551972
piecewise_0008,5,previous_period,40.88815324905909,20.18396100927713,128.3915676071555,102.47706366212755
piecewise_0008,6,previous_period,40.88799177191911,20.184344067827432,128.3915676071555,102.47657184724997
piecewise_0009,1,default,66.31209041956224,-15.184068208169933,160.26573475645597,184.60059323620095
piecewise_0009,2,previous_period,32.44487744486006,47.78906678424282,160.26573475645597,83.67623574143578
piecewise_0009,3,previous_period,31.723447359743357,49.64753144195269,160.26573475645597,80.697753702568
piecewise_0009,4,previous_period,31.743768243649356,49.53341045774957,160.26573475645597,80.88065053641242
piecewise_0009,5,previous_period,31.740916734873938,49.54988344264003,160.26573475645597,80.85424998614141
piecewise_0009,6,previous_period,31.74132990435171,49.547489196221306,160.26573475645597,80.85808714275626
piecewise_0010,1,default,64.34477211525557,10.273904520700016,192.6299568360163,172.83933899241833
piecewise_0010,2,previous_period,42.01710633670759,45.93082350756911,192.6299568360163,104.15343133895911
piecewise_0010,3,previous_period,41.86430437800099,46.23836123057741,192.6299568360163,103.56102155587375
piecewise_0010,4,previous_period,41.874447165009784,46.218945749054505,192.6299568360163,103.59842158955082
piecewise_0010,5,previous_period,41.872332309948334,46.22299097077438,192.6299568360163,103.5906292806979
piecewise_0010,6,previous_period,41.87276749464227,46.22215855911621,192.6299568360163,103.59223275491574
piecewise_0011,1,default,38.866092603775776,4.749471098593572,90.92762199635246,86.60904086899728
piecewise_0011,2,previous_period,39.16891776158344,2.5535872570531803,90.92762199635246,88.60570582791212
piecewise_0011,3,previous_period,39.14792414140508,3.053308120466236,90.92762199635246,88.15132153019098
piecewise_0011,4,previous_period,39.1460210176569,2.922961986851569,90.92762199635246,88.26984216985099
piecewise_0011,5,previous_period,39.14674144747451,2.963816590961821,90.92762199635246,88.23269404985751
piecewise_0011,6,previous_period,39.14648135504559,2.9517111492920356,90.92762199635246,88.24370124010001
piecewise_0012,1,default,51.85231353132024,-30.315891230486635,101.39844537713077,132.13828778706613
piecewise_0012,2,previous_period,28.839120221240037,31.655261232351627,101.39844537713077,69.30050260745665
piecewise_0012,3,previous_period,28.63401154589059,32.4877939263734,101.39844537713077,68.45632739846224
piecewise_0012,4,previous_period,28.633745655103013,32.48013406169843,101.39844537713077,68.46409438216064
piecewise_0012,5,previous_period,28.633585078916585,32.480576045583206,101.39844537713077,68.46364621737266
piecewise_0012,6,previous_period,28.63358023597835,32.480582958550144,101.39844537713077,68.46363920773166
piecewise_0013,1,default,34.227539969859414,19.72739528697478,113.09026968259579,90.78050515120432
piecewise_0013,2,previous_period,26.73519914310401,48.432357077255794,113.09026968259579,58.317986450289446
piecewise_0013,3,previous_period,26.799463080145173,47.54103689503726,113.09026968259579,59.325982848095784
piecewise_0013,4,previous_period,26.778154981851667,47.78112804129301,113.09026968259579,59.05446312331113
piecewise_0013,5,previous_period,26.78432001695395,47.72387236601935,113.09026968259579,59.1192137208867
piecewise_0013,6,previous_period,26.782493909121662,47.7361496405755,113.09026968259579,59.10532931798148
piecewise_0014,1,default,41.68830303346275,10.263556012650843,117.67302956321174,105.59559226220831
piecewise_0014,2,previous_period,33.537906453623414,25.112485355226433,117.67302956321174,88.12240724709892
piecewise_0014,3,previous_period,33.15795312859744,25.638620293550186,117.67302956321174,87.50328832558283
piecewise_0014,4,previous_period,33.139511783213386,25.66493804492026,117.67302956321174,87.47231943023274
piecewise_0014,5,previous_period,33.138699684992936,25.666099540411548,117.67302956321174,87.47095266329991
piecewise_0014,6,previous_period,33.13872757905656,25.666063366778282,117.67302956321174,87.47099522991007
piecewise_0015,1,default,69.78742590733229,-17.15051422725371,169.66877088611028,198.76783757613913
piecewise_0015,2,previous_period,36.88538544204863,44.561565828757274,169.66877088611028,94.06170985685289
piecewise_0015,3,previous_period,36.23484146731194,45.67085735185541,169.66877088611028,92.17958856406847
piecewise_0015,4,previous_period,36.243079533290846,45.65742927368165,169.66877088611028,92.20237181925953
piecewise_0015,5,previous_period,36.24253897670111,45.6582852664377,169.66877088611028,92.20091946687145
piecewise_0015,6,previous_period,36.242580821471904,45.65821789848841,169.66877088611028,92.20103376924298
piecewise_0016,1,default,32.826260571376196,-10.470426500059759,81.95160288710906,90.53228523302467
piecewise_0016,2,previous_period,14.969876948915767,56.02628466285452,81.95160288710906,36.037164567805235
piecewise_0016,3,previous_period,14.73193857566834,56.52573310719195,81.95160288710906,35.627858562075986
piecewise_0016,4,previous_period,14.70961797401241,56.57491933872161,81.95160288710906,35.58754965693767
piecewise_0016,5,previous_period,14.712060097863452,56.56938228844584,81.95160288710906,35.592087358391325
piecewise_0016,6,previous_period,14.711639551684751,56.570331039421994,81.95160288710906,35.59130984175896
piecewise_0017,1,default,44.90671845487354,-28.133621868331193,100.3458446942733,128.57676520114302
piecewise_0017,2,previous_period,32.796636075445335,26.859818336563755,100.3458446942733,73.39313310110109
piecewise_0017,3,previous_period,32.40539630106368,30.162220983340138,100.3458446942733,70.07930926998729
piecewise_0017,4,previous_period,32.42836901252526,29.955819780569016,100.3458446942733,70.28642430036712
piecewise_0017,5,previous_period,32.42700306181714,29.967973176719443,100.3458446942733,70.27422887234093
piecewise_0017,6,previous_period,32.42708372321216,29.967262094079572,100.3458446942733,70.27494241422238
piecewise_0018,1,default,24.72149511881265,29.32804091157012,94.94455955320072,67.09918028412795
piecewise_0018,2,previous_period,9.338234422682453,73.96683733910318,94.94455955320072,24.717071626156798
piecewise_0018,3,previous_period,8.52097701654401,76.61306227014735,94.94455955320072,22.20462502058991
piecewise_0018,4,previous_period,8.63865373700822,76.1812190614732,94.94455955320072,22.61463665302601
piecewise_0018,5,previous_period,8.61261443491948,76.28060716640267,94.94455955320072,22.52027305455244
piecewise_0018,6,previous_period,8.617797908804242,76.25945105323049,94.94455955320072,22.540359633022348
piecewise_0019,1,default,50.90497185740763,3.865162947926981,138.24269394898312,132.89938856425093
piecewise_0019,2,previous_period,28.409840883470565,41.97566115487612,138.24269394898312,80.21440916558552
piecewise_0019,3,previous_period,28.057859784792846,42.62600747951184,138.24269394898312,79.3153528864109
piecewise_0019,4,previous_period,28.056825200450866,42.62829144098611,138.24269394898312,79.31219547654013
piecewise_0019,5,previous_period,28.05678754429872,42.6283488388709,138.24269394898312,79.31211612815792
piecewise_0019,6,previous_period,28.056788955627834,42.62834569023365,138.24269394898312,79.31212048091888
piecewise_0020,1,default,51.7702582041521,11.117624068613342,146.28288823159915,130.01970664130013
piecewise_0020,2,previous_period,29.2195615434685,57.283827671069275,146.28288823159915,62.48645062474702
piecewise_0020,3,previous_period,28.913767793574287,57.80257332985443,146.28288823159915,61.72761449250005
piecewise_0020,4,previous_period,28.911950874512936,57.80387446881004,146.28288823159915,61.72571114885589
piecewise_0020,5,previous_period,28.911470644821097,57.80474313138413,146.28288823159915,61.72444044415351
piecewise_0020,6,previous_period,28.911490492690998,57.804702117361416,146.28288823159915,61.72450044065051
piecewise_0021,1,default,64.29232538342575,2.9845325510677756,170.00272834345324,164.92894157833956
piecewise_0021,2,previous_period,64.19132563060992,2.335961121290675,170.00272834345324,166.03153070421678
piecewise_0021,3,previous_period,64.18318801160297,2.3187900742692613,170.00272834345324,166.06072195263832
piecewise_0021,4,previous_period,64.18261775575768,2.32211491176344,170.00272834345324,166.05506963818522
piecewise_0021,5,previous_period,64.1827962866697,2.3212514008112195,170.00272834345324,166.05653763036355
piecewise_0021,6,previous_period,64.18274689692295,2.321488975500574,170.00272834345324,166.05613374690978
piecewise_0022,1,default,50.428567488954094,2.1331450807863805,133.83373271937123,130.97886503343517
piecewise_0022,2,previous_period,39.45980802454711,22.220241540280405,133.83373271937123,104.09555404675365
piecewise_0022,3,previous_period,39.050667197053066,23.015339972607908,133.83373271937123,103.03144413597656
piecewise_0022,4,previous_period,39.04673913951713,23.033668750692804,133.83373271937123,103.00691404810368
piecewise_0022,5,previous_period,39.044032173345315,23.036665572350845,133.83373271937123,103.00290328981579
piecewise_0022,6,previous_period,39.04451704743525,23.03624722815576,133.83373271937123,103.00346317546769
piecewise_0023,1,default,35.710074884259015,-23.26933214917495,74.92994330113196,92.36564068706082
piecewise_0023,2,previous_period,19.403523949798128,37.522198978291584,74.92994330113196,46.81458088136016
piecewise_0023,3,previous_period,18.888580348051423,38.73365540936322,74.92994330113196,45.90683726444026
piecewise_0023,4,previous_period,18.86720176729579,38.862299577969225,74.92994330113196,45.81044426184357
piecewise_0023,5,previous_period,18.867038644680424,38.85919531416143,74.92994330113196,45.81277028495467
piecewise_0023,6,previous_period,18.867002773213454,38.85961541825156,74.92994330113196,45.81245550119813
piecewise_0024,1,default,56.329158158877085,-13.351802533022505,134.30275666293605,152.234595528977
piecewise_0024,2,previous_period,45.61545007642485,11.349075984237821,134.30275666293605,119.06063476033341
piecewise_0024,3,previous_period,45.482245721210546,11.632595975683358,134.30275666293605,118.67985959613154
piecewise_0024,4,previous_period,45.48222876659664,11.653214030716786,134.30275666293605,118.65216897985137
piecewise_0024,5,previous_period,45.48097985045197,11.654786781683868,134.30275666293605,118.65005673194713
piecewise_0024,6,previous_period,45.48105343012869,11.65489793697897,134.30275666293605,118.64990744732162
piecewise_0025,1,default,56.298003282111274,8.577364615656702,158.24932365373715,144.67570216214546
piecewise_0025,2,previous_period,40.836600759823995,31.013165199582392,158.24932365373715,109.17119948178183
piecewise_0025,3,previous_period,40.641264319463325,31.156166499519088,158.24932365373715,108.94490089181596
piecewise_0025,4,previous_period,40.6457364557409,31.16407118978436,158.24932365373715,108.93239177293424
piecewise_0025,5,previous_period,40.64516314189485,31.16360406890407,158.24932365373715,108.93313098856794
piecewise_0025,6,previous_period,40.64521468724599,31.163651543055227,158.24932365373715,108.93305586104483
piecewise_0026,1,default,52.1181380947242,18.389916061024913,172.36441189279032,140.66674122662693
piecewise_0026,2,previous_period,34.590423900057026,46.63811911661181,172.36441189279032,91.97689215958336
piecewise_0026,3,previous_period,34.52180468556075,46.78812357718084,172.36441189279032,91.7183378533106
piecewise_0026,4,previous_period,34.530713002273004,46.77450728919194,172.36441189279032,91.7418074880243
piecewise_0026,5,previous_period,34.530662244463905,46.774553914774245,172.36441189279032,91.74172712211356
piecewise_0026,6,previous_period,34.53065194866661,46.77457044417177,172.36441189279032,91.74169863131473
piecewise_0027,1,default,67.90863637620285,8.65184170717237,228.17023664492314,208.4293089475238
piecewise_0027,2,previous_period,30.280793673461798,61.97464258832461,228.17023664492314,86.76254799129754
piecewise_0027,3,previous_period,29.706697092389597,62.853725320026285,228.17023664492314,84.75674284206917
piecewise_0027,4,previous_period,29.707407567306262,62.85017779258075,228.17023664492314,84.7648372438367
piecewise_0027,5,previous_period,29.707037993626372,62.85090449527997,228.17023664492314,84.76317912456821
piecewise_0027,6,previous_period,29.707062351649412,62.85085562230195,228.17023664492314,84.76329063815781
piecewise_0028,1,default,47.23855717309767,-8.428488716082128,111.90651128244386,121.33853895844581
piecewise_0028,2,previous_period,37.415324816030555,15.51883697381613,111.90651128244386,94.53992223343624
piecewise_0028,3,previous_period,37.338849425053134,15.46943128518803,111.90651128244386,94.59521041595502
piecewise_0028,4,previous_period,37.339108632107674,15.459619225140253,111.90651128244386,94.60619075003942
piecewise_0028,5,previous_period,37.33913753151453,15.459340505460528,111.90651128244386,94.60650265550926
piecewise_0028,6,previous_period,37.33913835781643,15.45933482254428,111.90651128244386,94.60650901506257
piecewise_0029,1,default,29.32291639884295,8.008164371756688,82.74990477449708,76.12315638268322
piecewise_0029,2,previous_period,26.731047640869644,15.161227377913743,82.74990477449708,70.20400355662848
piecewise_0029,3,previous_period,26.702676929634503,15.531892213739296,82.74990477449708,69.89727875795029
piecewise_0029,4,previous_period,26.692895614529668,15.510637888133916,82.74990477449708,69.9148666921492
piecewise_0029,5,previous_period,26.69700427907408,15.512285212260457,82.74990477449708,69.91350353300317
piecewise_0029,6,previous_period,26.695584673865152,15.512539986677575,82.74990477449708,69.91329270741561
piecewise_0030,1,default,41.98866353895255,9.680729802953248,118.42082994976694,106.95682937191526
piecewise_0030,2,previous_period,35.6806573515089,21.949824854873178,118.42082994976694,92.42766518410589
piecewise_0030,3,previous_period,35.41332003157247,22.226283993732753,118.42082994976694,92.10027997739641
piecewise_0030,4,previous_period,35.38143947086372,22.301629853490013,118.42082994976694,92.01105478493908
piecewise_0030,5,previous_period,35.380376163699985,22.299133754166178,118.42082994976694,92.01401068647473
piecewise_0030,6,previous_period,35.37998741997696,22.300515281629185,118.42082994976694,92.01237467018706
piecewise_0031,1,default,38.418656800685376,14.826831017510123,129.5019111587785,110.30088162682034
piecewise_0031,2,previous_period,20.371137634243745,69.08484185486165,129.5019111587785,40.03572063571295
piecewise_0031,3,previous_period,19.511020714449923,72.55422319641582,129.5019111587785,35.542805493014214
piecewise_0031,4,previous_period,19.498792307470953,72.63896205063989,129.5019111587785,35.43306705730001
piecewise_0031,5,previous_period,19.504009895913914,72.60674544553336,129.5019111587785,35.47478817662343
piecewise_0031,6,previous_period,19.502513171399173,72.61589493344674,129.5019111587785,35.462939414914366
piecewise_0032,1,default,35.597193503106354,-15.681419981878463,84.49923754655381,97.74991786771405
piecewise_0032,2,previous_period,32.10669168251629,-3.4181878081443573,84.49923754655381,87.38758018234506
piecewise_0032,3,previous_period,31.9181657836282,-2.42761937327467,84.49923754655381,86.55055740750333
piecewise_0032,4,previous_period,31.909467644735123,-2.3818330306451863,84.49923754655381,86.51186829708098
piecewise_0032,5,previous_period,31.90920504310031,-2.3794521529594936,84.49923754655381,86.50985647358965
piecewise_0032,6,previous_period,31.90916888940584,-2.379564053118055,84.49923754655381,86.50995102837044
piecewise_0033,1,default,43.70262206658364,0.9052867919536411,113.26815053799506,112.24274893168442
piecewise_0033,2,previous_period,39.52402512996178,11.734063273928808,113.26815053799506,99.97719408465778
piecewise_0033,3,previous_period,39.3344308450932,12.38748477132271,113.26815053799506,99.23707563934204
piecewise_0033,4,previous_period,39.32888075186,12.41563857046215,113.26815053799506,99.20518635175061
piecewise_0033,5,previous_period,39.32749905325619,12.41936766285524,113.26815053799506,99.2009624777651
piecewise_0033,6,previous_period,39.32771397143929,12.418927944037728,113.26815053799506,99.20146053913727
piecewise_0034,1,default,77.85575083035084,-10.862501917776912,193.99057246072928,215.0628021145824
piecewise_0034,2,previous_period,56.66794603911516,19.464874474371985,193.99057246072928,156.2305510391327
piecewise_0034,3,previous_period,56.61148837216034,19.553031040054048,193.99057246072928,156.05953561270434
piecewise_0034,4,previous_period,56.61164591436656,19.552628962706965,193.99057246072928,156.0603156048517
piecewise_0034,5,previous_period,56.61164284486784,19.552637597938194,193.99057246072928,156.0602988533172
piecewise_0034,6,previous_period,56.61164235096947,19.552638122462916,193.99057246072928,156.06029783578867
piecewise_0035,1,default,51.52242123168757,-22.519429866506858,109.77477893662832,134.49543329037527
piecewise_0035,2,previous_period,30.493877124789925,28.862987273923135,109.77477893662832,78.09049846217204
piecewise_0035,3,previous_period,30.387137350990244,29.53642845157255,109.77477893662832,77.35122989813917
piecewise_0035,4,previous_period,30.380216615869532,29.478974591651564,109.77477893662832,77.41429974585799
piecewise_0035,5,previous_period,30.381374692573473,29.49019413715529,109.77477893662832,77.40198351458358
piecewise_0035,6,previous_period,30.38115199930936,29.488068898329665,109.77477893662832,77.40431649080628
piecewise_0036,1,default,67.8029800717937,-17.6258385189509,153.26157535911904,180.2752131435176
piecewise_0036,2,previous_period,45.95133086590577,20.510805160515822,153.26157535911904,121.826392251273
piecewise_0036,3,previous_period,45.93856996242982,20.80896969778616,153.26157535911904,121.36942058429025
piecewise_0036,4,previous_period,45.94153568694299,20.77958453021348,153.26157535911904,121.41445675503407
piecewise_0036,5,previous_period,45.94123040533061,20.782386674881103,153.26157535911904,121.41016214397261
piecewise_0036,6,previous_period,45.94125836369175,20.782125860293544,153.26157535911904,121.41056187251829
piecewise_0037,1,default,33.053660603122594,17.862618263682528,112.71782561804287,92.58347071276852
piecewise_0037,2,previous_period,17.262614111372077,58.114307308341296,112.71782561804287,47.21264204709318
piecewise_0037,3,previous_period,16.488764312915,59.9981458523708,112.71782561804287,45.089220202108535
piecewise_0037,4,previous_period,16.53857564232295,59.837782099491065,112.71782561804287,45.26997873743406
piecewise_0037,5,previous_period,16.535007130771945,59.856542299447966,112.71782561804287,45.24883264796104
piecewise_0037,6,previous_period,16.53475117691585,59.85463459725599,112.71782561804287,45.250982968391114
piecewise_0038,1,default,65.84102246140438,-9.50230147307849,151.52939674459986,165.92817684360892
piecewise_0038,2,previous_period,41.74687748484624,27.954329739828577,151.52939674459986,109.17036952584135
piecewise_0038,3,previous_period,40.67875015443743,29.618156244445792,151.52939674459986,106.64918326051813
piecewise_0038,4,previous_period,40.66954745985451,29.647196217065066,151.52939674459986,106.60517916519335
piecewise_0038,5,previous_period,40.669842621780504,29.645718593652415,151.52939674459986,106.60741819903669
piecewise_0038,6,previous_period,40.66982092168434,29.64582565528734,151.52939674459986,106.60725596918714
piecewise_0039,1,default,52.16886809072719,-0.4083529683977405,132.35294090564162,132.89340806859153
piecewise_0039,2,previous_period,40.78614944416044,22.773284394616677,132.35294090564162,102.2118292685609
piecewise_0039,3,previous_period,40.933987641018035,22.24198042522302,132.35294090564162,102.91502569720183
piecewise_0039,4,previous_period,40.8957077098429,22.366622729281282,132.35294090564162,102.75005794216816
piecewise_0039,5,previous_period,40.903637647273335,22.341260007182218,132.35294090564162,102.78362625076
piecewise_0039,6,previous_period,40.90190941674875,22.34658681845697,132.35294090564162,102.77657605938137
piecewise_0040,1,default,35.99140244446975,-12.788614493661111,81.62785869677926,92.06693086494079
piecewise_0040,2,previous_period,16.350583652417022,46.95250302304698,81.62785869677926,43.30153587452546
piecewise_0040,3,previous_period,15.507710977625294,50.28023748451322,81.62785869677926,40.58517749051576
piecewise_0040,4,previous_period,15.62929311258448,49.72736204730218,81.62785869677926,41.0364778711716
piecewise_0040,5,previous_period,15.574341659631848,49.96715143700423,81.62785869677926,40.840742926975736
piecewise_0040,6,previous_period,15.594940655198098,49.87457053702581,81.62785869677926,40.916314733190326
piecewise_0041,1,default,28.991683101237726,20.45327029864996,92.1650868602037,73.31431252370072
piecewise_0041,2,previous_period,27.968935607420047,36.05643120455135,92.1650868602037,58.933645721839355
piecewise_0041,3,previous_period,27.885433183686388,30.97116005204008,92.1650868602037,63.62049029662825
piecewise_0041,4,previous_period,27.86382009509346,34.00118935972907,92.1650868602037,60.82786115330707
piecewise_0041,5,previous_period,27.873996140982097,32.19886194758185,92.1650868602037,62.488977778217816
piecewise_0041,6,previous_period,27.862272726323706,33.23570331571857,92.1650868602037,61.53337203067208
piecewise_0042,1,default,76.85375311214342,-10.798930325249767,193.2584441910294,214.12828892688037
piecewise_0042,2,previous_period,56.01664195091872,19.65849778043539,193.2584441910294,155.26673722923192
piecewise_0042,3,previous_period,56.001469477745786,19.6803921475427,193.2584441910294,155.22442451599485
piecewise_0042,4,previous_period,56.00145324827436,19.68043775419056,193.2584441910294,155.22433637729677
piecewise_0042,5,previous_period,56.001454027706956,19.68043627459487,193.2584441910294,155.22433923674038
piecewise_0042,6,previous_period,56.001453854022614,19.68043693760976,193.2584441910294,155.22433795540812
piecewise_0043,1,default,40.51292318142946,14.608740916105889,119.91887267999013,102.40023526065549
piecewise_0043,2,previous_period,39.26227859339677,26.76972448690479,119.91887267999013,87.81692085575463
piecewise_0043,3,previous_period,39.11421748634183,24.658069223669088,119.91887267999013,90.34919404231456
piecewise_0043,4,previous_period,39.15449799977265,25.34072569269128,119.91887267999013,89.53056010038613
piecewise_0043,5,previous_period,39.117110419141525,25.133673061024066,119.91887267999013,89.77885528213571
piecewise_0043,6,previous_period,39.13737563947301,25.226560683312172,119.91887267999013,89.66746549262857
piecewise_0044,1,default,46.58645690720311,16.048623193571032,149.5760414059385,125.57114613283964
piecewise_0044,2,previous_period,33.328897248871975,40.59523172023239,149.5760414059385,88.85530079924702
piecewise_0044,3,previous_period,33.23990881457884,40.80684404415109,149.5760414059385,88.53877946200231
piecewise_0044,4,previous_period,33.239020899744894,40.80862104862707,149.5760414059385,88.53612148905154
piecewise_0044,5,previous_period,33.239097485217506,40.80843469104926,149.5760414059385,88.5364002353393
piecewise_0044,6,previous_period,33.23909928321656,40.80843016847976,149.5760414059385,88.53640700001971
piecewise_0045,1,default,54.006249795625436,-0.5384115094294151,138.79213674799672,139.53940958643093
piecewise_0045,2,previous_period,50.718526294232255,3.842412376179649,138.79213674799672,133.45917050842752
piecewise_0045,3,previous_period,50.68145721453522,3.9150197781971374,138.79213674799672,133.35839714373023
piecewise_0045,4,previous_period,50.68365107912572,3.9120424914535823,138.79213674799672,133.36252938361872
piecewise_0045,5,previous_period,50.68357864305523,3.9121255728739035,138.79213674799672,133.36241407314023
piecewise_0045,6,previous_period,50.6835785274067,3.912127534678822,138.79213674799672,133.36241135030926
piecewise_0046,1,default,44.24852073956835,-32.16010907439888,92.3147501789665,122.00327452828097
piecewise_0046,2,previous_period,22.14253190381606,33.85199328849565,92.3147501789665,61.064367144091236
piecewise_0046,3,previous_period,22.109611496536203,34.122499018359775,92.3147501789665,60.814650455347376
piecewise_0046,4,previous_period,22.110468555214137,34.108826262588444,92.3147501789665,60.82727242568027
piecewise_0046,5,previous_period,22.110414101433037,34.109715340245394,92.3147501789665,60.82645167586235
piecewise_0046,6,previous_period,22.110417140646707,34.10965998338874,92.3147501789665,60.82650277840629
piecewise_0047,1,default,44.318591141989444,16.98840381481257,153.21860967985887,127.18921354800295
piecewise_0047,2,previous_period,20.106271056710984,68.83323428498352,153.21860967985887,47.75328511072719
piecewise_0047,3,previous_period,19.123097252328584,70.36427461675665,153.21860967985887,45.40744640074648
piecewise_0047,4,previous_period,19.087138223076924,70.42340868411262,153.21860967985887,45.31684200489653
piecewise_0047,5,previous_period,19.086598330369746,70.42420916122187,153.21860967985887,45.31561552499893
piecewise_0047,6,previous_period,19.08657523551744,70.42424945010339,153.21860967985887,45.3155537949348
piecewise_0048,1,default,72.96585978001039,-14.678371077835607,179.62011295373998,205.9854196635174
piecewise_0048,2,previous_period,54.008162556387234,14.926120092059069,179.62011295373998,152.8097991847726
piecewise_0048,3,previous_period,54.018677584308506,14.94659732313368,179.62011295373998,152.77301795918657
piecewise_0048,4,previous_period,54.01854950366724,14.944680822002688,179.62011295373998,152.77646038068283
piecewise_0048,5,previous_period,54.01855187216099,14.944781284664977,179.62011295373998,152.77627992953535
piecewise_0048,6,previous_period,54.018551654572796,14.944776023658857,179.62011295373998,152.7762893793605
piecewise_0049,1,default,76.44549283682872,-11.392763581827836,205.4964421026453,228.90816592046738
piecewise_0049,2,previous_period,33.032976193136655,51.90334692432701,205.4964421026453,98.83691084096053
piecewise_0049,3,previous_period,32.49636886405103,52.82344781990168,205.4964421026453,96.94613623679999
piecewise_0049,4,previous_period,32.50350445583252,52.81054487261374,205.4964421026453,96.97265133440308
piecewise_0049,5,previous_period,32.50334515416008,52.81083211827109,205.4964421026453,96.97206105479714
piecewise_0049,6,previous_period,32.503347018134086,52.810828551311985,205.4964421026453,96.97206838477118
piecewise_0050,1,default,67.89943573255542,5.82146708604575,203.15660269773147,191.3299079385543
piecewise_0050,2,previous_period,45.20871959362001,35.949456129537275,203.15660269773147,130.12290893665215
piecewise_0050,3,previous_period,44.54032357852589,37.11830897532574,203.15660269773147,127.74830720461254
piecewise_0050,4,previous_period,44.535437597611796,37.12122076664557,203.15660269773147,127.74239170828955
piecewise_0050,5,previous_period,44.53484864472196,37.12268619718058,203.15660269773147,127.73941458939973
piecewise_0050,6,previous_period,44.53488470123825,37.122584912320654,203.15660269773147,127.7396203562802
piecewise_0051,1,default,56.14961405714813,-6.206115109850807,139.37509546783835,148.02487432703685
piecewise_0051,2,previous_period,49.97811352159762,4.00847329073577,139.37509546783835,133.78828199207257
piecewise_0051,3,previous_period,49.924794137224936,4.639898482157512,139.37509546783835,132.90823252872053
piecewise_0051,4,previous_period,49.90899931178544,4.587543692375984,139.37509546783835,132.98120206696052
piecewise_0051,5,previous_period,49.911487455083396,4.604172294116959,139.37509546783835,132.95802593740908
piecewise_0051,6,previous_period,49.91083014863848,4.600330399018571,139.37509546783835,132.96338058237023
piecewise_0052,1,default,58.30876728523541,9.599929609195247,150.2170966299363,135.7963610924856
piecewise_0052,2,previous_period,31.971235858018147,50.8064272929889,150.2170966299363,73.89715664900883
piecewise_0052,3,previous_period,31.905435220305936,50.93190976962152,150.2170966299363,73.70866051583198
piecewise_0052,4,previous_period,31.904784902310016,50.933153662921086,150.2170966299363,73.70679197543218
piecewise_0052,5,previous_period,31.90477674228302,50.933168533744976,150.2170966299363,73.7067696369123
piecewise_0052,6,previous_period,31.90477674228302,50.933168533744976,150.2170966299363,73.7067696369123
piecewise_0053,1,default,72.52450868103674,-4.413273889752034,197.44184798267815,206.1554975071416
piecewise_0053,2,previous_period,37.5490171451481,51.54766954725491,197.44184798267815,95.66517663657383
piecewise_0053,3,previous_period,36.43100801129453,53.286457897887985,197.44184798267815,92.23208078457637
piecewise_0053,4,previous_period,36.39712136648816,53.37427399799298,197.44184798267815,92.05869505370273
piecewise_0053,5,previous_period,36.40144484255824,53.36324249492712,197.44184798267815,92.08047585721624
piecewise_0053,6,previous_period,36.4009195114386,53.36457655015878,197.44184798267815,92.07784187391374
piecewise_0054,1,default,48.510398184881105,-8.617135005936237,109.62248443359874,119.06880191410339
piecewise_0054,2,previous_period,26.985970440028805,41.78627008023616,109.62248443359874,63.81533701951033
piecewise_0054,3,previous_period,26.903289352290763,41.98902160883531,109.62248443359874,63.59307575663285
piecewise_0054,4,previous_period,26.903856976646658,41.98814743125756,109.62248443359874,63.59403405181194
piecewise_0054,5,previous_period,26.903941920174294,41.98797398032419,109.62248443359874,63.594224193034364
piecewise_0054,6,previous_period,26.903947087479718,41.987963194162525,109.62248443359874,63.594236017092754
piecewise_0055,1,default,58.8639327664233,-2.8172441185324137,157.44224684336177,161.87777928264165
piecewise_0055,2,previous_period,55.66934172970338,2.6569991709369356,157.44224684336177,153.25900765002916
piecewise_0055,3,previous_period,55.68970085058874,2.5905925333818303,157.44224684336177,153.36355975224905
piecewise_0055,4,previous_period,55.685875367923906,2.604197411535869,157.44224684336177,153.34213992640304
piecewise_0055,5,previous_period,55.686616653980494,2.6013244989543383,157.44224684336177,153.34666310452124
piecewise_0055,6,previous_period,55.68645640931075,2.6019649422890256,157.44224684336177,153.34565477614535
piecewise_0056,1,default,43.49641574353842,20.729715185532783,157.9942371061494,125.24248174448928
piecewise_0056,2,previous_period,24.495870489559,56.928395895222984,157.9942371061494,68.05065231472338
piecewise_0056,3,previous_period,24.305464437215537,57.25017821623357,157.9942371061494,67.54225479150024
piecewise_0056,4,previous_period,24.30269861261634,57.25899922818025,157.9942371061494,67.52831810097003
piecewise_0056,5,previous_period,24.302742227404014,57.25872335721307,157.9942371061494,67.52875396120004
piecewise_0056,6,previous_period,24.302736985349167,57.25874513493068,157.9942371061494,67.52871955366123
piecewise_0057,1,default,83.29846022124144,-15.998436129887207,203.07263149413166,235.5610767410015
piecewise_0057,2,previous_period,54.639733457608735,24.14337583538654,203.07263149413166,154.04404285369392
piecewise_0057,3,previous_period,53.89051631802887,25.50070054926036,203.07263149413166,151.28768783931017
piecewise_0057,4,previous_period,53.87789581969127,25.526390682632794,203.07263149413166,151.2355182094364
piecewise_0057,5,previous_period,53.87767127419749,25.52684019478181,203.07263149413166,151.2346053732865
piecewise_0057,6,previous_period,53.87766849189494,25.526846133345394,203.07263149413166,151.23459331368917
piecewise_0058,1,default,51.912785328083785,-13.272009113161376,126.4023086643,143.17843458947226
piecewise_0058,2,previous_period,40.27962142604987,15.666084023354276,126.4023086643,106.60001678149114
piecewise_0058,3,previous_period,40.02329879963087,16.27710527106162,126.4023086643,105.82767181795964
piecewise_0058,4,previous_period,40.02482464841736,16.270039375121737,126.4023086643,105.83660327355547
piecewise_0058,5,previous_period,40.02478604966249,16.270156475376616,126.4023086643,105.83645525612985
piecewise_0058,6,previous_period,40.02478442665253,16.27015991150008,126.4023086643,105.83645091279047
piecewise_0059,1,default,47.70423851091334,19.38079221981144,151.3958503407598,122.05413515680047
piecewise_0059,2,previous_period,31.17993232509693,49.90249861454517,151.3958503407598,75.84553822198325
piecewise_0059,3,previous_period,30.67774494662696,50.136543067922254,151.3958503407598,75.49120463161765
piecewise_0059,4,previous_period,30.71412030205962,50.17028045992621,151.3958503407598,75.44012762011046
piecewise_0059,5,previous_period,30.705753684304895,50.16298583149661,151.3958503407598,75.45117138485065
piecewise_0059,6,previous_period,30.70758603367238,50.1645856861827,151.3958503407598,75.44874927124444
piecewise_0060,1,default,31.16944563265859,-15.365376903716022,66.81064335588914,77.076350519319
piecewise_0060,2,previous_period,27.941925088806325,-4.677870776800708,66.81064335588914,69.93595891722683
piecewise_0060,3,previous_period,27.82283611869013,-4.038148307027645,66.81064335588914,69.50855621947926
piecewise_0060,4,previous_period,27.81860362115558,-4.039627326885831,66.81064335588914,69.50954436216188
piecewise_0060,5,previous_period,27.81870476915364,-4.036512206266352,66.81064335588914,69.50746313003468
piecewise_0060,6,previous_period,27.81867543228762,-4.037000533410051,66.81064335588914,69.50778938454107
piecewise_0061,1,default,40.05571451111026,7.19411144295149,108.03425558270187,100.26215083951926
piecewise_0061,2,previous_period,39.075393287875656,6.6658862721782235,108.03425558270187,100.83281497056461
piecewise_0061,3,previous_period,39.081993620411694,6.604034171467854,108.03425558270187,100.89963642712932
piecewise_0061,4,previous_period,39.077935374483395,6.620422069997256,108.03425558270187,100.88193188294744
piecewise_0061,5,previous_period,39.07923580562417,6.615168459708953,108.03425558270187,100.88760758171362
piecewise_0061,6,previous_period,39.078792664700636,6.616830000648388,108.03425558270187,100.8858125483285
piecewise_0062,1,default,34.656827306530836,6.456930816897433,95.56511025625589,89.3945372019177
piecewise_0062,2,previous_period,22.06376022024562,72.75168133768844,95.56511025625589,26.039885772613992
piecewise_0062,3,previous_period,22.06495083155791,70.90597201088713,95.56511025625589,27.803739925781656
piecewise_0062,4,previous_period,22.051124420600402,71.59482861164346,95.56511025625589,27.14543335576138
piecewise_0062,5,previous_period,22.0564222356397,71.32391886172047,95.56511025625589,27.40432855697024
piecewise_0062,6,previous_period,22.05381818316516,71.42752349152235,95.56511025625589,27.305318678269487
piecewise_0063,1,default,69.64066269238704,4.915173317072707,210.55528810797944,200.20613076921046
piecewise_0063,2,previous_period,40.385599877584156,45.798049406212925,210.55528810797944,114.12507323289304
piecewise_0063,3,previous_period,40.17214596685297,46.03437164708234,210.55528810797944,113.62748425776722
piecewise_0063,4,previous_period,40.18638616560027,46.023524000593206,210.55528810797944,113.65032455108533
piecewise_0063,5,previous_period,40.1846955254047,46.0248536981837,210.55528810797944,113.64752480249273
piecewise_0063,6,previous_period,40.18488916465117,46.02470172200568,210.55528810797944,113.6478447963722
piecewise_0064,1,default,55.580059162545346,-20.97232580991939,128.94185621047842,155.98396240029774
piecewise_0064,2,previous_period,19.212999567716725,57.3684469301452,128.94185621047842,54.969915859625985
piecewise_0064,3,previous_period,17.74053840760605,60.77253078285625,128.94185621047842,50.58062695297919
piecewise_0064,4,previous_period,17.75366048090765,60.74144123539595,128.94185621047842,50.62071439256192
piecewise_0064,5,previous_period,17.75400651746569,60.74061860340194,128.94185621047842,50.621775109524776
piecewise_0064,6,previous_period,17.753994511041373,60.74064707080626,128.94185621047842,50.621738403125235
piecewise_0065,1,default,79.18573463714338,-5.366720149993154,215.93025233752348,227.5186246996524
piecewise_0065,2,previous_period,44.61620924636918,44.11716122732493,215.93025233752348,120.66795477520868
piecewise_0065,3,previous_period,43.28081305189414,46.14630767243349,215.93025233752348,116.28641373598789
piecewise_0065,4,previous_period,43.29019644323833,46.14615039281406,215.93025233752348,116.286753350267
piecewise_0065,5,previous_period,43.289735448398204,46.14633852492095,215.93025233752348,116.28634711613387
piecewise_0065,6,previous_period,43.289751586892315,46.14633442565466,215.93025233752348,116.28635596768991
piecewise_0066,1,default,59.699011363664845,-7.084149886360436,159.63610333812835,170.9449641713466
piecewise_0066,2,previous_period,38.81070217355557,32.61735676349636,159.63610333812835,107.5670259889873
piecewise_0066,3,previous_period,38.61072388927889,33.083059162435305,159.63610333812835,106.823596826169
piecewise_0066,4,previous_period,38.605467897734336,33.09593462571644,159.63610333812835,106.80304293830025
piecewise_0066,5,previous_period,38.605286020484236,33.09638171221793,159.63610333812835,106.80232922683072
piecewise_0066,6,previous_period,38.60528035900108,33.09639726962183,159.63610333812835,106.80230439159735
piecewise_0067,1,default,81.30158785552204,5.015673211910821,228.28011573770124,216.83033112452634
piecewise_0067,2,previous_period,53.914237939416935,35.75617937339843,228.28011573770124,146.65586808072723
piecewise_0067,3,previous_period,53.83408552194477,35.88109037350776,228.28011573770124,146.37072110510854
piecewise_0067,4,previous_period,53.83763719821353,35.87551165115108,228.28011573770124,146.38345621896104
piecewise_0067,5,previous_period,53.83746461213256,35.87578272104584,228.28011573770124,146.3828374202916
piecewise_0067,6,previous_period,53.8374728522717,35.87577002580085,228.28011573770124,146.38286640101154
piecewise_0068,1,default,75.96558574013619,7.540401996631707,228.69543130340134,211.45087643519417
piecewise_0068,2,previous_period,49.64967613977021,39.9662855337687,228.69543130340134,137.29436222600012
piecewise_0068,3,previous_period,49.576171949334935,39.98397635617989,228.69543130340134,137.25390412338572
piecewise_0068,4,previous_period,49.57347648201851,39.985412515761276,228.69543130340134,137.25061969203688
piecewise_0068,5,previous_period,49.57339531737491,39.98545551716604,228.69543130340134,137.25052134978878
piecewise_0068,6,previous_period,49.57339268655758,39.98545770060582,228.69543130340134,137.25051635636174
piecewise_0069,1,default,52.583108234545165,-12.064400238945549,133.6223872170061,149.7431268196993
piecewise_0069,2,previous_period,47.4280567183277,2.7676025846187113,133.6223872170061,129.92425057475901
piecewise_0069,3,previous_period,47.340084006948665,3.0131838905507857,133.6223872170061,129.59609897121388
piecewise_0069,4,previous_period,47.3292900328985,3.07615909290474,133.6223872170061,129.51195000247378
piecewise_0069,5,previous_period,47.32988001151205,3.066410765342542,133.6223872170061,129.52497595047612
piecewise_0069,6,previous_period,47.32947081917758,3.070373373122004,133.6223872170061,129.51968101936515
piecewise_0070,1,default,44.3214777422173,-23.047530558546715,98.60015837614003,121.32506000865637
piecewise_0070,2,previous_period,31.510123893972324,16.01166071824094,98.60015837614003,82.81263554930426
piecewise_0070,3,previous_period,31.520594294757544,15.479802009562205,98.60015837614003,83.33704907839879
piecewise_0070,4,previous_period,31.486647705329116,15.728621151739508,98.60015837614003,83.09171301014182
piecewise_0070,5,previous_period,31.49496099218375,15.667070826770368,98.60015837614003,83.15240172804242
piecewise_0070,6,previous_period,31.492863462104,15.682702747095368,98.60015837614003,83.13698862984474
piecewise_0071,1,default,31.173501414570485,14.118808845760356,107.25405571450706,92.1110606088505
piecewise_0071,2,previous_period,16.334966693078837,59.3407165963098,107.25405571450706,43.60873047491322
piecewise_0071,3,previous_period,15.286068909549762,62.714036110370145,107.25405571450706,39.990708483874585
piecewise_0071,4,previous_period,15.190086378916305,63.06525486053609,107.25405571450706,39.61401212989181
piecewise_0071,5,previous_period,15.184138683622331,63.081658156489006,107.25405571450706,39.59641892971146
piecewise_0071,6,previous_period,15.183346474693462,63.085090408784474,107.25405571450706,39.59273769992222
piecewise_0072,1,default,59.595422165323676,-0.47716183802084533,171.32570168833468,172.14320255551286
piecewise_0072,2,previous_period,45.177041267708724,35.19528754555957,171.32570168833468,111.02712833967767
piecewise_0072,3,previous_period,44.70845187358233,36.63556776335819,171.32570168833468,108.55955815025592
piecewise_0072,4,previous_period,44.69604413209092,36.673500743390754,171.32570168833468,108.49456920604383
piecewise_0072,5,previous_period,44.695722720795594,36.674480658654474,171.32570168833468,108.49289035934231
piecewise_0072,6,previous_period,44.69571348196818,36.674508924594896,171.32570168833468,108.49284193252154
piecewise_0073,1,default,49.88435638888563,-3.094738845058931,139.55163692044246,143.870395637135
piecewise_0073,2,previous_period,31.129050238816827,44.13358851172341,139.55163692044246,77.9624917206001
piecewise_0073,3,previous_period,30.468862570132742,46.16313009925441,139.55163692044246,75.13023321321946
piecewise_0073,4,previous_period,30.392260938400728,46.38081984653098,139.55163692044246,74.82644360748702
piecewise_0073,5,previous_period,30.37827864644319,46.42172758641141,139.55163692044246,74.76935618685674
piecewise_0073,6,previous_period,30.37598127729326,46.428414297635754,139.55163692044246,74.76002477188702
piecewise_0074,1,default,53.223784026167166,-9.97149816206353,125.31005449137866,137.80534427186728
piecewise_0074,2,previous_period,44.0236914172238,8.209697403260918,125.31005449137866,115.02247820177512
piecewise_0074,3,previous_period,43.59591691630151,9.089235689096341,125.31005449137866,113.9203282965222
piecewise_0074,4,previous_period,43.57483703850898,9.13279596472366,125.31005449137866,113.86574289139702
piecewise_0074,5,previous_period,43.573689030353925,9.134906982431247,125.31005449137866,113.86309757395732
piecewise_0074,6,previous_period,43.573639187941765,9.135014221148108,125.31005449137866,113.86296319306278
piecewise_0075,1,default,64.20764645575807,10.527789774932018,211.55285415262415,189.28101440456734
piecewise_0075,2,previous_period,28.394071626133357,62.07285743410805,211.55285415262415,80.23595259667923
piecewise_0075,3,previous_period,27.744368229694125,63.01345162802847,211.55285415262415,78.2460987334467
piecewise_0075,4,previous_period,27.73496321000269,63.02715860887373,211.55285415262415,78.21710122425043
piecewise_0075,5,previous_period,27.73482737857951,63.02735604256943,211.55285415262415,78.2166835476321
piecewise_0075,6,previous_period,27.734826209655996,63.027358679056576,211.55285415262415,78.2166779700683
piecewise_0076,1,default,46.365696461449275,-27.839720113745713,104.8483215622058,134.03780082908398
piecewise_0076,2,previous_period,28.816557393233236,35.54182788212618,104.8483215622058,67.58331157526843
piecewise_0076,3,previous_period,27.96289385760845,40.64880324475636,104.8483215622058,62.22873362495531
piecewise_0076,4,previous_period,28.067028736590757,39.954833010334134,104.8483215622058,62.95634976788831
piecewise_0076,5,previous_period,28.050407199370206,40.06652061324131,104.8483215622058,62.839247190847075
piecewise_0076,6,previous_period,28.053129589014862,40.04795557820676,104.8483215622058,62.85871231847824
piecewise_0077,1,default,43.95139938570813,2.0241024714509392,115.96924340274015,113.62190708090233
piecewise_0077,2,previous_period,43.21830056023027,1.4131568449493703,115.96924340274015,114.33041610155833
piecewise_0077,3,previous_period,43.151482950426264,1.426237682822784,115.96924340274015,114.31524635284579
piecewise_0077,4,previous_period,43.15009253802669,1.4251307783264666,115.96924340274015,114.31653002161536
piecewise_0077,5,previous_period,43.14995113187243,1.4252258963307174,115.96924340274015,114.3164197139855
piecewise_0077,6,previous_period,43.14995511725695,1.4252147661918624,115.96924340274015,114.31643262152332
piecewise_0078,1,default,74.01695295509892,-14.982904319155077,181.70879692230113,208.93405210465733
piecewise_0078,2,previous_period,55.981102664078826,15.46415993746919,181.70879692230113,153.6090579457854
piecewise_0078,3,previous_period,55.84768848529855,15.693401268771934,181.70879692230113,153.1925062806265
piecewise_0078,4,previous_period,55.8451812675074,15.697347047113308,181.70879692230113,153.18533645427317
piecewise_0078,5,previous_period,55.845193043236975,15.697338512640147,181.70879692230113,153.1853519621617
piecewise_0078,6,previous_period,55.84518967172491,15.69734398797652,181.70879692230113,153.18534201299383
piecewise_0079,1,default,50.776065396028606,8.08667971952286,146.2738329289703,134.4451365465345
piecewise_0079,2,previous_period,46.93614734256745,15.30594918431678,146.2738329289703,123.88523439090969
piecewise_0079,3,previous_period,46.923139849116986,15.328995951086155,146.2738329289703,123.85152300178991
piecewise_0079,4,previous_period,46.92332495631533,15.33191967576063,146.2738329289703,123.84724635764428
piecewise_0079,5,previous_period,46.923368093210364,15.330475626127782,146.2738329289703,123.84935862439164
piecewise_0079,6,previous_period,46.92334039387146,15.331021800809042,146.2738329289703,123.84855971375087
piecewise_0080,1,default,35.6114441349496,-2.4650191782848108,91.11550046544522,93.36151502630862
piecewise_0080,2,previous_period,28.749996821135284,37.1720671637505,91.11550046544522,57.24598543584253
piecewise_0080,3,previous_period,28.52222683631779,39.497013941892725,91.11550046544522,55.127598543382994
piecewise_0080,4,previous_period,28.58804441635764,38.65185833131059,91.11550046544522,55.89766630767669
piecewise_0080,5,previous_period,28.563645120933543,39.008485268742675,91.11550046544522,55.57272388884086
piecewise_0080,6,previous_period,28.573644163944184,38.858949406969565,91.11550046544522,55.708974237670745
piecewise_0081,1,default,70.04420327968198,0.04208577138029579,195.18946543348292,195.10731844130217
piecewise_0081,2,previous_period,59.26840342599115,17.309734749354234,195.18946543348292,161.40268670826455
piecewise_0081,3,previous_period,58.93585649732073,18.043649848639586,195.18946543348292,159.97016174923385
piecewise_0081,4,previous_period,58.91259534528256,18.093276291262526,195.18946543348292,159.8732961611645
piecewise_0081,5,previous_period,58.91133064720757,18.096308054330212,195.18946543348292,159.86737847903947
piecewise_0081,6,previous_period,58.91122042798203,18.09654276617697,195.18946543348292,159.86692034624048
piecewise_0082,1,default,61.13559865689609,8.679043928225516,172.67582683647123,157.68921597190726
piecewise_0082,2,previous_period,49.8156598631821,27.61201675853363,172.67582683647123,124.99654859244828
piecewise_0082,3,previous_period,49.27867594801597,28.28527807854031,172.67582683647123,123.8339890413566
piecewise_0082,4,previous_period,49.22830480368769,28.33698370395804,172.67582683647123,123.74470592514558
piecewise_0082,5,previous_period,49.223254586196894,28.342277430681197,172.67582683647123,123.7355649387559
piecewise_0082,6,previous_period,49.22275287152813,28.342803998860166,172.67582683647123,123.734655682799
piecewise_0083,1,default,58.849192723852205,-20.748452957834008,128.60802637240826,155.29220222428614
piecewise_0083,2,previous_period,38.76874582251223,23.546465052884223,128.60802637240826,98.32538238742502
piecewise_0083,3,previous_period,38.93003117907005,23.880157962861304,128.60802637240826,97.89622652175885
piecewise_0083,4,previous_period,38.909350184587616,23.85492569758627,128.60802637240826,97.92867724013811
piecewise_0083,5,previous_period,38.911720636219805,23.858029988597096,128.60802637240826,97.92468487273624
piecewise_0083,6,previous_period,38.91143734857071,23.857669544827875,128.60802637240826,97.925148432354
piecewise_0084,1,default,41.80752603462229,17.3904020326649,136.90898436558535,113.09996156557173
piecewise_0084,2,previous_period,23.841845569904944,55.337417935202595,136.90898436558535,61.1470874963602
piecewise_0084,3,previous_period,23.451505867114445,55.75764681965146,136.90898436558535,60.571756398650436
piecewise_0084,4,previous_period,23.438261066642788,55.7960296925145,136.90898436558535,60.519206797243314
piecewise_0084,5,previous_period,23.437505032330147,55.79623115891592,136.90898436558535,60.518930971639286
piecewise_0084,6,previous_period,23.437505887321382,55.79632523070537,136.90898436558535,60.51880217890779
piecewise_0085,1,default,66.77980152664644,-8.43534890611306,164.24940452115652,178.10441486872912
piecewise_0085,2,previous_period,50.39671888239536,15.95217331313632,164.24940452115652,138.04805484614727
piecewise_0085,3,previous_period,49.649295926108074,17.22927726740928,164.24940452115652,135.95041920613778
piecewise_0085,4,previous_period,49.69377878616636,17.149656231715337,164.24940452115652,136.08119628313867
piecewise_0085,5,previous_period,49.69037052075039,17.155882741323047,164.24940452115652,136.07096927818554
piecewise_0085,6,previous_period,49.69061793926306,17.155416150114423,164.24940452115652,136.07173565146726
piecewise_0086,1,default,31.874692379295166,-7.54887613136761,75.33590041457971,81.0229142193268
piecewise_0086,2,previous_period,19.351225393148173,65.93872968990053,75.33590041457971,25.66036468075734
piecewise_0086,3,previous_period,19.111585536041268,62.641101237100784,75.33590041457971,28.14466276800141
piecewise_0086,4,previous_period,19.102482829169414,63.285361308006536,75.33590041457971,27.659303642572944
piecewise_0086,5,previous_period,19.108298324481595,63.11906172303483,75.33590041457971,27.784586932297092
piecewise_0086,6,previous_period,19.106081317055175,63.163129443273114,75.33590041457971,27.751388118463396
piecewise_0087,1,default,50.64255566952586,6.342499516682743,141.908701545654,132.90814283599013
piecewise_0087,2,previous_period,46.90933669747439,21.997115422202885,141.908701545654,110.69288067250707
piecewise_0087,3,previous_period,46.92291379839412,20.650733837293135,141.908701545654,112.6035132975023
piecewise_0087,4,previous_period,46.92340919471862,21.136727435233894,141.908701545654,111.91384609306957
piecewise_0087,5,previous_period,46.918365487476244,20.952382471463736,141.908701545654,112.1754476375206
piecewise_0087,6,previous_period,46.92161271502734,21.026743138121272,141.908701545654,112.06992338100619
piecewise_0088,1,default,42.655479300487265,-1.1277685873276155,109.30677237169076,110.5394998143204
piecewise_0088,2,previous_period,41.91139801581944,1.2589794367286022,109.30677237169076,107.93062258457942
piecewise_0088,3,previous_period,41.92934758058107,1.1893274751818783,109.30677237169076,108.00675689563973
piecewise_0088,4,previous_period,41.92762114834717,1.1986894091881584,109.30677237169076,107.99652366774589
piecewise_0088,5,previous_period,41.92788980680053,1.196640239008484,109.30677237169076,107.9987635495297
piecewise_0088,6,previous_period,41.927822632083696,1.1972170648129832,109.30677237169076,107.99813303986059
piecewise_0089,1,default,23.584166669960258,-27.058152819381753,42.40068136959677,53.87352253104139
piecewise_0089,2,previous_period,13.718502782006269,27.707980716482506,42.40068136959677,30.652308752051706
piecewise_0089,3,previous_period,13.276128140674587,32.770076138952845,42.40068136959677,28.505945801345113
piecewise_0089,4,previous_period,13.247700686113689,32.4350015704431,42.40068136959677,28.64801970148948
piecewise_0089,5,previous_period,13.249795402192532,32.559372535950494,42.40068136959677,28.5952855646884
piecewise_0089,6,previous_period,13.249032060876928,32.52814929750355,42.40068136959677,28.60852443053556
piecewise_0090,1,default,50.02859341312206,-13.51165537965211,115.04122193362355,130.5851953858355
piecewise_0090,2,previous_period,28.97822015557339,30.628127973686414,115.04122193362355,79.80624925730072
piecewise_0090,3,previous_period,28.316613049951535,32.08623038770042,115.04122193362355,78.12883042317534
piecewise_0090,4,previous_period,28.341326184061916,32.0262117212069,115.04122193362355,78.19787663049776
piecewise_0090,5,previous_period,28.340146435489,32.02925494955073,115.04122193362355,78.19437566342478
piecewise_0090,6,previous_period,28.340195198333856,32.029111129778606,115.04122193362355,78.19454111544802
piecewise_0091,1,default,39.253747787792044,-28.41878608858519,83.8285897268954,107.6516573224595
piecewise_0091,2,previous_period,27.747998540607572,40.112293984088446,83.8285897268954,50.203019372927756
piecewise_0091,3,previous_period,27.627743886798587,41.22724356357009,83.8285897268954,49.26837286428234
piecewise_0091,4,previous_period,27.618861337954066,41.309745989510304,83.8285897268954,49.19921224412618
piecewise_0091,5,previous_period,27.61850755173517,41.31287492068611,83.8285897268954,49.196589305247976
piecewise_0091,6,previous_period,27.61847090305603,41.31320986206466,83.8285897268954,49.196308528613926
piecewise_0092,1,default,38.994607831483904,15.864076269623295,118.41483634560687,99.6294163931902
piecewise_0092,2,previous_period,27.80871939163424,39.84393482044588,118.41483634560687,71.23370613432562
piecewise_0092,3,previous_period,27.375683091950382,40.88295665147831,118.41483634560687,70.00335013351344
piecewise_0092,4,previous_period,27.375022846303196,40.88256123420949,118.41483634560687,70.00381836622519
piecewise_0092,5,previous_period,27.376493633088774,40.8794513630807,118.41483634560687,70.0075009150329
piecewise_0092,6,previous_period,27.37602248221304,40.880464244886596,118.41483634560687,70.00630151270008
piecewise_0093,1,default,55.35404350672774,17.353078952660937,185.91697138910854,153.6546525575605
piecewise_0093,2,previous_period,36.03144533342115,46.29491994191351,185.91697138910854,99.84685832609048
piecewise_0093,3,previous_period,35.699603027009864,46.76941774147052,185.91697138910854,98.96468638784614
piecewise_0093,4,previous_period,35.709037925447745,46.74886050626035,185.91697138910854,99.00290577695023
piecewise_0093,5,previous_period,35.705504428620955,46.755182216851146,185.91697138910854,98.99115264407983
piecewise_0093,6,previous_period,35.706258416144536,46.75380912569446,185.91697138910854,98.99370545357276
piecewise_0094,1,default,19.232560173217472,-5.293827822683239,44.844145352658465,47.21811719618201
piecewise_0094,2,previous_period,16.422730169596743,8.023456607904379,44.844145352658465,41.246094809102345
piecewise_0094,3,previous_period,16.38020544415955,8.573909381409607,44.844145352658465,40.99924896725392
piecewise_0094,4,previous_period,16.365795442372374,8.520951015931022,44.844145352658465,41.02299769364553
piecewise_0094,5,previous_period,16.375427292476427,8.540075386715728,44.844145352658465,41.014421533013056
piecewise_0094,6,previous_period,16.369296848311258,8.551101700538188,44.844145352658465,41.00947687681547
piecewise_0095,1,default,54.18324121705882,-17.915760377816103,126.87938719066344,149.6107941685842
piecewise_0095,2,previous_period,32.728490109579376,43.237362510152245,126.87938719066344,72.02008660037662
piecewise_0095,3,previous_period,30.77518513728406,50.0511389428519,126.87938719066344,63.37480881802544
piecewise_0095,4,previous_period,30.763678975962243,49.62588012918332,126.87938719066344,63.91437459478243
piecewise_0095,5,previous_period,30.752100286093174,49.757266889665374,126.87938719066344,63.747671878233135
piecewise_0095,6,previous_period,30.75454881429165,49.72656514457625,126.87938719066344,63.786626064259046
piecewise_0096,1,default,64.3579206510511,-10.710512660325566,180.16800877383255,199.46492616341038
piecewise_0096,2,previous_period,22.857037701599737,65.54852290354674,180.16800877383255,62.070540277852835
piecewise_0096,3,previous_period,20.751761923210527,70.1682530896768,180.16800877383255,53.74726439077864
piecewise_0096,4,previous_period,20.73402647149879,70.18280073960321,180.16800877383255,53.72105417958281
piecewise_0096,5,previous_period,20.727209117370027,70.2013433332403,180.16800877383255,53.68764635785185
piecewise_0096,6,previous_period,20.727985186332145,70.19909448539143,180.16800877383255,53.69169806224153
piecewise_0097,1,default,41.52344863358714,-4.938669605654189,98.73562710461543,103.61185351038313
piecewise_0097,2,previous_period,32.617771360113956,15.036431175245523,98.73562710461543,83.88931248958286
piecewise_0097,3,previous_period,32.43082487809108,15.490743282669794,98.73562710461543,83.44074458130532
piecewise_0097,4,previous_period,32.421375307147144,15.5139164527346,98.73562710461543,83.41786440652182
piecewise_0097,5,previous_period,32.420963075479364,15.514925226503895,98.73562710461543,83.41686838741464
piecewise_0097,6,previous_period,32.42094378855349,15.514971553931378,98.73562710461543,83.41682264573859
piecewise_0098,1,default,43.0887123030756,-0.853218134104794,123.57472489407886,124.62908685604523
piecewise_0098,2,previous_period,29.216425237212473,34.02895649759367,123.57472489407886,81.52353551785171
piecewise_0098,3,previous_period,28.78062713952322,35.59941788450731,123.57472489407886,79.58284217940543
piecewise_0098,4,previous_period,28.772126425496943,35.63088727023433,123.57472489407886,79.54395397256741
piecewise_0098,5,previous_period,28.77205488141351,35.63114659149619,123.57472489407886,79.54363351703148
piecewise_0098,6,previous_period,28.772054660895908,35.63114538687563,123.57472489407886,79.54363500563802
piecewise_0099,1,default,41.3997310828643,20.117305311917566,128.65424919157275,102.77248108494882
piecewise_0099,2,previous_period,23.980211918338295,52.82055209849603,128.65424919157275,60.698364470409146
piecewise_0099,3,previous_period,23.874352106191402,53.0814971434294,128.65424919157275,60.362647582047515
piecewise_0099,4,previous_period,23.893056349890223,53.04752627884095,128.65424919157275,60.40635254282766
piecewise_0099,5,previous_period,23.893477316776895,53.04660420473293,128.65424919157275,60.40753883034834
piecewise_0099,6,previous_period,23.893431097674217,53.046688098889014,128.65424919157275,60.40743089695171
piecewise_0100,1,default,49.89966040139478,-11.843244515387585,109.21023300838573,122.14426793939337
piecewise_0100,2,previous_period,35.76370703242651,22.414955995122,109.21023300838573,84.73080733738587
piecewise_0100,3,previous_period,35.56570827108308,22.942254965982034,109.21023300838573,84.1549429026588
piecewise_0100,4,previous_period,35.563621708459785,22.94854086138812,109.21023300838573,84.14807806163915
piecewise_0100,5,previous_period,35.56362398195355,22.94856619024308,109.21023300838573,84.14805039993763
piecewise_0100,6,previous_period,35.563624746209776,22.94856328725955,109.21023300838573,84.14805357029272
piecewise_0101,1,default,62.37678723279785,-21.5093874371211,149.0631462765654,181.12571593515437
piecewise_0101,2,previous_period,40.2331490169447,29.8584137399188,149.0631462765654,104.55525532756813
piecewise_0101,3,previous_period,39.27239471547862,33.65039817866206,149.0631462765654,98.90280401685968
piecewise_0101,4,previous_period,39.26489443004339,33.451571257641255,149.0631462765654,99.1991816809781
piecewise_0101,5,previous_period,39.26479020974778,33.496046050957176,149.0631462765654,99.1328861547614
piecewise_0101,6,previous_period,39.264816265027186,33.48686494482356,149.0631462765654,99.14657180042715
piecewise_0102,1,default,51.398032415077864,-0.4468472410476432,134.34503318772607,134.94535026200998
piecewise_0102,2,previous_period,47.85364074287113,4.368848771019385,134.34503318772607,128.47570185637852
piecewise_0102,3,previous_period,47.744311142732684,4.5488311429155655,134.34503318772607,128.23390447912254
piecewise_0102,4,previous_period,47.740809933345766,4.555121625787173,134.34503318772607,128.225453527821
piecewise_0102,5,previous_period,47.74070408507258,4.55531213278536,134.34503318772607,128.22519759113106
piecewise_0102,6,previous_period,47.74070117730998,4.55531617926197,134.34503318772607,128.22519215489072
piecewise_0103,1,default,69.50164656751149,-11.135857208873002,180.42494189309343,200.51680579150042
piecewise_0103,2,previous_period,30.19333329515569,57.360137834089066,180.42494189309343,76.93294653613992
piecewise_0103,3,previous_period,29.658795716758902,58.53397954986351,180.42494189309343,74.81504330253699
piecewise_0103,4,previous_period,29.622336375273978,58.59176323505333,180.42494189309343,74.71078712210958
piecewise_0103,5,previous_period,29.62372797270012,58.59067453990628,180.42494189309343,74.71275139969603
piecewise_0103,6,previous_period,29.623485353931052,58.59096342433785,180.42494189309343,74.71223018012824
piecewise_0104,1,default,84.01793365839852,-15.820025271620896,198.74867810132295,230.19076920396472
piecewise_0104,2,previous_period,47.174502588890434,33.44733801330321,198.74867810132295,132.27253593980154
piecewise_0104,3,previous_period,46.8586085262953,33.813736152561155,198.74867810132295,131.5443244814385
piecewise_0104,4,previous_period,46.8420694765514,33.83273540666675,198.74867810132295,131.50656371505454
piecewise_0104,5,previous_period,46.84118257885299,33.83375705666547,198.74867810132295,131.50453319918725
piecewise_0104,6,previous_period,46.84113842996523,33.833807419092665,198.74867810132295,131.50443310452894
piecewise_0105,1,default,58.85420915079707,-4.6828195214711155,154.26494377315925,161.4888926749552
piecewise_0105,2,previous_period,32.04031649873886,52.54767200246451,154.26494377315925,73.20230710445323
piecewise_0105,3,previous_period,31.06061491618378,54.60645893054785,154.26494377315925,70.0263206074363
piecewise_0105,4,previous_period,31.032860481262606,54.66577918310972,154.26494377315925,69.93481025317564
piecewise_0105,5,previous_period,31.032115585282863,54.66713788786971,154.26494377315925,69.9327142480416
piecewise_0105,6,previous_period,31.03208887993548,54.66720290102736,154.26494377315925,69.93261395553051
piecewise_0106,1,default,92.61068354512305,-1.3052335645018953,268.91918420900845,272.4292076626891
piecewise_0106,2,previous_period,53.26277608226737,42.09113020017357,268.91918420900845,155.72806025035007
piecewise_0106,3,previous_period,52.8273902571811,42.586756803342105,268.91918420900845,154.39522523238645
piecewise_0106,4,previous_period,52.85294949584569,42.56465425364756,268.91918420900845,154.45466322871442
piecewise_0106,5,previous_period,52.84792504727528,42.56877384450695,268.91918420900845,154.4435848585826
piecewise_0106,6,previous_period,52.84901706027394,42.56788220770037,268.91918420900845,154.44598264100895
piecewise_0107,1,default,83.34916809148801,-10.345431997299738,222.4460343407553,245.45903755416813
piecewise_0107,2,previous_period,40.52043776739839,48.789336394551356,222.4460343407553,113.91609034990498
piecewise_0107,3,previous_period,40.03637891643577,49.44493352335312,222.4460343407553,112.45774053563359
piecewise_0107,4,previous_period,40.035131670935804,49.44686531863249,222.4460343407553,112.45344333364304
piecewise_0107,5,previous_period,40.03512485748965,49.44687356926273,222.4460343407553,112.45342498044326
piecewise_0107,6,previous_period,40.03512485748965,49.44687356926273,222.4460343407553,112.45342498044326
piecewise_0108,1,default,58.58807184851489,-11.865298575650263,146.4985599291939,163.8810514738207
piecewise_0108,2,previous_period,39.30449021518797,24.255652559336827,146.4985599291939,110.96437822833678
piecewise_0108,3,previous_period,38.47005761318081,26.829872282760057,146.4985599291939,107.19318340410847
piecewise_0108,4,previous_period,38.48292653687567,26.78174098664794,146.4985599291939,107.26369505978799
piecewise_0108,5,previous_period,38.48293259800386,26.78231712877235,146.4985599291939,107.26285101987258
piecewise_0108,6,previous_period,38.482854623810105,26.782527414924008,146.4985599291939,107.26254295368867
piecewise_0109,1,default,53.1472103952308,6.659259274153118,158.81539527935726,148.23946634043372
piecewise_0109,2,previous_period,41.335417795005704,33.56498965941236,158.81539527935726,105.50902427628614
piecewise_0109,3,previous_period,41.126136495760306,34.07559283034306,158.81539527935726,104.69810783206361
piecewise_0109,4,previous_period,41.1364055646134,34.03688680826043,158.81539527935726,104.75957895403106
piecewise_0109,5,previous_period,41.13588030404162,34.03972547230517,158.81539527935726,104.75507071850774
piecewise_0109,6,previous_period,41.13592462381011,34.039450019226756,158.81539527935726,104.75550818040303
piecewise_0110,1,default,78.5487284647842,7.870605863597091,245.17702606389403,225.88010867431623
piecewise_0110,2,previous_period,46.67404793746666,48.767799516505264,245.17702606389403,125.60958553252435
piecewise_0110,3,previous_period,46.130198729543594,49.57595252880761,245.17702606389403,123.62818001091566
piecewise_0110,4,previous_period,46.15560038767155,49.532082447500095,245.17702606389403,123.73573937159725
piecewise_0110,5,previous_period,46.15289444658328,49.5366361314283,245.17702606389403,123.72457478476572
piecewise_0110,6,previous_period,46.15315623889595,49.536194813696845,245.17702606389403,123.72565679445519
piecewise_0111,1,default,75.02172568740339,-16.453023930804346,173.52374322299735,202.07364622110458
piecewise_0111,2,previous_period,43.40139282490345,35.806342269024185,173.52374322299735,111.39123780654828
piecewise_0111,3,previous_period,43.07443802527715,36.43989018771806,173.52374322299735,110.29188174291926
piecewise_0111,4,previous_period,43.08228484660688,36.41844570836293,173.52374322299735,110.32909300621095
piecewise_0111,5,previous_period,43.08194667795193,36.419395488893,173.52374322299735,110.32744491148279
piecewise_0111,6,previous_period,43.08196000646863,36.419355505678055,173.52374322299735,110.32751429185402
piecewise_0112,1,default,57.071862753261136,13.30341630954286,199.99603634828512,173.3897310302881
piecewise_0112,2,previous_period,29.918322055492435,58.8788586162551,199.99603634828512,82.24065286866417
piecewise_0112,3,previous_period,29.44233177707413,59.82247896973662,199.99603634828512,80.35344956352543
piecewise_0112,4,previous_period,29.41950200254013,59.86982387116555,199.99603634828512,80.25876163725458
piecewise_0112,5,previous_period,29.418627806505544,59.87164292789413,199.99603634828512,80.25512359589848
piecewise_0112,6,previous_period,29.418597978049608,59.87170524333001,199.99603634828512,80.2549989674967
piecewise_0113,1,default,46.03044109091122,18.43052939614045,147.2108800891928,120.07913556003706
piecewise_0113,2,previous_period,31.216028771295072,47.38472578203425,147.2108800891928,77.45540823760953
piecewise_0113,3,previous_period,31.17271748184899,47.24310162613442,147.2108800891928,77.66389440392857
piecewise_0113,4,previous_period,31.201886869089808,47.17092225479477,147.2108800891928,77.77015029172053
piecewise_0113,5,previous_period,31.20204292988165,47.171222647239595,147.2108800891928,77.76970808135877
piecewise_0113,6,previous_period,31.201902442536415,47.171515372432246,147.2108800891928,77.76927715802643
piecewise_0114,1,default,56.34922860051458,-21.61024171287602,132.8302851882359,161.53523088531625
piecewise_0114,2,previous_period,38.50795287840071,21.95302731326563,132.8302851882359,103.67001640057384
piecewise_0114,3,previous_period,38.5027668196371,21.779061534180787,132.8302851882359,103.90109564106218
piecewise_0114,4,previous_period,38.50064315673099,21.781940299523495,132.8302851882359,103.89727176884756
piecewise_0114,5,previous_period,38.500633360411975,21.781906040666822,132.8302851882359,103.89731727498459
piecewise_0114,6,previous_period,38.500633252960135,21.781905366838373,132.8302851882359,103.89731817003283
piecewise_0115,1,default,70.46260355832469,8.458669452583866,234.13982434419307,214.3347105460573
piecewise_0115,2,previous_period,31.67446992082381,60.33842079127205,234.13982434419307,92.86355189144862
piecewise_0115,3,previous_period,30.948115083652702,61.3504278482546,234.13982434419307,90.49404034587886
piecewise_0115,4,previous_period,30.941502045526523,61.35980503212799,234.13982434419307,90.47208462402926
piecewise_0115,5,previous_period,30.9414356267766,61.359899239755464,234.13982434419307,90.47186404645578
piecewise_0115,6,previous_period,30.941436319690652,61.359898555691885,234.13982434419307,90.47186564812104
piecewise_0116,1,default,21.815120062990644,6.187575584871386,59.659824728511865,55.9683279796334
piecewise_0116,2,previous_period,21.23721631400802,9.122409486979933,59.659824728511865,54.2174112175625
piecewise_0116,3,previous_period,21.242566982196056,8.956203697152809,59.659824728511865,54.316569300462
piecewise_0116,4,previous_period,21.20174392491052,9.112642260759085,59.659824728511865,54.223238327606694
piecewise_0116,5,previous_period,21.223954981058192,9.041493351834639,59.659824728511865,54.265685641967266
piecewise_0116,6,previous_period,21.20479980042581,9.088725987234348,59.659824728511865,54.23750673447314
piecewise_0117,1,default,43.618727485251526,-25.628687109245462,96.41427974501326,121.12399382949533
piecewise_0117,2,previous_period,29.527456451263546,23.754555327939965,96.41427974501326,73.51149631894927
piecewise_0117,3,previous_period,29.100407017538092,26.046861085953477,96.41427974501326,71.30138623280708
piecewise_0117,4,previous_period,29.081700420232966,25.95930138471164,96.41427974501326,71.38580628810628
piecewise_0117,5,previous_period,29.08643840047688,25.983120105916978,96.41427974501326,71.36284163961167
piecewise_0117,6,previous_period,29.085176505110365,25.976905816518293,96.41427974501326,71.36883310197669
piecewise_0118,1,default,34.250092195179,-17.266781460654656,81.64806970705855,95.74606347021933
piecewise_0118,2,previous_period,17.16914696795301,47.8254474065666,81.64806970705855,42.599515070832425
piecewise_0118,3,previous_period,16.16364479966276,51.44447300634371,81.64806970705855,39.64465052641011
piecewise_0118,4,previous_period,16.074527044262982,51.71544056024445,81.64806970705855,39.42341074911773
piecewise_0118,5,previous_period,16.06160624158053,51.755777187337415,81.64806970705855,39.3904766717114
piecewise_0118,6,previous_period,16.059860073365567,51.76118186374288,81.64806970705855,39.386063857752426
piecewise_0119,1,default,70.68243670575119,-19.079879356469732,160.53993139113163,191.1707566195188
piecewise_0119,2,previous_period,44.74026924228354,25.86427873554742,160.53993139113163,119.01743605427276
piecewise_0119,3,previous_period,43.883060438421346,27.384124185302973,160.53993139113163,116.57747721198396
piecewise_0119,4,previous_period,43.93563886330593,27.30165178639864,160.53993139113163,116.70987834460159
piecewise_0119,5,previous_period,43.92129968776476,27.324567996082692,160.53993139113163,116.67308867729736
piecewise_0119,6,previous_period,43.92454934173995,27.31936179236758,160.53993139113163,116.68144671316969
piecewise_0120,1,default,87.02783112408702,6.850264391174365,289.1145898492906,269.30947605115483
piecewise_0120,2,previous_period,46.377528448414274,51.99658077111194,289.1145898492906,138.78488861723523
piecewise_0120,3,previous_period,46.09261323154091,52.304556294321934,289.1145898492906,137.8944864464704
piecewise_0120,4,previous_period,46.090662110489234,52.30677594235933,289.1145898492906,137.88806912015104
piecewise_0120,5,previous_period,46.090650321332454,52.30678850815102,289.1145898492906,137.88803279061392
piecewise_0120,6,previous_period,46.09065077317273,52.30678792157361,289.1145898492906,137.8880344864948
piecewise_0121,1,default,48.450136514545214,15.644162393159156,159.64870879237753,134.67300553031623
piecewise_0121,2,previous_period,28.84415184407765,47.38176054240411,159.64870879237753,84.00433988333316
piecewise_0121,3,previous_period,28.62038881431956,47.89648413998987,159.64870879237753,83.18259030593782
piecewise_0121,4,previous_period,28.610999904430933,47.91687064965788,159.64870879237753,83.150043506485
piecewise_0121,5,previous_period,28.610711618877794,47.91752117634269,159.64870879237753,83.14900494903236
piecewise_0121,6,previous_period,28.610699375390656,47.91754749673073,159.64870879237753,83.1489629288727
piecewise_0122,1,default,100.90528292866965,-4.050278552285058,282.2909732521458,293.72454399681425
piecewise_0122,2,previous_period,59.25826054943697,38.85620530809927,282.2909732521458,172.60341311906046
piecewise_0122,3,previous_period,58.772181369590804,39.26312180900725,282.2909732521458,171.45472456832374
piecewise_0122,4,previous_period,58.75740979861375,39.27457135016884,282.2909732521458,171.42240354714576
piecewise_0122,5,previous_period,58.756831927666745,39.27501823611295,282.2909732521458,171.42114202846483
piecewise_0122,6,previous_period,58.75680772700181,39.27503757712915,282.2909732521458,171.42108743052196
piecewise_0123,1,default,67.69758103065374,-13.50332732958357,173.53979870721116,196.97344577374633
piecewise_0123,2,previous_period,48.42433600548774,20.35192280385911,173.53979870721116,138.22111284034705
piecewise_0123,3,previous_period,48.43374563695441,20.355261525037115,173.53979870721116,138.21531883033535
piecewise_0123,4,previous_period,48.43428575492158,20.3544345560279,173.53979870721116,138.2167539506893
piecewise_0123,5,previous_period,48.43428984538199,20.354427357109106,173.53979870721116,138.2167664436785
piecewise_0123,6,previous_period,48.43428984538199,20.354427357109106,173.53979870721116,138.2167664436785
piecewise_0124,1,default,22.767675854191257,-27.977263810033804,54.55209026935043,69.81427247789438
piecewise_0124,2,previous_period,7.582733764213657,67.14451257595013,54.55209026935043,17.92335515800276
piecewise_0124,3,previous_period,6.414873651704864,75.18661147645636,54.55209026935043,13.536222106248161
piecewise_0124,4,previous_period,6.408654462532757,75.31147986405178,54.55209026935043,13.468103790729234
piecewise_0124,5,previous_period,6.412128227986114,75.26921989516796,54.55209026935043,13.491157487102527
piecewise_0124,6,previous_period,6.411211463249247,75.27937357345075,54.55209026935043,13.485618443360039
piecewise_0125,1,default,48.76463422789772,6.217980830611469,98.23344130052172,92.1253047512053
piecewise_0125,2,previous_period,33.78485267107028,19.950728212876655,98.23344130052172,78.6351544124989
piecewise_0125,3,previous_period,33.428689671366705,20.379279353256997,98.23344130052172,78.21417387957067
piecewise_0125,4,previous_period,33.41608012873454,20.38921916614501,98.23344130052172,78.20440965931193
piecewise_0125,5,previous_period,33.41570653708084,20.38961760707959,98.23344130052172,78.20401825707035
piecewise_0125,6,previous_period,33.41569533272436,20.389622090867842,98.23344130052172,78.20401385249085
piecewise_0126,1,default,39.25116602199227,21.141741518063906,139.7844770823137,110.23160425519367
piecewise_0126,2,previous_period,24.59505804689372,54.44606553005258,139.7844770823137,63.677329089235855
piecewise_0126,3,previous_period,24.650039993934982,54.40404299572714,139.7844770823137,63.7360700690994
piecewise_0126,4,previous_period,24.65103747478181,54.35104855706936,139.7844770823137,63.8101480680599
piecewise_0126,5,previous_period,24.650339288420863,54.37003368070585,139.7844770823137,63.78360981226119
piecewise_0126,6,previous_period,24.65055214953901,54.36331844906685,139.7844770823137,63.792996663692634
piecewise_0127,1,default,51.49182513366307,-12.145118206686977,107.91608452712993,121.02262055697808
piecewise_0127,2,previous_period,38.41766685000018,21.275519985875015,107.91608452712993,84.95637639558663
piecewise_0127,3,previous_period,38.30778707232688,21.933482479782473,107.91608452712993,84.24632903450464
piecewise_0127,4,previous_period,38.30626271871468,21.88276500917453,107.91608452712993,84.30106134295593
piecewise_0127,5,previous_period,38.306316091554805,21.89072708627875,107.91608452712993,84.29246898109803
piecewise_0127,6,previous_period,38.306306246415616,21.88955029138009,107.91608452712993,84.29373893207557
piecewise_0128,1,default,78.40531912961855,-14.209591420973,201.1035280662686,229.67951773764713
piecewise_0128,2,previous_period,60.03822627282072,18.619654860310998,201.1035280662686,163.65874522842074
piecewise_0128,3,previous_period,59.76790679445715,19.271093317612774,201.1035280662686,162.3486795076064
piecewise_0128,4,previous_period,59.770869955579755,19.24576519675908,201.1035280662686,162.39961525223606
piecewise_0128,5,previous_period,59.77042658481103,19.24874666776969,201.1035280662686,162.39361940884544
piecewise_0128,6,previous_period,59.770475716152795,19.248416951733173,201.1035280662686,162.3942824794275
piecewise_0129,1,default,68.95464308518457,-17.27188905403787,153.43762427418,179.93920050596785
piecewise_0129,2,previous_period,47.58230043652103,20.678738027890773,153.43762427418,121.70865991430297
piecewise_0129,3,previous_period,47.5352541885204,20.744827355762073,153.43762427418,121.60725401971848
piecewise_0129,4,previous_period,47.53712257567901,20.74071569953764,153.43762427418,121.61356284734757
piecewise_0129,5,previous_period,47.53716156437193,20.740636047312254,153.43762427418,121.61368506382988
piecewise_0129,6,previous_period,47.53716168764954,20.74063505258048,153.43762427418,121.61368659012268
piecewise_0130,1,default,69.0958121161084,0.3336147020773006,194.33440890550332,193.68608074619954
piecewise_0130,2,previous_period,34.529722282344544,54.07908024529369,194.33440890550332,89.24014796927901
piecewise_0130,3,previous_period,33.34118944836107,55.891947839168,194.33440890550332,85.71712244648394
piecewise_0130,4,previous_period,33.3158699677783,55.94004169792575,194.33440890550332,85.62365953034725
piecewise_0130,5,previous_period,33.31539510899685,55.94079323855412,194.33440890550332,85.6221990283094
piecewise_0130,6,previous_period,33.315382789336766,55.940817001601985,194.33440890550332,85.62215284853082
piecewise_0131,1,default,36.73373777570789,-34.468401013373004,64.81386119000601,87.15416277722821
piecewise_0131,2,previous_period,23.544821862962934,14.48850454745898,64.81386119000601,55.423301964108234
piecewise_0131,3,previous_period,23.171394481307413,15.67681625615428,64.81386119000601,54.65311126272988
piecewise_0131,4,previous_period,23.16103478018571,15.717179495807853,64.81386119000601,54.62695028860902
piecewise_0131,5,previous_period,23.16104160591994,15.716936964314442,64.81386119000601,54.6271074826345
piecewise_0131,6,previous_period,23.161035881747303,15.716969445756613,64.81386119000601,54.62708643015766
piecewise_0132,1,default,27.08403060300447,30.16871455815531,100.93696283290649,70.48557863217562
piecewise_0132,2,previous_period,16.220746280796615,60.877165937960356,100.93696283290649,39.48940047638064
piecewise_0132,3,previous_period,16.22700419797948,60.77090764383482,100.93696283290649,39.59665437122901
piecewise_0132,4,previous_period,16.228348112593324,60.781159233573234,100.93696283290649,39.58630672790496
piecewise_0132,5,previous_period,16.22770477169951,60.77980991425673,100.93696283290649,39.58766868984196
piecewise_0132,6,previous_period,16.22789228702397,60.78007358400902,100.93696283290649,39.58740254960209
piecewise_0133,1,default,39.56513542955611,7.693422714455567,113.06590417457173,104.36726622050067
piecewise_0133,2,previous_period,37.763733064813934,11.358476292838816,113.06590417457173,100.22334025361914
piecewise_0133,3,previous_period,37.75449273656092,11.276143434684617,113.06590417457173,100.31643064412395
piecewise_0133,4,previous_period,37.744421298020086,11.332209677301574,113.06590417457173,100.25303883997239
piecewise_0133,5,previous_period,37.74599363862446,11.316203262053993,113.06590417457173,100.271136638098
piecewise_0133,6,previous_period,37.74473044195744,11.324111543251803,113.06590417457173,100.26219506845703
piecewise_0134,1,default,74.38619710702729,-0.21278327665199548,209.40307360206498,209.84864832348546
piecewise_0134,2,previous_period,47.582669625723796,35.06001348956317,209.40307360206498,135.9863277496211
piecewise_0134,3,previous_period,47.517163243518446,35.15916528336835,209.40307360206498,135.77870084586147
piecewise_0134,4,previous_period,47.51868082676571,35.15686403576396,209.40307360206498,135.78351972907626
piecewise_0134,5,previous_period,47.518650549437126,35.15691022502851,209.40307360206498,135.7834230073366
piecewise_0134,6,previous_period,47.518651358901394,35.156908866256074,209.40307360206498,135.78342585264787
piecewise_0135,1,default,72.57321359795506,-14.828165730432863,172.45214107995403,198.0236303649695
piecewise_0135,2,previous_period,50.730980988342075,20.7493960338354,172.45214107995403,136.66936335844582
piecewise_0135,3,previous_period,50.378149880249524,21.45895606718757,172.45214107995403,135.44571188868235
piecewise_0135,4,previous_period,50.385587499070915,21.440740475163956,172.45214107995403,135.47712506713748
piecewise_0135,5,previous_period,50.384669883631624,21.44288488202154,172.45214107995403,135.4734269915981
piecewise_0135,6,previous_period,50.38475967887961,21.442673485480903,172.45214107995403,135.4737915494586
piecewise_0136,1,default,37.30158842507595,0.3817092654161969,96.23469609734218,95.8673593457935
piecewise_0136,2,previous_period,33.54289596446907,9.80696170859493,96.23469609734218,86.79699630069314
piecewise_0136,3,previous_period,33.50466173918695,9.90519667989166,96.23469609734218,86.70246017460441
piecewise_0136,4,previous_period,33.5085367649867,9.898204173103842,96.23469609734218,86.70918939226125
piecewise_0136,5,previous_period,33.50806132868364,9.898471621538862,96.23469609734218,86.7089320140726
piecewise_0136,6,previous_period,33.50813433206117,9.898522608853055,96.23469609734218,86.70888294658573
piecewise_0137,1,default,45.3974447860378,13.827265613727013,105.97731461758573,91.323549835117
piecewise_0137,2,previous_period,31.52388885166651,35.55654455077879,105.97731461758573,68.29544353186486
piecewise_0137,3,previous_period,31.192311421523716,35.87719413581332,105.97731461758573,67.95562771231283
piecewise_0137,4,previous_period,31.187576704384607,35.87994426458481,105.97731461758573,67.95271319969228
piecewise_0137,5,previous_period,31.187337544266523,35.880210329508685,105.97731461758573,67.95243123123082
piecewise_0137,6,previous_period,31.187348217648385,35.88019434498807,105.97731461758573,67.95244817119652
piecewise_0138,1,default,64.16831625259458,9.490361622513587,208.68660843389733,188.88149463576153
piecewise_0138,2,previous_period,30.1226649462862,62.773880294948334,208.68660843389733,77.68592666401506
piecewise_0138,3,previous_period,29.028836670730882,64.27646968720053,208.68660843389733,74.55022382263644
piecewise_0138,4,previous_period,29.018638693177675,64.2913528163112,208.68660843389733,74.51916472526653
piecewise_0138,5,previous_period,29.01855255707791,64.29147840605118,208.68660843389733,74.51890263629764
piecewise_0138,6,previous_period,29.018551886893057,64.29147893878499,208.68660843389733,74.51890152455351
piecewise_0139,1,default,85.30525812561427,-8.435167585245607,234.79217926598116,254.59729306411697
piecewise_0139,2,previous_period,44.83740599125046,49.156272919029306,234.79217926598116,119.37709483345891
piecewise_0139,3,previous_period,44.33319664806143,49.73402498310847,234.79217926598116,118.02057817145325
piecewise_0139,4,previous_period,44.32134913835049,49.74983234208511,234.79217926598116,117.98346372882762
piecewise_0139,5,previous_period,44.321388047439804,49.74975461162225,234.79217926598116,117.9836462338753
piecewise_0139,6,previous_period,44.32138417854431,49.74975960946912,234.79217926598116,117.98363449932172
piecewise_0140,1,default,87.75405683954718,-8.399620777137674,244.59316364047686,265.1380618330807
piecewise_0140,2,previous_period,67.11383527094334,17.57638270605898,244.59316364047686,201.60253312616953
piecewise_0140,3,previous_period,67.05810763242634,17.63518634505381,244.59316364047686,201.45870344521637
piecewise_0140,4,previous_period,67.0556915758713,17.63745728963061,244.59316364047686,201.45314887003144
piecewise_0140,5,previous_period,67.05554608454523,17.63759397733632,244.59316364047686,201.45281454124773
piecewise_0140,6,previous_period,67.05553754816266,17.63760189112903,244.59316364047686,201.4527951846518
piecewise_0141,1,default,89.69781522843303,-11.086671218332667,239.98461570684483,266.59092102484186
piecewise_0141,2,previous_period,49.165930876857985,40.407655411197716,239.98461570684483,143.0124591521359
piecewise_0141,3,previous_period,48.90988322309963,40.789335781611456,239.98461570684483,142.09648498197004
piecewise_0141,4,previous_period,48.90902184528345,40.79060094274063,239.98461570684483,142.09344878989612
piecewise_0141,5,previous_period,48.90901826338792,40.79060573234088,239.98461570684483,142.09343729559237
piecewise_0141,6,previous_period,48.909018020661286,40.790606038561215,239.98461570684483,142.09343656071064
piecewise_0142,1,default,35.33439072349413,19.126996193305057,111.26145268634215,89.98047886640958
piecewise_0142,2,previous_period,28.435303678255536,36.329970698642455,111.26145268634215,70.8401995265101
piecewise_0142,3,previous_period,28.236822886928675,36.83426551552916,111.26145268634215,70.27911378742003
piecewise_0142,4,previous_period,28.226063778966317,36.85236561601539,111.26145268634215,70.25897535268136
piecewise_0142,5,previous_period,28.226672372935408,36.8522051484263,111.26145268634215,70.25915389125208
piecewise_0142,6,previous_period,28.22652562466759,36.85232227706441,111.26145268634215,70.2590235722278
piecewise_0143,1,default,64.95676350682058,-5.68151273113493,161.73220189571435,170.92103753676423
piecewise_0143,2,previous_period,58.52296404297317,3.698115612376951,161.73220189571435,155.75115808716794
piecewise_0143,3,previous_period,58.399842053055835,3.943642494130095,161.73220189571435,155.35406205506268
piecewise_0143,4,previous_period,58.400787669090874,3.912602144571653,161.73220189571435,155.40426429587967
piecewise_0143,5,previous_period,58.399840197481836,3.922868808495761,161.73220189571435,155.38765979425398
piecewise_0143,6,previous_period,58.40009866423848,3.9197754557359965,161.73220189571435,155.39266274178476
piecewise_0144,1,default,72.27335618871943,-10.257027192775814,193.0882450237125,212.89335882184827
piecewise_0144,2,previous_period,37.10297576059347,49.33746379042029,193.0882450237125,97.82340205158033
piecewise_0144,3,previous_period,36.328187030007896,50.15265112798944,193.0882450237125,96.24937112781255
piecewise_0144,4,previous_period,36.2509474553893,50.25492463943708,193.0882450237125,96.05189299943416
piecewise_0144,5,previous_period,36.25279679759821,50.25175005850537,193.0882450237125,96.05802274204206
piecewise_0144,6,previous_period,36.252380185133006,50.25234637931788,193.0882450237125,96.05687131665047
piecewise_0145,1,default,58.372344252678715,-1.1971369358539263,144.24446896496858,145.97127278087456
piecewise_0145,2,previous_period,32.94076089401198,47.715260458606544,144.24446896496858,75.41784490119993
piecewise_0145,3,previous_period,32.69089091784458,47.74720476411193,144.24446896496858,75.37176700735915
piecewise_0145,4,previous_period,32.68269829396697,47.74567735466273,144.24446896496858,75.37397021100807
piecewise_0145,5,previous_period,32.68237339285379,47.74561478787711,144.24446896496858,75.37406046013574
piecewise_0145,6,previous_period,32.68235968815005,47.745612841441975,144.24446896496858,75.37406326776075
piecewise_0146,1,default,38.18405035577502,14.325337381737624,115.93027260467642,99.32286992648838
piecewise_0146,2,previous_period,27.490202683058474,36.83950228451926,115.93027260467642,73.22213718002723
piecewise_0146,3,previous_period,27.02246249515191,37.48280268000664,115.93027260467642,72.47635727787176
piecewise_0146,4,previous_period,27.040603632416055,37.46606379300251,115.93027260467642,72.49576271520664
piecewise_0146,5,previous_period,27.038389583387872,37.46698356529554,115.93027260467642,72.49469642067999
piecewise_0146,6,previous_period,27.038568227508215,37.46724231017312,115.93027260467642,72.49439645703805
piecewise_0147,1,default,44.44354465844924,-10.529516826194897,104.99801154702307,116.05379484003693
piecewise_0147,2,previous_period,39.05333262047446,1.9193322934747847,104.99801154702307,102.98275080389467
piecewise_0147,3,previous_period,38.80882292565816,2.6278698448320092,104.99801154702307,102.23880046390562
piecewise_0147,4,previous_period,38.79426322006589,2.683674593384844,104.99801154702307,102.18020658757632
piecewise_0147,5,previous_period,38.793004534047235,2.6870623635494417,104.99801154702307,102.17664949626771
piecewise_0147,6,previous_period,38.79295383998786,2.68734395689203,104.99801154702307,102.17635382885734
piecewise_0148,1,default,36.568755201054095,8.411974558130552,95.60978373628116,87.56711305330154
piecewise_0148,2,previous_period,35.87442257125039,11.054170195783296,95.60978373628116,85.0409155182523
piecewise_0148,3,previous_period,35.93826119569589,11.015119672770247,95.60978373628116,85.07825163885296
piecewise_0148,4,previous_period,35.8632764825608,10.945514909740028,95.60978373628116,85.14480060225631
piecewise_0148,5,previous_period,35.91109523110104,11.092053764398502,95.60978373628116,85.00469512022772
piecewise_0148,6,previous_period,35.874104167285864,11.00449163677032,95.60978373628116,85.08841308108791
piecewise_0149,1,default,58.463712032653675,-9.80221019750891,141.15586244494705,154.9922567879073
piecewise_0149,2,previous_period,41.41694209141373,19.150771406322818,141.15586244494705,114.12342590149176
piecewise_0149,3,previous_period,41.34651017319424,19.246700795386708,141.15586244494705,113.98801594502046
piecewise_0149,4,previous_period,41.33840061785647,19.25796209943893,141.15586244494705,113.97211995416299
piecewise_0149,5,previous_period,41.33818656406146,19.258250321137115,141.15586244494705,113.97171311233917
piecewise_0149,6,previous_period,41.33816506316603,19.258280386781102,141.15586244494705,113.9716706729201
piecewise_0150,1,default,54.200808734459955,-27.145153335712457,108.58880416609603,138.0654015623993
piecewise_0150,2,previous_period,35.93345123121567,22.8080120790803,108.58880416609603,83.821856595364
piecewise_0150,3,previous_period,35.88607486009247,21.821718192469508,108.58880416609603,84.89286133239796
piecewise_0150,4,previous_period,35.85120928454592,22.107535681831347,108.58880416609603,84.58249553860239
piecewise_0150,5,previous_period,35.856639146986545,22.06027416643199,108.58880416609603,84.63381625300532
piecewise_0150,6,previous_period,35.85563634541821,22.06925089799895,108.58880416609603,84.62406852754356
piecewise_0151,1,default,53.70019338859668,6.111092748843328,163.94294204925964,153.92423680544692
piecewise_0151,2,previous_period,39.825713303153734,38.604768171295355,163.94294204925964,100.65314933794187
piecewise_0151,3,previous_period,38.99320476077602,41.20981330157629,163.94294204925964,96.38236170964834
piecewise_0151,4,previous_period,38.93286976447195,41.40663444307629,163.94294204925964,96.05968733969829
piecewise_0151,5,previous_period,38.92850668627382,41.42092863739304,163.94294204925964,96.03625301699319
piecewise_0151,6,previous_period,38.928192898695634,41.42195946197247,163.94294204925964,96.0345630528503
piecewise_0152,1,default,48.870018935786874,11.287846515395294,153.1572834593205,135.8691243752835
piecewise_0152,2,previous_period,41.643742443208986,28.673497157207038,153.1572834593205,109.2417341405567
piecewise_0152,3,previous_period,41.68017347389921,28.743655559082924,153.1572834593205,109.13428143812513
piecewise_0152,4,previous_period,41.67768237336913,28.739029131595107,153.1572834593205,109.14136714878668
piecewise_0152,5,previous_period,41.67758826732014,28.740408667884843,153.1572834593205,109.139254288481
piecewise_0152,6,previous_period,41.677602373895496,28.740296401935407,153.1572834593205,109.13942623195939
piecewise_0153,1,default,43.87943440403748,3.953678316055431,122.91935378721016,118.05951795028977
piecewise_0153,2,previous_period,42.89251485138141,8.372391250600163,122.91935378721016,112.62806456543551
piecewise_0153,3,previous_period,42.910627299680336,7.900712931427412,122.91935378721016,113.20784850731704
piecewise_0153,4,previous_period,42.879245206774726,8.126916429691367,122.91935378721016,112.92980062900692
piecewise_0153,5,previous_period,42.89673710790993,8.043239608932751,122.91935378721016,113.03265563635308
piecewise_0153,6,previous_period,42.88409566057286,8.089134087363469,122.91935378721016,112.97624244004204
piecewise_0154,1,default,48.14262602747011,-1.4707928543689963,129.34395834914167,131.24634004609885
piecewise_0154,2,previous_period,48.45867202654717,-1.8600908034333452,129.34395834914167,131.7498734231907
piecewise_0154,3,previous_period,48.40633921579697,-1.943159674474737,129.34395834914167,131.8573179891516
piecewise_0154,4,previous_period,48.40610608838523,-1.9289693622600357,129.34395834914167,131.838963677631
piecewise_0154,5,previous_period,48.406153171038866,-1.9323743501540092,129.34395834914167,131.84336782375436
piecewise_0154,6,previous_period,48.40613737171604,-1.931634480914779,129.34395834914167,131.84241084759375
piecewise_0155,1,default,72.10743252891751,-15.790998326477501,182.53474192161752,211.35879996370016
piecewise_0155,2,previous_period,53.80159787608843,17.359113540911885,182.53474192161752,150.84832881983345
piecewise_0155,3,previous_period,53.76911240220814,17.204076688649995,182.53474192161752,151.1313249379931
piecewise_0155,4,previous_period,53.766118500827744,17.218491513301014,182.53474192161752,151.1050128750179
piecewise_0155,5,previous_period,53.766261640056015,17.217519919795432,182.53474192161752,151.10678637071584
piecewise_0155,6,previous_period,53.76625051226866,17.217597538677587,182.53474192161752,151.10664468928962
piecewise_0156,1,default,52.32224388983446,-15.17295343494045,102.5013974471635,118.05388675198486
piecewise_0156,2,previous_period,35.489198548647074,18.805983318969144,102.5013974471635,83.22500174153967
piecewise_0156,3,previous_period,35.243659576728234,19.24804437257809,102.5013974471635,82.77188298402085
piecewise_0156,4,previous_period,35.23198403576432,19.296524230685684,102.5013974471635,82.72219045198015
piecewise_0156,5,previous_period,35.23253452071932,19.288484357464043,102.5013974471635,82.73043143438532
piecewise_0156,6,previous_period,35.23227955937731,19.291043990496306,102.5013974471635,82.72780777475774
piecewise_0157,1,default,48.11389226301385,16.385316162169715,155.9438693313894,130.39197330592043
piecewise_0157,2,previous_period,35.714428677434896,41.603673451930604,155.9438693313894,91.0654911664528
piecewise_0157,3,previous_period,35.64252329697502,41.731731792772486,155.9438693313894,90.86579203474238
piecewise_0157,4,previous_period,35.650897886757924,41.73672312634458,155.9438693313894,90.85800835603884
piecewise_0157,5,previous_period,35.64800145964253,41.73424583821429,155.9438693313894,90.86187153500369
piecewise_0157,6,previous_period,35.64904498514122,41.735181288834156,155.9438693313894,90.86041275711139
piecewise_0158,1,default,39.58177759984464,-13.052390072783759,91.89678407828859,103.89151080053065
piecewise_0158,2,previous_period,35.40522944037905,-1.2139714558951464,91.89678407828859,93.01238480588461
piecewise_0158,3,previous_period,35.42074176277529,-1.1979436314508263,91.89678407828859,92.99765575066257
piecewise_0158,4,previous_period,35.41453824173249,-1.1862249838290762,91.89678407828859,92.98688669036072
piecewise_0158,5,previous_period,35.41527857984997,-1.1876651899695334,91.89678407828859,92.98821019348789
piecewise_0158,6,previous_period,35.41519199583697,-1.187499071486009,91.89678407828859,92.98805753594377
piecewise_0159,1,default,34.77888234961213,-11.399258324447302,75.27002591285597,83.85025060754084
piecewise_0159,2,previous_period,22.615041215019065,25.97248887484812,75.27002591285597,55.72052680654416
piecewise_0159,3,previous_period,22.265839254001843,27.345766495868563,75.27002591285597,54.68686038534662
piecewise_0159,4,previous_period,22.216744644603505,27.416901631087253,75.27002591285597,54.63331695063436
piecewise_0159,5,previous_period,22.21556497301547,27.435873645741438,75.27002591285597,54.61903671028797
piecewise_0159,6,previous_period,22.214742771156512,27.43487363950554,75.27002591285597,54.61978941524086
piecewise_0160,1,default,57.92229314555583,-4.544917375683655,128.15677497216637,133.98139450599217
piecewise_0160,2,previous_period,37.642248664272586,22.69717155551011,128.15677497216637,99.06881189672472
piecewise_0160,3,previous_period,37.00737968483652,23.39896828662923,128.15677497216637,98.16941183926238
piecewise_0160,4,previous_period,36.99065580406516,23.418175395794528,128.15677497216637,98.14479662759075
piecewise_0160,5,previous_period,36.99015934753977,23.418756094200933,128.15677497216637,98.1440524232408
piecewise_0160,6,previous_period,36.990143062125405,23.418778248216952,128.15677497216637,98.14402403136833
piecewise_0161,1,default,62.791260708302126,12.74751322290305,201.33201154158405,175.66718674838393
piecewise_0161,2,previous_period,46.37359551070785,37.60429752016081,201.33201154158405,125.62252291816228
piecewise_0161,3,previous_period,46.18565026699932,37.80592792294808,201.33201154158405,125.21657637235127
piecewise_0161,4,previous_period,46.17327569330358,37.830057611781164,201.33201154158405,125.1679955844449
piecewise_0161,5,previous_period,46.17315760200298,37.83002063347346,201.33201154158405,125.16807003361563
piecewise_0161,6,previous_period,46.17314186394695,37.830057667936536,201.33201154158405,125.16799547138616
piecewise_0162,1,default,44.70126414344705,-20.23975884970617,105.19835796615442,126.49025193235474
piecewise_0162,2,previous_period,25.72881113046236,41.63844187403287,105.19835796615442,61.395400831980176
piecewise_0162,3,previous_period,25.11137107335504,43.54123042154282,105.19835796615442,59.39369852443167
piecewise_0162,4,previous_period,25.116100525803407,43.50734655578111,105.19835796615442,59.42934379482845
piecewise_0162,5,previous_period,25.11539257546846,43.512127217050256,105.19835796615442,59.42431461767338
piecewise_0162,6,previous_period,25.115489803313377,43.51147049851147,105.19835796615442,59.42500547479264
piecewise_0163,1,default,27.59430800145493,-50.97066378891337,43.04996990849062,64.99282533177575
piecewise_0163,2,previous_period,21.67515922864136,-9.921154633217476,43.04996990849062,47.32102399266556
piecewise_0163,3,previous_period,21.267937267948565,-8.702184085312293,43.04996990849062,46.79625753859902
piecewise_0163,4,previous_period,21.25572114943785,-8.295888876676806,43.04996990849062,46.6213475735418
piecewise_0163,5,previous_period,21.25219014947247,-8.357343876391422,43.04996990849062,46.64780393242621
piecewise_0163,6,previous_period,21.252983009408585,-8.34034494018665,43.04996990849062,46.640485895505286
piecewise_0164,1,default,53.83019671676253,-2.8463595685596754,131.83231569701945,135.58473742931537
piecewise_0164,2,previous_period,36.824136534906984,30.588276309851704,131.83231569701945,91.50708270593914
piecewise_0164,3,previous_period,36.248596872612275,31.138617449864327,131.83231569701945,90.78155523682713
piecewise_0164,4,previous_period,36.194821613796904,31.18265353447662,131.83231569701945,90.72350144674044
piecewise_0164,5,previous_period,36.18876724085899,31.1887155478638,131.83231569701945,90.71550975411427
piecewise_0164,6,previous_period,36.18821960713904,31.18910050793451,131.83231569701945,90.71500225233854
piecewise_0165,1,default,32.11332660768529,-23.191446907270997,55.81843659831692,68.76353968648431
piecewise_0165,2,previous_period,24.81921364565992,-2.2083043207452357,55.81843659831692,57.05107754548999
piecewise_0165,3,previous_period,24.85434083878829,-0.4924825210075534,55.81843659831692,56.09333264206332
piecewise_0165,4,previous_period,24.76372555441453,-0.4020595241025493,55.81843659831692,56.042859938865604
piecewise_0165,5,previous_period,24.80267378868007,-0.5249831226553203,55.81843659831692,56.11147396978815
piecewise_0165,6,previous_period,24.786293549659362,-0.4592516351388909,55.81843659831692,56.07478368110365
piecewise_0166,1,default,75.42671986990216,-7.385250496916118,199.98938179260765,214.7590986052257
piecewise_0166,2,previous_period,53.219246565670296,24.16844314783385,199.98938179260765,151.6550617523569
piecewise_0166,3,previous_period,53.50503672712564,23.676423373124234,199.98938179260765,152.63904905809602
piecewise_0166,4,previous_period,53.49734244977938,23.689594449381403,199.98938179260765,152.61270830411388
piecewise_0166,5,previous_period,53.49759741966013,23.689158765050944,199.98938179260765,152.61357962651294
piecewise_0166,6,previous_period,53.497589461717155,23.689172021890315,199.98938179260765,152.61355311424182
piecewise_0167,1,default,41.20841965275171,-8.87625784983037,83.31186003451302,90.70683555066617
piecewise_0167,2,previous_period,33.70854266286431,0.883746956930298,83.31186003451302,82.57559400669598
piecewise_0167,3,previous_period,33.47693539909266,1.1083344263102535,83.31186003451302,82.3884860085511
piecewise_0167,4,previous_period,33.47003287948876,1.1117628545985303,83.31186003451302,82.38562972117418
piecewise_0167,5,previous_period,33.46982078743479,1.1120562158316138,83.31186003451302,82.38538531647428
piecewise_0167,6,previous_period,33.46981641666849,1.1120481413579797,83.31186003451302,82.38539204346846
piecewise_0168,1,default,57.38929385823173,-25.4563619453829,123.73965095792717,155.23926437573056
piecewise_0168,2,previous_period,35.20523804883634,26.349476687182637,123.73965095792717,91.13490047596699
piecewise_0168,3,previous_period,35.16776064235967,26.34829591273945,123.73965095792717,91.13636156214159
piecewise_0168,4,previous_period,35.168300195671456,26.352332621932796,123.73965095792717,91.13136655227555
piecewise_0168,5,previous_period,35.16826547281917,26.352042794301855,123.73965095792717,91.13172518397445
piecewise_0168,6,previous_period,35.16826727632424,26.352064722676406,123.73965095792717,91.13169804988033
piecewise_0169,1,default,42.968911962061505,15.734837726315332,125.21386367588704,105.51166541563651
piecewise_0169,2,previous_period,30.81561241944517,39.822722296906186,125.21386367588704,75.35029446701185
piecewise_0169,3,previous_period,30.714854859751163,39.959224313515485,125.21386367588704,75.17937501801985
piecewise_0169,4,previous_period,30.691502513387938,39.98625514858416,125.21386367588704,75.14552866504651
piecewise_0169,5,previous_period,30.699026209808938,39.97724975103907,125.21386367588704,75.15680467125209
piecewise_0169,6,previous_period,30.69703792778405,39.979626159297446,125.21386367588704,75.15382907865506
piecewise_0170,1,default,56.59631368995499,9.662196325637595,164.45369165153843,148.5638530994081
piecewise_0170,2,previous_period,41.212924536932505,31.48447935437666,164.45369165153843,112.67630305599957
piecewise_0170,3,previous_period,40.970314903212596,31.884004659226505,164.45369165153843,112.01926894309193
piecewise_0170,4,previous_period,40.968004688466365,31.885450247637404,164.45369165153843,112.01689161958413
piecewise_0170,5,previous_period,40.96791689381665,31.885775964496066,164.45369165153843,112.01635596618573
piecewise_0170,6,previous_period,40.96792020183204,31.885754813009058,164.45369165153843,112.01639075058694
piecewise_0171,1,default,81.68064870699855,-5.797643162234989,236.98769835589573,250.72739944496442
piecewise_0171,2,previous_period,37.50872707875664,53.36273277139381,236.98769835589573,110.52458618116228
piecewise_0171,3,previous_period,36.86048396792693,54.34312088895739,236.98769835589573,108.20118694639365
piecewise_0171,4,previous_period,36.8210799195788,54.403444522384326,236.98769835589573,108.0582273559705
piecewise_0171,5,previous_period,36.81913917824169,54.40642352398236,236.98769835589573,108.05116748864931
piecewise_0171,6,previous_period,36.819041353297706,54.40657383747656,236.98769835589573,108.0508112641591
piecewise_0172,1,default,52.93782768164372,-9.159367729257607,135.511069427174,147.92302658985844
piecewise_0172,2,previous_period,26.566501838084058,49.43609916638,135.511069427174,68.51968276373421
piecewise_0172,3,previous_period,25.520595485835774,51.251711934315615,135.511069427174,66.05932648524835
piecewise_0172,4,previous_period,25.49254604220097,51.294479357727575,135.511069427174,66.00137189241634
piecewise_0172,5,previous_period,25.491413261559565,51.29714183486884,135.511069427174,65.99776394116896
piecewise_0172,6,previous_period,25.491477520326807,51.29693713255556,135.511069427174,65.99804133546283
piecewise_0173,1,default,46.3284624699235,-6.5094136582035,118.64183958851646,126.36472769903523
piecewise_0173,2,previous_period,28.23702040481816,38.49843873566547,118.64183958851646,72.96658365966496
piecewise_0173,3,previous_period,27.68186760932436,40.134058168713004,118.64183958851646,71.02605467563009
piecewise_0173,4,previous_period,27.66248684902532,40.19106640539108,118.64183958851646,70.95841905491824
piecewise_0173,5,previous_period,27.661670738825112,40.19345024399279,118.64183958851646,70.95559082494836
piecewise_0173,6,previous_period,27.661634481669054,40.1935558616691,118.64183958851646,70.95546551819426
piecewise_0174,1,default,59.35132941202074,-18.88942953411299,132.7321228853403,157.8044637068989
piecewise_0174,2,previous_period,43.02529318158742,16.078339016982767,132.7321228853403,111.3910021833971
piecewise_0174,3,previous_period,42.94598207034456,15.764325480587182,132.7321228853403,111.8077990164023
piecewise_0174,4,previous_period,42.9541665985781,15.82636374264139,132.7321228853403,111.72545431417657
piecewise_0174,5,previous_period,42.952903120031685,15.816809994463199,132.7321228853403,111.73813520694861
piecewise_0174,6,previous_period,42.95310078792619,15.818301048082773,132.7321228853403,111.73615609982599
piecewise_0175,1,default,39.52994494549712,8.037326584156833,110.64651092046837,101.75348948381557
piecewise_0175,2,previous_period,37.88355337285419,11.440013552337502,110.64651092046837,97.98853507597819
piecewise_0175,3,previous_period,37.8923851234794,11.261074182786036,110.64651092046837,98.18652524504998
piecewise_0175,4,previous_period,37.85942828362455,11.156669297703282,110.64651092046837,98.30204560762456
piecewise_0175,5,previous_period,37.87725717342049,11.296458107205087,110.64651092046837,98.14737416725356
piecewise_0175,6,previous_period,37.864858420035816,11.181559818793085,110.64651092046837,98.27450511448878
piecewise_0176,1,default,28.596101602532816,29.082110736518562,107.96136318864359,76.56391999346727
piecewise_0176,2,previous_period,12.708995532020756,67.9832182810343,107.96136318864359,34.56575399292781
piecewise_0176,3,previous_period,12.500503977426948,68.77393203757272,107.96136318864359,33.71208864244879
piecewise_0176,4,previous_period,12.517055726867323,68.7048954450699,107.96136318864359,33.786621488813836
piecewise_0176,5,previous_period,12.511058570885432,68.72910347072745,107.96136318864359,33.76048617431289
piecewise_0176,6,previous_period,12.513441451915778,68.71920790277879,107.96136318864359,33.77116956436551
piecewise_0177,1,default,42.39934722134501,5.636645519774818,115.86103384381049,109.33035807048856
piecewise_0177,2,previous_period,37.2421304881409,17.92032163018994,115.86103384381049,95.09836393493643
piecewise_0177,3,previous_period,37.07636948807599,18.608530164800776,115.86103384381049,94.30099841173498
piecewise_0177,4,previous_period,37.06892413013331,18.625400169674645,115.86103384381049,94.28145264967861
piecewise_0177,5,previous_period,37.06861174198782,18.627337484136262,115.86103384381049,94.27920805711457
piecewise_0177,6,previous_period,37.06859623761851,18.627326457447158,115.86103384381049,94.27922083275057
piecewise_0178,1,default,56.945130665786834,-7.549087437138047,136.91134899207134,147.24690643884801
piecewise_0178,2,previous_period,50.954867101161305,1.4816876488724096,136.91134899207134,134.8827504441512
piecewise_0178,3,previous_period,50.85789248647491,1.622568333511798,136.91134899207134,134.68986879834216
piecewise_0178,4,previous_period,50.881650096071226,1.5807180690156741,136.91134899207134,134.74716656002056
piecewise_0178,5,previous_period,50.87340853138758,1.5946191688983813,136.91134899207134,134.7281343766464
piecewise_0178,6,previous_period,50.875821326919564,1.5904979615202985,136.91134899207134,134.7337767772625
piecewise_0179,1,default,70.54667653970255,4.957950868640282,193.44295017800926,183.85214374933526
piecewise_0179,2,previous_period,46.74062112359629,31.02364038063109,193.44295017800926,133.4299049731003
piecewise_0179,3,previous_period,46.60513123082976,31.155824426093414,193.44295017800926,133.17420425589333
piecewise_0179,4,previous_period,46.591033796044464,31.175485774444233,193.44295017800926,133.13617076359873
piecewise_0179,5,previous_period,46.59121394815005,31.175202123755962,193.44295017800926,133.13671946585833
piecewise_0179,6,previous_period,46.59120378063633,31.175215342182916,193.44295017800926,133.13669389574326
piecewise_0180,1,default,63.626163427697385,5.178438679659269,185.1744698314789,175.5853234608716
piecewise_0180,2,previous_period,59.32036719879834,12.829149196529844,185.1744698314789,161.41816082291533
piecewise_0180,3,previous_period,59.08507509297846,13.291191679756798,185.1744698314789,160.5625761042036
piecewise_0180,4,previous_period,59.07464722995039,13.315284069106436,185.1744698314789,160.51796314995568
piecewise_0180,5,previous_period,59.07451771368224,13.315461302305698,185.1744698314789,160.51763495931857
piecewise_0180,6,previous_period,59.07451199000635,13.315488248020324,185.1744698314789,160.51758506273438
piecewise_0181,1,default,49.05407978706276,14.35078620463467,153.4873479512156,131.46070679557295
piecewise_0181,2,previous_period,38.35367043688777,36.7037481175686,153.4873479512156,97.15173836686535
piecewise_0181,3,previous_period,38.34854425550633,36.844290452913675,153.4873479512156,96.93602366359548
piecewise_0181,4,previous_period,38.355553781500134,36.82404340351616,153.4873479512156,96.9671003227541
piecewise_0181,5,previous_period,38.35552238168688,36.824071811709004,153.4873479512156,96.9670567197723
piecewise_0181,6,previous_period,38.355518772423935,36.82408435845625,153.4873479512156,96.96703746210271
piecewise_0182,1,default,62.50831645843168,9.106218979368762,175.8780461249014,159.86220610813268
piecewise_0182,2,previous_period,36.75958038855855,46.45325753797246,175.8780461249014,94.17696440574696
piecewise_0182,3,previous_period,36.45235955087504,46.98877812698227,175.8780461249014,93.23510125719994
piecewise_0182,4,previous_period,36.447930584480595,46.99683270785632,175.8780461249014,93.22093501773512
piecewise_0182,5,previous_period,36.44786212525495,46.996956183738256,175.8780461249014,93.22071785076652
piecewise_0182,6,previous_period,36.44786128640557,46.996957597952274,175.8780461249014,93.22071536347455
piecewise_0183,1,default,53.40607461256172,10.197656688054813,160.98097784761396,144.56469039364072
piecewise_0183,2,previous_period,36.12781327610618,43.169921763052585,160.98097784761396,91.485615657402
piecewise_0183,3,previous_period,36.000978351353766,43.36870110760741,160.98097784761396,91.16561872477857
piecewise_0183,4,previous_period,36.01660315009633,43.35171423911748,160.98097784761396,91.19296435177935
piecewise_0183,5,previous_period,36.01245550366717,43.35618563140924,160.98097784761396,91.18576626074466
piecewise_0183,6,previous_period,36.01350888567717,43.355044042295276,160.98097784761396,91.18760400206332
piecewise_0184,1,default,28.075797860293864,14.821539935835027,89.25585654170578,76.02676411930524
piecewise_0184,2,previous_period,18.144613332821937,49.550631038611094,89.25585654170578,45.02901638637313
piecewise_0184,3,previous_period,17.71204566568872,50.34346460571104,89.25585654170578,44.321365995107904
piecewise_0184,4,previous_period,17.658984822781694,50.57092451463796,89.25585654170578,44.118344705106196
piecewise_0184,5,previous_period,17.661229908615315,50.54483326518135,89.25585654170578,44.14163267329113
piecewise_0184,6,previous_period,17.66002406259199,50.552757264580016,89.25585654170578,44.1345600397555
piecewise_0185,1,default,63.4835380856135,-8.921208083803279,146.57755873047626,159.654047748981
piecewise_0185,2,previous_period,51.02632066202863,8.458455352060835,146.57755873047626,134.17936136911817
piecewise_0185,3,previous_period,50.894927796018465,8.727282048997608,146.57755873047626,133.78532175953248
piecewise_0185,4,previous_period,50.894059893575786,8.725306625064134,146.57755873047626,133.78821728770873
piecewise_0185,5,previous_period,50.89384225592229,8.725755471103502,146.57755873047626,133.78755938014177
piecewise_0185,6,previous_period,50.89383978072052,8.72575207727978,146.57755873047626,133.78756435472573
piecewise_0186,1,default,24.119576308136367,21.83549517997163,82.02964273374835,64.11806404847277
piecewise_0186,2,previous_period,23.637784115124497,23.306700267093518,82.02964273374835,62.911239771625965
piecewise_0186,3,previous_period,23.514295081525482,23.366616673255734,82.02964273374835,62.86209055771219
piecewise_0186,4,previous_period,23.500770134136612,23.516070041041715,82.02964273374835,62.7394944940638
piecewise_0186,5,previous_period,23.507567675743505,23.453797401450714,82.02964273374835,62.790576517841174
piecewise_0186,6,previous_period,23.501944288885724,23.48829591099215,82.02964273374835,62.76227751371586
piecewise_0187,1,default,75.55494014648073,-8.793047153316946,169.23741862394579,184.11854464460572
piecewise_0187,2,previous_period,54.330933884079656,15.26432770542634,169.23741862394579,143.40446444498247
piecewise_0187,3,previous_period,53.76672972551015,15.778658811539348,169.23741862394579,142.53402375781684
piecewise_0187,4,previous_period,53.773259341012405,15.774854611985145,169.23741862394579,142.54046188694167
piecewise_0187,5,previous_period,53.773175324272124,15.774874330536404,169.23741862394579,142.54042851577452
piecewise_0187,6,previous_period,53.77317605477472,15.774872248453352,169.23741862394579,142.54043203943814
piecewise_0188,1,default,50.36668794639966,-8.193627317980745,115.49094676345456,124.95384452725956
piecewise_0188,2,previous_period,43.71003890257093,-1.346431442018492,115.49094676345456,117.04595318336254
piecewise_0188,3,previous_period,43.622993894188525,-0.7861562112835285,115.49094676345456,116.3988860149056
piecewise_0188,4,previous_period,43.60754526791415,-0.8028882870337428,115.49094676345456,116.4182100476027
piecewise_0188,5,previous_period,43.607855429146845,-0.7973741843001259,115.49094676345456,116.41184175815015
piecewise_0188,6,previous_period,43.6077300677802,-0.797916692540368,115.49094676345456,116.41246830605309
piecewise_0189,1,default,38.21785047871042,15.247439415769303,120.55508572675214,102.17352206793686
piecewise_0189,2,previous_period,35.39367292433954,24.33130819945617,120.55508572675214,91.22245626845748
piecewise_0189,3,previous_period,35.24973065196851,24.188004497777584,120.55508572675214,91.39521616886572
piecewise_0189,4,previous_period,35.296177838331786,24.25995650253866,120.55508572675214,91.30847436784387
piecewise_0189,5,previous_period,35.268031388130076,24.245350644160425,120.55508572675214,91.32608247293288
piecewise_0189,6,previous_period,35.28081464636866,24.248229917255337,120.55508572675214,91.32261136278501
piecewise_0190,1,default,58.38533384593896,-13.89765425358278,147.82997056720842,168.37486875981224
piecewise_0190,2,previous_period,36.41481586002724,30.02113968766983,147.82997056720842,103.44972860298559
piecewise_0190,3,previous_period,36.366704690552126,30.076623983981566,147.82997056720842,103.36770618407853
piecewise_0190,4,previous_period,36.365298591004276,30.077748351178556,147.82997056720842,103.36604403238215
piecewise_0190,5,previous_period,36.36524539687273,30.077790115027558,147.82997056720842,103.36598229289646
piecewise_0190,6,previous_period,36.36524349944235,30.077791351436332,147.82997056720842,103.36598046511372
piecewise_0191,1,default,52.132528337928484,7.179075941672641,156.2763763559052,145.0571766184206
piecewise_0191,2,previous_period,46.42639840084081,21.089918012640354,156.2763763559052,123.31781670931952
piecewise_0191,3,previous_period,46.17642507873622,21.924465862427876,156.2763763559052,122.01361557071544
piecewise_0191,4,previous_period,46.16636334704957,21.959241715950395,156.2763763559052,121.95926912698363
piecewise_0191,5,previous_period,46.16593553276654,21.96072746079366,156.2763763559052,121.95694725878067
piecewise_0191,6,previous_period,46.16592023208987,21.960779923245777,156.2763763559052,121.95686527236157
piecewise_0192,1,default,48.77889182142812,-24.87649166092556,104.69987790028767,130.74553429515197
piecewise_0192,2,previous_period,30.92876642598268,27.08208490783982,104.69987790028767,76.34496806892714
piecewise_0192,3,previous_period,30.892854613126755,27.39943510899766,104.69987790028767,76.01270279579857
piecewise_0192,4,previous_period,30.892697094380633,27.403389667384904,104.69987790028767,76.00856237799563
piecewise_0192,5,previous_period,30.8927330125019,27.403341659664115,104.69987790028767,76.00861264202068
piecewise_0192,6,previous_period,30.892734603193208,27.40334033686468,104.69987790028767,76.00861402699007
piecewise_0193,1,default,61.431570724105185,-7.69955928355619,165.25546391346228,177.97940632679513
piecewise_0193,2,previous_period,44.66183614993494,22.989371809981908,165.25546391346228,127.26427087808597
piecewise_0193,3,previous_period,44.51766424733705,23.515773505123448,165.25546391346228,126.39436331473148
piecewise_0193,4,previous_period,44.51606979039691,23.51638480307543,165.25546391346228,126.39335311146503
piecewise_0193,5,previous_period,44.516056215998866,23.51651197995914,165.25546391346228,126.39314294471586
piecewise_0193,6,previous_period,44.51605645231008,23.516509240527917,165.25546391346228,126.39314747177565
piecewise_0194,1,default,56.90441425388742,1.4988164203282972,157.94915011483343,155.5817823171433
piecewise_0194,2,previous_period,54.96546811919134,7.389247706338797,157.94915011483343,146.27789616279148
piecewise_0194,3,previous_period,54.94129577886093,7.540480688593798,157.94915011483343,146.0390249526264
piecewise_0194,4,previous_period,54.93672722388708,7.554796312268774,157.94915011483343,146.01641354669812
piecewise_0194,5,previous_period,54.93812738396246,7.549991797598876,157.94915011483343,146.02400223678637
piecewise_0194,6,previous_period,54.93773068389111,7.551362419828223,157.94915011483343,146.02183735062383
piecewise_0195,1,default,40.08768930820249,0.5315155438440189,102.363895633737,101.81981561715942
piecewise_0195,2,previous_period,34.94073181265222,10.122507013927894,102.363895633737,92.00210311848214
piecewise_0195,3,previous_period,34.820699983886186,10.410595375433552,102.363895633737,91.70720464877755
piecewise_0195,4,previous_period,34.817363315464796,10.418375837659866,102.363895633737,91.69924026454439
piecewise_0195,5,previous_period,34.817203623083394,10.4188218629084,102.363895633737,91.69878369572447
piecewise_0195,6,previous_period,34.8172072229974,10.41880416363986,102.363895633737,91.69880181338524
piecewise_0196,1,default,34.82091699977185,17.720967349124017,125.73447631540044,103.45311082095625
piecewise_0196,2,previous_period,16.728820073986626,70.02284753897617,125.73447631540044,37.691615661137504
piecewise_0196,3,previous_period,15.933609234518393,73.15676783134053,125.73447631540044,33.751197393391095
piecewise_0196,4,previous_period,15.92127470528417,73.14800492075858,125.73447631540044,33.762215393121295
piecewise_0196,5,previous_period,15.935227289063352,73.10817690457625,125.73447631540044,33.81229294069496
piecewise_0196,6,previous_period,15.929916936731896,73.12531466217709,125.73447631540044,33.79074487092335
piecewise_0197,1,default,50.325518685285154,-6.522226712409029,120.78970724423661,128.66788579596087
piecewise_0197,2,previous_period,37.50784874341943,18.8854682479879,120.78970724423661,97.97800543578876
piecewise_0197,3,previous_period,37.39485972188176,19.110470882614294,120.78970724423661,97.70622541213173
piecewise_0197,4,previous_period,37.3954118721233,19.10940605416269,120.78970724423661,97.70751161530107
piecewise_0197,5,previous_period,37.39553720616965,19.109159454223402,120.78970724423661,97.7078094826458
piecewise_0197,6,previous_period,37.39554576176851,19.109142875387995,120.78970724423661,97.70782950817255
piecewise_0198,1,default,54.058194784946245,15.250605016024664,166.1232439189485,140.78844414906246
piecewise_0198,2,previous_period,35.29157950070752,44.01329791574625,166.1232439189485,93.00692566559988
piecewise_0198,3,previous_period,35.02209814268714,44.34072778297917,166.1232439189485,92.46298854859305
piecewise_0198,4,previous_period,35.0104388988527,44.36861087185678,166.1232439189485,92.41666825684476
piecewise_0198,5,previous_period,35.01051898347471,44.3679108474772,166.1232439189485,92.41783116005234
piecewise_0198,6,previous_period,35.010493870375655,44.36798887498602,166.1232439189485,92.41770153822354
piecewise_0199,1,default,46.91259571216783,-37.17101816934705,85.36146582642573,117.0911917983874
piecewise_0199,2,previous_period,27.390052414260268,30.874055743221707,85.36146582642573,59.0069192839439
piecewise_0199,3,previous_period,27.3944153458529,31.585660123138304,85.36146582642573,58.39948335436205
piecewise_0199,4,previous_period,27.411322797777355,31.49661115112714,85.36146582642573,58.47549686217414
piecewise_0199,5,previous_period,27.41075687066081,31.500006033378213,85.36146582642573,58.47259894092154
piecewise_0199,6,previous_period,27.410786100398628,31.499840143474188,85.36146582642573,58.472740546975274
