profile,period,policy,rmse_nm,offload_pct,baseline_motor_work_j,assisted_motor_work_j
piecewise_0000,1,default,55.04365834311426,-7.246542139481282,145.62745155791555,156.1804062017126
piecewise_0000,2,previous_period,41.28043057094566,23.118583387000225,145.62745155791555,111.96044773513549
piecewise_0000,3,previous_period,41.251803655504624,23.194620867764037,145.62745155791555,111.84971628967031
piecewise_0000,4,previous_period,41.25292091452189,23.191871287029343,145.62745155791555,111.85372043402278
piecewise_0000,5,previous_period,41.25291105735233,23.19190793102598,145.62745155791555,111.85366707030431
piecewise_0000,6,previous_period,41.25291214561758,23.19190402336814,145.62745155791555,111.85367276092686
piecewise_0001,1,default,35.59042780703015,-13.919761050334788,82.60573399470402,94.104254780642
piecewise_0001,2,previous_period,18.891613999257007,41.85078680939127,82.60573399470402,48.03458436824759
piecewise_0001,3,previous_period,18.741184631297802,42.188554386643006,82.60573399470402,47.755568981862666
piecewise_0001,4,previous_period,18.74110092542166,42.177668038780055,82.60573399470402,47.76456172942007
piecewise_0001,5,previous_period,18.741161797364683,42.176745428651344,82.60573399470402,47.76532385828881
piecewise_0001,6,previous_period,18.74116504519626,42.1766869186632,82.60573399470402,47.76537219089398
piecewise_0002,1,default,43.33066357196529,5.2048961357837324,107.58704577887802,101.98725179052933
piecewise_0002,2,previous_period,29.895519568305936,29.738049181782234,107.58704577887802,75.59275719192871
piecewise_0002,3,previous_period,29.77272173805381,29.70317263545339,107.58704577887802,75.63027983779361
piecewise_0002,4,previous_period,29.79584153956055,29.727915196037902,107.58704577887802,75.60366004781069
piecewise_0002,5,previous_period,29.78633712608541,29.71862431379949,107.58704577887802,75.61365583353779
piecewise_0002,6,previous_period,29.789643750792433,29.721537993205406,107.58704577887802,75.6105210919415
piecewise_0003,1,default,67.54754613445904,-1.2057702550756444,173.89630752009828,175.9930974708505
piecewise_0003,2,previous_period,37.99825085978551,38.251138223757366,173.89630752009828,107.3789905645753
piecewise_0003,3,previous_period,37.72794537880121,38.54435502702487,173.89630752009828,106.86909737066466
piecewise_0003,4,previous_period,37.713659642395996,38.56033358518678,173.89630752009828,106.84131124802613
piecewise_0003,5,previous_period,37.71290741714603,38.56116655767025,173.89630752009828,106.83986273963474
piecewise_0003,6,previous_period,37.71286857141388,38.56120858988306,173.89630752009828,106.83978964716869
piecewise_0004,1,default,66.52787823364321,-1.1513305684543118,175.17770378352833,177.19457823630444
piecewise_0004,2,previous_period,50.41977151223248,24.52393527203487,175.17770378352833,132.21723709661887
piecewise_0004,3,previous_period,49.78582813517813,25.606637904587604,175.17770378352833,130.32058348610917
piecewise_0004,4,previous_period,49.79967297718773,25.539194679802613,175.17770378352833,130.4387289786451
piecewise_0004,5,previous_period,49.79491173537303,25.557209700344387,175.17770378352833,130.40717067932388
piecewise_0004,6,previous_period,49.79614606108606,25.55281990985686,175.17770378352833,130.41486061350082
piecewise_0005,1,default,67.24578648999007,4.1113605647663976,189.72546089569582,181.9251631151089
piecewise_0005,2,previous_period,44.81661301706169,33.02570213884195,189.72546089569582,127.06729529873826
piecewise_0005,3,previous_period,44.81607397890634,33.01937100463811,189.72546089569582,127.07930707228641
piecewise_0005,4,previous_period,44.81532732957428,33.02042325717493,189.72546089569582,127.07731068131113
piecewise_0005,5,previous_period,44.81524307550361,33.02054395813276,189.72546089569582,127.07708168086259
piecewise_0005,6,previous_period,44.815022941616384,33.02085860694747,189.72546089569582,127.0764847119487
piecewise_0006,1,default,69.18520236274225,-2.2001447841406563,202.20103466141347,206.64975017899502
piecewise_0006,2,previous_period,35.823516359361285,49.35630654088976,202.20103466141347,102.40207216507548
piecewise_0006,3,previous_period,35.20542577364694,50.498565579280644,202.20103466141347,100.09241257093561
piecewise_0006,4,previous_period,35.19734257909274,50.51388704565605,202.20103466141347,100.06143240739922
piecewise_0006,5,previous_period,35.197259824607904,50.51404439702534,202.20103466141347,100.06111424130248
piecewise_0006,6,previous_period,35.19725789065872,50.51404740706338,202.20103466141347,100.06110815497442
piecewise_0007,1,default,50.38582496449409,-4.401655512777269,122.09991831770809,127.47433610343603
piecewise_0007,2,previous_period,40.833075613956105,14.096419263098669,122.09991831770809,104.88820191174294
piecewise_0007,3,previous_period,40.469723602126,15.084678646265715,122.09991831770809,103.6815380121289
piecewise_0007,4,previous_period,40.48186531660541,15.02354740061862,122.09991831770809,103.7561792131306
piecewise_0007,5,previous_period,40.46995800911783,15.065044996219001,122.09991831770809,103.70551068279872
piecewise_0007,6,previous_period,40.474729482878644,15.047596254573914,122.09991831770809,103.72681558209484
piecewise_0008,1,default,51.814600066833854,-6.052708159299924,128.3915676071555,136.1627344955669
piecewise_0008,2,previous_period,38.944135609782506,24.274411091320136,128.3915676071555,97.22527067960436
piecewise_0008,3,previous_period,38.46081901190926,25.124488321208837,128.3915676071555,96.13384319827877
piecewise_0008,4,previous_period,38.506088447012814,25.036737192042857,128.3915676071555,96.24650824860795
piecewise_0008,5,previous_period,38.49487934390934,25.05810009390036,128.3915676071555,96.21908008402673
piecewise_0008,6,previous_period,38.49751792061404,25.0530501066909,128.3915676071555,96.22556384176892
piecewise_0009,1,default,58.06189582275439,-1.9815200314934334,160.26573475645597,163.4414323942753
piecewise_0009,2,previous_period,30.056948844581164,51.83551991042836,160.26573475645597,77.19115790717892
piecewise_0009,3,previous_period,29.28460192723078,54.28263111446851,160.26573475645597,73.26927715571644
piecewise_0009,4,previous_period,29.268003990399503,54.33098638680684,160.26573475645597,73.1917802232099
piecewise_0009,5,previous_period,29.267602291723975,54.33231016685925,160.26573475645597,73.18965865738235
piecewise_0009,6,previous_period,29.267587020354068,54.33236105298751,160.26573475645597,73.18957710435502
piecewise_0010,1,default,67.75347543356642,1.7288800544081329,192.6299568360163,189.29961593346343
piecewise_0010,2,previous_period,39.277784326899706,52.60178165835004,192.6299568360163,91.30316753256108
piecewise_0010,3,previous_period,38.83878286482139,53.56039702761719,192.6299568360163,89.45658716051835
piecewise_0010,4,previous_period,38.844341077781245,53.55382418793637,192.6299568360163,89.4692484187584
piecewise_0010,5,previous_period,38.843821649361395,53.554678560252775,192.6299568360163,89.46760264173409
piecewise_0010,6,previous_period,38.84385163359455,53.55462985552346,192.6299568360163,89.46769646163315
piecewise_0011,1,default,38.38665523461381,0.24560527805304044,90.92762199635246,90.7042989575213
piecewise_0011,2,previous_period,38.20833349325404,2.348912888433119,90.92762199635246,88.79181136413439
piecewise_0011,3,previous_period,38.27756569468088,1.6672034998206908,90.92762199635246,89.41167350012554
piecewise_0011,4,previous_period,38.20150663230063,1.9703195925068528,90.92762199635246,89.13605724515776
piecewise_0011,5,previous_period,38.24226215967654,1.8608557182722807,90.92762199635246,89.23559014294433
piecewise_0011,6,previous_period,38.20942217324859,1.9196404466981676,90.92762199635246,89.18213858728966
piecewise_0012,1,default,44.152289062865506,-11.03348082831943,101.39844537713077,112.58622340803043
piecewise_0012,2,previous_period,27.51119441244719,36.32420012859689,101.39844537713077,64.56627115105579
piecewise_0012,3,previous_period,27.26436178616356,36.780644156159894,101.39844537713077,64.10344400309015
piecewise_0012,4,previous_period,27.281301578131483,36.82457552199773,101.39844537713077,64.05889828109764
piecewise_0012,5,previous_period,27.276020716629894,36.814088922850864,101.39844537713077,64.06953152960548
piecewise_0012,6,previous_period,27.27747226132886,36.81704720810986,101.39844537713077,64.06653187434304
piecewise_0013,1,default,40.28178967936268,5.2856782559101205,113.09026968259579,107.1126818884327
piecewise_0013,2,previous_period,26.705349377584234,45.15535001034693,113.09026968259579,62.023962579774405
piecewise_0013,3,previous_period,26.60172053693945,45.87509868656217,113.09026968259579,61.209996860805674
piecewise_0013,4,previous_period,26.614668834323002,45.85316557271813,113.09026968259579,61.23480107840169
piecewise_0013,5,previous_period,26.61039709563793,45.848846677719465,113.09026968259579,61.23968532840298
piecewise_0013,6,previous_period,26.61164687286091,45.852643485050834,113.09026968259579,61.235391508752606
piecewise_0014,1,default,46.892206369004576,0.24142381672532798,117.67302956321174,117.38893884398391
piecewise_0014,2,previous_period,33.68706411571129,24.642984209457996,117.67302956321174,88.67488346915863
piecewise_0014,3,previous_period,33.160200582496856,25.378353260402907,117.67302956321174,87.80955242844152
piecewise_0014,4,previous_period,33.23286024790188,25.31274242433468,117.67302956321174,87.88675868696475
piecewise_0014,5,previous_period,33.206704017800156,25.329338259559762,117.67302956321174,87.86722986487408
piecewise_0014,6,previous_period,33.2167139046424,25.324170474135833,117.67302956321174,87.87331095454374
piecewise_0015,1,default,62.59800860549108,-3.697694296751597,169.66877088611028,175.9426033505345
piecewise_0015,2,previous_period,33.78701607344437,49.49772729668268,169.66877088611028,85.68658536527008
piecewise_0015,3,previous_period,32.87527256886791,50.95753179834676,169.66877088611028,83.20975300995653
piecewise_0015,4,previous_period,32.88575643186952,50.93516615005612,169.66877088611028,83.24770053051196
piecewise_0015,5,previous_period,32.88490420659726,50.936841375279386,169.66877088611028,83.24485819646608
piecewise_0015,6,previous_period,32.88495423278109,50.93674228908692,169.66877088611028,83.24502631479095
piecewise_0016,1,default,28.555587734637935,10.204715568235056,81.95160288710906,73.58867490887008
piecewise_0016,2,previous_period,14.002554413322406,56.6537411538273,81.95160288710906,35.522953916033835
piecewise_0016,3,previous_period,13.483227938092357,56.22164401041366,81.95160288710906,35.87706445109072
piecewise_0016,4,previous_period,13.83924948314851,56.784457812358625,81.95160288710906,35.415829519126945
piecewise_0016,5,previous_period,13.49274338722598,56.371057066199626,81.95160288710906,35.754618056951514
piecewise_0016,6,previous_period,13.764132566733087,56.82366261213006,81.95160288710906,35.38370055730557
piecewise_0017,1,default,39.031639597795746,-5.653291379283698,100.3458446942733,106.01868768184406
piecewise_0017,2,previous_period,30.587750254263,41.95430375648434,100.3458446942733,58.24644420422784
piecewise_0017,3,previous_period,29.92188813969129,49.78791550081386,100.3458446942733,50.38574032931059
piecewise_0017,4,previous_period,30.00144151634259,48.871728614268136,100.3458446942733,51.30509579959306
piecewise_0017,5,previous_period,29.952094588862394,49.450416516048676,100.3458446942733,50.72440653640781
piecewise_0017,6,previous_period,29.97920330458505,49.129428143919974,100.3458446942733,51.046505029790765
piecewise_0018,1,default,33.0046005513894,6.401927810020802,94.94455955320072,88.8662773910626
piecewise_0018,2,previous_period,7.8882841073492695,79.4336623580151,94.94455955320072,19.526618690406693
piecewise_0018,3,previous_period,7.2841538863384105,80.82343960101862,94.94455955320072,18.20710080826638
piecewise_0018,4,previous_period,7.509970066520892,80.17638031473392,94.94455955320072,18.82144839767748
piecewise_0018,5,previous_period,7.35239760252525,80.6526159595219,94.94455955320072,18.369288562298188
piecewise_0018,6,previous_period,7.457542669992456,80.32543903347519,94.94455955320072,18.679925253692936
piecewise_0019,1,default,52.79364727386434,-1.1735787758132554,138.24269394898312,139.86508086428086
piecewise_0019,2,previous_period,27.43658834813079,43.90005214994252,138.24269394898312,77.5540792118941
piecewise_0019,3,previous_period,26.944996817457056,44.859932849867604,138.24269394898312,76.22711427362131
piecewise_0019,4,previous_period,26.956811814756087,44.837475453787064,138.24269394898312,76.25815998295383
piecewise_0019,5,previous_period,26.9564143005786,44.83817918783895,138.24269394898312,76.25718712204227
piecewise_0019,6,previous_period,26.956431274560973,44.838149970938915,138.24269394898312,76.25722751227198
piecewise_0020,1,default,54.432663821937346,0.0701195067184801,146.28288823159915,146.1803153919576
piecewise_0020,2,previous_period,27.632373928397786,59.88412272085697,146.28288823159915,58.68266392337428
piecewise_0020,3,previous_period,26.70505045573513,61.24545383864761,146.28288823159915,56.6912694458746
piecewise_0020,4,previous_period,26.72475398196991,61.2202348648218,146.28288823159915,56.72816048916938
piecewise_0020,5,previous_period,26.72178769303751,61.223982830298496,146.28288823159915,56.722677857020145
piecewise_0020,6,previous_period,26.722171921446755,61.22349654877475,146.28288823159915,56.723389203678025
piecewise_0021,1,default,64.41862948992808,0.6260180130188919,170.00272834345324,168.93848064139965
piecewise_0021,2,previous_period,63.21393070933967,2.741399626797014,170.00272834345324,165.34227418310107
piecewise_0021,3,previous_period,63.337227454220745,2.4317931077070143,170.00272834345324,165.86861371268327
piecewise_0021,4,previous_period,63.27489286779599,2.585460927660632,170.00272834345324,165.6073742261762
piecewise_0021,5,previous_period,63.29956690640627,2.5139629537976216,170.00272834345324,165.7289227324536
piecewise_0021,6,previous_period,63.28846086052056,2.54401998153051,170.00272834345324,165.67782496524876
piecewise_0022,1,default,52.64339141758297,-1.4544887217016855,133.83373271937123,135.78032926760687
piecewise_0022,2,previous_period,37.15650211934871,27.787641844376264,133.83373271937123,96.64449440435254
piecewise_0022,3,previous_period,36.76005668377947,28.44298702645246,133.83373271937123,95.7674214849834
piecewise_0022,4,previous_period,36.873985569476005,28.227298037700834,133.83373271937123,96.05608610969438
piecewise_0022,5,previous_period,36.82942208182634,28.318493390441635,133.83373271937123,95.93403596505476
piecewise_0022,6,previous_period,36.844659443957745,28.286428222351358,133.83373271937123,95.97694997641273
piecewise_0023,1,default,35.524783659844495,-8.829676308324586,74.92994330113196,81.54601475263306
piecewise_0023,2,previous_period,17.381524558962095,48.70854844910218,74.92994330113196,38.4326555654153
piecewise_0023,3,previous_period,16.90474285836611,48.82471951168109,74.92994330113196,38.3456086540926
piecewise_0023,4,previous_period,16.974335506149256,48.95117737646277,74.92994330113196,38.250853847711866
piecewise_0023,5,previous_period,16.953951817342563,48.91771070493915,74.92994330113196,38.275930405709296
piecewise_0023,6,previous_period,16.959516715922163,48.927171075354636,74.92994330113196,38.268841755520896
piecewise_0024,1,default,51.198403422898714,-3.3036938077825706,134.30275666293605,138.73970851849077
piecewise_0024,2,previous_period,44.38771282354693,15.365462559550613,134.30275666293605,113.66651687144824
piecewise_0024,3,previous_period,44.33097561474052,15.655895540470667,134.30275666293605,113.27645737181427
piecewise_0024,4,previous_period,44.335842237296504,15.627297110492865,134.30275666293605,113.31486585163678
piecewise_0024,5,previous_period,44.334831599428014,15.633366813954863,134.30275666293605,113.30671407256605
piecewise_0024,6,previous_period,44.33506598815892,15.631955096108552,134.30275666293605,113.30861004854995
piecewise_0025,1,default,56.56074455876796,4.329162439646394,158.24932365373715,151.3984533731251
piecewise_0025,2,previous_period,40.614396351488196,30.2113984147913,158.24932365373715,110.43998999599404
piecewise_0025,3,previous_period,40.37844665313031,30.74867133742042,158.24932365373715,109.5897592297588
piecewise_0025,4,previous_period,40.37772745264638,30.7561856132217,158.24932365373715,109.57786793912581
piecewise_0025,5,previous_period,40.377599827727025,30.755821513749915,158.24932365373715,109.57844412407732
piecewise_0025,6,previous_period,40.37761208043143,30.75587298873247,158.24932365373715,109.57836266526559
piecewise_0026,1,default,59.06927165416676,6.483021376664711,172.36441189279032,161.18999022401832
piecewise_0026,2,previous_period,35.86128530897717,45.047686797715194,172.36441189279032,94.71823147260238
piecewise_0026,3,previous_period,35.63653694760117,45.437802566941535,172.36441189279032,94.04581072127436
piecewise_0026,4,previous_period,35.629336236499796,45.445360415316536,172.36441189279032,94.03278368037104
piecewise_0026,5,previous_period,35.62971487034483,45.44515102108362,172.36441189279032,94.03314460150914
piecewise_0026,6,previous_period,35.62965225581018,45.44519453100566,172.36441189279032,94.0330696058879
piecewise_0027,1,default,73.42407321219241,0.044954522180362666,228.17023664492314,228.0676638052816
piecewise_0027,2,previous_period,26.49431887846932,67.59222563257248,228.17023664492314,73.94489546551213
piecewise_0027,3,previous_period,26.41194573333052,67.71687063817271,228.17023664492314,73.660492661268
piecewise_0027,4,previous_period,26.41161579697336,67.71795231824389,228.17023664492314,73.65802458928982
piecewise_0027,5,previous_period,26.411686432871434,67.71777852930346,228.17023664492314,73.65842112392647
piecewise_0027,6,previous_period,26.41167926668846,67.71779745746596,228.17023664492314,73.65837793549333
piecewise_0028,1,default,44.23670904221789,-4.8043939680623815,111.90651128244386,117.28294096036663
piecewise_0028,2,previous_period,36.272473436903304,18.405630843100663,111.90651128244386,91.30941192640445
piecewise_0028,3,previous_period,36.13438035312526,20.25506921859015,111.90651128244386,89.23976996207546
piecewise_0028,4,previous_period,36.14154521099756,19.732814237061547,111.90651128244386,89.8242072919029
piecewise_0028,5,previous_period,36.137717005810465,19.93270297781933,111.90651128244386,89.60051877567444
piecewise_0028,6,previous_period,36.13901994383943,19.859147283755707,111.90651128244386,89.68283238675063
piecewise_0029,1,default,33.55284774300516,-0.6344763149265908,82.74990477449708,83.27493332091558
piecewise_0029,2,previous_period,27.059439045631862,16.576445664431482,82.74990477449708,69.03291177218378
piecewise_0029,3,previous_period,27.127919321529774,16.511857781025974,82.74990477449708,69.0863581841977
piecewise_0029,4,previous_period,27.107875262569483,16.513197704941717,82.74990477449708,69.08524939843338
piecewise_0029,5,previous_period,27.1128021155598,16.523135544194478,82.74990477449708,69.07702584591507
piecewise_0029,6,previous_period,27.111421613617647,16.51768467276963,82.74990477449708,69.08153643682851
piecewise_0030,1,default,45.107297730322,0.40684925637457514,118.42082994976694,117.93903568372372
piecewise_0030,2,previous_period,34.65054358116663,21.206242347791317,118.42082994976694,93.30822176035352
piecewise_0030,3,previous_period,34.37467943677592,21.70131214325921,118.42082994976694,92.72195599972983
piecewise_0030,4,previous_period,34.40757995555641,21.635853776725224,118.42082994976694,92.79947234065094
piecewise_0030,5,previous_period,34.40167430906745,21.649152691085483,118.42082994976694,92.78372365589121
piecewise_0030,6,previous_period,34.40272262307392,21.646152085930893,118.42082994976694,92.78727699741879
piecewise_0031,1,default,44.27380726651591,0.07920565706229787,129.5019111587785,129.39933831913697
piecewise_0031,2,previous_period,18.5319941863533,75.62448064666286,129.5019111587785,31.566763417449522
piecewise_0031,3,previous_period,17.179653567276066,76.06715868712615,129.5019111587785,30.993486894769337
piecewise_0031,4,previous_period,17.33485618249062,76.38425255127726,129.5019111587785,30.582844280526437
piecewise_0031,5,previous_period,17.275502927651623,76.27699119835498,129.5019111587785,30.72174978249554
piecewise_0031,6,previous_period,17.294488627502535,76.31557464727666,129.5019111587785,30.67178347875099
piecewise_0032,1,default,32.361234011457015,-3.7126789508372227,84.49923754655381,87.63642295256265
piecewise_0032,2,previous_period,31.2803368600233,3.9724600420905642,84.49923754655381,81.14253909914578
piecewise_0032,3,previous_period,31.365176505204246,2.6020783917877766,84.49923754655381,82.30050114512952
piecewise_0032,4,previous_period,31.32568539963455,3.0855760805616805,84.49923754655381,81.89194928456035
piecewise_0032,5,previous_period,31.33951885191494,2.8956706682671585,84.49923754655381,82.05241791000887
piecewise_0032,6,previous_period,31.33418061542558,2.96735200208309,84.49923754655381,81.9918477294712
piecewise_0033,1,default,44.918822104568626,-1.3257873308810897,113.26815053799506,114.76984532775111
piecewise_0033,2,previous_period,38.684060239389694,15.795208587498788,113.26815053799506,95.3772098973166
piecewise_0033,3,previous_period,38.4450141105153,16.405093512994274,113.26815053799506,94.68640452179784
piecewise_0033,4,previous_period,38.452941262049976,16.515506413987612,113.26815053799506,94.56134187088733
piecewise_0033,5,previous_period,38.449771239942706,16.46634157643926,113.26815053799506,94.61702997309337
piecewise_0033,6,previous_period,38.45019026585486,16.488910312770322,113.26815053799506,94.59146678285137
piecewise_0034,1,default,74.1359129825472,-5.688098414906229,193.99057246072928,205.02494713793556
piecewise_0034,2,previous_period,55.07340431742167,21.638490708042735,193.99057246072928,152.01394046433546
piecewise_0034,3,previous_period,54.80735490757445,22.061299802887092,193.99057246072928,151.19373068083087
piecewise_0034,4,previous_period,54.82236817093386,22.03428716288527,193.99057246072928,151.24613265580717
piecewise_0034,5,previous_period,54.820213332795646,22.038057169824164,193.99057246072928,151.2388191977646
piecewise_0034,6,previous_period,54.82044579727145,22.037641799660467,193.99057246072928,151.23962497672298
piecewise_0035,1,default,45.878906644029435,-10.358073395376266,109.77477893662832,121.14533110849632
piecewise_0035,2,previous_period,28.886410162904152,32.761196760582365,109.77477893662832,73.81124761570518
piecewise_0035,3,previous_period,28.77294526914731,32.880531588551335,109.77477893662832,73.68024807210786
piecewise_0035,4,previous_period,28.772905722381005,32.90302859512973,109.77477893662832,73.65555203286905
piecewise_0035,5,previous_period,28.772922954267283,32.899206648073864,109.77477893662832,73.6597475668007
piecewise_0035,6,previous_period,28.77292180739605,32.89983177233678,109.77477893662832,73.65906133802301
piecewise_0036,1,default,61.29891740706651,-7.551250596598691,153.26157535911904,164.83474098278106
piecewise_0036,2,previous_period,44.49890607820347,22.686532092975497,153.26157535911904,118.49183887907267
piecewise_0036,3,previous_period,44.4381148992237,22.82571622455617,153.26157535911904,118.27852308636221
piecewise_0036,4,previous_period,44.43831939849344,22.82222218078047,153.26157535911904,118.28387811289659
piecewise_0036,5,previous_period,44.43827194273267,22.822610817691526,153.26157535911904,118.28328248184428
piecewise_0036,6,previous_period,44.438275852010946,22.822573798212275,153.26157535911904,118.28333921848137
piecewise_0037,1,default,40.08304122738596,0.38309286433835243,112.71782561804287,112.2860116712628
piecewise_0037,2,previous_period,16.757507428244846,59.940041720924405,112.71782561804287,45.15471391566915
piecewise_0037,3,previous_period,16.04891333094818,62.49683120091234,112.71782561804287,42.272756408195896
piecewise_0037,4,previous_period,16.259518882613598,61.48458880894832,112.71782561804287,43.4137340224018
piecewise_0037,5,previous_period,16.12816901598157,62.05748282551396,112.71782561804287,42.76798034383314
piecewise_0037,6,previous_period,16.192582803629627,61.749729807697996,112.71782561804287,43.11487285378921
piecewise_0038,1,default,59.78694341629351,0.4591201300865433,151.52939674459986,150.8336947811467
piecewise_0038,2,previous_period,39.573301705928024,33.58232245876952,151.52939674459986,100.64230611000013
piecewise_0038,3,previous_period,38.94383481995408,34.643965391024956,151.52939674459986,99.0336049791718
piecewise_0038,4,previous_period,38.959634141851154,34.64111580686436,151.52939674459986,99.03792293686007
piecewise_0038,5,previous_period,38.95735404596435,34.63987447884481,151.52939674459986,99.03980391371971
piecewise_0038,6,previous_period,38.957741398729524,34.64017111026823,151.52939674459986,99.03935442991326
piecewise_0039,1,default,50.09124681974112,2.4008147106232447,132.35294090564162,129.17539203043648
piecewise_0039,2,previous_period,39.74217625679715,23.245640273017187,132.35294090564162,101.58665237195714
piecewise_0039,3,previous_period,39.6973096818346,23.170438058972355,132.35294090564162,101.68618471387164
piecewise_0039,4,previous_period,39.73606332399981,23.126733112339792,132.35294090564162,101.74402949606107
piecewise_0039,5,previous_period,39.70506178131203,23.17800886737308,132.35294090564162,101.67616452630295
piecewise_0039,6,previous_period,39.726137680216844,23.140972899047107,132.35294090564162,101.72518271957526
piecewise_0040,1,default,34.93358593412362,9.666262386609514,81.62785869677926,73.73749569457772
piecewise_0040,2,previous_period,15.296324883229946,52.10802347296113,81.62785869677926,39.09319492658597
piecewise_0040,3,previous_period,14.955737088394882,52.378224936377094,81.62785869677926,38.87263525783217
piecewise_0040,4,previous_period,14.941243030419544,52.4156077788396,81.62785869677926,38.842120444010035
piecewise_0040,5,previous_period,14.944210446417646,52.404702604977395,81.62785869677926,38.85102210392091
piecewise_0040,6,previous_period,14.943164777400504,52.40846481828348,81.62785869677926,38.84795108975955
piecewise_0041,1,default,32.326989502731365,3.4385121485770775,92.1650868602037,88.99597915176898
piecewise_0041,2,previous_period,27.650824986117996,29.71397936721122,92.1650868602037,64.77917196679047
piecewise_0041,3,previous_period,27.705794650140028,28.2600914057485,92.1650868602037,66.11914906932263
piecewise_0041,4,previous_period,27.68755240758309,28.783854068162196,92.1650868602037,65.63642275656774
piecewise_0041,5,previous_period,27.691572920437363,28.62663677544609,92.1650868602037,65.78132221095879
piecewise_0041,6,previous_period,27.690532283165094,28.677097937163087,92.1650868602037,65.73481463743165
piecewise_0042,1,default,73.21716819737914,-5.705416866428736,193.2584441910294,204.28464406170215
piecewise_0042,2,previous_period,54.43265049296541,21.890719342206168,193.2584441910294,150.95278056805702
piecewise_0042,3,previous_period,54.26900196214819,22.15493939685875,193.2584441910294,150.44215300119475
piecewise_0042,4,previous_period,54.28385797148483,22.12907643236911,193.2584441910294,150.49213536398912
piecewise_0042,5,previous_period,54.281366728077735,22.133395674428147,193.2584441910294,150.48378806398497
piecewise_0042,6,previous_period,54.281779448456334,22.132679474552774,193.2584441910294,150.4851721807214
piecewise_0043,1,default,43.081941004161294,5.203157939682446,119.91887267999013,113.67930433496355
piecewise_0043,2,previous_period,38.94005651773765,24.42524845914654,119.91887267999013,90.62839007849493
piecewise_0043,3,previous_period,38.90877247501069,24.707979969431783,119.91887267999013,90.28934163864977
piecewise_0043,4,previous_period,38.922747085276946,24.497647028774228,119.91887267999013,90.54157052996098
piecewise_0043,5,previous_period,38.90841718295564,24.679500316852867,119.91887267999013,90.32349411696558
piecewise_0043,6,previous_period,38.917095497638186,24.5495562923406,119.91887267999013,90.4793215262757
piecewise_0044,1,default,52.57759030066984,6.0760690217910085,149.5760414059385,140.48769789005098
piecewise_0044,2,previous_period,35.280154572029325,36.65415008327481,149.5760414059385,94.75021470038453
piecewise_0044,3,previous_period,34.625310415577495,38.048778397829786,149.5760414059385,92.66418487514683
piecewise_0044,4,previous_period,34.60228422768677,38.09234706860383,149.5760414059385,92.59901658210984
piecewise_0044,5,previous_period,34.60232119521419,38.09308181607691,149.5760414059385,92.59791757592527
piecewise_0044,6,previous_period,34.602228280001654,38.09312134761744,149.5760414059385,92.59785844621183
piecewise_0045,1,default,53.822189949702235,-1.5305608757472555,138.79213674799672,140.91643489167518
piecewise_0045,2,previous_period,49.32279559787729,5.693946710429421,138.79213674799672,130.88938644329946
piecewise_0045,3,previous_period,49.360876446831014,5.61214585320442,138.79213674799672,131.00291960092022
piecewise_0045,4,previous_period,49.34569741984964,5.636462900416372,138.79213674799672,130.96916945150073
piecewise_0045,5,previous_period,49.34864867495641,5.631669939456674,138.79213674799672,130.9758217044302
piecewise_0045,6,previous_period,49.34801493511694,5.632673005562605,138.79213674799672,130.97442952754878
piecewise_0046,1,default,37.03398500826895,-12.525179648020647,92.3147501789665,103.87733848050352
piecewise_0046,2,previous_period,20.792266897615054,37.96667467660426,92.3147501789665,57.26590929999834
piecewise_0046,3,previous_period,20.70551556538955,38.51688998315026,92.3147501789665,56.75797941431397
piecewise_0046,4,previous_period,20.701076058185457,38.49827691368715,92.3147501789665,56.775162022889475
piecewise_0046,5,previous_period,20.701971733850854,38.50120358089411,92.3147501789665,56.77246027736879
piecewise_0046,6,previous_period,20.701817585475766,38.50068810078417,92.3147501789665,56.77293614154452
piecewise_0047,1,default,51.24882699091643,2.9320683053994823,153.21860967985887,148.726135387462
piecewise_0047,2,previous_period,17.623462989312642,72.19056511638398,153.21860967985887,42.60922948850215
piecewise_0047,3,previous_period,17.31328377617708,72.65679894949726,153.21860967985887,41.89487249154886
piecewise_0047,4,previous_period,17.340254703132356,72.61599103501409,153.21860967985887,41.95739781075932
piecewise_0047,5,previous_period,17.33611067650155,72.62230106586527,153.21860967985887,41.94772966921877
piecewise_0047,6,previous_period,17.336803521303047,72.62126159796398,153.21860967985887,41.949322327485206
piecewise_0048,1,default,66.85068926337631,-4.96394341738835,179.62011295373998,188.53635372701268
piecewise_0048,2,previous_period,53.13486289662457,16.05287809777691,179.62011295373998,150.7859151821869
piecewise_0048,3,previous_period,53.11907714447717,16.10319635354498,179.62011295373998,150.69553347433995
piecewise_0048,4,previous_period,53.11799732352612,16.103453078055153,179.62011295373998,150.6950723454848
piecewise_0048,5,previous_period,53.118060153302615,16.10344602841185,179.62011295373998,150.69508500806205
piecewise_0048,6,previous_period,53.11805527569426,16.103447360710497,179.62011295373998,150.69508261498572
piecewise_0049,1,default,68.80478180457118,-1.1265141143687263,205.4964421026453,207.81138852745713
piecewise_0049,2,previous_period,27.509458471999263,60.46256954478143,205.4964421026453,81.24801288428188
piecewise_0049,3,previous_period,27.489273503403535,60.48847707476772,205.4964421026453,81.19477383192338
piecewise_0049,4,previous_period,27.48703912149651,60.49258569815341,205.4964421026453,81.18633075704638
piecewise_0049,5,previous_period,27.487223942318845,60.49224676368261,205.4964421026453,81.18702725532495
piecewise_0049,6,previous_period,27.487208812767044,60.49227429070372,205.4964421026453,81.18697068827595
piecewise_0050,1,default,70.65167852121625,-0.24171719585639462,203.15660269773147,203.64766714096953
piecewise_0050,2,previous_period,43.818196284754904,37.98465177005909,203.15660269773147,125.98827461511571
piecewise_0050,3,previous_period,43.186765890721205,39.40224988998386,203.15660269773147,123.10833043476964
piecewise_0050,4,previous_period,43.17260335135537,39.43183452047761,203.15660269773147,123.04822730453786
piecewise_0050,5,previous_period,43.17246887545688,39.432124471577026,203.15660269773147,123.04763824973479
piecewise_0050,6,previous_period,43.17246724956482,39.4321275045577,203.15660269773147,123.04763208803428
piecewise_0051,1,default,53.008369516615,-2.1801489246450867,139.37509546783835,142.41368011290348
piecewise_0051,2,previous_period,49.28940845635777,6.482906052149506,139.37509546783835,130.3395389685647
piecewise_0051,3,previous_period,49.307658081012626,6.563867683131209,139.37509546783835,130.22669861809163
piecewise_0051,4,previous_period,49.297744952215744,6.520374681822627,139.37509546783835,130.2873170301873
piecewise_0051,5,previous_period,49.30171929695199,6.54578102518334,139.37509546783835,130.25190691487342
piecewise_0051,6,previous_period,49.29988910135206,6.532771385138325,139.37509546783835,130.27003911310618
piecewise_0052,1,default,59.47253559072419,-0.07185522506683029,150.2170966299363,150.3250354628086
piecewise_0052,2,previous_period,30.79811667636006,51.61665285728046,150.2170966299363,72.68005933017653
piecewise_0052,3,previous_period,30.286678190716522,52.51648617586765,150.2170966299363,71.32835584448605
piecewise_0052,4,previous_period,30.2860244001209,52.513626480688714,150.2170966299363,71.33265159555631
piecewise_0052,5,previous_period,30.286250613810918,52.51328064465844,150.2170966299363,71.33317110040011
piecewise_0052,6,previous_period,30.28625015117374,52.51328271440616,150.2170966299363,71.33316799128515
piecewise_0053,1,default,67.17330278831054,1.9475242875386378,197.44184798267815,193.59662003945039
piecewise_0053,2,previous_period,33.31660325696569,58.857082751321755,197.44184798267815,81.23333612977436
piecewise_0053,3,previous_period,32.871007409757354,59.69842267448895,197.44184798267815,79.57217903765701
piecewise_0053,4,previous_period,32.88418544818635,59.69472655513793,197.44184798267815,79.5794767240073
piecewise_0053,5,previous_period,32.882748397733195,59.69447622093151,197.44184798267815,79.5799709884906
piecewise_0053,6,previous_period,32.88293216129891,59.69451806975235,197.44184798267815,79.57988836140538
piecewise_0054,1,default,47.59673935337993,-5.645386362141469,109.62248443359874,115.81109721965377
piecewise_0054,2,previous_period,25.756163195534253,44.79479613788211,109.62248443359874,60.517316010286635
piecewise_0054,3,previous_period,25.054900400665602,46.19911610115548,109.62248443359874,58.977865577149366
piecewise_0054,4,previous_period,25.074376360613023,46.164093769460145,109.62248443359874,59.01625792726036
piecewise_0054,5,previous_period,25.072910932008988,46.1667148754979,109.62248443359874,59.013384605702136
piecewise_0054,6,previous_period,25.073019512955458,46.166520741777276,109.62248443359874,59.013597419909814
piecewise_0055,1,default,56.69845081646152,0.11378809241422427,157.44224684336177,157.2630963140246
piecewise_0055,2,previous_period,55.26844096380063,3.214408261463586,157.44224684336177,152.38141025379485
piecewise_0055,3,previous_period,55.41186385301539,2.7042375466347246,157.44224684336177,153.18463448995826
piecewise_0055,4,previous_period,55.31196745612299,2.988080777700297,157.44224684336177,152.73774532945583
piecewise_0055,5,previous_period,55.356761854518055,2.8553663306200794,157.44224684336177,152.94669393682466
piecewise_0055,6,previous_period,55.33064183610127,2.928573560397829,157.44224684336177,152.8314348294108
piecewise_0056,1,default,51.605124215172324,6.571197626212677,157.9942371061494,147.61212354787727
piecewise_0056,2,previous_period,25.249326261546237,54.71533889975988,157.9942371061494,71.54715483142957
piecewise_0056,3,previous_period,24.980512960986495,55.27302167799108,157.9942371061494,70.6660481804908
piecewise_0056,4,previous_period,24.979155750275453,55.274039113078445,157.9942371061494,70.66444069168648
piecewise_0056,5,previous_period,24.980875766741196,55.27145650952825,157.9942371061494,70.66852105646308
piecewise_0056,6,previous_period,24.98010770967702,55.27258592152302,157.9942371061494,70.66673665059815
piecewise_0057,1,default,74.88826534005808,-4.614121215923239,203.07263149413166,212.44264886763602
piecewise_0057,2,previous_period,52.241324516479715,27.816606385582233,203.07263149413166,146.58471691456515
piecewise_0057,3,previous_period,51.69966545785159,28.89801648932825,203.07263149413166,144.3886689596447
piecewise_0057,4,previous_period,51.703732752884996,28.882531341400618,203.07263149413166,144.4201150570321
piecewise_0057,5,previous_period,51.70360123264679,28.882983665088357,203.07263149413166,144.41919651141654
piecewise_0057,6,previous_period,51.703606388590096,28.882967436107478,203.07263149413166,144.41922946803507
piecewise_0058,1,default,47.05763355000309,-0.5513075414089075,126.4023086643,127.09917412448125
piecewise_0058,2,previous_period,39.47598860774067,17.06680138159561,126.4023086643,104.8294777028125
piecewise_0058,3,previous_period,39.26390321077441,17.76900081749777,126.4023086643,103.94188140440447
piecewise_0058,4,previous_period,39.37456519225121,17.393746620141716,126.4023086643,104.41621137322221
piecewise_0058,5,previous_period,39.29654441039427,17.6294159571299,126.4023086643,104.1183198904553
piecewise_0058,6,previous_period,39.345826644463166,17.476297026383094,126.4023086643,104.31186575392135
piecewise_0059,1,default,54.354333593972555,4.410965034182979,151.3958503407598,144.7178323190249
piecewise_0059,2,previous_period,31.26206917702111,48.31547858119101,151.3958503407598,78.24822069655801
piecewise_0059,3,previous_period,30.869029758946347,48.449708685898955,151.3958503407598,78.04500188812213
piecewise_0059,4,previous_period,30.92930773343593,48.50137709329789,151.3958503407598,77.96677806338298
piecewise_0059,5,previous_period,30.90517344589481,48.483370964724784,151.3958503407598,77.99403859484968
piecewise_0059,6,previous_period,30.91350443141831,48.490013533601385,151.3958503407598,77.98398202121447
piecewise_0060,1,default,28.421186223369425,-2.1857493063841993,66.81064335588914,68.2709565296313
piecewise_0060,2,previous_period,27.30972821117902,0.12532918916956515,66.81064335588914,66.72691011829224
piecewise_0060,3,previous_period,27.419913715162345,-0.04377101983636944,66.81064335588914,66.83988705584525
piecewise_0060,4,previous_period,27.38495718132692,0.09150520940686135,66.81064335588914,66.74950813678026
piecewise_0060,5,previous_period,27.395457865953873,0.035230930031782126,66.81064335588914,66.78710534487465
piecewise_0060,6,previous_period,27.392109570758713,0.05681083395818742,66.81064335588914,66.77268767222583
piecewise_0061,1,default,40.529125284258775,1.6537188581055573,108.03425558270187,106.24767272491678
piecewise_0061,2,previous_period,38.97546228379667,4.04156456060557,108.03425558270187,103.66798139575735
piecewise_0061,3,previous_period,38.99685759652081,4.125173425561068,108.03425558270187,103.57765518090153
piecewise_0061,4,previous_period,38.990963669596596,4.112444991503361,108.03425558270187,103.59140624988311
piecewise_0061,5,previous_period,38.99170371159791,4.11610613038802,108.03425558270187,103.58745096574322
piecewise_0061,6,previous_period,38.99159407584282,4.11533300507384,108.03425558270187,103.58828620592112
piecewise_0062,1,default,34.765566182944056,8.633963484842722,95.56511025625589,87.31405353248107
piecewise_0062,2,previous_period,22.035797292280872,70.11322657091219,95.56511025625589,28.561327979545155
piecewise_0062,3,previous_period,21.97616354327084,68.89224821097844,95.56511025625589,29.728157295420868
piecewise_0062,4,previous_period,21.935665084961524,70.91003753041258,95.56511025625589,27.79985470756467
piecewise_0062,5,previous_period,21.948822806895656,69.75131915138921,95.56511025625589,28.90718520403785
piecewise_0062,6,previous_period,21.9356002372048,70.58307573033706,95.56511025625589,28.112316112302686
piecewise_0063,1,default,73.26538322318362,-0.4540943180721069,210.55528810797944,211.5114077076781
piecewise_0063,2,previous_period,37.31504681397338,51.17993517257335,210.55528810797944,102.79322815189052
piecewise_0063,3,previous_period,37.10657581679538,51.384577190707034,210.55528810797944,102.36234356101914
piecewise_0063,4,previous_period,37.103208505520776,51.38701603160067,210.55528810797944,102.35720845254906
piecewise_0063,5,previous_period,37.10311632186158,51.38708559412757,210.55528810797944,102.35706198497013
piecewise_0063,6,previous_period,37.10311282390501,51.38708838629385,210.55528810797944,102.3570561059164
piecewise_0064,1,default,47.31607012332057,-3.569176550823694,128.94185621047842,133.54401870653962
piecewise_0064,2,previous_period,16.631930527891956,63.94478140006946,128.94185621047842,46.49026812349611
piecewise_0064,3,previous_period,14.920469451438578,67.88723731969526,128.94185621047842,41.406792280450716
piecewise_0064,4,previous_period,14.982670244269668,67.74364192111197,128.94185621047842,41.59194685281685
piecewise_0064,5,previous_period,14.977907629883774,67.7548661451552,128.94185621047842,41.57747412999027
piecewise_0064,6,previous_period,14.978255888377099,67.75404465302647,128.94185621047842,41.578533377189686
piecewise_0065,1,default,74.83132806867908,1.4970670321256652,215.93025233752348,212.69763171739265
piecewise_0065,2,previous_period,41.113043177939154,48.639054551575754,215.93025233752348,110.90381910972025
piecewise_0065,3,previous_period,40.46055259031424,49.60106052010733,215.93025233752348,108.82655719436798
piecewise_0065,4,previous_period,40.438878983768966,49.629663111403644,215.93025233752348,108.7647955468068
piecewise_0065,5,previous_period,40.43735432181953,49.63175661913516,215.93025233752348,108.76027503027942
piecewise_0065,6,previous_period,40.43776669609055,49.631143051253545,215.93025233752348,108.76159990895445
piecewise_0066,1,default,58.79578022459109,-5.863191233552989,159.63610333812835,168.99587335463508
piecewise_0066,2,previous_period,36.72322847464289,36.69422518632782,159.63610333812835,101.05887210055656
piecewise_0066,3,previous_period,36.46320181350053,37.33589219895913,159.63610333812835,100.03453988518575
piecewise_0066,4,previous_period,36.46436279364259,37.3323196707364,159.63610333812835,100.04024293003117
piecewise_0066,5,previous_period,36.46434316000979,37.33237948057372,159.63610333812835,100.04014745193747
piecewise_0066,6,previous_period,36.46434370532909,37.332378494956686,159.63610333812835,100.04014902533808
piecewise_0067,1,default,82.97872765640992,-1.043522927067131,228.28011573770124,230.66227108335954
piecewise_0067,2,previous_period,50.5838130877795,40.106139598971026,228.28011573770124,136.72577384324615
piecewise_0067,3,previous_period,50.531378400059644,40.181113291580914,228.28011573770124,136.55462381098346
piecewise_0067,4,previous_period,50.53341930935807,40.177800303136316,228.28011573770124,136.56218670483918
piecewise_0067,5,previous_period,50.53330139701776,40.17799197409633,228.28011573770124,136.56174915814984
piecewise_0067,6,previous_period,50.533308203596505,40.177981247522276,228.28011573770124,136.5617736447855
piecewise_0068,1,default,76.20309050161228,4.716656684256537,228.69543130340134,217.90865295624013
piecewise_0068,2,previous_period,49.98312750860469,37.94531587563398,228.69543130340134,141.91622750218218
piecewise_0068,3,previous_period,49.86741309535199,38.091343364747964,228.69543130340134,141.58226930613142
piecewise_0068,4,previous_period,49.86597945670346,38.0921775540991,228.69543130340134,141.58036155319695
piecewise_0068,5,previous_period,49.86576091239252,38.09234799423301,228.69543130340134,141.5799717643976
piecewise_0068,6,previous_period,49.86540575799603,38.09266250843546,228.69543130340134,141.5792524847858
piecewise_0069,1,default,49.306569885986434,-2.95643764496456,133.6223872170061,137.57284977478997
piecewise_0069,2,previous_period,46.27559426781362,9.775680461035751,133.6223872170061,120.5598896182637
piecewise_0069,3,previous_period,46.37074908261141,8.986230801155227,133.6223872170061,121.6147710996726
piecewise_0069,4,previous_period,46.31194825178892,9.398569053938633,133.6223872170061,121.06379488289451
piecewise_0069,5,previous_period,46.33847630752494,9.203245595781306,133.6223872170061,121.32479075047914
piecewise_0069,6,previous_period,46.32147287114812,9.320961206967448,133.6223872170061,121.16749634068512
piecewise_0070,1,default,39.01360658755372,-7.744978129627267,98.60015837614003,106.23671907814992
piecewise_0070,2,previous_period,30.185041970889685,21.389055929678214,98.60015837614003,77.51051535431614
piecewise_0070,3,previous_period,30.12915898325384,21.296024012145065,98.60015837614003,77.60224497234418
piecewise_0070,4,previous_period,30.126840490524817,21.370621443609984,98.60015837614003,77.52869178677524
piecewise_0070,5,previous_period,30.12714535446038,21.3576357066643,98.60015837614003,77.54149574396999
piecewise_0070,6,previous_period,30.12707858106329,21.36018946143514,98.60015837614003,77.53897773772141
piecewise_0071,1,default,35.88984344501476,-0.509207291025171,107.25405571450706,107.80020118612552
piecewise_0071,2,previous_period,12.196254691330877,70.72255972449743,107.25405571450706,31.401242104869063
piecewise_0071,3,previous_period,9.999508211380746,76.27847855230516,107.25405571450706,25.442293829839365
piecewise_0071,4,previous_period,10.321022518921266,75.33328971638099,107.25405571450706,26.45604719052878
piecewise_0071,5,previous_period,10.134017364746644,75.88949592631326,107.25405571450706,25.859493472240473
piecewise_0071,6,previous_period,10.221493895124947,75.6208522317831,107.25405571450706,26.147624730045365
piecewise_0072,1,default,61.80177575605288,-3.069063387255877,171.32570168833468,176.58379607181058
piecewise_0072,2,previous_period,43.04826411517386,40.01919043560639,171.32570168833468,102.7625428645411
piecewise_0072,3,previous_period,42.68809341393217,40.94504992790543,171.32570168833468,101.17630759271172
piecewise_0072,4,previous_period,42.71179620967552,40.86611578249576,171.32570168833468,101.31154207120653
piecewise_0072,5,previous_period,42.708061868787844,40.878529193670886,171.32570168833468,101.29027470740729
piecewise_0072,6,previous_period,42.708620161642486,40.876672891274644,171.32570168833468,101.2934550305131
piecewise_0073,1,default,45.89689991165509,3.887868340697065,139.55163692044246,134.12605300968806
piecewise_0073,2,previous_period,28.905210609460376,52.33863872841753,139.55163692044246,66.51220983305915
piecewise_0073,3,previous_period,28.001025072419438,56.51635610403434,139.55163692044246,60.68213684947615
piecewise_0073,4,previous_period,28.229295860885987,55.27252348640837,139.55163692044246,62.417925627923566
piecewise_0073,5,previous_period,28.070802918077877,56.1116416731777,139.55163692044246,61.246922462589836
piecewise_0073,6,previous_period,28.155782264273107,55.642195353499325,139.55163692044246,61.90204248616378
piecewise_0074,1,default,48.620771788704616,-1.0374421719234972,125.31005449137866,126.61007384233255
piecewise_0074,2,previous_period,42.4301149898319,11.339916983306574,125.31005449137866,111.0999983403201
piecewise_0074,3,previous_period,42.161977365442965,12.011004510937573,125.31005449137866,110.25905819376084
piecewise_0074,4,previous_period,42.25925167318538,11.737446595746393,125.31005449137866,110.60185376635239
piecewise_0074,5,previous_period,42.20697311038151,11.88630317887166,125.31005449137866,110.41532150092411
piecewise_0074,6,previous_period,42.231551877341936,11.81415467312793,125.31005449137866,110.5057308327863
piecewise_0075,1,default,70.5265300836809,0.9564789481277036,211.55285415262415,209.529395638491
piecewise_0075,2,previous_period,25.76658730093245,65.27853660837437,211.55285415262415,73.45424680854256
piecewise_0075,3,previous_period,25.736968492654707,65.3465370984389,211.55285415262415,73.31038983097329
piecewise_0075,4,previous_period,25.734685284135253,65.34795453093008,211.55285415262415,73.30739121208252
piecewise_0075,5,previous_period,25.734928182579885,65.34776192485607,211.55285415262415,73.30779867572932
piecewise_0075,6,previous_period,25.734905597477802,65.34778078999042,211.55285415262415,73.3077587659992
piecewise_0076,1,default,39.83814936761358,-6.069954145615664,104.8483215622058,111.21256660347936
piecewise_0076,2,previous_period,26.076553612875852,48.53148547251782,104.8483215622058,53.963873615065125
piecewise_0076,3,previous_period,25.423937645616938,47.355546856213046,104.8483215622058,55.1968255168625
piecewise_0076,4,previous_period,25.587781122057418,47.86253437758846,104.8483215622058,54.665257610170556
piecewise_0076,5,previous_period,25.492986145499266,47.61135523900477,104.8483215622058,54.92861472108996
piecewise_0076,6,previous_period,25.539904196220995,47.73601190162644,104.8483215622058,54.79791430261568
piecewise_0077,1,default,43.58796932730511,0.002271854910929072,115.96924340274015,115.96660874978873
piecewise_0077,2,previous_period,42.06185133841369,2.5449330163695327,115.96924340274015,113.01790383854987
piecewise_0077,3,previous_period,42.138255913290735,2.3538599876546273,115.96924340274015,113.23948978429725
piecewise_0077,4,previous_period,42.0735371967508,2.499350881266693,115.96924340274015,113.07076509575545
piecewise_0077,5,previous_period,42.11495914805343,2.4148319851180933,115.96924340274015,113.16878102015133
piecewise_0077,6,previous_period,42.08628358623662,2.4781856710913597,115.96924340274015,113.09531022986037
piecewise_0078,1,default,68.04094346887942,-4.756057958309867,181.70879692230113,190.35097261927336
piecewise_0078,2,previous_period,55.287810279547216,16.594067034613012,181.70879692230113,151.55591735322565
piecewise_0078,3,previous_period,55.20668696309584,16.729734058490507,181.70879692230113,151.30939843631757
piecewise_0078,4,previous_period,55.20487665162585,16.73242260419765,181.70879692230113,151.3045131122584
piecewise_0078,5,previous_period,55.20502574928929,16.732216532446998,181.70879692230113,151.30488756275733
piecewise_0078,6,previous_period,55.20500383471118,16.732247310474158,181.70879692230113,151.30483163637444
piecewise_0079,1,default,52.46794258530861,4.763167952789282,146.2738329289703,139.30656459558105
piecewise_0079,2,previous_period,47.9997408542207,12.917364440231294,146.2738329289703,127.37910884884016
piecewise_0079,3,previous_period,47.90912314292666,13.121840327240552,146.2738329289703,127.08001413149621
piecewise_0079,4,previous_period,47.914639755153516,13.10990385078431,146.2738329289703,127.09747407312543
piecewise_0079,5,previous_period,47.913762570108766,13.111988301116305,146.2738329289703,127.0944250677293
piecewise_0079,6,previous_period,47.91425268100379,13.110869968586346,146.2738329289703,127.09606089558577
piecewise_0080,1,default,32.917028191396945,6.288548989570941,91.11550046544522,85.38565758158296
piecewise_0080,2,previous_period,28.14750751346802,35.17204075043643,91.11550046544522,59.06831951177473
piecewise_0080,3,previous_period,28.23079532276885,34.574296230330724,91.11550046544522,59.61295742277382
piecewise_0080,4,previous_period,28.167673045502827,35.14767904465804,91.11550046544522,59.09051680191663
piecewise_0080,5,previous_period,28.202597289582773,34.798807324100686,91.11550046544522,59.40839301608487
piecewise_0080,6,previous_period,28.181815903326825,35.0109819234207,91.11550046544522,59.21506906805389
piecewise_0081,1,default,71.20836229363896,-1.6706885893277956,195.18946543348292,198.45047356005006
piecewise_0081,2,previous_period,57.52293164291821,20.494659207794253,195.18946543348292,155.18604968337524
piecewise_0081,3,previous_period,56.898712038555615,22.002813209549686,195.18946543348292,152.24229194943513
piecewise_0081,4,previous_period,56.904460119042355,21.98688898143468,195.18946543348292,152.2733743651672
piecewise_0081,5,previous_period,56.903709793544046,21.98896966097572,195.18946543348292,152.26931309789367
piecewise_0081,6,previous_period,56.90378317758567,21.988766478306466,195.18946543348292,152.26970968905965
piecewise_0082,1,default,65.9354400119618,1.2433022437780439,172.67582683647123,170.5289444069511
piecewise_0082,2,previous_period,47.35251141825441,30.031070856485233,172.67582683647123,120.81942692718881
piecewise_0082,3,previous_period,46.8111709991724,30.606279607220177,172.67582683647123,119.82618046082152
piecewise_0082,4,previous_period,46.80243865124323,30.585888605324097,172.67582683647123,119.86139079194581
piecewise_0082,5,previous_period,46.802542682797174,30.585680461720543,172.67582683647123,119.86175020563425
piecewise_0082,6,previous_period,46.802541029603965,30.58568312435237,172.67582683647123,119.86174560791274
piecewise_0083,1,default,52.090357947492414,-6.90257365068645,128.60802637240826,137.485290113458
piecewise_0083,2,previous_period,37.96332333919105,25.838539093709812,128.60802637240826,95.37759120052493
piecewise_0083,3,previous_period,37.830666362172785,25.9303224734329,128.60802637240826,95.25955040732518
piecewise_0083,4,previous_period,37.83574769739312,25.951765515160886,128.60802637240826,95.2319729345646
piecewise_0083,5,previous_period,37.83484887213421,25.948649444271577,128.60802637240826,95.2359804518357
piecewise_0083,6,previous_period,37.83498661360975,25.949137342223484,128.60802637240826,95.23535297590904
piecewise_0084,1,default,49.245697317935196,2.892149160749069,136.90898436558535,132.949372323266
piecewise_0084,2,previous_period,23.206768535899894,55.68194172514653,136.90898436558535,60.67540347465014
piecewise_0084,3,previous_period,22.99471451188006,56.029487366685274,136.90898436558535,60.199582266612595
piecewise_0084,4,previous_period,22.991910063278674,56.04092979945978,136.90898436558535,60.183916548114304
piecewise_0084,5,previous_period,22.9918111088525,56.04070251320802,136.90898436558535,60.18422772341319
piecewise_0084,6,previous_period,22.991610315237306,56.04115659023465,136.90898436558535,60.18360605116778
piecewise_0085,1,default,61.745651412759216,-0.7724896172841555,164.24940452115652,165.51821411753352
piecewise_0085,2,previous_period,48.60782743373534,19.46771457053146,164.24940452115652,132.27379926518017
piecewise_0085,3,previous_period,47.90158822497214,20.996426125226854,164.24940452115652,129.76289963974688
piecewise_0085,4,previous_period,48.00639849811955,20.77704285684935,164.24940452115652,130.123235351676
piecewise_0085,5,previous_period,47.95599418380731,20.888385530534304,164.24940452115652,129.9403556731705
piecewise_0085,6,previous_period,47.976963694549305,20.846011659848575,164.24940452115652,130.0099545034444
piecewise_0086,1,default,28.434571777386303,8.428996551889444,75.33590041457971,68.98583996629992
piecewise_0086,2,previous_period,18.430017389293337,59.14791782735382,75.33590041457971,30.77628394286699
piecewise_0086,3,previous_period,18.265027199140768,58.57656452879033,75.33590041457971,31.206718094888203
piecewise_0086,4,previous_period,18.325390276898588,58.84900963272924,75.33590041457971,31.001469122700385
piecewise_0086,5,previous_period,18.28974948249844,58.74415630970047,75.33590041457971,31.080461317718726
piecewise_0086,6,previous_period,18.307588418791013,58.79622126777886,75.33590041457971,31.041237712749894
piecewise_0087,1,default,50.02519812236645,3.5903537545751263,141.908701545654,136.8136771516408
piecewise_0087,2,previous_period,46.15674700475758,20.62846189241493,141.908701545654,112.63511912528793
piecewise_0087,3,previous_period,46.13612485861286,21.33102787670994,141.908701545654,111.63811685947343
piecewise_0087,4,previous_period,46.13692491565256,21.199025820066474,141.908701545654,111.82543926406973
piecewise_0087,5,previous_period,46.13630493300824,21.228129446624177,141.908701545654,111.784138685519
piecewise_0087,6,previous_period,46.13650135794249,21.22204540384891,141.908701545654,111.79277247162287
piecewise_0088,1,default,42.657113500347016,-2.6040130751682433,109.30677237169076,112.15313501629397
piecewise_0088,2,previous_period,41.40677065837212,2.277765848894131,109.30677237169076,106.81702004007994
piecewise_0088,3,previous_period,41.395162477367556,2.356934505322783,109.30677237169076,106.73048333700774
piecewise_0088,4,previous_period,41.39668356453379,2.3426452194829306,109.30677237169076,106.74610249415426
piecewise_0088,5,previous_period,41.39630757310628,2.3459719620240183,109.30677237169076,106.74246613925747
piecewise_0088,6,previous_period,41.39639242711629,2.3452018036413613,109.30677237169076,106.74330797452771
piecewise_0089,1,default,19.4002118406545,-19.237767833219245,42.40068136959677,50.55762601118284
piecewise_0089,2,previous_period,9.782530897044476,54.494818781166856,42.40068136959677,19.294506895255033
piecewise_0089,3,previous_period,9.947602506476505,51.770003325464884,42.40068136959677,20.449847214536753
piecewise_0089,4,previous_period,9.847683881876224,54.05019358944345,42.40068136959677,19.483031006086634
piecewise_0089,5,previous_period,9.891784203477494,52.55809728540265,42.40068136959677,20.115690005690503
piecewise_0089,6,previous_period,9.863200049248345,53.552849404247205,42.40068136959677,19.69390832936191
piecewise_0090,1,default,43.45441376730078,0.004797139988910182,115.04122193362355,115.03570324516244
piecewise_0090,2,previous_period,28.40051978180693,32.30215994281286,115.04122193362355,77.88042242445816
piecewise_0090,3,previous_period,27.240559769719777,35.25744056255758,115.04122193362355,74.48063148793626
piecewise_0090,4,previous_period,27.311974248427603,35.067578398517206,115.04122193362355,74.69905124143794
piecewise_0090,5,previous_period,27.29365704017449,35.11273654574849,115.04122193362355,74.64710075706049
piecewise_0090,6,previous_period,27.2979743799032,35.10274098559329,115.04122193362355,74.65859977160213
piecewise_0091,1,default,35.57689790361198,-3.2522200497894893,83.8285897268954,86.55487992944927
piecewise_0091,2,previous_period,26.467677036238705,47.85000539595312,83.8285897268954,43.71660501922455
piecewise_0091,3,previous_period,26.308758249395176,47.872322264321475,83.8285897268954,43.69789710320015
piecewise_0091,4,previous_period,26.35604739928497,47.86239838992626,83.8285897268954,43.70621614715192
piecewise_0091,5,previous_period,26.337082171846465,47.871103763783196,83.8285897268954,43.6989185550172
piecewise_0091,6,previous_period,26.34468532150559,47.86656898693495,83.8285897268954,43.70271999449635
piecewise_0092,1,default,43.03378909249277,3.553483600014118,118.41483634560687,114.20698455608218
piecewise_0092,2,previous_period,26.344469868505495,44.405389158328056,118.41483634560687,65.83226744514285
piecewise_0092,3,previous_period,25.59037279912864,46.71579611551188,118.41483634560687,63.09640282787611
piecewise_0092,4,previous_period,25.80040935295804,46.04090408080238,118.41483634560687,63.8955751262869
piecewise_0092,5,previous_period,25.65986915085413,46.486288880506386,118.41483634560687,63.368173444609184
piecewise_0092,6,previous_period,25.73737743229227,46.23603241157384,118.41483634560687,63.66451423273996
piecewise_0093,1,default,62.741910293329994,4.876019490749739,185.91697138910854,176.85162362756398
piecewise_0093,2,previous_period,36.661075942161034,45.69157222781735,185.91697138910854,100.96858412308347
piecewise_0093,3,previous_period,36.46722283505183,45.97182855064956,185.91697138910854,100.44754005554736
piecewise_0093,4,previous_period,36.467181760792116,45.971753448562325,185.91697138910854,100.4476796830734
piecewise_0093,5,previous_period,36.46894205062149,45.96939027675858,185.91697138910854,100.45207322051965
piecewise_0093,6,previous_period,36.46786095501753,45.97086716285119,185.91697138910854,100.4493274386254
piecewise_0094,1,default,18.2688513111025,6.8702958458132235,44.844145352658465,41.763219897404326
piecewise_0094,2,previous_period,16.401196441128537,8.078432815250435,44.844145352658465,41.2214411987707
piecewise_0094,3,previous_period,16.489292645621596,8.877439162840417,44.844145352658465,40.86313363088048
piecewise_0094,4,previous_period,16.415895089539156,8.611379710922273,44.844145352658465,40.98244571822314
piecewise_0094,5,previous_period,16.446643497380112,8.754686527661516,44.844145352658465,40.91818100102433
piecewise_0094,6,previous_period,16.427990822766308,8.704611318826295,44.844145352658465,40.94063680046004
piecewise_0095,1,default,47.44079867790753,-1.4633069809176336,126.87938719066344,128.73602212076992
piecewise_0095,2,previous_period,29.160968191721736,49.4620515883486,126.87938719066344,64.12223924343692
piecewise_0095,3,previous_period,28.157615774835733,53.21209642652713,126.87938719066344,59.3642053333809
piecewise_0095,4,previous_period,28.26073159890525,52.82838004267909,126.87938719066344,59.85106232975747
piecewise_0095,5,previous_period,28.235684584731246,52.91904001042297,126.87938719066344,59.736033518256775
piecewise_0095,6,previous_period,28.24103128609948,52.90073943190844,126.87938719066344,59.75925318012836
piecewise_0096,1,default,58.120163840100034,0.05991009924950497,180.16800877383255,180.0600699409603
piecewise_0096,2,previous_period,17.2725953768738,79.03710512674373,180.16800877383255,37.76843027449766
piecewise_0096,3,previous_period,16.661949505936672,80.59515819717575,180.16800877383255,34.96131708186071
piecewise_0096,4,previous_period,16.68014020031406,80.55061694708267,180.16800877383255,35.04156616523639
piecewise_0096,5,previous_period,16.678803775340963,80.55386978240311,180.16800877383255,35.03570559661086
piecewise_0096,6,previous_period,16.67894138337801,80.55353456211853,180.16800877383255,35.03630955632259
piecewise_0097,1,default,41.610995306945306,-5.4256935941146,98.73562710461543,104.09271969953943
piecewise_0097,2,previous_period,30.47886375878871,20.74816236457543,98.73562710461543,78.24979888126808
piecewise_0097,3,previous_period,30.34617851357112,21.142542300980928,98.73562710461543,77.86040537788332
piecewise_0097,4,previous_period,30.36913828092157,21.077084499086098,98.73562710461543,77.92503554907309
piecewise_0097,5,previous_period,30.354722825068745,21.117091968481716,98.73562710461543,77.88553392327663
piecewise_0097,6,previous_period,30.362742454221,21.09445043308098,98.73562710461543,77.90788918524066
piecewise_0098,1,default,44.140901914151826,-2.9079130856529245,123.57472489407886,127.16817048983337
piecewise_0098,2,previous_period,27.96193262063153,40.01017678951702,123.57472489407886,74.13225899679861
piecewise_0098,3,previous_period,27.223209740019083,43.22110206782155,123.57472489407886,70.16436691757934
piecewise_0098,4,previous_period,27.319164525242044,42.745239190465426,123.57472489407886,70.75241315914523
piecewise_0098,5,previous_period,27.297589126289157,42.849363205333304,123.57472489407886,70.62374219422358
piecewise_0098,6,previous_period,27.3022273587015,42.82695598953352,123.57472489407886,70.65143184950458
piecewise_0099,1,default,48.063417337725454,8.189766329362813,128.65424919157275,118.11776680998679
piecewise_0099,2,previous_period,25.953642385381336,49.743414758890225,128.65424919157275,64.65723241127255
piecewise_0099,3,previous_period,25.431655361335068,50.674052961554025,128.65424919157275,63.45992681894548
piecewise_0099,4,previous_period,25.415675737237983,50.702531571013274,128.65424919157275,63.42328787776549
piecewise_0099,5,previous_period,25.415183833372218,50.70355517345404,128.65424919157275,63.42197096973061
piecewise_0099,6,previous_period,25.415234482908318,50.703426461539976,128.65424919157275,63.42213656307727
piecewise_0100,1,default,47.866090922868864,-5.844755468944962,109.21023300838573,115.5933040747909
piecewise_0100,2,previous_period,34.269996806429276,26.35479064520728,109.21023300838573,80.42810473588261
piecewise_0100,3,previous_period,34.06195711025774,26.897669531917302,109.21023300838573,79.83522543875327
piecewise_0100,4,previous_period,34.054919238810754,26.91641824194494,109.21023300838573,79.81474992884601
piecewise_0100,5,previous_period,34.054712887465975,26.91697057662118,109.21023300838573,79.8141467228591
piecewise_0100,6,previous_period,34.054705802818475,26.91698931445258,109.21023300838573,79.81412625922978
piecewise_0101,1,default,54.87616681520253,-5.960850900076808,149.0631462765654,157.94857817307485
piecewise_0101,2,previous_period,37.929634050576,36.4399828753902,149.0631462765654,94.74456129986712
piecewise_0101,3,previous_period,37.53024323874994,38.13837097242734,149.0631462765654,92.21289056643687
piecewise_0101,4,previous_period,37.541983298582835,38.06497862877426,149.0631462765654,92.32229150301227
piecewise_0101,5,previous_period,37.54038257189727,38.07409541733398,149.0631462765654,92.30870173114576
piecewise_0101,6,previous_period,37.540558874142135,38.073081695006415,149.0631462765654,92.31021281754174
piecewise_0102,1,default,51.39866465497711,-1.0003558243860011,134.34503318772607,135.6889615519928
piecewise_0102,2,previous_period,46.70106372165975,6.3508834232027915,134.34503318772607,125.81293674511049
piecewise_0102,3,previous_period,46.62578031740288,6.501307998824279,134.34503318772607,125.6108487990693
piecewise_0102,4,previous_period,46.648027890275294,6.461034289935252,134.34503318772607,125.66495452664219
piecewise_0102,5,previous_period,46.63816848244907,6.478522257303654,134.34503318772607,125.64146031107725
piecewise_0102,6,previous_period,46.64252547036285,6.470780379702335,134.34503318772607,125.65186113911011
piecewise_0103,1,default,63.42168318767019,-0.09176639865267067,180.42494189309343,180.59051136453988
piecewise_0103,2,previous_period,24.44164467655362,68.31037270111882,180.42494189309343,57.17599164014423
piecewise_0103,3,previous_period,23.844208646794605,69.12283533787705,180.42494189309343,55.71010639987011
piecewise_0103,4,previous_period,23.837869552937054,69.13219500651653,180.42494189309343,55.69321922316594
piecewise_0103,5,previous_period,23.837923314932922,69.13203775504746,180.42494189309343,55.69350294403764
piecewise_0103,6,previous_period,23.83792254568031,69.1320467523338,180.42494189309343,55.69348671068897
piecewise_0104,1,default,75.49567196123986,-4.140019720115329,198.74867810132295,206.97691256818626
piecewise_0104,2,previous_period,43.86258354718799,37.91858862686357,198.74867810132295,123.38598445075303
piecewise_0104,3,previous_period,44.05325658581834,37.72579326314344,198.74867810132295,123.76916268758742
piecewise_0104,4,previous_period,44.07238722594545,37.70400514222698,198.74867810132295,123.81246628989199
piecewise_0104,5,previous_period,44.07334095611806,37.70291047998205,198.74867810132295,123.81464191663346
piecewise_0104,6,previous_period,44.07338590370537,37.7028578800675,198.74867810132295,123.81474645826832
piecewise_0105,1,default,53.878191965702634,2.8213387531617284,154.26494377315925,149.91260713194396
piecewise_0105,2,previous_period,28.548354503286227,59.99070569615078,154.26494377315925,61.7203153618708
piecewise_0105,3,previous_period,28.276841928126924,60.83478259451769,154.26494377315925,60.41820060920287
piecewise_0105,4,previous_period,28.311919195100415,60.72750117974872,154.26494377315925,60.58369822337525
piecewise_0105,5,previous_period,28.303938248376927,60.750326270305656,154.26494377315925,60.54848711026145
piecewise_0105,6,previous_period,28.306167651566387,60.744390358307,154.26494377315925,60.55764414156859
piecewise_0106,1,default,88.87956329227414,2.144534465021952,268.91918420900845,263.1521196205904
piecewise_0106,2,previous_period,52.699242825200294,41.99015919790686,268.91918420900845,155.99959064593338
piecewise_0106,3,previous_period,52.17988080384708,42.54381862391885,268.91918420900845,154.5106942342057
piecewise_0106,4,previous_period,52.16923763480909,42.55513530750798,268.91918420900845,154.48026150101825
piecewise_0106,5,previous_period,52.16906409844166,42.55532682148536,268.91918420900845,154.47974648319266
piecewise_0106,6,previous_period,52.169062006250485,42.55532939392393,268.91918420900845,154.47973956541185
piecewise_0107,1,default,77.34199323419969,-0.9837453949495201,222.4460343407553,224.63433695983028
piecewise_0107,2,previous_period,35.43261968777509,57.34896377432709,222.4460343407553,94.87553868924834
piecewise_0107,3,previous_period,35.107004608290595,58.000701285409484,222.4460343407553,93.4257744415344
piecewise_0107,4,previous_period,35.11222919167573,57.98106270160414,222.4460343407553,93.4694596924101
piecewise_0107,5,previous_period,35.11181014205616,57.982726347165304,222.4460343407553,93.4657589788338
piecewise_0107,6,previous_period,35.111846562536364,57.98258041096636,222.4460343407553,93.46608360812104
piecewise_0108,1,default,52.14699116246107,-1.7949604885123094,146.4985599291939,149.12815119616246
piecewise_0108,2,previous_period,38.13214203779471,28.58970722825521,146.4985599291939,104.61505055182735
piecewise_0108,3,previous_period,37.7390054329531,30.115870132067634,146.4985599291939,102.37924387556859
piecewise_0108,4,previous_period,37.7122951453964,30.233853834175363,146.4985599291939,102.20639945102963
piecewise_0108,5,previous_period,37.709877828876806,30.244714176888753,146.4985599291939,102.19048920535113
piecewise_0108,6,previous_period,37.70965052195607,30.2457365516549,146.4985599291939,102.18899144104165
piecewise_0109,1,default,53.77847157785784,5.263053108082605,158.81539527935726,150.45685668199337
piecewise_0109,2,previous_period,41.20518285514196,34.18532103580934,158.81539527935726,104.5238425488194
piecewise_0109,3,previous_period,40.88807299065977,34.97299649744055,158.81539527935726,103.27289265091129
piecewise_0109,4,previous_period,40.906641047005536,34.85927559435436,158.81539527935726,103.45349895266288
piecewise_0109,5,previous_period,40.89265459054734,34.91957069045485,158.81539527935726,103.3577410574568
piecewise_0109,6,previous_period,40.898115675947246,34.89423484472015,158.81539527935726,103.39797828100774
piecewise_0110,1,default,82.69992717117357,-0.04402485608261397,245.17702606389403,245.28496489676627
piecewise_0110,2,previous_period,43.38798630410846,52.791868334274184,245.17702606389403,115.743493278354
piecewise_0110,3,previous_period,43.08765148535342,53.22427493985875,245.17702606389403,114.68333162227793
piecewise_0110,4,previous_period,43.084380694682096,53.228889808184235,245.17702606389403,114.67201702536073
piecewise_0110,5,previous_period,43.08435724986747,53.22892267913852,245.17702606389403,114.67193643333256
piecewise_0110,6,previous_period,43.08435695449827,53.22892329397986,245.17702606389403,114.6719349258829
piecewise_0111,1,default,66.62492182211759,-3.4340354371216186,173.52374322299735,179.482610057095
piecewise_0111,2,previous_period,41.49774981642398,39.10000800977613,173.52374322299735,105.67594572394202
piecewise_0111,3,previous_period,40.85491475476134,40.66713855449632,173.52374322299735,102.95660214155261
piecewise_0111,4,previous_period,40.82435119777065,40.75053725344572,173.52374322299735,102.81188559733633
piecewise_0111,5,previous_period,40.82233235365135,40.756082247750236,173.52374322299735,102.80226371565763
piecewise_0111,6,previous_period,40.82219627683903,40.75645461722974,173.52374322299735,102.80161756619816
piecewise_0112,1,default,64.59918427255124,2.298762390706044,199.99603634828512,195.39860268180794
piecewise_0112,2,previous_period,30.26250576648083,58.59453687444851,199.99603634828512,82.80928508275375
piecewise_0112,3,previous_period,30.1424082392556,58.83876996763648,199.99603634828512,82.32082857692697
piecewise_0112,4,previous_period,30.141899187803002,58.840090010947286,199.99603634828512,82.3181885426273
piecewise_0112,5,previous_period,30.14188733798963,58.84011863421523,199.99603634828512,82.31813129722595
piecewise_0112,6,previous_period,30.14188733798963,58.84011863421523,199.99603634828512,82.31813129722595
piecewise_0113,1,default,52.2391216003265,6.63985299880494,147.2108800891928,137.4362940530234
piecewise_0113,2,previous_period,32.19146078479795,45.0898688834918,147.2108800891928,80.83368727474144
piecewise_0113,3,previous_period,31.815040644015944,46.03353395681181,147.2108800891928,79.44450961521272
piecewise_0113,4,previous_period,31.80098319920638,46.056148408352996,147.2108800891928,79.4112186820716
piecewise_0113,5,previous_period,31.80128203147976,46.05615391239045,147.2108800891928,79.41121057952962
piecewise_0113,6,previous_period,31.801247862245344,46.056143621120405,147.2108800891928,79.41122572939884
piecewise_0114,1,default,50.60680649690505,-8.049966448557399,132.8302851882359,143.52307857941202
piecewise_0114,2,previous_period,37.741371095229766,24.570395845113502,132.8302851882359,100.19335831529318
piecewise_0114,3,previous_period,37.697880352247324,24.324517179403806,132.8302851882359,100.5199596481724
piecewise_0114,4,previous_period,37.69732389144202,24.318454283853484,132.8302851882359,100.52801300962255
piecewise_0114,5,previous_period,37.69734377692102,24.31829263595625,132.8302851882359,100.52822772698545
piecewise_0114,6,previous_period,37.69734441423643,24.318289685296957,132.8302851882359,100.5282316463546
piecewise_0115,1,default,76.7098825592498,0.043808369605147224,234.13982434419307,234.03725150455153
piecewise_0115,2,previous_period,29.15527520210734,64.29054067181443,234.13982434419307,83.61006534527476
piecewise_0115,3,previous_period,29.0238404310867,64.5150316858628,234.13982434419307,83.08444247931342
piecewise_0115,4,previous_period,29.030135743486888,64.50209845779709,234.13982434419307,83.11472431678853
piecewise_0115,5,previous_period,29.029778518029147,64.50295975018628,234.13982434419307,83.11270768830137
piecewise_0115,6,previous_period,29.02959161315889,64.5031897082204,234.13982434419307,83.1121692649642
piecewise_0116,1,default,21.823360712165186,5.528378817037849,59.659824728511865,56.361603615938904
piecewise_0116,2,previous_period,20.84758323672539,9.69019938367499,59.659824728511865,53.87866876036803
piecewise_0116,3,previous_period,20.80341693362147,9.713997774819116,59.659824728511865,53.86447068192324
piecewise_0116,4,previous_period,20.8308983691501,9.61306909721329,59.659824728511865,53.924684554083676
piecewise_0116,5,previous_period,20.796546592374497,9.796758855906408,59.659824728511865,53.81509556600314
piecewise_0116,6,previous_period,20.820078993379067,9.649778611426619,59.659824728511865,53.90278372224532
piecewise_0117,1,default,37.4582302495286,-5.757309303147196,96.41427974501326,101.96514804233527
piecewise_0117,2,previous_period,28.10464224517258,30.367891837967896,96.41427974501326,67.13529555569184
piecewise_0117,3,previous_period,27.890463831262256,32.781456660789864,96.41427974501326,64.80827441558904
piecewise_0117,4,previous_period,27.915083701241997,32.16316666845037,96.41427974501326,65.40439425843866
piecewise_0117,5,previous_period,27.904418500693197,32.399322075983584,96.41427974501326,65.17670672318661
piecewise_0117,6,previous_period,27.908223515717356,32.31208929551116,96.41427974501326,65.26081158018064
piecewise_0118,1,default,27.707930705979685,3.9615786100702377,81.64806970705855,78.41351724200848
piecewise_0118,2,previous_period,14.10984353347815,57.622353843322486,81.64806970705855,34.600530074214674
piecewise_0118,3,previous_period,12.892683303027143,61.982048900389344,81.64806970705855,31.04092321500554
piecewise_0118,4,previous_period,13.050640912684573,61.43162016052388,81.64806970705855,31.490337656218582
piecewise_0118,5,previous_period,12.965688945505596,61.73922605704518,81.64806970705855,31.239183379403848
piecewise_0118,6,previous_period,13.006438470761056,61.59072953484453,81.64806970705855,31.360427923362796
piecewise_0119,1,default,62.78768324934795,-5.8174263542526194,160.53993139113163,169.8792236689784
piecewise_0119,2,previous_period,42.87603408524008,29.453040566884813,160.53993139113163,113.25604027245258
piecewise_0119,3,previous_period,42.7498776427439,29.691300101510485,160.53993139113163,112.8735385790317
piecewise_0119,4,previous_period,42.74666366665066,29.69754119841401,160.53993139113163,112.86351912634473
piecewise_0119,5,previous_period,42.74660484543951,29.697652585790348,160.53993139113163,112.86334030512718
piecewise_0119,6,previous_period,42.746604248955954,29.697653290030868,160.53993139113163,112.86333917453993
piecewise_0120,1,default,92.99188161462313,0.03547826475828186,289.1145898492906,289.01201700964907
piecewise_0120,2,previous_period,44.530506045954525,54.04962675826944,289.1145898492906,132.8492331320475
piecewise_0120,3,previous_period,44.50989963272626,54.07295730134416,289.1145898492906,132.78178112812742
piecewise_0120,4,previous_period,44.511556598367456,54.071067622654375,289.1145898492906,132.78724446492083
piecewise_0120,5,previous_period,44.51142215910583,54.07122061507884,289.1145898492906,132.78680214150035
piecewise_0120,6,previous_period,44.5114339133226,54.07120739753446,289.1145898492906,132.78684035534957
piecewise_0121,1,default,56.37791247965795,3.820402895573616,159.64870879237753,153.54948489892766
piecewise_0121,2,previous_period,30.675094029718633,44.37062799755911,159.64870879237753,88.81157411120526
piecewise_0121,3,previous_period,30.559397847565172,44.60293993357395,159.64870879237753,88.440691104987
piecewise_0121,4,previous_period,30.556178833538425,44.611473900393705,159.64870879237753,88.42706673715048
piecewise_0121,5,previous_period,30.556114408590656,44.61183034690435,159.64870879237753,88.4264976748987
piecewise_0121,6,previous_period,30.555594158037135,44.6128599579941,159.64870879237753,88.42485391408833
piecewise_0122,1,default,96.35465134086057,0.8944512483134215,282.2909732521458,279.7660181180159
piecewise_0122,2,previous_period,57.649536814595486,39.88209422164424,282.2909732521458,169.70742132052848
piecewise_0122,3,previous_period,57.16986906037323,40.2991550713644,282.2909732521458,168.53009618879977
piecewise_0122,4,previous_period,57.13419992961691,40.32964215917012,282.2909732521458,168.44403389191677
piecewise_0122,5,previous_period,57.131348891865024,40.332086769332356,282.2909732521458,168.43713297809757
piecewise_0122,6,previous_period,57.13112152819397,40.33228214613697,282.2909732521458,168.43658144701433
piecewise_0123,1,default,64.09756655200374,-6.550259464948316,173.53979870721116,184.90710579748253
piecewise_0123,2,previous_period,46.91796805378532,23.037935706074506,173.53979870721116,133.55981145659274
piecewise_0123,3,previous_period,46.88215393368099,23.11901142243016,173.53979870721116,133.41911282162872
piecewise_0123,4,previous_period,46.878262813227195,23.123498873341518,173.53979870721116,133.41132530835006
piecewise_0123,5,previous_period,46.87893999537021,23.122731987615996,173.53979870721116,133.41265616029443
piecewise_0123,6,previous_period,46.87881737467071,23.12287064552383,173.53979870721116,133.41241553364029
piecewise_0124,1,default,18.750379532823178,5.3406996960259185,54.55209026935043,51.63862695015945
piecewise_0124,2,previous_period,4.95286660989733,78.7870677837061,54.55209026935043,11.57209793140876
piecewise_0124,3,previous_period,5.246612658347683,78.03936904135352,54.55209026935043,11.979983224279742
piecewise_0124,4,previous_period,5.007518371263515,78.53078444067052,54.55209026935043,11.711905852046847
piecewise_0124,5,previous_period,5.201637820373839,78.21738225366562,54.55209026935043,11.882873296007883
piecewise_0124,6,previous_period,5.030115054477427,78.48805666184393,54.55209026935043,11.735214748522417
piecewise_0125,1,default,48.02391882741641,0.2500636913924992,98.23344130052172,97.98779513102374
piecewise_0125,2,previous_period,32.488645383067244,19.907978115761093,98.23344130052172,78.67714930405484
piecewise_0125,3,previous_period,32.30013433629783,20.16118358080792,98.23344130052172,78.42841686217835
piecewise_0125,4,previous_period,32.30841433409239,20.141996467737577,98.23344130052172,78.44726502363356
piecewise_0125,5,previous_period,32.30764866315772,20.14366295516472,98.23344130052172,78.44562797568504
piecewise_0125,6,previous_period,32.30771405328529,20.143521559980726,98.23344130052172,78.44576687304011
piecewise_0126,1,default,46.21989727310289,7.497017264792449,139.7844770823137,129.30481070195282
piecewise_0126,2,previous_period,25.21230412029091,51.85784371101695,139.7844770823137,67.29526142470516
piecewise_0126,3,previous_period,24.7259356184146,53.04434114812564,139.7844770823137,65.63672218664772
piecewise_0126,4,previous_period,24.73497911208355,53.03177403287287,139.7844770823137,65.65428906298814
piecewise_0126,5,previous_period,24.729723150467727,53.04085464884005,139.7844770823137,65.64159577144255
piecewise_0126,6,previous_period,24.732085277214555,53.0368354689723,139.7844770823137,65.6472139610037
piecewise_0127,1,default,50.27148622819898,-5.914118146544434,107.91608452712993,114.29836926518914
piecewise_0127,2,previous_period,37.90192345813467,23.413606754880323,107.91608452712993,82.64903687068347
piecewise_0127,3,previous_period,37.747753650481414,23.20846977086022,107.91608452712993,82.87041267175502
piecewise_0127,4,previous_period,37.74683094057119,23.222413754104878,107.91608452712993,82.85536487101027
piecewise_0127,5,previous_period,37.74670723592996,23.221554420216517,107.91608452712993,82.8562922304956
piecewise_0127,6,previous_period,37.746711603197184,23.221612329295425,107.91608452712993,82.85622973728505
piecewise_0128,1,default,72.15533401573431,-3.6717175517044565,201.1035280662686,208.4874816033747
piecewise_0128,2,previous_period,58.700990008546995,21.31578651112973,201.1035280662686,158.23672935731292
piecewise_0128,3,previous_period,58.58036824248549,21.539323714531122,201.1035280662686,157.78718815473206
piecewise_0128,4,previous_period,58.57931652982853,21.54168563159683,201.1035280662686,157.78243825618293
piecewise_0128,5,previous_period,58.579307627116506,21.54169709093674,201.1035280662686,157.78241521104607
piecewise_0128,6,previous_period,58.579307627116506,21.54169709093674,201.1035280662686,157.78241521104607
piecewise_0129,1,default,61.89767819024798,-5.276886411461068,153.43762427418,161.53435341957288
piecewise_0129,2,previous_period,46.2006462322623,23.042387007528188,153.43762427418,118.08193307376644
piecewise_0129,3,previous_period,46.26223147105664,22.863992733089066,153.43762427418,118.35565701030697
piecewise_0129,4,previous_period,46.268509615346005,22.848698286134063,153.43762427418,118.3791244463606
piecewise_0129,5,previous_period,46.26881903299445,22.84787429209064,153.43762427418,118.380388763245
piecewise_0129,6,previous_period,46.268833561195265,22.847836136144885,153.43762427418,118.38044730882169
piecewise_0130,1,default,64.91028497546459,4.155777011703554,194.33440890550332,186.25830421437843
piecewise_0130,2,previous_period,32.36734044844998,55.56044849159157,194.33440890550332,86.3613397441222
piecewise_0130,3,previous_period,31.814784396831048,56.51318425518683,194.33440890550332,84.50984632950804
piecewise_0130,4,previous_period,31.82885134108491,56.49224087609355,194.33440890550332,84.5505465214738
piecewise_0130,5,previous_period,31.827793482774972,56.49546254591355,194.33440890550332,84.54428570847222
piecewise_0130,6,previous_period,31.827827438400494,56.495415996713504,194.33440890550332,84.54437616958496
piecewise_0131,1,default,32.48986004574338,-14.111547269432801,64.81386119000601,73.96009984897827
piecewise_0131,2,previous_period,21.38418019982024,22.10480007379324,64.81386119000601,50.48688675384931
piecewise_0131,3,previous_period,21.306950243273338,22.443796009753903,64.81386119000601,50.267170398476004
piecewise_0131,4,previous_period,21.293415453700778,22.46178893038353,64.81386119000601,50.25550849187509
piecewise_0131,5,previous_period,21.296806780892208,22.459581467346222,64.81386119000601,50.256939233903914
piecewise_0131,6,previous_period,21.295693615429467,22.461424456671363,64.81386119000601,50.25574472136097
piecewise_0132,1,default,32.75665480940444,10.767019625124163,100.93696283290649,90.06906023568317
piecewise_0132,2,previous_period,16.627397947025713,60.0706642886141,100.93696283290649,40.303458746428056
piecewise_0132,3,previous_period,16.31200682461621,60.344476421243186,100.93696283290649,40.02708109588423
piecewise_0132,4,previous_period,16.292244861024926,60.594363040989705,100.93696283290649,39.77485313138629
piecewise_0132,5,previous_period,16.294279248226456,60.536435804227054,100.93696283290649,39.83332312482753
piecewise_0132,6,previous_period,16.293530071941817,60.55315161525257,100.93696283290649,39.816450692865494
piecewise_0133,1,default,42.83432321024129,1.6797862976902223,113.06590417457173,111.16663860888771
piecewise_0133,2,previous_period,37.25201083643824,12.331232776986944,113.06590417457173,99.12348433940029
piecewise_0133,3,previous_period,37.124861838453285,12.59796607411655,113.06590417457173,98.82189992526605
piecewise_0133,4,previous_period,37.14288957426287,12.546508774725895,113.06590417457173,98.88008058608591
piecewise_0133,5,previous_period,37.13746654400729,12.56488227476903,113.06590417457173,98.85930642213363
piecewise_0133,6,previous_period,37.13970435303169,12.555537534779027,113.06590417457173,98.86987213689609
piecewise_0134,1,default,75.78013360072538,-3.0206033972435486,209.40307360206498,215.72830995722137
piecewise_0134,2,previous_period,44.602209647242724,39.28551575430432,209.40307360206498,127.13799613212827
piecewise_0134,3,previous_period,44.219923423364094,39.896535898257724,209.40307360206498,125.85850117036208
piecewise_0134,4,previous_period,44.23631585712859,39.86886454244776,209.40307360206498,125.9164458399355
piecewise_0134,5,previous_period,44.23514436942092,39.87083871282858,209.40307360206498,125.91231186647993
piecewise_0134,6,previous_period,44.23522624243536,39.87070034300173,209.40307360206498,125.9126016171503
piecewise_0135,1,default,65.66650794745253,-4.254435531949441,172.45214107995403,179.78900624566717
piecewise_0135,2,previous_period,49.513346934419026,23.454165557591555,172.45214107995403,132.00493040345026
piecewise_0135,3,previous_period,49.42754104649128,23.6401318821703,172.45214107995403,131.6842274950265
piecewise_0135,4,previous_period,49.42285757592008,23.6510784248946,172.45214107995403,131.66534994772422
piecewise_0135,5,previous_period,49.42239193783729,23.652165259013834,172.45214107995403,131.66347567901562
piecewise_0135,6,previous_period,49.422346815406264,23.652271607415642,172.45214107995403,131.6632922789197
piecewise_0136,1,default,38.96737307453617,-1.2678584935349901,96.23469609734218,97.45481586553993
piecewise_0136,2,previous_period,33.241511962266046,12.740506862558387,96.23469609734218,83.9739080368981
piecewise_0136,3,previous_period,33.06013121660414,12.912711458746994,96.23469609734218,83.80818746709033
piecewise_0136,4,previous_period,33.053741594121405,12.993970395665766,96.23469609734218,83.72998817609462
piecewise_0136,5,previous_period,33.05459824222933,12.976716828956192,96.23469609734218,83.74659209358353
piecewise_0136,6,previous_period,33.054435421373455,12.980632670351689,96.23469609734218,83.74282369551692
piecewise_0137,1,default,46.25158283960211,0.15486742028795186,105.97731461758573,105.81319028434703
piecewise_0137,2,previous_period,30.06717565628152,35.70298753108866,105.97731461758573,68.1402471938865
piecewise_0137,3,previous_period,29.707354324970314,35.86262381638326,105.97731461758573,67.97106894557601
piecewise_0137,4,previous_period,29.722146021161727,35.87429385701767,105.97731461758573,67.95870134989688
piecewise_0137,5,previous_period,29.719295975958882,35.87284577097475,105.97731461758573,67.96023599259853
piecewise_0137,6,previous_period,29.719840313175048,35.87316240316964,105.97731461758573,67.95990043430118
piecewise_0138,1,default,70.6091251661256,0.04915161562656367,208.68660843389733,208.5840355942558
piecewise_0138,2,previous_period,27.96949656925179,64.58145403217262,208.68660843389733,73.91376233685988
piecewise_0138,3,previous_period,27.6296792076718,64.95973237862887,208.68660843389733,73.12434608520047
piecewise_0138,4,previous_period,27.646521022628015,64.94649534283583,208.68660843389733,73.15197000625415
piecewise_0138,5,previous_period,27.644898818750292,64.94766913602203,208.68660843389733,73.14952045706386
piecewise_0138,6,previous_period,27.64506784317592,64.94754882847329,208.68660843389733,73.14977152280701
piecewise_0139,1,default,80.24359400083794,-0.043686650876617605,234.79217926598116,234.8947521056227
piecewise_0139,2,previous_period,42.24320912002731,51.89842756425364,234.79217926598116,112.93873018309338
piecewise_0139,3,previous_period,41.62333816778468,52.56273999871692,234.79217926598116,111.37897654108215
piecewise_0139,4,previous_period,41.61500463804494,52.57344226879974,234.79217926598116,111.35384844792375
piecewise_0139,5,previous_period,41.61548144009372,52.572353179584354,234.79217926598116,111.3564055442267
piecewise_0139,6,previous_period,41.61493310351825,52.573699841495,234.79217926598116,111.35324368737938
piecewise_0140,1,default,86.03790444370344,-4.549535487461953,244.59316364047686,255.72101642020624
piecewise_0140,2,previous_period,65.99177034379974,19.29021947879308,244.59316364047686,197.41060554410535
piecewise_0140,3,previous_period,66.22991351805746,19.083482966866804,244.59316364047686,197.9162689190258
piecewise_0140,4,previous_period,66.22122661461721,19.089391925674093,244.59316364047686,197.90181600974086
piecewise_0140,5,previous_period,66.22140020165406,19.08932554534316,244.59316364047686,197.9019783714923
piecewise_0140,6,previous_period,66.22136809557307,19.089365093121124,244.59316364047686,197.90188164033103
piecewise_0141,1,default,82.0160470816795,-1.9157201610344732,239.98461570684483,244.58204937332198
piecewise_0141,2,previous_period,44.50594833043316,46.8914312992422,239.98461570684483,127.45239450391927
piecewise_0141,3,previous_period,44.46136690387861,46.955326576681024,239.98461570684483,127.2990556679029
piecewise_0141,4,previous_period,44.461391225415575,46.95529413302817,239.98461570684483,127.29913352767853
piecewise_0141,5,previous_period,44.461391225415575,46.95529413302817,239.98461570684483,127.29913352767853
piecewise_0141,6,previous_period,44.461391225415575,46.95529413302817,239.98461570684483,127.29913352767853
piecewise_0142,1,default,40.611075444914825,3.002799455932148,111.26145268634215,107.92049439041446
piecewise_0142,2,previous_period,28.011967484677516,38.19357506566424,111.26145268634215,68.76672623543556
piecewise_0142,3,previous_period,27.485397726173694,39.28056530236802,111.26145268634215,67.55732510752023
piecewise_0142,4,previous_period,27.517894412662656,39.17659985021839,111.26145268634215,67.67299857987383
piecewise_0142,5,previous_period,27.513220437470913,39.19504652682527,111.26145268634215,67.65247453950866
piecewise_0142,6,previous_period,27.513924530601837,39.19174395988657,111.26145268634215,67.6561490234606
piecewise_0143,1,default,61.421754979816164,-0.656614798838806,161.73220189571435,162.79415946784945
piecewise_0143,2,previous_period,57.61202530693328,4.76258492553665,161.73220189571435,154.02956842849056
piecewise_0143,3,previous_period,57.60822677119587,4.642662985375701,161.73220189571435,154.22352082286892
piecewise_0143,4,previous_period,57.56334957459186,4.746663043007871,161.73220189571435,154.0553192396876
piecewise_0143,5,previous_period,57.598480161827574,4.674487730476451,161.73220189571435,154.1720499618698
piecewise_0143,6,previous_period,57.572655150728934,4.724840901916694,161.73220189571435,154.09061266897515
piecewise_0144,1,default,66.96559153830731,-0.053122260046922776,193.0882450237125,193.19081786335403
piecewise_0144,2,previous_period,33.93626912270088,52.597613423460565,193.0882450237125,91.52843633999586
piecewise_0144,3,previous_period,33.41912627831095,53.12740850305473,193.0882450237125,90.5054643185855
piecewise_0144,4,previous_period,33.43180940790505,53.120114039123656,193.0882450237125,90.51954907097391
piecewise_0144,5,previous_period,33.43066951669633,53.12063065117074,193.0882450237125,90.51855155383862
piecewise_0144,6,previous_period,33.430785296208875,53.120584111391146,193.0882450237125,90.51864141668227
piecewise_0145,1,default,59.672796105536065,-3.269801889140189,144.24446896496858,148.96097733616534
piecewise_0145,2,previous_period,31.517426110303507,50.912385721214925,144.24446896496858,70.80616854400563
piecewise_0145,3,previous_period,31.09828189626827,50.965380660601355,144.24446896496858,70.72972627510936
piecewise_0145,4,previous_period,31.112896874126836,50.982862874710285,144.24446896496858,70.70450914820461
piecewise_0145,5,previous_period,31.11230537431275,50.98186392893056,144.24446896496858,70.70595007223982
piecewise_0145,6,previous_period,31.11233061094073,50.98190914109154,144.24446896496858,70.70588485619831
piecewise_0146,1,default,44.36456273799021,1.0669502206839376,115.93027260467642,114.69335430528133
piecewise_0146,2,previous_period,27.600957953558886,36.25118478329048,115.93027260467642,73.90417526298279
piecewise_0146,3,previous_period,27.119730146094394,36.94256159595051,115.93027260467642,73.1026602393405
piecewise_0146,4,previous_period,27.201407861656456,36.851825890265374,115.93027260467642,73.20785039029104
piecewise_0146,5,previous_period,27.159014517940225,36.9024356113255,115.93027260467642,73.14917840270158
piecewise_0146,6,previous_period,27.175849446046428,36.8849987519278,115.93027260467642,73.16939300133502
piecewise_0147,1,default,41.69109617409382,-1.0569664261853795,104.99801154702307,106.10780527723736
piecewise_0147,2,previous_period,38.26520702119504,7.485767537059729,104.99801154702307,97.13810448407779
piecewise_0147,3,previous_period,38.3763840720486,6.415154870892225,104.99801154702307,98.26222649492423
piecewise_0147,4,previous_period,38.33095222157479,6.829389041745437,104.99801154702307,97.82728885238006
piecewise_0147,5,previous_period,38.343050356171595,6.674627661998489,104.99801154702307,97.9897852237571
piecewise_0147,6,previous_period,38.33908012528402,6.733268344982857,104.99801154702307,97.92821367266592
piecewise_0148,1,default,36.1621606779589,3.125190981064263,95.60978373628116,92.62179539793985
piecewise_0148,2,previous_period,35.14774159201179,10.948998359021422,95.60978373628116,85.14147008393181
piecewise_0148,3,previous_period,35.216906087119334,10.6903378926696,95.60978373628116,85.38877479642204
piecewise_0148,4,previous_period,35.161998786064146,10.657577410504315,95.60978373628116,85.42009702257123
piecewise_0148,5,previous_period,35.19768233064357,10.796172439314432,95.60978373628116,85.28758661525664
piecewise_0148,6,previous_period,35.16681405379019,10.663301349081832,95.60978373628116,85.41462437727607
piecewise_0149,1,default,54.92148513488066,-0.16682806790335736,141.15586244494705,141.39135004299627
piecewise_0149,2,previous_period,40.62902039674487,20.30560641443362,141.15586244494705,112.49330858597679
piecewise_0149,3,previous_period,39.87313530143757,21.46239897942238,141.15586244494705,110.86042806416788
piecewise_0149,4,previous_period,40.05875904134989,21.135736705113594,141.15586244494705,111.32153101475072
piecewise_0149,5,previous_period,39.94991676803728,21.319867128973836,141.15586244494705,111.06162012692725
piecewise_0149,6,previous_period,40.008985937246266,21.21636355141132,141.15586244494705,111.207721494497
piecewise_0150,1,default,48.61462626936718,-9.936473357418429,108.58880416609603,119.37870176119942
piecewise_0150,2,previous_period,35.06178288162477,22.89958383586613,108.58880416609603,83.72241991971637
piecewise_0150,3,previous_period,34.86673234815151,23.974625607871225,108.58880416609603,82.55504491521003
piecewise_0150,4,previous_period,34.86375986571729,23.98801050524636,108.58880416609603,82.54051041521151
piecewise_0150,5,previous_period,34.86373211726128,23.98818383298006,108.58880416609603,82.5403222006982
piecewise_0150,6,previous_period,34.86373234865803,23.988185724427524,108.58880416609603,82.54032014679802
piecewise_0151,1,default,58.51261969408572,-1.645572049500288,163.94294204925964,166.64074128075072
piecewise_0151,2,previous_period,35.91660172099826,52.047303697193506,163.94294204925964,78.61506111076753
piecewise_0151,3,previous_period,35.138298838881695,54.37923916575116,163.94294204925964,74.7920174969239
piecewise_0151,4,previous_period,35.10619548275474,54.495321009562694,163.94294204925964,74.60170950699427
piecewise_0151,5,previous_period,35.10454314804469,54.501520381641114,163.94294204925964,74.59154607402033
piecewise_0151,6,previous_period,35.10445589606755,54.501841918086136,163.94294204925964,74.59101893771258
piecewise_0152,1,default,52.400748164840984,5.1470762030613955,153.1572834593205,145.27416136913052
piecewise_0152,2,previous_period,41.92194028741248,27.113005069746,153.1572834593205,111.63174143030967
piecewise_0152,3,previous_period,41.77502402058173,27.52787048162162,153.1572834593205,110.99634483546866
piecewise_0152,4,previous_period,41.7768202768252,27.536616768027155,153.1572834593205,110.98294926080636
piecewise_0152,5,previous_period,41.77657043505183,27.532733904066564,153.1572834593205,110.98889614976883
piecewise_0152,6,previous_period,41.77664843350761,27.533979594738323,153.1572834593205,110.98698828377566
piecewise_0153,1,default,44.155230115745816,2.117838774658265,122.91935378721016,120.31612005114525
piecewise_0153,2,previous_period,42.30052430979477,8.496506121992041,122.91935378721016,112.47550336756679
piecewise_0153,3,previous_period,42.3429318548123,8.149078888181194,122.91935378721016,112.90255867824786
piecewise_0153,4,previous_period,42.329529420242686,8.20519027493769,122.91935378721016,112.83358692424574
piecewise_0153,5,previous_period,42.333012600424546,8.198517031364316,122.91935378721016,112.84178963212277
piecewise_0153,6,previous_period,42.33158956574607,8.201842096274103,122.91935378721016,112.83770248382265
piecewise_0154,1,default,47.942500656833715,-0.7887942409031679,129.34395834914167,130.3642160435559
piecewise_0154,2,previous_period,47.74214492147604,-0.6447205534724887,129.34395834914167,130.17786543329348
piecewise_0154,3,previous_period,47.74724020177755,-0.6186211530751384,129.34395834914167,130.14410743571415
piecewise_0154,4,previous_period,47.73794393626151,-0.6216240870519085,129.34395834914167,130.14799154938632
piecewise_0154,5,previous_period,47.74185588719093,-0.6212006469781262,129.34395834914167,130.14744385523366
piecewise_0154,6,previous_period,47.739262175327305,-0.6209944920037902,129.34395834914167,130.14717720622951
piecewise_0155,1,default,67.3269665557213,-6.344878526356124,182.53474192161752,194.1163495649418
piecewise_0155,2,previous_period,52.99194146379209,19.08537096162973,182.53474192161752,147.69730929202336
piecewise_0155,3,previous_period,52.94308755637373,19.172127353502987,182.53474192161752,147.538948736017
piecewise_0155,4,previous_period,52.94302610078302,19.173968363137394,182.53474192161752,147.5355882538321
piecewise_0155,5,previous_period,52.943018800602786,19.173636735715004,182.53474192161752,147.53619358909168
piecewise_0155,6,previous_period,52.943019486300734,19.17370414511792,182.53474192161752,147.53607054351204
piecewise_0156,1,default,45.911201185308094,-3.053805380434027,102.5013974471635,105.63159063742503
piecewise_0156,2,previous_period,34.72426490438399,20.080880392381996,102.5013974471635,81.9182144252785
piecewise_0156,3,previous_period,34.477334525734726,20.488464391129135,102.5013974471635,81.50043513079166
piecewise_0156,4,previous_period,34.510945268894524,20.450126718369777,102.5013974471635,81.53973178111872
piecewise_0156,5,previous_period,34.49867735436492,20.46382792549152,102.5013974471635,81.52568785235181
piecewise_0156,6,previous_period,34.50273965294052,20.459221019878893,102.5013974471635,81.53040999498381
piecewise_0157,1,default,54.69603555648264,5.1866806243415216,155.9438693313894,147.85555887592977
piecewise_0157,2,previous_period,35.41014740678133,40.79115928363436,155.9438693313894,92.33255719935973
piecewise_0157,3,previous_period,35.168147524658366,41.289639854190185,155.9438693313894,91.55520730976978
piecewise_0157,4,previous_period,35.16857405771989,41.29752571125304,155.9438693313894,91.54290979913603
piecewise_0157,5,previous_period,35.16754721812375,41.29840049176734,155.9438693313894,91.54154563255386
piecewise_0157,6,previous_period,35.16881893497766,41.29613702920727,155.9438693313894,91.54507536365091
piecewise_0158,1,default,36.46290075356672,-4.901135825347702,91.89678407828859,96.40077028509202
piecewise_0158,2,previous_period,33.96866831496144,3.7222391448418435,91.89678407828859,88.47616600847574
piecewise_0158,3,previous_period,34.007753767330456,3.462364467730872,91.89678407828859,88.71498247937457
piecewise_0158,4,previous_period,33.99723360746639,3.539032725551161,91.89678407828859,88.64452681602887
piecewise_0158,5,previous_period,34.000284087366396,3.510961649376776,91.89678407828859,88.67032323228929
piecewise_0158,6,previous_period,33.99904304295803,3.5237106201597923,91.89678407828859,88.65860733813662
piecewise_0159,1,default,30.88866727629699,8.210124958468622,75.27002591285597,69.09026272913879
piecewise_0159,2,previous_period,22.110801247161856,28.526649622915144,75.27002591285597,53.79800934961811
piecewise_0159,3,previous_period,21.739889300431358,28.329754756465032,75.27002591285597,53.94621216661619
piecewise_0159,4,previous_period,21.78451227173835,28.391085238704928,75.27002591285597,53.90004869674175
piecewise_0159,5,previous_period,21.767746581929206,28.362066767375495,75.27002591285597,53.921890907630925
piecewise_0159,6,previous_period,21.773170195550225,28.37322947267603,75.27002591285597,53.91348873645863
piecewise_0160,1,default,53.227366249822936,4.729971426542601,128.15677497216637,122.0949961348044
piecewise_0160,2,previous_period,35.17659088100325,25.0920574311697,128.15677497216637,95.99960339421547
piecewise_0160,3,previous_period,35.05123258753648,24.974371273122763,128.15677497216637,96.15042617895708
piecewise_0160,4,previous_period,35.19167916409448,25.064651011163043,128.15677497216637,96.03472657823133
piecewise_0160,5,previous_period,35.044279867525034,24.971345307279623,128.15677497216637,96.1543041591934
piecewise_0160,6,previous_period,35.20530953383649,25.06351915671403,128.15677497216637,96.03617712639056
piecewise_0161,1,default,69.80720407947499,3.6519237280132955,201.33201154158405,193.97952004001047
piecewise_0161,2,previous_period,47.860791131523484,35.03202044507042,201.33201154158405,130.8013400958648
piecewise_0161,3,previous_period,47.847737665864805,35.08626853033321,201.33201154158405,130.69212133458242
piecewise_0161,4,previous_period,47.84929761194104,35.08580030690157,201.33201154158405,130.69306401823584
piecewise_0161,5,previous_period,47.84963020476605,35.08542863326046,201.33201154158405,130.69381231625385
piecewise_0161,6,previous_period,47.85208678425958,35.081506349495925,201.33201154158405,130.70170912905536
piecewise_0162,1,default,39.460321100251136,0.04586684666703089,105.19835796615442,105.15010679660985
piecewise_0162,2,previous_period,23.540029748481533,45.70570598307102,105.19835796615442,57.116705775125304
piecewise_0162,3,previous_period,23.307769452369815,46.687010856197176,105.19835796615442,56.08438916195474
piecewise_0162,4,previous_period,23.523559274908244,45.83278433964054,105.19835796615442,56.98302143068379
piecewise_0162,5,previous_period,23.31412070504933,46.6509127346772,105.19835796615442,56.12236379305038
piecewise_0162,6,previous_period,23.512163226524756,45.877542308991416,105.19835796615442,56.93593678186769
piecewise_0163,1,default,23.99996565433594,-4.230693824134546,43.04996990849062,44.871282326700914
piecewise_0163,2,previous_period,20.586668452247984,-0.5361038664210449,43.04996990849062,43.28076246166313
piecewise_0163,3,previous_period,20.841513417485412,2.0877964386447623,43.04996990849062,42.151174169903506
piecewise_0163,4,previous_period,20.698017563502987,1.7222396546062835,43.04996990849062,42.30854625543052
piecewise_0163,5,previous_period,20.762882993107933,1.848553611863235,43.04996990849062,42.25416813484118
piecewise_0163,6,previous_period,20.72830182695776,1.8201244640187908,43.04996990849062,42.26640687443345
piecewise_0164,1,default,50.58755940494213,3.4415373118451775,131.83231569701945,127.295257363237
piecewise_0164,2,previous_period,35.37471458055873,30.303391125663648,131.83231569701945,91.88265344133198
piecewise_0164,3,previous_period,35.1409598309397,30.525625862705972,131.83231569701945,91.5896762412059
piecewise_0164,4,previous_period,35.23856709666127,30.53493498934381,131.83231569701945,91.57740380398806
piecewise_0164,5,previous_period,35.16507495020166,30.520002696490643,131.83231569701945,91.59708939144306
piecewise_0164,6,previous_period,35.21401097409864,30.54368190733745,131.83231569701945,91.56587253944494
piecewise_0165,1,default,30.226017336084947,8.35106685651823,55.81843659831692,51.157001639728236
piecewise_0165,2,previous_period,23.953084271150836,7.001700692285162,55.81843659831692,51.91019673658981
piecewise_0165,3,previous_period,24.037719402429595,6.761347351405977,55.81843659831692,52.0443582137804
piecewise_0165,4,previous_period,23.961069945086173,7.112567984647377,55.81843659831692,51.84831234729434
piecewise_0165,5,previous_period,24.027287815092578,6.753800540996535,55.81843659831692,52.04857072536399
piecewise_0165,6,previous_period,23.965476485576666,7.13239034179991,55.81843659831692,51.83724781743486
piecewise_0166,1,default,73.58123921605134,-4.977386722768395,199.98938179260765,209.9436267288995
piecewise_0166,2,previous_period,51.39496102316333,26.927180330934817,199.98938179260765,146.13788031459046
piecewise_0166,3,previous_period,51.455925636362444,26.799787437313714,199.98938179260765,146.39265257499102
piecewise_0166,4,previous_period,51.46759543294152,26.778145647014707,199.98938179260765,146.43593385761886
piecewise_0166,5,previous_period,51.468986326744385,26.77556801618428,199.98938179260765,146.44108884558153
piecewise_0166,6,previous_period,51.46915276053726,26.77525936832029,199.98938179260765,146.44170610853664
piecewise_0167,1,default,40.192879623627455,-5.517464366300895,83.31186003451302,87.90856222481975
piecewise_0167,2,previous_period,31.665845935005795,3.110693140207088,83.31186003451302,80.72028371944049
piecewise_0167,3,previous_period,31.501574969823718,3.1637822351991973,83.31186003451302,80.67605420692708
piecewise_0167,4,previous_period,31.49782833469007,3.1410732135050634,83.31186003451302,80.6949735152961
piecewise_0167,5,previous_period,31.498008101483016,3.1446417180785113,83.31186003451302,80.69200052776054
piecewise_0167,6,previous_period,31.49797250962973,3.144054837289334,83.31186003451302,80.6924894690622
piecewise_0168,1,default,50.35032242015668,-9.159443254899546,123.73965095792717,135.07351407122928
piecewise_0168,2,previous_period,33.68354487728633,29.833106262952736,123.73965095792717,86.82426939824194
piecewise_0168,3,previous_period,33.60347734103149,29.890395588120654,123.73965095792717,86.753379787243
piecewise_0168,4,previous_period,33.60267592753017,29.913219264698863,123.73965095792717,86.72513784950937
piecewise_0168,5,previous_period,33.60274767535047,29.909154139986782,123.73965095792717,86.7301680206391
piecewise_0168,6,previous_period,33.602735123177,29.909894801293202,123.73965095792717,86.72925152892375
piecewise_0169,1,default,47.34358987138517,1.3591367077785632,125.21386367588704,123.51203609144025
piecewise_0169,2,previous_period,30.032580759469763,40.43029124175385,125.21386367588704,74.58953391667328
piecewise_0169,3,previous_period,29.420746177295214,41.25479124337382,125.21386367588704,73.55714560863716
piecewise_0169,4,previous_period,29.526954987732264,41.145547252807276,125.21386367588704,73.69393423005924
piecewise_0169,5,previous_period,29.481509213954734,41.18826496474666,125.21386367588704,73.64044573246602
piecewise_0169,6,previous_period,29.497563998319535,41.17360266694977,125.21386367588704,73.65880496204116
piecewise_0170,1,default,59.10065367372266,5.522997461377866,164.45369165153843,155.3709184364818
piecewise_0170,2,previous_period,41.665000271135455,30.73405248822275,164.45369165153843,113.91040774053462
piecewise_0170,3,previous_period,41.4333206401306,31.069503866188843,164.45369165153843,113.35874556577343
piecewise_0170,4,previous_period,41.423195909365205,31.087521816538345,164.45369165153843,113.32911438126374
piecewise_0170,5,previous_period,41.42330572704533,31.087209287849525,164.45369165153843,113.32962834622995
piecewise_0170,6,previous_period,41.42324470970446,31.087323982532588,164.45369165153843,113.32943972658954
piecewise_0171,1,default,76.89169550618264,1.0051810124257377,236.98769835589573,234.60554301023748
piecewise_0171,2,previous_period,35.65793620586533,57.12415059200913,236.98769835589573,101.6104886625375
piecewise_0171,3,previous_period,35.368665864340024,57.67830331787911,236.98769835589573,100.29721487212178
piecewise_0171,4,previous_period,35.34673593706123,57.724448930473656,236.98769835589573,100.18785544694175
piecewise_0171,5,previous_period,35.34431592593814,57.729551872737105,236.98769835589573,100.17576210152316
piecewise_0171,6,previous_period,35.344071549824726,57.73007486406968,236.98769835589573,100.1745226764015
piecewise_0172,1,default,48.40620432567277,3.0309832244265644,135.511069427174,131.40375164559532
piecewise_0172,2,previous_period,23.711328296506736,54.006952521521036,135.511069427174,62.32567050023472
piecewise_0172,3,previous_period,23.372634115183864,54.57168744133314,135.511069427174,61.56039217096866
piecewise_0172,4,previous_period,23.52127468973491,54.32451626898431,135.511069427174,61.895336469934236
piecewise_0172,5,previous_period,23.421050997392584,54.47597989766879,135.511069427174,61.69008648691069
piecewise_0172,6,previous_period,23.479353530804385,54.38428234317654,135.511069427174,61.81434682364171
piecewise_0173,1,default,46.538137386040546,-5.974840060804487,118.64183958851646,125.73049974912654
piecewise_0173,2,previous_period,26.459980954681722,44.108034365410745,118.64183958851646,66.31125621105814
piecewise_0173,3,previous_period,25.8594356301286,45.833225298020174,118.64183958851646,64.26445795219603
piecewise_0173,4,previous_period,25.888509033761352,45.74947793349209,118.64183958851646,64.36381736607905
piecewise_0173,5,previous_period,25.886564971366816,45.75509400651876,118.64183958851646,64.35715435372757
piecewise_0173,6,previous_period,25.886691359772865,45.754730328329764,118.64183958851646,64.35758582822118
piecewise_0174,1,default,56.49326803269039,-6.9525611812949695,132.7321228853403,141.9604049361752
piecewise_0174,2,previous_period,41.91817079382994,17.28662428395126,132.7321228853403,109.78721949803904
piecewise_0174,3,previous_period,41.845211419302,17.67452863539902,132.7321228853403,109.2723458175978
piecewise_0174,4,previous_period,41.83945326352241,17.62800199023141,132.7321228853403,109.3341016214361
piecewise_0174,5,previous_period,41.840999302027114,17.64140859671518,132.7321228853403,109.31630674804332
piecewise_0174,6,previous_period,41.84055180719389,17.63757472958102,132.7321228853403,109.32139552127909
piecewise_0175,1,default,42.738003694880284,5.090239382875805,110.64651092046837,105.01433864581671
piecewise_0175,2,previous_period,38.75845461355083,8.971479426765395,110.64651092046837,100.71988195680483
piecewise_0175,3,previous_period,38.77118364018444,9.035418595945476,110.64651092046837,100.64913549699553
piecewise_0175,4,previous_period,38.76604740119326,9.006854248639728,110.64651092046837,100.68074095065654
piecewise_0175,5,previous_period,38.76763585496314,9.019558574078612,110.64651092046837,100.66668405782244
piecewise_0175,6,previous_period,38.76709085459178,9.014293403359286,110.64651092046837,100.67250978551738
piecewise_0176,1,default,36.643490569993986,10.429090819942166,107.96136318864359,96.70197457125234
piecewise_0176,2,previous_period,13.749493978032026,65.5348681623268,107.96136318864359,37.20902615671519
piecewise_0176,3,previous_period,13.123635569754324,67.8783913454714,107.96136318864359,34.6789265815504
piecewise_0176,4,previous_period,13.140310281636387,67.59345107002761,107.96136318864359,34.98655198719299
piecewise_0176,5,previous_period,13.123151542634412,67.74951901124655,107.96136318864359,34.81805891035256
piecewise_0176,6,previous_period,13.130438230609382,67.67637958247118,107.96136318864359,34.89702123468683
piecewise_0177,1,default,43.51688398127467,-0.6963667157578346,115.86103384381049,116.6678515200317
piecewise_0177,2,previous_period,35.69512349216129,20.808411302833242,115.86103384381049,91.75219338187559
piecewise_0177,3,previous_period,35.224339825897935,23.391917726850252,115.86103384381049,88.75891612958821
piecewise_0177,4,previous_period,35.29110158619053,22.887012968060503,115.86103384381049,89.3439040030486
piecewise_0177,5,previous_period,35.26395609529805,23.082991833985155,115.86103384381049,89.11684086287293
piecewise_0177,6,previous_period,35.273474648867825,23.0130443813785,115.86103384381049,89.19788270461042
piecewise_0178,1,default,53.2531488366906,-2.049927599311019,136.91134899207134,139.71793252164883
piecewise_0178,2,previous_period,50.146856199486656,2.513454760281697,136.91134899207134,133.47014417346423
piecewise_0178,3,previous_period,50.157224150104184,2.471508849509041,136.91134899207134,133.5275728857501
piecewise_0178,4,previous_period,50.052244514675394,2.614572525497516,136.91134899207134,133.33170247703663
piecewise_0178,5,previous_period,50.11975790260973,2.525214538762288,136.91134899207134,133.45404370210798
piecewise_0178,6,previous_period,50.058529797353756,2.6046969611580817,136.91134899207134,133.34522324539432
piecewise_0179,1,default,70.18651646069753,3.532737328040847,193.44295017800926,186.60911886860725
piecewise_0179,2,previous_period,46.759560559556405,30.42336557612324,193.44295017800926,134.59109426411555
piecewise_0179,3,previous_period,46.818303977250444,30.480469560509484,193.44295017800926,134.4806306320496
piecewise_0179,4,previous_period,46.81080620370629,30.481200723624035,193.44295017800926,134.47921624855022
piecewise_0179,5,previous_period,46.811399093855975,30.481004609703554,193.44295017800926,134.4795956171037
piecewise_0179,6,previous_period,46.81145061380061,30.48090474580285,193.44295017800926,134.4797887967794
piecewise_0180,1,default,66.64223818323984,0.19286039040227188,185.1744698314789,184.81734162603655
piecewise_0180,2,previous_period,57.634338644909,15.604474934809065,185.1744698314789,156.2789661009602
piecewise_0180,3,previous_period,57.25963372381739,16.981975787219373,185.1744698314789,153.7281862005853
piecewise_0180,4,previous_period,57.319387420027596,16.73449834587627,185.1744698314789,154.1864512405449
piecewise_0180,5,previous_period,57.292446586662656,16.84019618812005,185.1744698314789,153.99072582154668
piecewise_0180,6,previous_period,57.30321659675692,16.79757506858639,185.1744698314789,154.06964925367936
piecewise_0181,1,default,54.53146931876083,5.147245140358958,153.4873479512156,145.58697789273083
piecewise_0181,2,previous_period,38.5761282985434,35.326494902667946,153.4873479512156,99.26564780098921
piecewise_0181,3,previous_period,38.23894760255335,36.1618622685956,153.4873479512156,97.98346458537692
piecewise_0181,4,previous_period,38.2368993525083,36.16985773851421,153.4873479512156,97.97119255064263
piecewise_0181,5,previous_period,38.236909342245205,36.16920177197984,153.4873479512156,97.97219937627966
piecewise_0181,6,previous_period,38.236624020552966,36.17021118357566,153.4873479512156,97.97065005719134
piecewise_0182,1,default,64.64094434372423,-0.218055614650714,175.8780461249014,176.26155807941473
piecewise_0182,2,previous_period,34.822363544489136,49.63023502020072,175.8780461249014,88.58935848417582
piecewise_0182,3,previous_period,34.32589439384352,50.495502141028496,175.8780461249014,87.06754357830275
piecewise_0182,4,previous_period,34.32401479347123,50.497725456865524,175.8780461249014,87.06363325384936
piecewise_0182,5,previous_period,34.32400092992892,50.49775705704895,175.8780461249014,87.0635776760642
piecewise_0182,6,previous_period,34.32400174031619,50.49775631244384,175.8780461249014,87.06357898566111
piecewise_0183,1,default,53.5765123445186,6.111161754513628,160.98097784761396,151.1431698973485
piecewise_0183,2,previous_period,35.92651156872046,43.04177310883791,160.98097784761396,91.69191061405533
piecewise_0183,3,previous_period,35.69796262521975,43.51691413278663,160.98097784761396,90.92702394754753
piecewise_0183,4,previous_period,35.6990747559399,43.52124858612163,160.98097784761396,90.92004630218449
piecewise_0183,5,previous_period,35.69888523957544,43.51993199864259,160.98097784761396,90.92216575758248
piecewise_0183,6,previous_period,35.698904647022026,43.5202903411695,160.98097784761396,90.92158889427861
piecewise_0184,1,default,32.484144214156366,0.2580498302886314,89.25585654170578,89.02553195537725
piecewise_0184,2,previous_period,15.553465246238847,54.08535450620532,89.25585654170578,40.98151011357416
piecewise_0184,3,previous_period,14.40873695585116,59.213982491642184,89.25585654170578,36.40390927633486
piecewise_0184,4,previous_period,14.559321637335248,58.24183851016309,89.25585654170578,37.27160471382267
piecewise_0184,5,previous_period,14.450353409000115,58.92243967958134,89.25585654170578,36.66412831042554
piecewise_0184,6,previous_period,14.5191376745925,58.47193598398738,89.25585654170578,37.06622924267997
piecewise_0185,1,default,58.196944861734025,-1.697190472709087,146.57755873047626,149.06525909237945
piecewise_0185,2,previous_period,50.173453469141556,9.800265561815669,146.57755873047626,132.21256872086326
piecewise_0185,3,previous_period,49.96959084800444,10.035249209536323,146.57755873047626,131.8681354266185
piecewise_0185,4,previous_period,49.96447633202067,10.04182538571926,146.57755873047626,131.85849622811173
piecewise_0185,5,previous_period,49.96447501518547,10.04199728803169,146.57755873047626,131.85824425789878
piecewise_0185,6,previous_period,49.96447219340871,10.041992197296157,146.57755873047626,131.85825171977464
piecewise_0186,1,default,27.777230275377114,10.12750263020954,82.02964273374835,73.7220885083365
piecewise_0186,2,previous_period,22.93507402260218,25.61769178587141,82.02964273374835,61.01554168516523
piecewise_0186,3,previous_period,22.867967693743964,25.870417063251416,82.02964273374835,60.80823204303254
piecewise_0186,4,previous_period,22.884528599804874,25.784289636187353,82.02964273374835,60.87888206374896
piecewise_0186,5,previous_period,22.87691580385087,25.826906975075392,82.02964273374835,60.84392321291647
piecewise_0186,6,previous_period,22.88063316677262,25.803343392386267,82.02964273374835,60.86325233561163
piecewise_0187,1,default,68.98718741998618,-1.4212144138211702,169.23741862394579,171.6426452110082
piecewise_0187,2,previous_period,52.74711893060688,17.128162888243093,169.23741862394579,140.2501578941785
piecewise_0187,3,previous_period,52.39941053304717,17.396419070004796,169.23741862394579,139.79616805686584
piecewise_0187,4,previous_period,52.38911875962107,17.40310863826201,169.23741862394579,139.78484680423023
piecewise_0187,5,previous_period,52.38883044446352,17.403259528045613,169.23741862394579,139.7845914422555
piecewise_0187,6,previous_period,52.388822188829295,17.40326426005254,169.23741862394579,139.78458343392913
piecewise_0188,1,default,46.74765356956261,-5.2313945976039555,115.49094676345456,121.53273391315957
piecewise_0188,2,previous_period,42.051575865451454,3.5332519108511096,115.49094676345456,111.41036068007476
piecewise_0188,3,previous_period,41.952892250574344,3.057853648935338,115.49094676345456,111.9594026336583
piecewise_0188,4,previous_period,41.96232065828932,3.402704032842785,115.49094676345456,111.56113166036617
piecewise_0188,5,previous_period,41.95580823148903,3.225899421391021,115.49094676345456,111.76532498005326
piecewise_0188,6,previous_period,41.95866250670926,3.325387037426608,115.49094676345456,111.65042579038138
piecewise_0189,1,default,42.000400636743386,6.467905383379302,120.55508572675214,112.75769684709401
piecewise_0189,2,previous_period,35.28699196052525,23.636056305781594,120.55508572675214,92.06061778489374
piecewise_0189,3,previous_period,35.14137670897601,24.104441385453722,120.55508572675214,91.49595575056368
piecewise_0189,4,previous_period,35.17700069291762,24.003473722707458,120.55508572675214,91.61767740294374
piecewise_0189,5,previous_period,35.15499842304781,24.0651570348125,120.55508572675214,91.5433150331564
piecewise_0189,6,previous_period,35.16726162819489,24.034313647759287,120.55508572675214,91.58049830485945
piecewise_0190,1,default,58.36036814491544,-7.527467357960593,147.82997056720842,158.9578233469378
piecewise_0190,2,previous_period,34.748762293940125,33.24421417590598,147.82997056720842,98.68505853566688
piecewise_0190,3,previous_period,34.704026625642285,33.364563930890036,147.82997056720842,98.50714552829625
piecewise_0190,4,previous_period,34.705896274894656,33.36287904988371,147.82997056720842,98.50963628739198
piecewise_0190,5,previous_period,34.70605423697131,33.36272485568824,147.82997056720842,98.50986423262576
piecewise_0190,6,previous_period,34.7060680621465,33.36271046490982,147.82997056720842,98.50988550650928
piecewise_0191,1,default,55.90852144849462,0.39721759937899614,156.2763763559052,155.65561908534778
piecewise_0191,2,previous_period,45.07076381070319,24.887582050374935,156.2763763559052,117.38296496497655
piecewise_0191,3,previous_period,44.23054349747401,28.750615141851497,156.2763763559052,111.34595683218748
piecewise_0191,4,previous_period,44.280714099270064,28.415212337691397,156.2763763559052,111.87011218072499
piecewise_0191,5,previous_period,44.25461871774623,28.588458619473435,156.2763763559052,111.59936916938467
piecewise_0191,6,previous_period,44.266628034915925,28.508022864736514,156.2763763559052,111.72507125218206
piecewise_0192,1,default,42.636437506603635,-9.021340059864391,104.69987790028767,114.14520992793544
piecewise_0192,2,previous_period,30.072669602481383,30.1292673067571,104.69987790028767,73.1545718178617
piecewise_0192,3,previous_period,30.00185618098293,30.500168002156126,104.69987790028767,72.7662392426476
piecewise_0192,4,previous_period,29.99620889695732,30.50776582013154,104.69987790028767,72.75828433650426
piecewise_0192,5,previous_period,29.99651060787913,30.508289504727482,104.69987790028767,72.75773603937172
piecewise_0192,6,previous_period,29.996467904571308,30.508243089765198,104.69987790028767,72.75778463578057
piecewise_0193,1,default,58.60900634292844,-6.018062366503618,165.25546391346228,175.20064079582932
piecewise_0193,2,previous_period,42.9795143800088,27.61962883870207,165.25546391346228,119.61251814488875
piecewise_0193,3,previous_period,42.85261338552734,27.995481823360503,165.25546391346228,118.99140055145888
piecewise_0193,4,previous_period,42.854469635439514,27.979852005557994,165.25546391346228,119.01722967937724
piecewise_0193,5,previous_period,42.85416073689213,27.981932647767714,165.25546391346228,119.01379130444118
piecewise_0193,6,previous_period,42.854197027105855,27.981681409711346,165.25546391346228,119.01420648905676
piecewise_0194,1,default,58.57176978005644,-0.7697762908096761,157.94915011483343,159.1650052239528
piecewise_0194,2,previous_period,55.30113743195213,8.5652807519217,157.94915011483343,144.4203619622237
piecewise_0194,3,previous_period,55.30729134340973,8.494814890682411,157.94915011483343,144.53166219117225
piecewise_0194,4,previous_period,55.30648671319494,8.503775173944817,157.94915011483343,144.5175094999114
piecewise_0194,5,previous_period,55.30649665593407,8.502614970680389,157.94915011483343,144.51934203110716
piecewise_0194,6,previous_period,55.30650843205637,8.502804607819881,157.94915011483343,144.51904250085704
piecewise_0195,1,default,40.327690992450385,-0.7831067539622705,102.363895633737,103.16551421406369
piecewise_0195,2,previous_period,34.17829893954579,12.366478733637365,102.363895633737,89.70508624926816
piecewise_0195,3,previous_period,34.06965912903612,12.689956423611214,102.363895633737,89.37396188430492
piecewise_0195,4,previous_period,34.09207544315191,12.61637769269205,102.363895633737,89.44927993963164
piecewise_0195,5,previous_period,34.08503218038738,12.639127106488024,102.363895633737,89.42599275343623
piecewise_0195,6,previous_period,34.087220526888885,12.63192478355104,102.363895633737,89.43336533177066
piecewise_0196,1,default,41.809486832337356,1.9318203619307805,125.73447631540044,123.3055120999725
piecewise_0196,2,previous_period,14.720804447836056,78.83387329887964,125.73447631540044,26.61311856390784
piecewise_0196,3,previous_period,14.270401753954342,80.66482408641532,125.73447631540044,24.310982179607137
piecewise_0196,4,previous_period,14.43169622772514,79.99051027942352,125.73447631540044,25.158827113550714
piecewise_0196,5,previous_period,14.32815483310063,80.42936425916088,125.73447631540044,24.607036360338657
piecewise_0196,6,previous_period,14.380792782962427,80.2009368313458,125.73447631540044,24.89424839046268
piecewise_0197,1,default,49.78179888617219,-5.9216755730852055,120.78970724423661,127.94248183291971
piecewise_0197,2,previous_period,35.44357354056913,23.12246405764836,120.78970724423661,92.86015060134932
piecewise_0197,3,previous_period,35.19730560717759,23.578914085505374,120.78970724423661,92.3088059489846
piecewise_0197,4,previous_period,35.18738554901732,23.596498118600838,120.78970724423661,92.28756624688685
piecewise_0197,5,previous_period,35.186661607077276,23.597765122264803,120.78970724423661,92.28603583687038
piecewise_0197,6,previous_period,35.18660313072729,23.597867567065677,120.78970724423661,92.28591209409532
piecewise_0198,1,default,61.69974028258611,4.415813560058057,166.1232439189485,158.78755118756726
piecewise_0198,2,previous_period,36.90131239352429,40.97135407138804,166.1232439189485,98.0603014580405
piecewise_0198,3,previous_period,36.84108144248795,41.081545746649475,166.1232439189485,97.87724747256759
piecewise_0198,4,previous_period,36.84159687726629,41.080942374748815,166.1232439189485,97.87824981354184
piecewise_0198,5,previous_period,36.84164152360806,41.080924498407235,166.1232439189485,97.87827951030039
piecewise_0198,6,previous_period,36.84164488542187,41.08094727486278,166.1232439189485,97.87824167331358
piecewise_0199,1,default,39.92208396266629,-13.295000406311042,85.36146582642573,96.7102730548821
piecewise_0199,2,previous_period,26.17706027508588,34.19337050992065,85.36146582642573,56.17350354369668
piecewise_0199,3,previous_period,26.04058767831057,34.760462928273505,85.36146582642573,55.689425142800154
piecewise_0199,4,previous_period,26.037834621338263,34.75322617712252,85.36146582642573,55.69560253966085
piecewise_0199,5,previous_period,26.038135472883642,34.75536722749767,85.36146582642573,55.693774907676534
piecewise_0199,6,previous_period,26.038077314672638,34.75496867231247,85.36146582642573,55.69411512022475
