profile,family,roughness_score,rmse_nm,offload_pct,baseline_energy_burden_j,energy_burden_with_spring_j,net_battery_energy_with_spring_j,braking_energy_with_spring_j,regenerated_energy_with_spring_j,mean_abs_residual_nm,peak_abs_residual_nm
high_roughness_0890,high_roughness,0.668297,21.706783,43.978610,343.104107,192.211691,95.022897,97.188794,0.000000,13.251941,91.349284
medium_roughness_0824,medium_roughness,0.522290,45.936748,39.278470,1050.256055,637.731543,331.340632,306.390910,0.000000,41.546705,97.583592
medium_roughness_0114,medium_roughness,0.460410,35.651769,53.721546,819.123076,379.077498,204.066367,175.011130,0.000000,25.816297,91.354538
low_roughness_0271,low_roughness,0.357541,52.299002,23.484114,825.310514,631.493655,294.054205,337.439450,0.000000,42.340865,114.790425
low_roughness_0298,low_roughness,0.363870,39.336684,33.720191,778.684449,516.110564,233.019149,283.091415,0.000000,33.763418,111.845709
medium_roughness_0360,medium_roughness,0.481621,44.467023,49.427225,1202.526402,608.150975,343.055576,265.095400,0.000000,40.398210,111.549488
medium_roughness_0052,medium_roughness,0.454217,33.084640,28.211962,559.439822,401.610873,165.878501,235.732373,0.000000,27.174452,108.376969
high_roughness_0173,high_roughness,0.550824,17.034623,48.706832,384.378568,197.159946,85.711381,111.448565,0.000000,12.803847,42.643238
medium_roughness_0751,medium_roughness,0.515821,22.476917,57.988706,605.235875,254.267423,152.612234,101.655189,0.000000,16.758403,94.857570
medium_roughness_0448,medium_roughness,0.489754,9.679086,63.301017,249.361226,91.513034,41.614631,49.898403,0.000000,6.638582,37.266962
high_roughness_0819,high_roughness,0.639426,27.159323,48.515028,520.979641,268.226225,108.774470,159.451755,0.000000,18.377094,91.217536
high_roughness_0866,high_roughness,0.658046,18.283049,55.151314,375.406508,168.364886,89.010536,79.354350,0.000000,11.312172,63.833862
low_roughness_0746,low_roughness,0.425607,15.724110,59.756739,394.212613,158.644009,79.168439,79.475570,0.000000,10.909504,79.814083
medium_roughness_0643,medium_roughness,0.506537,33.173676,30.759253,436.027041,301.908379,154.003936,147.904443,0.000000,21.024320,88.100460
high_roughness_0823,high_roughness,0.640601,41.109941,43.818270,970.235240,545.094945,269.844017,275.250928,0.000000,36.456343,134.877981
medium_roughness_0864,medium_roughness,0.526051,20.995485,59.028756,591.239350,242.238117,129.118877,113.119240,0.000000,16.429262,64.194999
low_roughness_0011,low_roughness,0.155197,50.207240,25.256313,853.410743,637.870657,287.054062,350.816595,0.000000,43.150271,103.274561
low_roughness_0515,low_roughness,0.399366,53.103803,30.835566,832.808895,576.007561,278.203320,297.804241,0.000000,38.757568,130.720537
low_roughness_0005,low_roughness,0.115734,22.060042,67.727807,731.217073,235.979788,141.336931,94.642857,0.000000,16.811495,86.522203
medium_roughness_0732,medium_roughness,0.513896,31.059454,31.017518,516.254850,356.125409,187.102612,169.022797,0.000000,23.636740,88.287766
low_roughness_0441,low_roughness,0.388572,36.232998,41.953686,856.534719,497.186831,241.023791,256.163041,0.000000,32.507702,78.136592
low_roughness_0900,low_roughness,0.441437,55.135411,37.484393,1125.293987,703.484363,345.509445,357.974918,0.000000,47.438449,134.231009
high_roughness_0739,high_roughness,0.617567,26.611254,40.082067,496.255110,297.345803,124.956785,172.389018,0.000000,19.398520,81.523564
low_roughness_0569,low_roughness,0.406040,55.746280,37.571263,1113.302951,695.020970,353.043198,341.977773,0.000000,44.480078,105.320424
medium_roughness_0102,medium_roughness,0.458777,41.740558,42.595204,1047.435599,601.278273,313.131303,288.146970,0.000000,39.445255,85.170480
low_roughness_0264,low_roughness,0.354950,29.127742,56.051266,884.076107,388.540259,211.468279,177.071980,0.000000,25.989967,73.388965
low_roughness_0788,low_roughness,0.429642,27.086280,30.032427,345.615088,241.818488,124.658173,117.160315,0.000000,16.669416,106.683552
low_roughness_0835,low_roughness,0.434814,16.013310,66.624009,581.546329,194.096852,80.391332,113.705520,0.000000,13.480103,79.930300
medium_roughness_0711,medium_roughness,0.512221,13.087436,67.809325,440.922395,141.935894,90.672211,51.263683,0.000000,9.167861,41.956494
high_roughness_0016,high_roughness,0.538512,30.704983,39.349970,594.786598,360.738251,181.046328,179.691923,0.000000,23.785988,63.937518
medium_roughness_0297,medium_roughness,0.476817,54.931561,22.168730,967.709438,753.180550,348.441301,404.739249,0.000000,49.661570,103.071981
high_roughness_0419,high_roughness,0.573319,29.684738,46.851479,614.093763,326.381751,157.110285,169.271467,0.000000,21.442140,69.082755
medium_roughness_0872,medium_roughness,0.526516,35.378991,37.275012,485.786941,304.709799,135.582395,169.127404,0.000000,21.657200,115.065739
high_roughness_0915,high_roughness,0.677611,37.463343,46.173410,901.860101,485.440542,258.205428,227.235114,0.000000,31.892995,83.094266
high_roughness_0546,high_roughness,0.587612,26.745183,44.483172,519.743288,288.544987,148.141987,140.403000,0.000000,19.136421,83.107933
high_roughness_0150,high_roughness,0.549061,19.357804,45.156124,315.397005,172.975941,53.701231,119.274710,0.000000,12.390133,95.656949
high_roughness_0725,high_roughness,0.615100,19.684970,60.462879,496.423597,196.271598,104.968489,91.303109,0.000000,12.907985,57.547561
high_roughness_0724,high_roughness,0.614889,38.830368,30.712464,561.326175,388.929074,161.745712,227.183362,0.000000,26.152950,151.240545
medium_roughness_0990,medium_roughness,0.536185,34.331158,52.920930,703.312750,331.113103,195.521447,135.591656,0.000000,23.262613,95.847298
high_roughness_0436,high_roughness,0.575337,45.410665,39.352670,1003.627962,608.673566,288.529661,320.143906,0.000000,39.255343,95.867378
medium_roughness_0714,medium_roughness,0.512392,42.898196,31.069243,682.441651,470.412198,218.818909,251.593288,0.000000,32.777159,134.637005
low_roughness_0759,low_roughness,0.426910,21.144310,64.092950,544.808243,195.624569,108.259250,87.365319,0.000000,14.454305,86.160471
high_roughness_0682,high_roughness,0.606847,25.911433,51.340634,553.185580,269.176597,130.554493,138.622104,0.000000,18.683168,103.022151
high_roughness_0132,high_roughness,0.547937,48.250681,39.934641,1111.803245,667.808615,340.956874,326.851741,0.000000,42.563228,74.279593
high_roughness_0767,high_roughness,0.625491,15.321173,64.801567,507.531072,178.642985,94.947162,83.695823,0.000000,12.339474,67.922032
low_roughness_0766,low_roughness,0.427878,42.318233,34.365649,882.051957,578.929080,276.889700,302.039380,0.000000,37.616045,59.001735
low_roughness_0938,low_roughness,0.444409,50.117524,34.174948,793.570578,522.368249,214.508958,307.859291,0.000000,35.190536,150.427125
low_roughness_0970,low_roughness,0.446907,33.100479,22.699073,484.896895,374.829797,154.087052,220.742745,0.000000,25.252627,90.720418
low_roughness_0387,low_roughness,0.379769,35.979238,56.582744,1044.112178,453.324859,266.770119,186.554740,0.000000,30.678504,93.689899
low_roughness_0381,low_roughness,0.378520,38.594651,40.686956,775.134529,459.755886,199.955172,259.800714,0.000000,31.559711,106.606378
medium_roughness_0553,medium_roughness,0.499001,31.682119,49.184302,774.002891,393.314974,209.760492,183.554482,0.000000,27.103041,95.592186
medium_roughness_0368,medium_roughness,0.482231,15.933143,-0.478206,120.546745,121.123206,60.173246,60.949960,0.000000,8.827394,82.008947
high_roughness_0433,high_roughness,0.574976,22.359751,56.244099,529.518510,231.695593,112.538338,119.157255,0.000000,16.628937,103.339029
high_roughness_0972,high_roughness,0.713877,43.902186,25.463888,712.022214,530.713671,257.411508,273.302163,0.000000,35.861519,88.337368
high_roughness_0214,high_roughness,0.554909,47.271660,31.446927,991.169819,679.477372,341.850745,337.626627,0.000000,43.574125,89.327922
high_roughness_0004,high_roughness,0.536923,16.013032,72.947219,564.112227,152.608043,81.804863,70.803180,0.000000,10.965228,56.507806
medium_roughness_0389,medium_roughness,0.484507,47.511791,41.757172,1087.547041,633.418155,325.947432,307.470723,0.000000,40.775965,95.346496
high_roughness_0899,high_roughness,0.671047,35.754547,46.620902,864.291918,461.351228,230.173091,231.178136,0.000000,29.784000,96.066175
high_roughness_0225,high_roughness,0.555557,24.525363,66.419891,652.246036,219.024930,99.654747,119.370183,0.000000,15.642995,135.691302
high_roughness_0576,high_roughness,0.591826,38.706168,36.495113,657.639216,417.633042,202.301159,215.331883,0.000000,27.969681,115.182018
medium_roughness_0832,medium_roughness,0.522836,24.493607,41.823151,408.255862,237.510397,131.756169,105.754228,0.000000,16.177714,75.030036
low_roughness_0638,low_roughness,0.413550,55.210165,34.691863,1203.762777,786.155040,393.320791,392.834249,0.000000,51.702014,100.522973
high_roughness_0027,high_roughness,0.539429,21.466766,66.777498,641.024036,212.964222,111.542589,101.421633,0.000000,14.718530,69.696788
high_roughness_0484,high_roughness,0.580963,28.223533,48.114304,537.503807,278.887593,176.483952,102.403641,0.000000,19.053683,91.408141
medium_roughness_0855,medium_roughness,0.525380,39.056207,42.931849,899.105199,513.102716,252.819518,260.283198,0.000000,34.090156,84.584910
low_roughness_0793,low_roughness,0.430040,31.427965,62.327493,735.220059,276.975831,153.126158,123.849673,0.000000,19.744255,134.610854
low_roughness_0921,low_roughness,0.443236,21.003981,58.009633,514.991734,216.246917,110.205670,106.041248,0.000000,14.539678,66.887275
medium_roughness_0425,medium_roughness,0.487518,50.082750,35.354612,953.585013,616.448731,312.611581,303.837150,0.000000,39.526220,95.193481
medium_roughness_0030,medium_roughness,0.452523,42.058152,44.744228,1013.932439,560.256200,287.760232,272.495968,0.000000,36.627162,73.335226
low_roughness_0836,low_roughness,0.435080,16.276090,56.496590,421.370496,183.310536,85.813056,97.497480,0.000000,12.755819,57.102811
low_roughness_0899,low_roughness,0.441436,51.115617,32.384957,845.812190,571.896279,302.734762,269.161517,0.000000,36.897051,100.619702
medium_roughness_0134,medium_roughness,0.462429,22.109289,30.700644,217.842563,150.963494,99.439085,51.524409,0.000000,10.009952,115.942826
low_roughness_0593,low_roughness,0.408410,70.516331,24.236416,1230.214547,932.054638,438.160039,493.894599,0.000000,61.721180,139.158162
medium_roughness_0701,medium_roughness,0.511602,20.436188,65.941932,698.105499,237.761249,125.716997,112.044252,0.000000,16.386579,67.791849
high_roughness_0151,high_roughness,0.549125,56.454455,30.306762,1083.467717,755.103737,365.793442,389.310294,0.000000,49.649790,130.382625
low_roughness_0830,low_roughness,0.434198,20.134723,55.418330,459.971280,205.062876,77.982828,127.080048,0.000000,14.709816,68.157901
low_roughness_0399,low_roughness,0.382047,47.504059,30.127110,810.787187,566.520441,258.823442,307.696999,0.000000,37.723083,90.638670
low_roughness_0574,low_roughness,0.406750,41.541043,41.941401,1025.121613,595.171251,312.908433,282.262818,0.000000,38.786701,68.933139
medium_roughness_0962,medium_roughness,0.533366,46.121307,37.973555,897.746720,556.840375,303.909732,252.930643,0.000000,36.910320,92.711491
low_roughness_0840,low_roughness,0.435443,27.656390,48.813399,554.422447,283.790005,159.714256,124.075750,0.000000,18.649520,70.667542
low_roughness_0577,low_roughness,0.407425,19.142893,51.785662,393.272607,189.613786,105.070088,84.543697,0.000000,12.677664,52.076269
low_roughness_0186,low_roughness,0.333874,10.443222,46.512278,225.844235,120.798937,56.134426,64.664511,0.000000,8.120091,39.699955
high_roughness_0918,high_roughness,0.677920,25.113074,50.775390,575.257351,283.168188,150.930383,132.237805,0.000000,18.622607,77.159856
low_roughness_0024,low_roughness,0.182345,9.085208,82.504420,493.942067,86.418028,54.644174,31.773854,0.000000,6.189540,49.407484
high_roughness_0637,high_roughness,0.599513,24.663744,66.651489,781.782185,260.712720,130.113192,130.599527,0.000000,17.185378,81.880971
low_roughness_0173,low_roughness,0.329300,42.707577,42.575418,1049.126248,602.456366,327.269561,275.186805,0.000000,39.683371,64.479749
medium_roughness_0954,medium_roughness,0.532889,33.755271,30.559570,472.091280,327.822216,150.843075,176.979141,0.000000,22.139858,81.671950
medium_roughness_0700,medium_roughness,0.511591,29.644842,31.901798,523.807708,356.703629,150.178686,206.524943,0.000000,22.757694,107.664922
low_roughness_0019,low_roughness,0.174443,29.213276,64.163963,934.453713,334.871178,208.953062,125.918116,0.000000,23.344883,71.574679
medium_roughness_0057,medium_roughness,0.454683,23.570507,52.990436,533.531249,250.810712,120.593352,130.217360,0.000000,16.581527,62.555413
medium_roughness_0965,medium_roughness,0.533593,56.360309,35.864996,1224.677176,785.446753,383.928491,401.518263,0.000000,50.406641,97.112689
high_roughness_0776,high_roughness,0.627704,15.575193,71.961810,414.993273,116.356601,62.258846,54.097755,0.000000,8.181121,72.545197
high_roughness_0001,high_roughness,0.536637,20.092443,60.977987,547.601232,213.685021,117.821205,95.863816,0.000000,14.240061,56.724464
high_roughness_0073,high_roughness,0.543605,28.136737,59.059920,696.278144,285.056828,131.811653,153.245174,0.000000,20.041796,110.882985
high_roughness_0291,high_roughness,0.561980,30.199929,31.560353,485.453738,332.242824,164.863353,167.379471,0.000000,21.193536,76.754422
medium_roughness_0171,medium_roughness,0.465513,23.781739,41.015576,429.027683,253.059508,141.554704,111.504805,0.000000,17.583622,73.449470
high_roughness_0778,high_roughness,0.627858,56.642608,25.211953,859.387422,642.719072,297.562217,345.156855,0.000000,43.820550,127.144130
high_roughness_0543,high_roughness,0.587330,22.444884,51.141693,461.356370,225.410909,110.584080,114.826829,0.000000,15.328467,77.930078
high_roughness_0475,high_roughness,0.579790,47.686506,37.709493,1036.895848,645.887682,315.456788,330.430894,0.000000,41.772864,91.878768
high_roughness_0954,high_roughness,0.698997,20.339160,66.955940,594.915392,196.584200,120.637755,75.946445,0.000000,12.990420,99.992521
high_roughness_0029,high_roughness,0.539831,36.930764,45.908662,679.949904,367.794001,145.672174,222.121827,0.000000,25.642402,102.907770
high_roughness_0464,high_roughness,0.579149,39.725938,31.259964,586.772729,403.347786,198.736673,204.611113,0.000000,26.830888,99.514112
high_roughness_0126,high_roughness,0.547433,56.906806,29.158927,1033.801588,732.356132,339.204717,393.151415,0.000000,48.876760,125.612408
high_roughness_0934,high_roughness,0.689767,18.386594,51.279482,265.377918,129.293495,56.003953,73.289542,0.000000,9.754532,96.185004
medium_roughness_0085,medium_roughness,0.457820,34.031084,51.302348,850.661652,414.252251,199.532884,214.719367,0.000000,27.512674,68.322306
high_roughness_0233,high_roughness,0.556383,60.471052,32.758286,1215.046101,817.017821,416.842708,400.175113,0.000000,52.383453,94.866511
medium_roughness_0905,medium_roughness,0.528947,62.257746,33.592149,1395.526671,926.739271,454.253030,472.486241,0.000000,60.881776,80.394909
low_roughness_0964,low_roughness,0.446724,27.627564,60.620295,831.844788,327.578025,177.992993,149.585032,0.000000,22.630407,81.285407
low_roughness_0760,low_roughness,0.426920,15.309805,55.295046,380.563180,170.130595,92.794011,77.336583,0.000000,11.777135,44.228583
high_roughness_0834,high_roughness,0.643008,30.237605,58.362045,695.878828,289.749713,110.222528,179.527184,0.000000,20.273163,80.798795
medium_roughness_0451,medium_roughness,0.489951,44.292755,34.371553,862.141658,565.810177,277.608998,288.201179,0.000000,36.346330,81.647600
low_roughness_0910,low_roughness,0.442177,16.144442,55.928156,421.461895,185.746030,85.155546,100.590483,0.000000,12.162893,51.451976
high_roughness_0319,high_roughness,0.564037,54.161779,40.886914,1060.976389,627.175883,308.277770,318.898113,0.000000,42.084000,102.655521
low_roughness_0631,low_roughness,0.412550,20.247093,73.844102,772.689553,202.103889,108.976649,93.127241,0.000000,13.046383,63.091174
medium_roughness_0211,medium_roughness,0.468417,21.580747,71.897987,489.189004,137.471957,56.558921,80.913036,0.000000,10.684410,129.579197
high_roughness_0701,high_roughness,0.610270,29.750838,58.509964,692.555751,287.341630,149.526716,137.814913,0.000000,20.525680,115.445928
medium_roughness_0021,medium_roughness,0.451873,17.661643,55.727127,400.554044,177.336783,92.933705,84.403078,0.000000,11.800621,70.696957
high_roughness_0989,high_roughness,0.745888,51.069089,20.971265,773.108744,610.978064,297.017697,313.960367,0.000000,40.417572,106.440190
low_roughness_0020,low_roughness,0.176508,26.503356,60.159074,773.107929,308.013355,178.298368,129.714987,0.000000,20.615604,61.952101
low_roughness_0971,low_roughness,0.446972,23.780126,57.422132,516.870749,220.072545,124.850948,95.221597,0.000000,14.345525,101.248742
low_roughness_0378,low_roughness,0.377992,15.587370,77.131296,598.327712,136.829795,89.824281,47.005514,0.000000,9.657919,56.916560
high_roughness_0727,high_roughness,0.615461,34.258710,53.651423,858.117613,397.725305,194.613639,203.111666,0.000000,26.462960,108.499506
low_roughness_0697,low_roughness,0.420269,49.202405,34.216173,1033.809601,680.079519,320.484264,359.595254,0.000000,44.887245,78.623867
low_roughness_0051,low_roughness,0.228548,23.072945,62.717608,610.701654,227.684186,138.419420,89.264767,0.000000,15.517100,67.657652
low_roughness_0468,low_roughness,0.394298,21.790517,60.517040,580.539406,229.214142,117.611287,111.602855,0.000000,14.732657,46.636845
low_roughness_0167,low_roughness,0.327086,30.388555,56.554207,891.564859,387.347424,213.084130,174.263294,0.000000,25.594797,63.438195
low_roughness_0783,low_roughness,0.429183,50.877130,36.941092,986.509206,622.081937,308.087989,313.993948,0.000000,39.539411,88.811577
low_roughness_0398,low_roughness,0.380958,19.449959,69.546987,529.467820,161.238902,107.490492,53.748410,0.000000,11.942254,85.860654
medium_roughness_0630,medium_roughness,0.505623,41.166381,44.223626,1053.067308,587.362762,292.595488,294.767273,0.000000,39.650182,80.045742
medium_roughness_0886,medium_roughness,0.527722,25.326281,50.424248,577.658509,286.378550,144.213639,142.164911,0.000000,18.591360,66.255883
medium_roughness_0177,medium_roughness,0.465867,25.670464,44.986463,445.789316,245.244472,126.460696,118.783775,0.000000,17.789670,93.103692
low_roughness_0826,low_roughness,0.433682,28.329992,32.362806,433.202226,293.005832,145.220215,147.785617,0.000000,18.803046,69.970345
low_roughness_0863,low_roughness,0.438268,28.605734,61.924412,883.504223,336.399427,196.196055,140.203373,0.000000,23.229229,66.522407
low_roughness_0140,low_roughness,0.316181,20.702630,73.229937,778.952544,208.526087,130.915253,77.610834,0.000000,14.537988,72.280896
low_roughness_0961,low_roughness,0.446521,35.444744,36.948415,592.119949,373.341013,189.064248,184.276764,0.000000,26.198774,104.136478
medium_roughness_0342,medium_roughness,0.479711,58.643871,31.677797,1197.184327,817.942703,390.965414,426.977289,0.000000,53.498340,83.328951
low_roughness_0232,low_roughness,0.344451,52.511278,39.731820,1040.408278,627.035135,292.680598,334.354538,0.000000,41.342218,83.584659
high_roughness_0473,high_roughness,0.579668,62.198854,31.459119,1297.563412,889.361393,436.037257,453.324137,0.000000,57.028909,89.319909
high_roughness_0895,high_roughness,0.670138,26.286060,55.834229,610.811353,269.769541,121.140502,148.629038,0.000000,17.197073,79.907785
high_roughness_0075,high_roughness,0.543654,43.215344,31.461972,684.254791,468.974738,245.875068,223.099670,0.000000,31.824567,94.629401
low_roughness_0536,low_roughness,0.401951,38.965341,43.941156,925.405584,518.771670,276.202587,242.569083,0.000000,33.348953,60.692433
medium_roughness_0634,medium_roughness,0.505805,37.304803,37.068108,679.561476,427.660895,198.708844,228.952051,0.000000,28.290174,70.775343
low_roughness_0842,low_roughness,0.435954,33.179906,37.006837,630.710193,397.304302,204.073090,193.231212,0.000000,25.360875,71.674873
low_roughness_0698,low_roughness,0.420413,45.421784,32.398051,661.878995,447.443102,218.616336,228.826766,0.000000,30.440467,82.115549
medium_roughness_0681,medium_roughness,0.510021,25.529607,67.152513,744.652185,244.599528,137.703615,106.895913,0.000000,17.188926,67.888689
high_roughness_0033,high_roughness,0.539974,21.726356,64.717539,687.145040,242.441684,127.157638,115.284046,0.000000,15.934198,47.082560
medium_roughness_0738,medium_roughness,0.514330,35.076929,29.212316,530.747120,375.703593,183.860776,191.842817,0.000000,26.410031,151.426631
medium_roughness_0286,medium_roughness,0.475444,15.853903,67.163416,386.009777,126.752423,47.413544,79.338879,0.000000,9.045791,63.764932
high_roughness_0351,high_roughness,0.567595,60.816968,33.287472,1313.751760,876.437011,445.270113,431.166897,0.000000,57.205130,99.514868
low_roughness_0750,low_roughness,0.426087,34.887859,45.930661,812.534273,439.331910,228.834646,210.497264,0.000000,28.398265,65.377366
low_roughness_0710,low_roughness,0.421290,55.688254,30.732947,1090.602705,755.428352,375.427766,380.000585,0.000000,48.781717,87.206005
low_roughness_0871,low_roughness,0.439082,38.634119,37.216987,690.672456,433.624977,210.512024,223.112953,0.000000,29.795667,89.277298
medium_roughness_0457,medium_roughness,0.490225,30.490624,42.956775,530.086190,302.378260,156.430982,145.947278,0.000000,21.332820,130.689410
low_roughness_0735,low_roughness,0.423856,27.509777,49.774857,553.398047,277.944959,147.206102,130.738857,0.000000,19.536041,87.794695
high_roughness_0734,high_roughness,0.616598,27.472484,46.533095,453.416272,242.427646,134.642669,107.784977,0.000000,15.586965,116.298273
high_roughness_0235,high_roughness,0.556667,48.156196,27.615181,886.040866,641.359078,299.943951,341.415127,0.000000,42.570833,98.783277
low_roughness_0292,low_roughness,0.362514,30.024569,34.950670,575.132971,374.120143,155.300154,218.819989,0.000000,25.473193,102.141809
medium_roughness_0275,medium_roughness,0.474146,30.430000,59.316978,797.249644,324.345249,166.334890,158.010359,0.000000,22.769010,98.837882
high_roughness_0392,high_roughness,0.571062,52.991039,29.153061,1005.622865,712.453016,346.776134,365.676882,0.000000,47.524217,83.267547
medium_roughness_0132,medium_roughness,0.462343,23.149544,56.422710,730.057737,318.139378,158.135199,160.004179,0.000000,21.336644,51.669102
medium_roughness_0782,medium_roughness,0.518219,13.417202,77.138158,459.793493,105.117264,45.717658,59.399606,0.000000,7.863878,82.432971
medium_roughness_0831,medium_roughness,0.522823,29.938041,55.419905,674.389219,300.643357,141.779677,158.863680,0.000000,21.021270,114.954149
high_roughness_0275,high_roughness,0.560374,57.530200,20.896074,992.425241,785.047327,380.090783,404.956544,0.000000,51.739474,92.654717
medium_roughness_0622,medium_roughness,0.504602,39.741153,22.258887,548.377269,426.314590,189.693808,236.620783,0.000000,29.625914,119.229896
medium_roughness_0371,medium_roughness,0.482509,32.321968,22.097247,473.637550,368.976690,185.863527,183.113163,0.000000,23.596674,73.537525
low_roughness_0407,low_roughness,0.383542,16.483324,41.962698,218.722298,126.940520,45.437450,81.503070,0.000000,9.812236,107.004971
high_roughness_0829,high_roughness,0.641422,34.260471,50.488406,845.733829,418.736301,203.063343,215.672958,0.000000,27.621023,85.452282
medium_roughness_0304,medium_roughness,0.477229,42.998804,38.190671,984.740553,608.661529,283.363968,325.297561,0.000000,39.926184,99.285960
low_roughness_0393,low_roughness,0.380515,27.798179,59.709957,615.525544,247.995508,139.404238,108.591270,0.000000,16.111262,89.044009
low_roughness_0643,low_roughness,0.414337,20.263383,60.460898,558.334346,220.760387,105.474561,115.285826,0.000000,14.755462,61.466673
low_roughness_0370,low_roughness,0.377197,28.388087,38.617345,522.768630,320.889265,139.831970,181.057295,0.000000,22.265182,76.280889
low_roughness_0872,low_roughness,0.439116,25.084549,53.613480,568.652675,263.778188,146.926676,116.851512,0.000000,17.791497,56.213391
medium_roughness_0709,medium_roughness,0.512053,41.481256,32.688752,789.087899,531.144913,258.102048,273.042864,0.000000,35.065020,82.118560
low_roughness_0452,low_roughness,0.391137,52.385077,22.142038,873.637546,680.196388,323.585152,356.611236,0.000000,44.589807,104.000880
high_roughness_0793,high_roughness,0.630983,22.505239,43.570452,435.937303,245.997450,116.475594,129.521857,0.000000,16.914601,64.142567
low_roughness_0661,low_roughness,0.416001,24.400646,35.702835,396.549729,254.970232,133.419241,121.550991,0.000000,16.287237,56.537567
medium_roughness_0589,medium_roughness,0.501826,30.124775,53.547914,570.134412,264.839325,136.654886,128.184438,0.000000,18.673511,82.995206
medium_roughness_0054,medium_roughness,0.454261,42.299263,29.930788,723.169785,506.719370,239.993332,266.726037,0.000000,33.776330,79.191013
medium_roughness_0475,medium_roughness,0.492303,51.729161,31.350729,890.472662,611.302988,299.435378,311.867610,0.000000,40.434738,95.184874
low_roughness_0820,low_roughness,0.433295,23.590073,64.733856,676.389947,238.536652,145.409209,93.127443,0.000000,16.309676,67.562950
high_roughness_0205,high_roughness,0.553745,52.974604,23.540668,959.364354,733.523573,352.911402,380.612171,0.000000,48.387326,107.071090
medium_roughness_0069,medium_roughness,0.455956,60.087851,35.961158,1307.740064,837.461600,438.929559,398.532040,0.000000,54.381626,95.555977
high_roughness_0250,high_roughness,0.557704,46.822482,29.823332,702.770853,493.181169,242.531970,250.649199,0.000000,32.780632,132.279760
medium_roughness_0201,medium_roughness,0.467654,5.176116,1.090252,48.832516,48.300119,27.862431,20.437688,0.000000,3.371806,28.470113
medium_roughness_0918,medium_roughness,0.529504,31.247824,63.738857,733.241488,265.881744,124.882651,140.999093,0.000000,19.074529,135.987461
high_roughness_0090,high_roughness,0.544387,56.313586,30.858033,1124.944200,777.808544,405.599914,372.208629,0.000000,49.885101,89.747134
low_roughness_0684,low_roughness,0.418379,24.443764,58.326891,590.479224,246.071050,108.004531,138.066519,0.000000,17.287152,101.788612
high_roughness_0125,high_roughness,0.547424,31.330437,46.325614,801.391424,430.141928,223.164545,206.977382,0.000000,27.918688,75.069285
medium_roughness_0078,medium_roughness,0.456889,16.139793,58.133618,425.524285,178.151624,89.712645,88.438979,0.000000,12.245042,44.970067
high_roughness_0659,high_roughness,0.604066,30.094619,63.833085,799.731962,289.238376,151.315002,137.923375,0.000000,20.456293,142.155768
low_roughness_0037,low_roughness,0.197938,23.987762,60.510239,482.070289,190.368404,129.315120,61.053284,0.000000,14.096778,93.242753
high_roughness_0414,high_roughness,0.572794,29.882337,32.477885,454.772950,307.072313,153.307985,153.764328,0.000000,21.463192,102.806579
medium_roughness_0228,medium_roughness,0.470690,25.681311,47.830587,575.208255,300.082767,134.651347,165.431420,0.000000,20.391011,64.730429
medium_roughness_0768,medium_roughness,0.517223,28.749860,46.896396,524.454262,278.504113,140.524253,137.979860,0.000000,19.664662,90.737885
medium_roughness_0519,medium_roughness,0.496129,69.915346,26.900705,1278.368450,934.478328,447.160522,487.317806,0.000000,61.287580,104.769168
medium_roughness_0793,medium_roughness,0.519112,47.259691,41.399084,941.554518,551.759576,280.815457,270.944119,0.000000,35.646930,127.850139
high_roughness_0273,high_roughness,0.560330,29.320627,41.525652,522.947256,305.790001,162.260297,143.529704,0.000000,19.787174,95.044374
low_roughness_0086,low_roughness,0.284977,30.941062,59.882341,935.382387,375.253521,213.529940,161.723581,0.000000,25.708360,77.366126
low_roughness_0105,low_roughness,0.299547,48.741955,20.012058,620.198443,496.083970,218.453283,277.630687,0.000000,34.005402,133.467603
high_roughness_0947,high_roughness,0.697428,22.948482,56.823582,592.256235,255.715025,122.474294,133.240731,0.000000,17.222182,67.150449
low_roughness_0596,low_roughness,0.408652,28.944105,63.513213,755.889627,275.799837,144.023577,131.776260,0.000000,20.149014,109.788904
high_roughness_0503,high_roughness,0.582691,39.018997,26.255749,566.357078,417.655783,197.062449,220.593334,0.000000,29.150140,125.661352
medium_roughness_0237,medium_roughness,0.471262,47.899255,20.241905,690.316892,550.583603,233.421910,317.161693,0.000000,37.623448,125.775286
medium_roughness_0186,medium_roughness,0.466515,54.690748,37.265814,1011.847726,634.774430,287.133147,347.641283,0.000000,43.013676,133.124793
medium_roughness_0449,medium_roughness,0.489782,28.434318,52.424271,871.917691,414.821201,206.109798,208.711403,0.000000,26.832051,48.134508
high_roughness_0184,high_roughness,0.551548,35.703811,44.785228,806.005547,445.034121,229.244979,215.789143,0.000000,28.846879,125.140941
high_roughness_0540,high_roughness,0.586963,29.939718,50.097228,512.660792,255.831948,112.709162,143.122785,0.000000,18.730924,129.907483
low_roughness_0744,low_roughness,0.425476,29.340227,34.597957,448.809246,293.530417,115.395095,178.135322,0.000000,21.247560,125.911103
medium_roughness_0288,medium_roughness,0.475888,21.757707,53.779815,427.309006,197.503014,108.268992,89.234021,0.000000,13.554348,93.569054
low_roughness_0564,low_roughness,0.405615,27.973156,63.976770,638.083886,229.858428,98.534911,131.323517,0.000000,15.672610,131.478890
high_roughness_0897,high_roughness,0.670503,25.705886,60.676955,585.218049,230.125558,114.942544,115.183014,0.000000,16.264868,127.442453
high_roughness_0749,high_roughness,0.618969,30.732917,56.053091,800.237492,351.679640,163.060138,188.619502,0.000000,24.300366,129.064793
high_roughness_0200,high_roughness,0.553366,45.365538,42.598756,1042.792513,598.575870,316.534554,282.041316,0.000000,38.572206,91.341274
medium_roughness_0587,medium_roughness,0.501564,22.451429,62.500921,639.168355,239.682247,132.736474,106.945773,0.000000,15.785814,53.265191
low_roughness_0369,low_roughness,0.377192,12.457195,76.287525,490.680833,116.352570,74.770671,41.581899,0.000000,8.376307,48.243117
high_roughness_0304,high_roughness,0.563029,31.188643,58.205979,843.772323,352.646383,160.332079,192.314304,0.000000,24.495313,125.137915
high_roughness_0333,high_roughness,0.565812,18.758248,60.118909,490.790688,195.732680,104.365301,91.367379,0.000000,12.897213,50.414535
medium_roughness_0424,medium_roughness,0.487468,17.982534,70.084504,672.223750,201.099072,126.930452,74.168621,0.000000,14.009336,59.479964
high_roughness_0518,high_roughness,0.584291,25.534771,58.652366,664.511049,274.759597,137.645926,137.113671,0.000000,19.187375,82.937484
high_roughness_0672,high_roughness,0.605654,27.541337,49.523456,616.911594,311.395653,156.615293,154.780360,0.000000,20.811398,71.883596
medium_roughness_0334,medium_roughness,0.479457,26.844827,53.001548,822.095818,386.372311,184.783032,201.589278,0.000000,25.202745,42.722822
medium_roughness_0265,medium_roughness,0.473185,57.248704,22.938543,989.632718,762.625396,373.004840,389.620556,0.000000,50.174479,102.157081
high_roughness_0982,high_roughness,0.723798,32.354379,39.148612,590.805368,359.513267,172.541039,186.972229,0.000000,24.607428,107.842834
high_roughness_0880,high_roughness,0.665775,44.597539,16.215051,624.019574,522.834485,245.211195,277.623290,0.000000,34.478641,108.700421
low_roughness_0539,low_roughness,0.402064,51.587230,36.044110,979.345493,626.349127,295.144676,331.204450,0.000000,41.106377,102.683352
low_roughness_0924,low_roughness,0.443449,17.680616,63.394586,583.210865,213.486751,100.401190,113.085561,0.000000,13.863939,71.144760
medium_roughness_0686,medium_roughness,0.510806,37.440576,34.633608,616.760525,403.154101,191.367210,211.786891,0.000000,27.708023,100.751056
low_roughness_0231,low_roughness,0.344357,25.095721,67.337168,860.032511,280.910976,178.834879,102.076097,0.000000,20.063148,95.432305
high_roughness_0334,high_roughness,0.565839,26.529130,55.421854,644.668600,287.381308,155.076007,132.305301,0.000000,18.350478,65.781724
low_roughness_0418,low_roughness,0.385389,20.354717,62.419253,528.186048,198.496260,98.854481,99.641780,0.000000,14.485254,89.982483
low_roughness_0929,low_roughness,0.443885,19.041139,56.181879,327.772787,143.623878,67.413273,76.210605,0.000000,10.815382,110.360849
medium_roughness_0789,medium_roughness,0.518694,33.748538,44.382644,686.595419,381.866221,205.803901,176.062320,0.000000,25.195035,67.348377
low_roughness_0525,low_roughness,0.400358,57.532301,22.295744,913.610162,709.913982,320.957676,388.956307,0.000000,47.899158,125.705573
low_roughness_0354,low_roughness,0.374332,77.742499,13.640687,1278.744065,1104.314587,505.588098,598.726489,0.000000,71.687824,149.876451
medium_roughness_0594,medium_roughness,0.502338,38.746957,39.284050,736.342613,447.077413,215.830280,231.247133,0.000000,29.490435,65.331108
high_roughness_0096,high_roughness,0.544819,9.000492,77.925074,420.958007,92.926168,60.519647,32.406520,0.000000,6.371016,46.241264
high_roughness_0582,high_roughness,0.592367,39.206060,38.469280,716.770124,441.033817,233.178744,207.855073,0.000000,28.896571,89.799894
low_roughness_0667,low_roughness,0.416493,51.588792,35.982576,1019.938669,652.938462,310.242523,342.695939,0.000000,43.790948,130.823536
medium_roughness_0276,medium_roughness,0.474258,66.392030,31.145272,1394.470820,960.159092,482.369836,477.789256,0.000000,61.570486,104.637540
medium_roughness_0616,medium_roughness,0.504068,28.555136,59.505803,931.335602,377.136876,194.015793,183.121083,0.000000,24.914538,54.287401
medium_roughness_0338,medium_roughness,0.479591,15.590910,59.998374,482.264702,192.913721,82.743044,110.170677,0.000000,12.704180,58.612460
medium_roughness_0305,medium_roughness,0.477284,32.250701,38.350163,522.074034,321.857793,141.521754,180.336039,0.000000,22.054711,73.313479
high_roughness_0851,high_roughness,0.650133,35.028204,44.718839,894.801258,494.656522,260.546350,234.110172,0.000000,32.000352,68.347087
medium_roughness_0348,medium_roughness,0.480213,18.570588,53.615898,320.539219,148.679237,81.434914,67.244323,0.000000,10.802757,93.154681
high_roughness_0389,high_roughness,0.570806,34.756911,49.682377,672.495527,338.383762,127.325013,211.058749,0.000000,24.118547,119.409647
high_roughness_0914,high_roughness,0.677292,23.631765,49.117762,430.320854,218.956880,97.564732,121.392148,0.000000,14.124305,79.553463
high_roughness_0058,high_roughness,0.542610,18.690067,65.707711,573.522453,196.673979,107.613370,89.060609,0.000000,13.254916,62.308213
high_roughness_0806,high_roughness,0.635335,29.639551,50.731139,680.300110,335.176115,155.018417,180.157698,0.000000,22.742396,66.035559
low_roughness_0582,low_roughness,0.407819,22.528998,58.429774,674.690144,280.470220,144.136439,136.333781,0.000000,18.608222,80.800793
low_roughness_0010,low_roughness,0.154113,18.950575,68.155322,474.317673,151.044938,106.512529,44.532409,0.000000,11.492535,74.896579
high_roughness_0859,high_roughness,0.653562,31.300861,33.508338,535.079417,355.783198,168.026240,187.756958,0.000000,23.677119,94.554934
medium_roughness_0606,medium_roughness,0.502942,47.873912,36.623264,1108.705326,702.661251,353.903590,348.757661,0.000000,44.844792,67.258540
high_roughness_0271,high_roughness,0.560195,42.748890,37.054632,740.449425,466.078618,231.774497,234.304122,0.000000,30.107241,95.568240
high_roughness_0185,high_roughness,0.551785,29.023304,31.579887,432.082751,295.631506,146.007435,149.624071,0.000000,19.254361,68.877385
low_roughness_0829,low_roughness,0.434147,32.945892,36.162977,614.948094,392.564554,211.746528,180.818025,0.000000,26.528056,78.622383
medium_roughness_0777,medium_roughness,0.517929,29.220026,50.938785,764.511798,375.078774,176.164368,198.914406,0.000000,25.247632,114.288613
low_roughness_0870,low_roughness,0.438819,29.592268,47.995722,629.651751,327.445846,147.916427,179.529420,0.000000,22.007673,97.452172
medium_roughness_0863,medium_roughness,0.526029,56.885302,37.552439,1205.709458,752.936146,384.151637,368.784508,0.000000,48.127578,97.309942
medium_roughness_0866,medium_roughness,0.526159,26.072221,47.510321,516.001770,270.847675,118.665534,152.182141,0.000000,17.297732,134.597782
low_roughness_0106,low_roughness,0.299696,42.526636,41.499925,768.417195,449.524633,212.734755,236.789878,0.000000,29.877021,79.929678
medium_roughness_0692,medium_roughness,0.511063,37.972603,24.667973,606.540340,456.919131,221.409489,235.509642,0.000000,29.129997,84.516966
low_roughness_0220,low_roughness,0.341271,46.527503,30.206505,931.891114,650.399379,290.873126,359.526254,0.000000,43.757478,96.374084
low_roughness_0712,low_roughness,0.421548,30.466540,29.078525,466.964410,331.178049,173.597880,157.580168,0.000000,22.715570,121.878877
low_roughness_0692,low_roughness,0.419725,47.872930,45.137351,1101.940120,604.553539,324.533528,280.020011,0.000000,39.731619,100.327589
medium_roughness_0749,medium_roughness,0.515421,20.209444,56.651774,580.486311,251.630520,130.235541,121.394978,0.000000,16.314477,39.423353
high_roughness_0858,high_roughness,0.653122,31.047458,47.227236,726.323385,383.300930,203.990297,179.310633,0.000000,25.420166,77.980506
high_roughness_0912,high_roughness,0.674997,29.227166,54.713822,779.250944,352.892968,170.744793,182.148175,0.000000,23.242314,108.728491
medium_roughness_0119,medium_roughness,0.460812,29.635433,39.793726,511.191947,307.769622,159.730747,148.038875,0.000000,20.063275,63.802648
low_roughness_0959,low_roughness,0.446388,45.784187,14.903889,505.302042,429.992386,204.684996,225.307390,0.000000,27.976976,123.727352
low_roughness_0732,low_roughness,0.423242,43.123562,43.835221,916.490742,514.744999,258.778497,255.966502,0.000000,32.899265,94.918960
low_roughness_0093,low_roughness,0.291064,81.207425,16.751088,1373.887766,1143.746614,529.946623,613.799991,0.000000,76.010928,131.504306
low_roughness_0704,low_roughness,0.420664,24.162925,37.495215,451.668437,282.314386,119.857509,162.456877,0.000000,19.429951,56.851567
medium_roughness_0279,medium_roughness,0.474712,21.633573,38.423168,315.404624,194.216176,102.425110,91.791066,0.000000,14.074751,89.926499
medium_roughness_0948,medium_roughness,0.532379,26.058417,40.645403,405.192133,240.500159,104.321683,136.178476,0.000000,17.127226,126.548218
medium_roughness_0007,medium_roughness,0.450886,33.607346,60.290860,967.293094,384.103764,199.555826,184.547938,0.000000,26.214422,103.202038
medium_roughness_0720,medium_roughness,0.512936,46.984223,20.084688,701.890880,560.918285,274.859968,286.058317,0.000000,36.700776,91.239351
high_roughness_0322,high_roughness,0.564191,22.167674,50.856708,451.209660,221.739281,104.514887,117.224395,0.000000,15.480789,93.604786
high_roughness_0577,high_roughness,0.591950,23.746756,47.554318,453.940813,238.072354,84.054082,154.018271,0.000000,16.197221,85.261476
medium_roughness_0149,medium_roughness,0.464429,34.676812,35.913992,643.843770,412.613768,188.882585,223.731184,0.000000,28.248365,88.918819
high_roughness_0280,high_roughness,0.560848,31.507678,51.844132,740.749491,356.714345,164.576113,192.138232,0.000000,23.377326,63.254853
high_roughness_0468,high_roughness,0.579384,19.213650,52.361857,425.573567,202.735343,107.314048,95.421295,0.000000,14.107462,68.524146
high_roughness_0257,high_roughness,0.558570,7.604119,73.212385,303.609455,81.329732,56.568194,24.761538,0.000000,5.367612,27.226366
medium_roughness_0442,medium_roughness,0.489307,32.395736,46.532686,584.047152,312.274324,144.042016,168.232308,0.000000,21.868292,104.734864
low_roughness_0112,low_roughness,0.303036,24.075851,73.386286,699.174302,186.076247,112.085600,73.990647,0.000000,13.583446,93.570328
low_roughness_0456,low_roughness,0.392239,45.160934,32.113173,754.651794,512.309157,247.824248,264.484908,0.000000,34.792856,115.005656
high_roughness_0861,high_roughness,0.655550,39.525518,30.835058,670.815223,463.968957,220.203245,243.765712,0.000000,30.129126,81.262910
high_roughness_0099,high_roughness,0.545311,46.094259,30.954636,789.073398,544.818602,267.967476,276.851126,0.000000,36.350356,74.798177
low_roughness_0950,low_roughness,0.445502,48.295308,23.270348,800.639797,614.328132,296.953297,317.374835,0.000000,39.908856,85.521395
low_roughness_0935,low_roughness,0.444356,28.991577,62.656751,753.696197,281.454650,145.137473,136.317178,0.000000,19.499947,69.166446
medium_roughness_0322,medium_roughness,0.478631,24.098983,42.180736,448.655409,259.409257,115.107772,144.301485,0.000000,18.084770,64.501034
low_roughness_0896,low_roughness,0.441295,22.757797,30.709884,327.380066,226.842028,115.484483,111.357545,0.000000,15.366573,64.039951
low_roughness_0092,low_roughness,0.290805,40.240667,31.616578,692.373233,473.468511,207.672348,265.796163,0.000000,32.347038,68.690356
high_roughness_0813,high_roughness,0.636941,52.277381,24.944906,776.364141,582.700838,312.165458,270.535380,0.000000,39.022325,149.853763
medium_roughness_0026,medium_roughness,0.452239,16.731569,79.397465,467.344864,96.284889,42.464162,53.820728,0.000000,7.440030,106.902552
high_roughness_0232,high_roughness,0.556108,23.909263,50.450312,525.363997,260.316224,127.125249,133.190975,0.000000,17.792674,85.235594
medium_roughness_0540,medium_roughness,0.497941,27.665955,56.253248,698.301499,305.484223,153.102355,152.381867,0.000000,21.493617,67.414165
low_roughness_0824,low_roughness,0.433647,55.728401,20.832200,969.857951,767.815200,366.159581,401.655619,0.000000,49.925333,98.400452
high_roughness_0808,high_roughness,0.636122,34.139329,38.359254,656.760872,404.832298,220.490339,184.341959,0.000000,26.824255,66.799037
high_roughness_0515,high_roughness,0.584010,50.064697,36.437239,940.601806,597.872476,297.290851,300.581625,0.000000,40.202749,118.293871
medium_roughness_0182,medium_roughness,0.466296,32.448918,25.422538,410.873754,306.419220,133.778107,172.641113,0.000000,20.940470,93.831129
low_roughness_0128,low_roughness,0.311584,24.758538,52.842734,576.690032,271.951254,163.289267,108.661987,0.000000,18.616458,75.905279
medium_roughness_0086,medium_roughness,0.457910,44.227414,42.740383,1014.514805,580.907294,302.675458,278.231836,0.000000,37.723160,81.650465
medium_roughness_0937,medium_roughness,0.531498,30.985775,33.777850,468.024981,309.936207,149.968078,159.968129,0.000000,21.630379,96.613748
high_roughness_0460,high_roughness,0.578535,17.138678,37.939564,306.293052,190.086802,102.657497,87.429306,0.000000,12.356779,41.683521
high_roughness_0898,high_roughness,0.670796,32.634474,42.680520,643.059861,368.598572,206.062339,162.536232,0.000000,25.095626,73.203617
high_roughness_0040,high_roughness,0.540508,41.986530,32.586320,783.847001,528.420106,260.933476,267.486630,0.000000,34.487642,81.239591
high_roughness_0770,high_roughness,0.625933,31.992268,51.267904,761.803461,371.242795,184.754931,186.487864,0.000000,25.381297,78.498915
medium_roughness_0728,medium_roughness,0.513747,22.083077,67.305218,805.185191,263.253543,134.350239,128.903304,0.000000,17.259218,54.644450
low_roughness_0194,low_roughness,0.335613,17.282220,66.160591,441.837622,149.515240,59.351502,90.163738,0.000000,10.800357,90.186048
low_roughness_0242,low_roughness,0.347893,39.477900,27.926638,621.998488,448.295220,204.532534,243.762686,0.000000,30.001107,85.410040
medium_roughness_0729,medium_roughness,0.513768,24.473112,50.082551,510.061959,254.609921,136.412945,118.196976,0.000000,16.981265,63.239241
medium_roughness_0779,medium_roughness,0.518079,26.967202,46.066257,582.944237,314.403646,174.391422,140.012225,0.000000,21.787760,90.501966
medium_roughness_0068,medium_roughness,0.455744,35.255196,28.815686,485.751908,345.779163,154.595151,191.184012,0.000000,24.256876,124.242089
medium_roughness_0596,medium_roughness,0.502378,32.249504,26.356296,496.912672,365.944898,183.090234,182.854664,0.000000,23.449529,99.450385
low_roughness_0098,low_roughness,0.293817,26.140046,59.604003,593.853305,239.892963,138.901141,100.991822,0.000000,16.620311,70.669723
high_roughness_0429,high_roughness,0.574459,33.923194,36.527483,544.156040,345.389533,150.266940,195.122594,0.000000,23.553517,120.524844
high_roughness_0341,high_roughness,0.566426,17.601924,69.731827,587.805020,177.917838,99.363964,78.553874,0.000000,11.882531,57.317536
low_roughness_0682,low_roughness,0.417778,21.543314,68.600893,707.273639,222.077604,134.589039,87.488565,0.000000,15.103165,62.032968
low_roughness_0189,low_roughness,0.334452,59.598450,32.800287,1280.051586,860.190986,455.855569,404.335417,0.000000,56.683357,129.981949
low_roughness_0192,low_roughness,0.335223,19.807401,62.618404,675.620025,252.557550,136.036782,116.520768,0.000000,17.043442,42.867776
high_roughness_0757,high_roughness,0.621475,45.798046,28.253988,821.279259,589.235114,291.222285,298.012829,0.000000,38.654825,73.821460
high_roughness_0415,high_roughness,0.572932,41.471174,47.109775,924.354735,488.893297,271.853929,217.039367,0.000000,32.348093,72.986132
medium_roughness_0353,medium_roughness,0.480687,16.601075,36.058840,238.338487,152.396393,75.795909,76.600484,0.000000,10.800694,74.849638
high_roughness_0418,high_roughness,0.573281,29.364747,46.709992,744.393227,396.687206,199.373395,197.313812,0.000000,25.554595,111.400441
low_roughness_0878,low_roughness,0.439625,34.247759,24.186639,484.419797,367.254931,168.572737,198.682195,0.000000,25.187741,104.855735
medium_roughness_0841,medium_roughness,0.523908,37.800462,50.465263,855.233640,423.637737,227.960375,195.677362,0.000000,28.320371,95.673968
high_roughness_0984,high_roughness,0.724610,43.801657,27.375853,723.853914,525.692729,259.297927,266.394802,0.000000,33.990451,92.977662
low_roughness_0729,low_roughness,0.423203,23.252113,45.509296,328.758195,179.142656,67.164269,111.978386,0.000000,13.299837,110.086900
low_roughness_0422,low_roughness,0.385865,26.246364,56.946365,693.175489,298.437245,166.844220,131.593025,0.000000,20.128608,80.048977
low_roughness_0795,low_roughness,0.430180,30.404865,54.228838,702.115508,321.366424,165.982671,155.383753,0.000000,21.703784,113.285667
high_roughness_0626,high_roughness,0.597919,45.410569,19.850192,671.280779,538.030254,273.313873,264.716381,0.000000,36.108438,99.706383
high_roughness_0470,high_roughness,0.579556,17.087988,62.269233,515.300000,194.426645,102.408244,92.018401,0.000000,13.290738,47.606625
medium_roughness_0545,medium_roughness,0.498413,22.970040,61.271010,644.463995,249.594394,104.755861,144.838534,0.000000,16.935805,69.527729
medium_roughness_0679,medium_roughness,0.509840,37.587026,51.040167,859.716607,420.915818,227.354408,193.561411,0.000000,27.803080,82.917049
high_roughness_0480,high_roughness,0.580716,30.812555,46.746099,613.711766,326.825454,159.004259,167.821194,0.000000,21.087283,107.600975
medium_roughness_0024,medium_roughness,0.452095,50.454422,34.634938,825.740437,539.745747,250.454420,289.291327,0.000000,35.739741,101.926608
low_roughness_0277,low_roughness,0.358546,32.497737,52.825644,907.758526,428.229238,226.262211,201.967027,0.000000,27.920413,60.712967
low_roughness_0288,low_roughness,0.361332,35.117568,57.486210,953.560839,405.394849,220.521336,184.873513,0.000000,26.739087,78.087032
medium_roughness_0767,medium_roughness,0.517148,60.982816,17.739680,954.936304,785.533662,352.561157,432.972506,0.000000,51.814425,147.044848
medium_roughness_0255,medium_roughness,0.472528,20.077628,68.297361,405.274728,128.482783,55.592702,72.890081,0.000000,10.099166,114.434533
low_roughness_0668,low_roughness,0.416598,41.140569,47.252798,917.410354,483.908294,271.886233,212.022061,0.000000,32.474391,92.996046
high_roughness_0671,high_roughness,0.605248,34.211312,41.075302,715.394812,421.544231,207.196784,214.347447,0.000000,27.874053,103.097895
high_roughness_0363,high_roughness,0.568601,41.471552,37.787498,746.224578,464.244980,232.422597,231.822383,0.000000,30.952367,76.554584
low_roughness_0356,low_roughness,0.374428,25.519535,68.558187,625.012413,196.515237,126.244733,70.270504,0.000000,14.305306,85.327944
low_roughness_0295,low_roughness,0.363142,35.883410,54.241245,833.402137,381.354444,215.812491,165.541953,0.000000,25.847227,92.294873
medium_roughness_0376,medium_roughness,0.482829,29.313261,45.825371,615.342316,333.359419,159.898385,173.461034,0.000000,22.233326,56.993250
high_roughness_0021,high_roughness,0.538805,30.917146,33.800804,509.023256,336.969304,189.237068,147.732236,0.000000,22.545232,88.211613
low_roughness_0672,low_roughness,0.417001,61.501223,24.131339,1034.415069,784.796862,373.994603,410.802259,0.000000,52.149250,137.025960
medium_roughness_0762,medium_roughness,0.516736,51.424520,22.487022,867.669370,672.556367,331.553100,341.003267,0.000000,43.191708,89.898926
medium_roughness_0503,medium_roughness,0.494486,65.807119,31.215527,1317.403110,906.168787,439.160731,467.008056,0.000000,59.511456,112.016008
medium_roughness_0313,medium_roughness,0.478099,9.579267,74.724770,340.165846,85.977698,51.873032,34.104667,0.000000,6.085565,43.860456
high_roughness_0960,high_roughness,0.703334,34.422745,43.063289,664.883593,378.562853,179.860945,198.701908,0.000000,25.689583,83.010434
medium_roughness_0198,medium_roughness,0.467323,30.624023,35.646119,492.450774,316.911187,159.533218,157.377970,0.000000,20.955972,93.903489
high_roughness_0400,high_roughness,0.572074,26.039415,64.538010,729.165391,258.576561,134.104295,124.472266,0.000000,18.308450,103.845746
low_roughness_0532,low_roughness,0.401273,32.937417,52.802987,849.409847,400.896079,204.198000,196.698080,0.000000,27.465569,83.419664
medium_roughness_0874,medium_roughness,0.526640,35.616490,52.004367,802.920717,385.366883,180.976167,204.390716,0.000000,26.533577,146.560612
high_roughness_0753,high_roughness,0.620756,49.222058,41.597979,964.403213,563.230968,256.944291,306.286677,0.000000,37.443267,98.300188
high_roughness_0130,high_roughness,0.547812,33.274704,32.864897,495.043400,332.347896,158.207807,174.140089,0.000000,22.859892,100.283533
low_roughness_0419,low_roughness,0.385687,7.548592,57.796656,201.482250,85.032246,43.845810,41.186436,0.000000,5.679442,32.910847
low_roughness_0658,low_roughness,0.415608,42.660977,20.314007,671.756058,535.295487,232.001386,303.294101,0.000000,35.500612,102.775259
high_roughness_0906,high_roughness,0.672753,24.695770,54.894523,468.257589,211.209818,104.737581,106.472238,0.000000,14.053520,106.089739
medium_roughness_0238,medium_roughness,0.471300,19.452327,54.905879,529.995116,238.996641,111.542121,127.454520,0.000000,15.660586,51.767074
low_roughness_0966,low_roughness,0.446816,25.829058,65.679164,842.316235,289.089973,150.936155,138.153818,0.000000,18.791201,60.007206
low_roughness_0489,low_roughness,0.396525,21.602778,60.641128,777.463533,306.000880,173.352336,132.648544,0.000000,20.331395,45.997524
low_roughness_0796,low_roughness,0.430185,55.402038,27.469907,961.610788,697.457197,315.798748,381.658450,0.000000,46.468969,95.144274
low_roughness_0133,low_roughness,0.313009,34.955045,38.248873,771.128220,476.180366,214.910319,261.270047,0.000000,31.762453,61.874457
medium_roughness_0922,medium_roughness,0.530401,33.903145,35.430982,588.196491,379.792696,156.180398,223.612298,0.000000,26.184790,89.032917
medium_roughness_0940,medium_roughness,0.531590,27.320406,58.678432,718.687496,296.972940,152.355464,144.617476,0.000000,19.618717,85.118122
medium_roughness_0180,medium_roughness,0.466108,30.968964,47.935100,560.966067,292.066424,161.273325,130.793099,0.000000,20.327762,94.157324
low_roughness_0244,low_roughness,0.348637,15.669588,71.048871,542.799146,157.146481,86.016184,71.130298,0.000000,10.150620,44.781448
high_roughness_0837,high_roughness,0.643984,35.978788,46.762350,930.781190,495.526034,243.697338,251.828696,0.000000,33.087392,83.111404
high_roughness_0057,high_roughness,0.542599,24.409959,34.223859,429.358224,282.415271,139.013770,143.401500,0.000000,18.698131,58.825683
medium_roughness_0527,medium_roughness,0.496858,28.709652,56.119911,670.751146,294.326196,104.148429,190.177767,0.000000,21.413504,123.372971
high_roughness_0377,high_roughness,0.569995,22.058753,52.608238,477.370328,226.234208,125.182313,101.051895,0.000000,15.030294,50.631648
high_roughness_0564,high_roughness,0.589820,34.043673,57.437960,595.897143,253.625979,111.872007,141.753973,0.000000,18.800113,114.364073
medium_roughness_0889,medium_roughness,0.527801,14.515227,61.367516,274.400157,106.007597,40.372289,65.635308,0.000000,7.713058,58.779466
low_roughness_0955,low_roughness,0.446163,38.113528,33.419873,783.982848,521.976773,244.777965,277.198808,0.000000,34.026943,81.694394
high_roughness_0052,high_roughness,0.541572,23.756344,67.983468,847.907112,271.470452,120.594136,150.876316,0.000000,17.657140,108.789155
high_roughness_0178,high_roughness,0.551122,25.355017,39.617798,354.883988,214.286766,111.195678,103.091089,0.000000,14.569206,106.784779
medium_roughness_0950,medium_roughness,0.532619,35.087600,41.138686,668.106931,393.256518,217.004409,176.252109,0.000000,25.975149,80.878838
high_roughness_0131,high_roughness,0.547825,40.942322,31.562215,742.458846,508.122391,223.403558,284.718833,0.000000,33.058341,137.954770
low_roughness_0554,low_roughness,0.404382,67.266745,24.644133,1157.221208,872.034077,436.770025,435.264053,0.000000,57.582491,121.339944
high_roughness_0343,high_roughness,0.566834,27.654063,38.613820,524.278396,321.834480,157.963740,163.870740,0.000000,20.496354,60.322743
low_roughness_0183,low_roughness,0.333075,61.012240,33.574299,1348.288338,895.609974,478.578394,417.031581,0.000000,58.387124,83.518196
high_roughness_0314,high_roughness,0.563696,42.927030,43.692791,750.536360,422.606076,210.083768,212.522308,0.000000,28.808593,108.233082
medium_roughness_0169,medium_roughness,0.465404,34.378494,39.864360,580.679630,349.195414,155.218617,193.976797,0.000000,24.458336,130.633538
low_roughness_0976,low_roughness,0.447473,36.929142,51.430795,779.154942,378.429359,183.388902,195.040457,0.000000,25.051210,81.926308
high_roughness_0731,high_roughness,0.615988,42.041055,29.293938,613.413590,433.720591,192.696617,241.023974,0.000000,28.784059,136.073017
high_roughness_0650,high_roughness,0.602261,53.073729,29.921618,986.682122,691.450870,340.734664,350.716206,0.000000,45.643721,97.308862
medium_roughness_0722,medium_roughness,0.513208,16.402678,62.134925,437.287742,165.579331,95.736795,69.842536,0.000000,11.555966,78.472765
low_roughness_0384,low_roughness,0.379315,14.529293,77.429416,623.265826,140.674734,81.413418,59.261317,0.000000,9.411908,48.916022
medium_roughness_0805,medium_roughness,0.520289,38.322003,41.216980,710.196892,417.475182,186.288308,231.186875,0.000000,27.568200,111.679294
low_roughness_0463,low_roughness,0.393141,18.451154,71.679905,627.605651,177.738516,110.071061,67.667455,0.000000,12.231984,63.627927
low_roughness_0483,low_roughness,0.395971,44.738557,42.005900,826.564615,479.358710,203.859921,275.498790,0.000000,32.931030,126.534309
low_roughness_0726,low_roughness,0.422893,52.864442,36.566735,1192.560859,756.480292,398.300109,358.180183,0.000000,49.578797,97.356552
medium_roughness_0880,medium_roughness,0.527177,28.039519,54.734517,604.294253,273.536713,144.184305,129.352408,0.000000,18.425661,107.645483
medium_roughness_0445,medium_roughness,0.489554,66.462348,20.810535,1091.227889,864.137525,397.715303,466.422221,0.000000,57.129695,119.177690
medium_roughness_0392,medium_roughness,0.484802,10.561568,52.948320,242.262370,113.988514,52.786214,61.202301,0.000000,7.403041,38.849167
medium_roughness_0393,medium_roughness,0.484813,11.390653,57.100130,216.822127,93.016410,62.413704,30.602705,0.000000,6.472507,57.273923
low_roughness_0839,low_roughness,0.435276,24.331340,55.468092,572.657571,255.015340,153.858539,101.156802,0.000000,17.467280,69.918825
medium_roughness_0399,medium_roughness,0.485453,26.949192,61.595141,805.433791,309.325712,183.229328,126.096384,0.000000,21.011129,60.835876
high_roughness_0203,high_roughness,0.553585,26.203526,63.627597,747.878654,272.021441,126.326149,145.695292,0.000000,18.534656,75.767393
medium_roughness_0357,medium_roughness,0.481078,18.253237,65.751833,537.463766,184.071490,117.685714,66.385776,0.000000,12.941187,55.254432
low_roughness_0779,low_roughness,0.428944,13.086513,81.293081,586.326684,109.683655,68.997462,40.686194,0.000000,7.734758,47.146942
medium_roughness_0885,medium_roughness,0.527695,21.529756,65.268460,636.774621,221.161633,129.644489,91.517144,0.000000,15.603105,93.516315
medium_roughness_0893,medium_roughness,0.528002,40.134796,25.753042,655.899108,486.985134,218.844547,268.140588,0.000000,32.250564,81.991471
medium_roughness_0455,medium_roughness,0.490161,32.603619,52.092058,771.206982,369.469394,206.987352,162.482041,0.000000,24.296223,68.469290
low_roughness_0493,low_roughness,0.397058,20.342176,67.517192,594.878016,193.233086,116.787597,76.445490,0.000000,13.680797,67.516824
high_roughness_0296,high_roughness,0.562500,38.931649,50.489409,938.713284,464.762495,213.785574,250.976921,0.000000,30.869453,124.927248
low_roughness_0308,low_roughness,0.365953,35.842182,28.147769,650.874357,467.667747,214.346606,253.321141,0.000000,30.775349,60.313791
medium_roughness_0001,medium_roughness,0.450524,32.519584,42.345397,500.280579,288.434782,140.486453,147.948329,0.000000,20.813899,114.564542
medium_roughness_0207,medium_roughness,0.468054,36.314226,38.041485,608.343899,376.920847,162.118394,214.802452,0.000000,25.317789,82.874144
low_roughness_0222,low_roughness,0.342372,16.766756,69.434738,472.565390,144.440849,85.518612,58.922237,0.000000,10.405223,71.039477
low_roughness_0581,low_roughness,0.407812,36.150388,40.139432,722.424183,432.447221,203.534056,228.913166,0.000000,28.492642,75.471820
high_roughness_0709,high_roughness,0.612922,32.307940,30.416697,506.741150,352.607231,163.780456,188.826775,0.000000,23.283736,125.805955
low_roughness_0392,low_roughness,0.380324,46.754046,42.002545,1088.015443,631.021262,327.082866,303.938396,0.000000,41.203668,82.975100
medium_roughness_0628,medium_roughness,0.505597,22.775451,66.773772,742.304084,246.639649,134.828124,111.811525,0.000000,16.097521,59.497014
low_roughness_0137,low_roughness,0.315403,10.754806,54.816173,197.380684,89.184146,36.155823,53.028324,0.000000,6.211508,56.908331
medium_roughness_0717,medium_roughness,0.512749,22.253972,66.843220,773.290001,256.398061,132.595319,123.802742,0.000000,17.024692,65.886445
high_roughness_0548,high_roughness,0.587882,38.744403,32.497135,697.001882,470.496242,188.646686,281.849556,0.000000,31.706406,96.447165
high_roughness_0596,high_roughness,0.594363,15.242535,60.273707,387.325528,153.870073,79.798470,74.071604,0.000000,10.377649,64.732372
medium_roughness_0797,medium_roughness,0.519855,48.396726,23.177867,763.331651,586.407655,269.082847,317.324808,0.000000,37.688892,140.613213
low_roughness_0041,low_roughness,0.206382,10.931196,74.790784,546.276331,137.711979,79.543988,58.167992,0.000000,9.327721,40.186706
low_roughness_0289,low_roughness,0.361366,64.001006,28.245854,1257.053222,901.987798,432.462308,469.525490,0.000000,59.338696,115.131460
high_roughness_0704,high_roughness,0.611900,16.558458,42.851835,252.098196,144.069492,90.465149,53.604343,0.000000,9.578542,76.079806
high_roughness_0422,high_roughness,0.573470,46.467679,30.229833,784.421596,547.292258,271.568184,275.724074,0.000000,35.998632,124.116490
medium_roughness_0284,medium_roughness,0.475109,30.372573,56.020256,763.867962,335.947172,193.028337,142.918835,0.000000,22.547450,97.744992
high_roughness_0586,high_roughness,0.592871,16.867280,35.587386,258.007173,166.189163,80.117545,86.071618,0.000000,11.634146,75.066189
medium_roughness_0991,medium_roughness,0.536226,30.559895,46.630216,635.042145,338.920621,158.029524,180.891097,0.000000,22.430656,75.589929
low_roughness_0491,low_roughness,0.396870,36.621612,32.758489,639.932645,430.300378,202.210652,228.089726,0.000000,28.076723,79.735732
medium_roughness_0362,medium_roughness,0.481684,35.145292,56.885487,944.760483,407.328878,220.861970,186.466908,0.000000,28.221785,113.679713
low_roughness_0001,low_roughness,0.085548,43.214242,31.471536,657.722548,450.727158,201.271347,249.455811,0.000000,31.011653,123.680195
high_roughness_0513,high_roughness,0.583960,38.670192,31.534100,569.368596,389.823336,191.772843,198.050493,0.000000,24.936197,103.441684
high_roughness_0807,high_roughness,0.635748,45.253201,22.405785,724.713290,562.335585,290.754021,271.581564,0.000000,36.438154,84.568595
medium_roughness_0131,medium_roughness,0.462332,35.691225,49.370448,849.585489,430.141327,233.286788,196.854539,0.000000,29.215713,95.843505
high_roughness_0300,high_roughness,0.562813,32.350149,55.207962,689.016599,308.624575,142.819954,165.804621,0.000000,21.973337,132.405215
high_roughness_0176,high_roughness,0.551081,30.695986,45.010050,624.750554,343.550015,194.612344,148.937671,0.000000,23.744193,78.916649
medium_roughness_0481,medium_roughness,0.492684,23.174201,49.789426,501.393488,251.752550,124.067292,127.685259,0.000000,17.080094,71.062218
high_roughness_0706,high_roughness,0.612216,36.490611,31.053103,561.813634,387.353068,211.813700,175.539369,0.000000,25.523795,109.132025
high_roughness_0608,high_roughness,0.595794,34.763486,28.634879,584.738608,417.299413,216.681917,200.617496,0.000000,27.390050,91.643931
high_roughness_0726,high_roughness,0.615270,28.375114,52.769855,660.012619,311.724915,169.225364,142.499551,0.000000,21.406948,77.467085
low_roughness_0188,low_roughness,0.334267,12.664540,42.025530,258.252057,149.720260,68.093791,81.626470,0.000000,9.972075,31.449143
low_roughness_0377,low_roughness,0.377977,43.920191,23.548745,625.556459,478.245766,218.269702,259.976064,0.000000,32.708100,130.283725
medium_roughness_0547,medium_roughness,0.498545,9.504651,81.343645,594.048071,110.827718,60.526567,50.301150,0.000000,7.327468,25.443458
medium_roughness_0980,medium_roughness,0.534955,34.645902,41.156485,750.885153,441.847216,226.762832,215.084384,0.000000,28.208535,117.039641
low_roughness_0738,low_roughness,0.424479,8.459630,60.216941,203.480593,80.950804,50.638792,30.312012,0.000000,5.533333,50.502365
low_roughness_0557,low_roughness,0.404829,48.144342,23.365725,822.012418,629.943254,301.319889,328.623364,0.000000,40.722094,100.278916
low_roughness_0145,low_roughness,0.318256,66.757663,23.728464,1187.257244,905.539342,428.902755,476.636586,0.000000,60.031663,119.105712
medium_roughness_0844,medium_roughness,0.524470,49.812490,25.703753,801.775086,595.688797,304.452310,291.236486,0.000000,39.579515,93.767307
low_roughness_0131,low_roughness,0.312047,21.052332,65.760164,529.068753,181.152271,122.102737,59.049535,0.000000,13.061134,66.301930
medium_roughness_0391,medium_roughness,0.484749,21.313963,61.518430,476.801895,183.480857,94.825344,88.655513,0.000000,13.671849,116.584421
high_roughness_0311,high_roughness,0.563532,11.400362,71.127429,459.536543,132.680013,70.377704,62.302309,0.000000,8.526637,30.452451
low_roughness_0319,low_roughness,0.369096,28.321082,55.306044,722.178427,322.770106,175.676727,147.093379,0.000000,21.953431,79.846544
medium_roughness_0925,medium_roughness,0.530572,16.176220,58.493808,291.638565,121.048063,61.448439,59.599624,0.000000,8.214900,88.286845
low_roughness_0283,low_roughness,0.360161,13.763936,58.976570,290.536620,119.188086,85.394538,33.793548,0.000000,8.776619,71.886632
high_roughness_0181,high_roughness,0.551370,43.829678,33.633361,804.910380,534.191964,284.243366,249.948598,0.000000,35.622683,147.592724
low_roughness_0213,low_roughness,0.339790,30.475473,59.467273,817.055125,331.174727,184.883530,146.291197,0.000000,22.593591,89.626110
low_roughness_0344,low_roughness,0.373093,41.872112,30.049136,722.814823,505.615216,216.526409,289.088807,0.000000,35.053349,107.266120
low_roughness_0253,low_roughness,0.351152,51.484254,22.556604,872.210073,675.469099,319.287829,356.181269,0.000000,44.494213,96.763749
medium_roughness_0005,medium_roughness,0.450866,36.688514,41.993408,816.283535,473.498261,246.675588,226.822673,0.000000,30.311814,56.412056
low_roughness_0778,low_roughness,0.428881,36.218334,34.618710,629.333628,411.466444,191.815619,219.650824,0.000000,27.547823,77.093853
medium_roughness_0599,medium_roughness,0.502542,32.625438,40.268894,604.958022,361.348120,200.552407,160.795712,0.000000,24.294635,72.705938
high_roughness_0346,high_roughness,0.567030,22.155856,44.506037,395.863290,219.680229,101.039918,118.640311,0.000000,15.291754,89.966813
high_roughness_0926,high_roughness,0.684072,36.372086,35.081295,624.466695,405.395695,212.260397,193.135298,0.000000,27.470733,93.271823
low_roughness_0480,low_roughness,0.395843,31.521812,59.665744,786.198565,317.107345,168.133987,148.973359,0.000000,22.362492,104.409588
low_roughness_0099,low_roughness,0.294303,44.654695,28.451668,730.808413,522.881232,233.499569,289.381663,0.000000,35.600437,97.956393
low_roughness_0269,low_roughness,0.357380,17.460428,72.543207,672.143993,184.549183,100.999179,83.550004,0.000000,12.258801,44.839768
high_roughness_0993,high_roughness,0.764102,20.511354,64.171651,461.635857,165.396507,71.259287,94.137220,0.000000,11.645244,93.127266
medium_roughness_0050,medium_roughness,0.454137,18.924105,47.472496,342.298355,179.800781,80.408628,99.392153,0.000000,12.595454,76.786017
medium_roughness_0039,medium_roughness,0.453463,43.249278,46.956793,1002.822188,531.929053,273.221196,258.707856,0.000000,34.238352,75.125857
medium_roughness_0757,medium_roughness,0.516118,12.760978,66.584479,383.883638,128.276718,74.609215,53.667503,0.000000,8.875261,48.027783
low_roughness_0615,low_roughness,0.410793,28.021317,38.230004,433.828666,267.975948,124.530799,143.445150,0.000000,18.811078,105.030058
low_roughness_0490,low_roughness,0.396847,51.953374,21.867388,886.242957,692.444769,326.283973,366.160797,0.000000,45.510217,78.777576
medium_roughness_0252,medium_roughness,0.472379,33.688562,56.552989,799.901520,347.533304,177.004210,170.529094,0.000000,24.752985,122.311118
low_roughness_0302,low_roughness,0.364452,21.125720,71.661944,720.777759,204.254408,114.553490,89.700918,0.000000,14.449393,76.139496
high_roughness_0487,high_roughness,0.581130,26.843855,52.666353,641.791492,303.783320,164.471076,139.312244,0.000000,21.290020,83.558906
low_roughness_0610,low_roughness,0.410289,74.760826,17.675719,1316.598848,1083.880530,499.621866,584.258664,0.000000,71.704330,116.615190
low_roughness_0576,low_roughness,0.407406,38.099319,50.874653,912.408528,448.223853,262.744913,185.478940,0.000000,30.769987,87.086332
high_roughness_0313,high_roughness,0.563683,22.312267,58.537109,501.612573,207.983077,111.834548,96.148529,0.000000,13.491767,67.965612
low_roughness_0039,low_roughness,0.202542,71.603602,27.245033,1314.421212,956.306719,439.854770,516.451950,0.000000,63.842530,128.492329
high_roughness_0011,high_roughness,0.537979,25.003001,55.558341,708.054423,314.671129,147.107634,167.563495,0.000000,20.377198,53.852281
medium_roughness_0715,medium_roughness,0.512427,29.462961,32.210963,462.883944,313.784569,158.192692,155.591877,0.000000,21.027503,71.807317
high_roughness_0239,high_roughness,0.556909,20.564798,58.071683,656.178603,275.124643,142.133135,132.991507,0.000000,17.746919,34.672199
low_roughness_0301,low_roughness,0.364398,27.084796,42.393642,506.468794,291.758228,119.333543,172.424685,0.000000,20.123914,68.324981
low_roughness_0287,low_roughness,0.361275,18.975095,54.380371,443.358765,202.258622,105.673357,96.585265,0.000000,13.949713,93.435601
low_roughness_0765,low_roughness,0.427695,18.807567,63.502206,407.008691,148.549193,59.590905,88.958288,0.000000,11.279802,104.985479
low_roughness_0589,low_roughness,0.408257,42.003390,38.829627,850.751711,520.407991,230.258548,290.149444,0.000000,35.934135,128.427293
medium_roughness_0486,medium_roughness,0.493082,20.580252,51.699360,552.020114,266.629246,131.254733,135.374513,0.000000,17.181059,82.145449
medium_roughness_0208,medium_roughness,0.468207,14.916662,80.782535,577.551556,110.990768,79.323792,31.666975,0.000000,7.293010,71.699634
high_roughness_0077,high_roughness,0.543941,35.306515,37.888059,609.019554,378.273866,177.511719,200.762147,0.000000,24.552023,73.764573
low_roughness_0260,low_roughness,0.352825,24.707133,65.064236,614.700137,214.750186,138.807794,75.942393,0.000000,15.534026,95.795716
high_roughness_0059,high_roughness,0.542855,29.392126,50.172652,632.682647,315.248981,150.443028,164.805953,0.000000,21.037022,84.123580
low_roughness_0909,low_roughness,0.442106,15.888102,73.981065,764.534952,198.923851,108.386461,90.537389,0.000000,13.298240,47.617002
medium_roughness_0727,medium_roughness,0.513585,38.309503,44.938539,936.953367,515.900213,255.621614,260.278599,0.000000,34.291174,90.314253
medium_roughness_0038,medium_roughness,0.453248,53.638530,29.005434,885.174809,628.426016,307.451539,320.974476,0.000000,41.540926,90.478901
low_roughness_0864,low_roughness,0.438279,26.919971,57.689574,777.424984,328.931822,181.604923,147.326899,0.000000,22.469497,106.176359
high_roughness_0120,high_roughness,0.547124,48.277476,33.295982,898.355869,599.239463,330.286973,268.952490,0.000000,39.448612,81.029272
high_roughness_0163,high_roughness,0.549829,43.150188,33.132310,883.343559,590.671432,301.104365,289.567067,0.000000,38.266625,67.586299
high_roughness_0904,high_roughness,0.672444,33.159673,26.726520,484.691281,355.150171,173.044569,182.105601,0.000000,23.240376,79.444569
medium_roughness_0204,medium_roughness,0.467915,40.910376,45.865043,836.778962,452.989932,219.810265,233.179667,0.000000,30.262962,95.817810
low_roughness_0404,low_roughness,0.383250,34.531097,32.128462,520.759076,353.447195,162.166584,191.280611,0.000000,23.648917,105.452696
medium_roughness_0826,medium_roughness,0.522347,22.940854,51.927267,440.520610,211.770296,101.942296,109.828001,0.000000,15.056970,114.292232
medium_roughness_0192,medium_roughness,0.466883,21.751538,56.990331,657.390302,282.741392,121.890436,160.850956,0.000000,19.477476,86.638494
low_roughness_0406,low_roughness,0.383335,33.666003,50.858687,773.839746,380.275011,173.259083,207.015928,0.000000,26.017943,110.978322
low_roughness_0895,low_roughness,0.441253,32.076725,48.065910,854.683653,443.872175,208.054050,235.818125,0.000000,29.557313,81.465255
high_roughness_0293,high_roughness,0.562000,51.303849,18.710814,746.133412,606.525776,314.559357,291.966419,0.000000,39.381309,127.768974
high_roughness_0974,high_roughness,0.714891,16.973485,67.070544,528.117937,173.906361,77.127256,96.779105,0.000000,11.692704,48.623799
high_roughness_0297,high_roughness,0.562527,23.385400,47.420205,349.679950,183.861001,85.418803,98.442198,0.000000,13.047753,109.362141
high_roughness_0598,high_roughness,0.594983,29.975157,56.614576,602.410642,261.358411,137.754298,123.604113,0.000000,17.356744,101.435984
low_roughness_0651,low_roughness,0.414978,21.599818,60.463321,434.327637,171.718723,89.322593,82.396129,0.000000,12.454224,65.888770
medium_roughness_0262,medium_roughness,0.472908,27.306692,33.943033,454.045176,299.928471,137.549122,162.379349,0.000000,20.113965,63.947285
medium_roughness_0077,medium_roughness,0.456664,18.792025,58.907853,570.428345,234.401252,129.836265,104.564987,0.000000,15.085357,43.541403
high_roughness_0115,high_roughness,0.546797,32.230772,46.275063,809.219541,434.752693,215.014146,219.738547,0.000000,29.033466,63.571003
medium_roughness_0311,medium_roughness,0.477923,17.366318,75.088399,656.862098,163.634865,87.998302,75.636563,0.000000,10.473142,54.874516
high_roughness_0412,high_roughness,0.572690,37.509266,34.728414,799.081056,521.572879,260.453852,261.119027,0.000000,34.055495,64.237304
low_roughness_0739,low_roughness,0.425063,32.149278,55.899408,772.349439,340.610674,181.477128,159.133546,0.000000,23.186903,81.679576
medium_roughness_0344,medium_roughness,0.479777,26.511279,63.764828,804.191053,291.400011,152.609898,138.790113,0.000000,19.730549,60.194863
low_roughness_0509,low_roughness,0.398728,20.470742,64.772526,560.024578,197.282513,108.024707,89.257807,0.000000,13.443915,106.117307
low_roughness_0977,low_roughness,0.447485,24.054906,52.440034,428.071165,203.590500,69.549986,134.040515,0.000000,15.050558,77.950162
high_roughness_0188,high_roughness,0.552126,41.796041,26.075105,636.355396,470.425060,236.168080,234.256981,0.000000,31.787847,127.939568
medium_roughness_0263,medium_roughness,0.473015,24.830174,41.738441,333.778697,194.464671,85.905296,108.559375,0.000000,13.731455,98.764506
low_roughness_0594,low_roughness,0.408411,60.074886,23.891966,907.572471,690.735563,317.476002,373.259561,0.000000,45.675478,104.976897
high_roughness_0916,high_roughness,0.677636,52.478089,26.134993,822.303280,607.394379,304.754633,302.639745,0.000000,39.865647,141.927913
high_roughness_0615,high_roughness,0.596254,13.479654,71.243122,505.577949,145.388436,72.332374,73.056062,0.000000,10.000804,64.636009
low_roughness_0506,low_roughness,0.398670,9.330010,61.121082,252.615249,98.214075,50.544396,47.669680,0.000000,6.716675,25.178509
high_roughness_0514,high_roughness,0.584005,10.572486,78.765831,396.919934,84.282648,50.593762,33.688886,0.000000,5.826374,65.135603
high_roughness_0211,high_roughness,0.554261,37.536341,34.005324,657.597668,433.979453,211.939121,222.040333,0.000000,28.246667,93.594934
medium_roughness_0579,medium_roughness,0.500946,50.312784,36.626363,1194.971310,757.296782,382.301792,374.994989,0.000000,49.834650,73.242874
medium_roughness_0229,medium_roughness,0.470762,19.915800,55.579616,464.249031,206.221204,111.585488,94.635716,0.000000,14.297470,63.073450
medium_roughness_0185,medium_roughness,0.466457,25.895845,40.426935,526.296323,313.530849,153.312346,160.218503,0.000000,21.079013,67.076129
low_roughness_0311,low_roughness,0.366669,46.149855,26.709462,792.515254,580.838692,257.303923,323.534769,0.000000,39.272510,99.235342
low_roughness_0193,low_roughness,0.335296,50.751197,39.564644,1165.529705,704.392026,367.892729,336.499296,0.000000,45.640283,75.562902
medium_roughness_0264,medium_roughness,0.473146,52.164534,36.866758,1181.174842,745.713973,375.895542,369.818432,0.000000,49.967112,101.281474
low_roughness_0243,low_roughness,0.347903,54.571327,35.565759,1206.988365,777.713786,400.731300,376.982486,0.000000,49.897688,82.129745
high_roughness_0973,high_roughness,0.714436,28.337133,51.163823,622.451609,303.981568,134.574986,169.406582,0.000000,19.992236,80.941278
medium_roughness_0456,medium_roughness,0.490177,30.872509,53.031045,686.245458,322.322321,166.614340,155.707981,0.000000,20.539768,77.523486
medium_roughness_0155,medium_roughness,0.464638,62.407211,35.081102,1246.435159,809.171966,401.902835,407.269131,0.000000,53.603582,101.968867
high_roughness_0896,high_roughness,0.670265,21.006422,47.434546,434.956164,228.636684,93.817521,134.819163,0.000000,15.541686,74.121877
medium_roughness_0063,medium_roughness,0.455509,28.289763,54.414437,745.501718,339.841158,151.728807,188.112351,0.000000,22.918409,127.374885
low_roughness_0880,low_roughness,0.439998,48.284303,38.930185,974.530119,595.143745,305.779892,289.363853,0.000000,38.241885,88.579079
high_roughness_0763,high_roughness,0.623491,32.147028,29.665391,523.187709,367.982029,165.371445,202.610585,0.000000,24.939310,70.598120
high_roughness_0713,high_roughness,0.613618,37.593454,46.641906,827.647636,441.617007,238.225913,203.391094,0.000000,29.906872,128.275709
low_roughness_0868,low_roughness,0.438786,34.872549,32.977476,504.488188,338.120715,171.363449,166.757267,0.000000,23.566460,105.692701
low_roughness_0423,low_roughness,0.385921,22.026234,68.534551,744.689320,234.319841,133.641442,100.678399,0.000000,15.813885,58.484660
medium_roughness_0761,medium_roughness,0.516551,27.120782,56.723532,701.046819,303.388305,155.578553,147.809751,0.000000,21.227405,88.759046
low_roughness_0435,low_roughness,0.387937,32.078780,54.052804,738.550220,339.343121,185.021758,154.321363,0.000000,22.453689,71.559750
medium_roughness_0754,medium_roughness,0.515981,51.147254,32.433994,1071.606952,724.042018,335.452449,388.589569,0.000000,47.666361,98.216673
medium_roughness_0318,medium_roughness,0.478512,63.729402,18.095672,990.897613,811.588035,388.445562,423.142473,0.000000,53.422950,99.380271
medium_roughness_0509,medium_roughness,0.494848,36.768127,41.475286,569.799409,333.473472,179.422099,154.051373,0.000000,23.199909,133.430974
low_roughness_0479,low_roughness,0.395363,53.127918,34.600597,1000.868766,654.562196,321.628985,332.933210,0.000000,42.578718,109.518339
low_roughness_0411,low_roughness,0.384348,34.880106,45.214950,931.200700,510.158768,239.298740,270.860028,0.000000,33.444188,78.043176
low_roughness_0754,low_roughness,0.426190,21.135399,68.558570,783.026357,246.194683,134.358769,111.835914,0.000000,16.552301,52.792021
medium_roughness_0023,medium_roughness,0.452074,18.772988,38.719375,281.166282,172.300454,68.997891,103.302563,0.000000,12.515395,101.967179
high_roughness_0317,high_roughness,0.563792,32.085474,36.965669,601.681951,379.266193,159.038408,220.227785,0.000000,25.165513,95.531497
medium_roughness_0270,medium_roughness,0.473908,59.742776,21.282385,1011.088609,795.904839,376.088428,419.816411,0.000000,52.712639,120.702688
low_roughness_0013,low_roughness,0.158328,32.370875,56.033039,897.260217,394.498050,221.778868,172.719181,0.000000,27.017971,88.833727
high_roughness_0335,high_roughness,0.565881,31.463123,41.240382,474.989297,279.101896,158.912688,120.189208,0.000000,18.871769,92.301116
low_roughness_0973,low_roughness,0.447358,24.849458,51.060147,478.803084,234.325525,106.324347,128.001178,0.000000,16.989396,130.081084
high_roughness_0707,high_roughness,0.612512,26.539950,44.043203,591.113285,330.768063,168.009008,162.759055,0.000000,22.074636,70.120590
high_roughness_0234,high_roughness,0.556496,33.630423,54.290535,926.689732,423.584918,217.707349,205.877569,0.000000,28.459554,72.033784
low_roughness_0837,low_roughness,0.435200,26.547022,45.652890,511.642730,278.063036,125.800746,152.262289,0.000000,19.337406,103.219549
medium_roughness_0308,medium_roughness,0.477590,37.766892,47.807426,1022.291016,533.559995,292.601581,240.958413,0.000000,35.256072,97.744992
high_roughness_0766,high_roughness,0.624512,18.738497,51.446670,374.034091,181.606007,96.449790,85.156217,0.000000,13.006021,73.662341
high_roughness_0288,high_roughness,0.561741,22.141232,53.583133,249.191645,115.666953,47.283492,68.383461,0.000000,9.100108,123.966152
high_roughness_0022,high_roughness,0.538854,29.765320,38.013029,461.906405,286.321787,164.051484,122.270303,0.000000,19.218079,122.167022
medium_roughness_0175,medium_roughness,0.465766,15.757133,77.660017,516.503142,115.386713,46.835865,68.550849,0.000000,8.357550,72.032449
medium_roughness_0909,medium_roughness,0.529205,29.278499,61.878706,818.361623,311.970041,143.606665,168.363376,0.000000,21.394691,119.628614
high_roughness_0891,high_roughness,0.668978,20.347960,48.771889,458.689525,234.977977,124.329054,110.648923,0.000000,15.778563,66.102536
medium_roughness_0840,medium_roughness,0.523773,27.094964,48.398773,568.845901,293.531467,156.475296,137.056171,0.000000,18.686147,60.727739
high_roughness_0406,high_roughness,0.572403,34.631126,49.655031,760.595282,382.921462,189.872753,193.048710,0.000000,24.739174,89.197491
low_roughness_0464,low_roughness,0.393154,21.025368,57.330323,674.809244,287.938925,136.085487,151.853438,0.000000,18.754028,54.902692
low_roughness_0157,low_roughness,0.322674,35.245034,55.149553,1083.884393,486.126998,286.215867,199.911132,0.000000,32.089190,78.075614
high_roughness_0368,high_roughness,0.569264,16.296500,66.050585,499.272952,169.500248,92.504194,76.996054,0.000000,11.683415,64.213318
low_roughness_0216,low_roughness,0.340926,49.112638,21.623179,906.096552,710.169676,324.875227,385.294449,0.000000,46.676216,77.146140
medium_roughness_0146,medium_roughness,0.463558,35.626263,37.733067,648.610934,403.870135,202.307103,201.563032,0.000000,27.572142,85.219393
high_roughness_0760,high_roughness,0.622347,33.388930,49.377177,876.069457,443.491092,218.724704,224.766388,0.000000,29.302963,70.654592
low_roughness_0296,low_roughness,0.363317,37.605849,49.810837,800.610443,401.819681,187.608780,214.210901,0.000000,26.791871,91.976633
low_roughness_0182,low_roughness,0.332748,36.267901,34.119090,611.601635,402.928722,194.821611,208.107111,0.000000,27.331756,97.975000
low_roughness_0224,low_roughness,0.342874,37.856804,54.521838,908.991697,413.392721,220.694097,192.698624,0.000000,27.505026,89.653641
low_roughness_0794,low_roughness,0.430042,26.758897,48.008872,639.089506,332.269843,164.617420,167.652423,0.000000,22.053516,71.272193
medium_roughness_0220,medium_roughness,0.469746,23.576173,55.619192,429.093551,190.435184,89.164105,101.271079,0.000000,14.077165,118.407921
medium_roughness_0227,medium_roughness,0.470684,35.971211,46.660203,810.838561,432.499642,237.891929,194.607713,0.000000,29.114719,88.950119
low_roughness_0063,low_roughness,0.249183,28.755233,60.582292,859.374882,338.745884,193.226739,145.519145,0.000000,23.221335,63.489136
medium_roughness_0743,medium_roughness,0.515053,45.396400,30.403999,793.209101,552.041816,236.223023,315.818793,0.000000,37.874415,128.353607
high_roughness_0903,high_roughness,0.672194,42.619614,37.974799,720.026204,446.597699,227.678021,218.919678,0.000000,30.194563,108.855066
high_roughness_0796,high_roughness,0.632607,17.285223,52.755001,424.205359,200.415819,108.652749,91.763070,0.000000,12.851689,43.085854
medium_roughness_0623,medium_roughness,0.504641,54.071042,21.445853,898.290856,705.644721,341.963651,363.681070,0.000000,45.465325,103.217861
high_roughness_0720,high_roughness,0.614724,39.825868,15.167711,535.749346,454.488434,217.096974,237.391460,0.000000,29.387945,100.374366
medium_roughness_0093,medium_roughness,0.458232,9.178565,82.821385,498.191760,85.582445,50.489744,35.092701,0.000000,5.862344,40.481079
high_roughness_0481,high_roughness,0.580739,29.608112,51.829791,601.197301,289.597994,170.057964,119.540031,0.000000,19.391293,107.036012
high_roughness_0909,high_roughness,0.673016,30.687145,36.821887,531.798653,335.980352,155.197422,180.782930,0.000000,22.631909,97.470255
high_roughness_0053,high_roughness,0.541752,22.179979,59.109827,529.810487,216.640423,119.534784,97.105639,0.000000,15.616291,80.778368
high_roughness_0331,high_roughness,0.565538,36.605831,33.860527,669.771262,442.983185,229.522020,213.461166,0.000000,28.538839,67.080462
medium_roughness_0814,medium_roughness,0.521544,35.057420,39.594630,618.838603,373.811746,168.438468,205.373278,0.000000,25.067547,88.997726
medium_roughness_0034,medium_roughness,0.452888,36.694287,51.120538,864.739361,422.679946,206.706887,215.973059,0.000000,29.521541,126.100108
high_roughness_0791,high_roughness,0.630828,36.462788,41.267519,692.834943,406.919153,208.871616,198.047537,0.000000,26.235085,87.656408
medium_roughness_0911,medium_roughness,0.529283,45.619779,40.184239,1085.897697,649.537975,321.729960,327.808014,0.000000,42.777833,85.133104
high_roughness_0451,high_roughness,0.577090,16.191588,69.350337,552.911800,169.465602,102.090832,67.374770,0.000000,11.683343,52.466188
high_roughness_0330,high_roughness,0.565525,18.184556,39.948967,296.699029,178.170831,118.076374,60.094458,0.000000,11.999798,72.537514
medium_roughness_0662,medium_roughness,0.508146,47.782059,33.111055,778.911430,521.005640,252.783944,268.221697,0.000000,34.610527,104.425204
low_roughness_0637,low_roughness,0.413396,28.610416,52.441761,678.015077,322.452030,156.637810,165.814219,0.000000,20.617504,58.706269
medium_roughness_0478,medium_roughness,0.492482,25.144899,58.526369,595.255213,246.873952,110.328383,136.545569,0.000000,16.616532,88.434394
medium_roughness_0116,medium_roughness,0.460532,34.952441,32.628946,658.897049,443.905889,207.979326,235.926564,0.000000,29.460209,79.473383
high_roughness_0535,high_roughness,0.586282,40.757030,45.106585,921.826844,506.022236,262.444724,243.577513,0.000000,32.672404,91.688772
medium_roughness_0790,medium_roughness,0.518777,25.539976,46.313510,465.783295,250.062700,154.343309,95.719391,0.000000,17.377225,115.438171
medium_roughness_0482,medium_roughness,0.492735,17.101297,71.740480,665.209981,187.985147,93.863854,94.121293,0.000000,12.310095,44.852609
high_roughness_0566,high_roughness,0.590199,16.651427,47.854445,273.275685,142.501123,74.050051,68.451072,0.000000,9.928514,72.815167
medium_roughness_0673,medium_roughness,0.509207,44.570819,41.294989,898.104248,527.232194,255.239815,271.992379,0.000000,36.061480,103.838685
high_roughness_0093,high_roughness,0.544572,21.517033,60.521563,589.180191,232.599133,137.441121,95.158011,0.000000,16.034322,73.896441
medium_roughness_0753,medium_roughness,0.515952,60.934236,21.321162,1019.962412,802.494569,389.622868,412.871701,0.000000,53.400964,103.515814
high_roughness_0171,high_roughness,0.550703,25.035645,37.395463,465.980981,291.725235,155.964321,135.760914,0.000000,18.930635,55.663633
low_roughness_0147,low_roughness,0.318605,37.972720,55.334316,1092.299392,487.882996,281.954654,205.928342,0.000000,33.472653,89.351425
medium_roughness_0087,medium_roughness,0.457919,10.357649,76.108003,530.664645,126.786379,79.310886,47.475493,0.000000,8.630548,38.870529
high_roughness_0032,high_roughness,0.539962,40.173830,30.709633,609.989504,422.663963,217.924142,204.739822,0.000000,27.038211,92.375831
low_roughness_0164,low_roughness,0.324913,29.177713,59.554534,848.953833,343.363332,196.412180,146.951152,0.000000,22.909342,71.900262
medium_roughness_0101,medium_roughness,0.458687,50.950533,29.762056,890.060123,625.159935,318.778902,306.381033,0.000000,41.928995,109.771972
low_roughness_0329,low_roughness,0.370786,30.243109,48.499734,741.322858,381.783241,200.754357,181.028884,0.000000,24.491106,51.489570
low_roughness_0818,low_roughness,0.432955,19.874357,66.699209,501.101441,166.870746,78.441104,88.429642,0.000000,12.535347,75.459796
low_roughness_0813,low_roughness,0.432352,26.068531,32.409538,415.720429,280.987360,131.171123,149.816237,0.000000,19.113017,74.110577
low_roughness_0091,low_roughness,0.288997,35.409989,27.822879,535.880553,386.783157,166.936993,219.846164,0.000000,26.742909,75.276435
high_roughness_0981,high_roughness,0.723042,56.244347,36.287326,1220.831155,777.824177,397.138867,380.685311,0.000000,50.274463,135.774288
high_roughness_0078,high_roughness,0.543996,12.082549,79.024134,326.108094,68.403997,30.937946,37.466051,0.000000,5.251120,68.952596
low_roughness_0621,low_roughness,0.411336,35.137996,29.816994,620.988147,435.828146,205.553231,230.274915,0.000000,28.335594,81.048170
high_roughness_0064,high_roughness,0.543064,32.485102,53.913038,792.420402,365.202490,196.788109,168.414381,0.000000,24.687961,100.922540
high_roughness_0647,high_roughness,0.601488,60.395944,21.573436,998.751999,783.286872,384.922860,398.364012,0.000000,51.462210,93.214787
high_roughness_0395,high_roughness,0.571313,21.670007,47.576126,473.601490,248.280247,124.184208,124.096040,0.000000,16.466504,48.794851
high_roughness_0636,high_roughness,0.599432,43.068914,42.533168,988.048599,567.800225,277.692552,290.107673,0.000000,36.976134,87.134547
medium_roughness_0332,medium_roughness,0.479371,29.455023,49.932758,693.439811,347.186185,178.841626,168.344559,0.000000,23.569613,71.759805
low_roughness_0064,low_roughness,0.249866,56.603772,34.806681,1128.020530,735.394021,353.283222,382.110799,0.000000,48.639150,112.719336
low_roughness_0776,low_roughness,0.428668,32.585947,53.596237,917.250971,425.638963,221.145712,204.493252,0.000000,27.710005,66.598737
low_roughness_0670,low_roughness,0.416937,56.860024,35.052334,1291.838902,839.019210,423.542565,415.476645,0.000000,54.704750,102.928420
medium_roughness_0365,medium_roughness,0.481792,50.975423,20.121374,733.478578,585.892607,245.852885,340.039723,0.000000,40.701224,131.204101
high_roughness_0660,high_roughness,0.604076,21.620156,48.626363,405.099581,208.114388,95.918300,112.196088,0.000000,14.697031,89.682198
medium_roughness_0203,medium_roughness,0.467819,11.847387,47.395562,215.230220,113.220648,61.281609,51.939039,0.000000,7.367683,36.944724
low_roughness_0902,low_roughness,0.441509,26.185307,47.319868,490.406930,258.347017,156.963471,101.383547,0.000000,17.919175,83.746953
high_roughness_0848,high_roughness,0.648154,40.331681,27.536954,645.739876,467.922781,243.567907,224.354874,0.000000,30.938145,104.253724
low_roughness_0446,low_roughness,0.390017,22.755850,43.564294,489.805007,276.424912,130.507595,145.917316,0.000000,18.176704,65.867808
high_roughness_0745,high_roughness,0.618054,29.931041,30.334091,501.190426,349.158865,185.705089,163.453776,0.000000,22.849942,66.226573
high_roughness_0968,high_roughness,0.706607,41.261673,33.986148,650.882706,429.672746,204.990345,224.682401,0.000000,28.173680,101.904422
high_roughness_0721,high_roughness,0.614750,32.441286,31.383243,431.486673,296.072161,111.947978,184.124183,0.000000,20.700625,128.953875
low_roughness_0342,low_roughness,0.372791,11.153324,79.133854,318.772786,66.515596,35.387524,31.128072,0.000000,4.636893,84.688918
medium_roughness_0812,medium_roughness,0.520729,63.277054,34.009728,1369.562112,903.777763,458.469018,445.308746,0.000000,58.424310,103.224449
medium_roughness_0972,medium_roughness,0.533999,31.899666,55.386988,849.060302,378.791372,203.841133,174.950239,0.000000,24.405269,73.758588
high_roughness_0045,high_roughness,0.540789,29.796496,54.733740,730.850051,330.828483,198.579878,132.248606,0.000000,22.629719,69.206001
medium_roughness_0839,medium_roughness,0.523607,29.262398,62.416950,926.218183,348.101038,197.094799,151.006240,0.000000,22.518244,65.419544
medium_roughness_0614,medium_roughness,0.504022,29.707724,59.618625,849.395846,342.997725,178.397607,164.600118,0.000000,23.138874,62.860177
high_roughness_0614,high_roughness,0.596168,32.805660,39.148522,677.514288,412.277460,200.618558,211.658902,0.000000,26.886335,66.693748
low_roughness_0981,low_roughness,0.447831,28.104015,42.989962,437.811224,249.596346,152.055866,97.540480,0.000000,17.347334,91.552366
low_roughness_0235,low_roughness,0.345127,24.708229,25.777764,314.824046,233.669446,104.105666,129.563780,0.000000,16.501645,99.772573
low_roughness_0626,low_roughness,0.412056,17.272095,56.106794,390.866630,171.563897,98.403070,73.160826,0.000000,11.066311,46.685200
low_roughness_0575,low_roughness,0.407308,44.178601,37.532478,860.390410,537.464571,254.219139,283.245432,0.000000,36.505488,123.802222
low_roughness_0653,low_roughness,0.415264,50.938070,35.499991,992.145816,639.934139,291.620784,348.313355,0.000000,42.328597,81.925122
low_roughness_0800,low_roughness,0.430499,33.631908,41.239664,630.225689,370.322734,189.063022,181.259712,0.000000,24.602695,57.605582
high_roughness_0908,high_roughness,0.672913,29.865145,52.018868,566.562221,271.842965,120.920120,150.922844,0.000000,19.885694,130.234000
medium_roughness_0258,medium_roughness,0.472766,45.869042,26.913563,745.648569,544.967969,244.155842,300.812127,0.000000,36.870287,101.052053
medium_roughness_0060,medium_roughness,0.454801,19.999099,71.234592,541.309922,155.710006,75.839680,79.870326,0.000000,11.921052,102.922442
low_roughness_0713,low_roughness,0.421575,44.401928,41.745503,1049.511084,611.387404,301.285796,310.101608,0.000000,39.152527,61.369825
high_roughness_0067,high_roughness,0.543278,8.820209,56.207201,176.309836,77.211012,45.232840,31.978172,0.000000,5.301785,44.488287
high_roughness_0396,high_roughness,0.571506,30.502662,53.439077,546.261250,254.344282,111.290799,143.053482,0.000000,16.630288,138.822429
high_roughness_0652,high_roughness,0.602870,15.900183,63.973941,451.592342,162.690924,68.626046,94.064878,0.000000,11.121688,46.865826
high_roughness_0191,high_roughness,0.552451,40.649262,42.566848,709.310773,407.379532,218.381211,188.998321,0.000000,26.949939,113.432340
high_roughness_0446,high_roughness,0.576693,36.962197,46.336216,776.003709,416.432958,181.860486,234.572472,0.000000,26.647364,123.510796
medium_roughness_0958,medium_roughness,0.533066,37.710384,49.861653,969.353553,486.017852,236.765536,249.252316,0.000000,33.251689,79.941888
low_roughness_0825,low_roughness,0.433647,32.529552,47.332074,835.873885,440.237442,198.434706,241.802736,0.000000,29.392697,74.772792
high_roughness_0748,high_roughness,0.618846,29.511961,34.174060,543.929051,358.046413,148.914611,209.131801,0.000000,23.827348,95.574578
low_roughness_0737,low_roughness,0.424211,68.790032,24.266994,1264.211528,957.425387,444.357064,513.068324,0.000000,63.425873,115.342250
high_roughness_0247,high_roughness,0.557446,24.998391,62.790361,624.023386,232.196846,118.028550,114.168297,0.000000,16.107479,113.500012
low_roughness_0462,low_roughness,0.393085,38.741728,48.263740,870.447659,450.337062,245.704125,204.632937,0.000000,29.527703,73.520056
low_roughness_0076,low_roughness,0.272658,47.533712,38.533445,1086.564600,667.873829,351.420623,316.453206,0.000000,43.228259,69.661645
low_roughness_0247,low_roughness,0.348874,32.329513,51.405730,715.189503,347.541117,192.841568,154.699549,0.000000,22.526486,108.981034
high_roughness_0305,high_roughness,0.563094,17.423268,50.408370,390.960176,193.883524,101.201595,92.681929,0.000000,13.496903,68.484227
medium_roughness_0480,medium_roughness,0.492597,24.060963,35.286336,350.085959,226.553451,94.473907,132.079544,0.000000,16.018901,116.989060
medium_roughness_0160,medium_roughness,0.464924,28.833620,53.832756,736.487955,340.016192,174.498958,165.517234,0.000000,22.617657,68.072941
low_roughness_0865,low_roughness,0.438422,13.183796,70.651650,359.579766,105.530727,66.434021,39.096706,0.000000,7.833848,52.073965
low_roughness_0914,low_roughness,0.442533,32.475271,50.125462,918.525266,458.110236,218.185464,239.924772,0.000000,30.098650,52.985335
medium_roughness_0976,medium_roughness,0.534118,20.905829,51.981940,466.452803,223.981587,118.564615,105.416972,0.000000,15.233174,62.958367
high_roughness_0966,high_roughness,0.706198,38.287973,31.398103,594.510642,407.845577,226.452774,181.392803,0.000000,26.574461,124.240444
high_roughness_0142,high_roughness,0.548478,10.046133,71.344005,436.639580,125.123415,70.525014,54.598401,0.000000,8.123912,21.496033
high_roughness_0217,high_roughness,0.555012,16.434793,33.180696,225.000541,150.343796,78.748156,71.595640,0.000000,9.656404,55.208653
low_roughness_0986,low_roughness,0.448550,23.350174,48.952016,477.932083,243.974691,128.776939,115.197752,0.000000,17.287396,77.557827
low_roughness_0893,low_roughness,0.441171,20.987734,62.660203,724.975228,270.704280,141.082751,129.621530,0.000000,18.395518,48.931423
high_roughness_0358,high_roughness,0.568351,25.174461,60.583093,773.372964,304.839701,149.291104,155.548596,0.000000,20.284982,56.506845
low_roughness_0768,low_roughness,0.427928,37.638808,38.089048,666.704247,412.762944,198.743204,214.019740,0.000000,28.642822,133.619817
high_roughness_0664,high_roughness,0.604488,32.816988,56.681596,646.384261,280.003348,145.566862,134.436486,0.000000,19.046295,149.666866
high_roughness_0264,high_roughness,0.559165,26.271948,67.812084,652.223687,209.937212,89.836450,120.100762,0.000000,15.056185,114.179564
low_roughness_0762,low_roughness,0.427121,48.594343,34.594477,923.242428,603.851543,269.082791,334.768752,0.000000,41.119384,116.986370
low_roughness_0920,low_roughness,0.443171,49.708442,26.094313,882.377486,652.127145,301.275572,350.851573,0.000000,42.323534,77.030814
medium_roughness_0395,medium_roughness,0.484888,10.850218,63.600920,328.816599,119.686216,67.603779,52.082438,0.000000,7.941371,36.819020
low_roughness_0888,low_roughness,0.440789,33.227632,30.633972,508.062725,352.422932,154.548549,197.874383,0.000000,24.489753,106.950636
low_roughness_0174,low_roughness,0.329336,26.481630,57.231654,630.043854,269.459338,168.035491,101.423847,0.000000,19.328597,84.937811
low_roughness_0848,low_roughness,0.436520,29.641539,63.299276,887.622626,325.763930,173.811662,151.952268,0.000000,22.714102,104.516472
medium_roughness_0986,medium_roughness,0.535921,42.092911,33.402962,698.142793,464.942422,258.054113,206.888309,0.000000,30.211841,98.346214
low_roughness_0521,low_roughness,0.400112,44.361073,32.781809,842.644356,566.410294,271.751448,294.658846,0.000000,36.778176,76.832380
medium_roughness_0136,medium_roughness,0.462683,12.831112,66.102277,361.466370,122.528868,67.874065,54.654803,0.000000,8.917735,62.979523
high_roughness_0387,high_roughness,0.570702,36.807148,39.349712,705.784063,428.060067,224.305008,203.755059,0.000000,28.923260,94.133033
medium_roughness_0148,medium_roughness,0.464120,20.598277,61.854166,504.478104,192.437382,109.756716,82.680666,0.000000,13.580361,76.257866
high_roughness_0632,high_roughness,0.598913,28.513435,39.073188,517.180012,315.101294,156.826065,158.275229,0.000000,21.373734,105.409043
low_roughness_0078,low_roughness,0.276365,16.488578,68.499990,437.481262,137.806639,85.951899,51.854740,0.000000,10.043289,73.606963
medium_roughness_0287,medium_roughness,0.475697,40.456466,43.635362,857.963972,483.588290,246.452382,237.135908,0.000000,30.860570,74.988048
high_roughness_0192,high_roughness,0.552526,29.275136,58.275515,678.179005,282.966699,160.905341,122.061358,0.000000,19.450844,115.770975
low_roughness_0002,low_roughness,0.095109,40.478048,32.123738,663.131641,450.108969,197.725533,252.383436,0.000000,30.704192,75.528240
medium_roughness_0746,medium_roughness,0.515380,18.730023,63.157825,567.537096,209.093010,98.035834,111.057176,0.000000,14.286907,53.903813
medium_roughness_0216,medium_roughness,0.469029,61.807700,32.957778,1188.073297,796.510732,401.063667,395.447065,0.000000,50.759023,100.983896
high_roughness_0051,high_roughness,0.541516,24.094000,60.112675,681.685959,271.906291,130.097438,141.808854,0.000000,18.584933,78.644236
medium_roughness_0845,medium_roughness,0.524589,30.468334,46.220781,734.201593,394.847886,188.907463,205.940423,0.000000,26.426470,94.415272
low_roughness_0586,low_roughness,0.407980,25.018474,51.923343,463.669491,222.916793,141.361418,81.555374,0.000000,15.199757,83.083122
high_roughness_0700,high_roughness,0.610102,27.732701,48.035612,621.414865,322.914432,133.941026,188.973407,0.000000,22.143131,65.483747
high_roughness_0340,high_roughness,0.566394,21.261852,53.311008,340.988909,159.204286,77.147481,82.056805,0.000000,11.030020,104.667831
low_roughness_0325,low_roughness,0.370301,18.453387,48.745186,384.450381,197.049329,88.539874,108.509454,0.000000,13.619583,74.010167
high_roughness_0773,high_roughness,0.627056,21.377690,52.289936,421.629847,201.159869,114.370416,86.789452,0.000000,13.916069,98.059475
high_roughness_0437,high_roughness,0.575503,10.541352,72.179249,439.475118,122.265280,75.730878,46.534401,0.000000,7.900782,37.478123
high_roughness_0592,high_roughness,0.593820,29.965734,39.722660,525.953141,317.030561,170.449090,146.581471,0.000000,20.397782,91.977270
high_roughness_0266,high_roughness,0.559395,32.151552,8.970790,302.340373,275.218053,124.546557,150.671496,0.000000,19.029566,110.350446
low_roughness_0624,low_roughness,0.411794,24.258144,62.976192,734.671085,272.003211,149.316219,122.686992,0.000000,17.760481,57.782213
high_roughness_0565,high_roughness,0.589831,27.370748,38.955110,475.107188,290.028660,139.448440,150.580220,0.000000,18.628047,72.528486
high_roughness_0874,high_roughness,0.662871,25.163475,44.348724,579.456922,322.475172,175.961473,146.513699,0.000000,20.900032,96.103284
high_roughness_0110,high_roughness,0.546248,44.761108,48.689645,1163.445254,596.967888,303.374283,293.593605,0.000000,38.951078,80.968881
low_roughness_0514,low_roughness,0.399281,9.792490,81.494539,424.042053,78.470939,56.535725,21.935214,0.000000,5.591722,42.125067
low_roughness_0843,low_roughness,0.436219,24.228530,53.088520,578.601299,271.430435,136.091300,135.339135,0.000000,18.346700,60.919501
medium_roughness_0037,medium_roughness,0.453083,58.150419,30.273086,1008.651427,703.301517,342.450871,360.850646,0.000000,45.672521,96.118318
medium_roughness_0564,medium_roughness,0.499759,35.763284,38.971554,842.371750,514.086390,250.569913,263.516478,0.000000,33.131059,82.365531
low_roughness_0438,low_roughness,0.388226,47.298520,43.002500,959.721451,547.017237,281.865557,265.151680,0.000000,34.755603,93.448609
low_roughness_0360,low_roughness,0.375331,10.702638,78.637498,389.848492,83.281391,51.338632,31.942758,0.000000,6.219211,57.475274
high_roughness_0087,high_roughness,0.544233,33.893270,28.411974,560.882666,401.524826,199.764494,201.760332,0.000000,25.736887,76.139678
low_roughness_0282,low_roughness,0.360160,14.250694,79.758851,461.266063,93.365549,65.397204,27.968345,0.000000,7.289833,79.398503
medium_roughness_0677,medium_roughness,0.509660,47.594408,37.700031,1104.969489,688.395650,334.789511,353.606139,0.000000,44.158322,66.082719
medium_roughness_0685,medium_roughness,0.510625,28.493657,37.482369,565.490492,353.531256,200.635036,152.896220,0.000000,23.731456,82.488159
medium_roughness_0293,medium_roughness,0.476404,27.569838,50.554793,552.857865,273.361714,145.099222,128.262493,0.000000,18.407906,75.162031
medium_roughness_0239,medium_roughness,0.471407,14.847757,77.382380,589.035860,133.225894,95.372949,37.852944,0.000000,8.525049,58.192805
low_roughness_0110,low_roughness,0.300753,38.604673,34.847448,707.748281,461.116066,216.665185,244.450881,0.000000,30.472572,67.659535
high_roughness_0091,high_roughness,0.544395,49.615423,38.844796,918.923383,561.969467,290.952433,271.017034,0.000000,36.891291,99.576758
high_roughness_0261,high_roughness,0.558827,44.100799,26.715905,697.302655,511.011938,222.755271,288.256667,0.000000,34.192537,106.749163
medium_roughness_0477,medium_roughness,0.492462,31.613299,47.515700,661.414943,347.139003,164.925562,182.213441,0.000000,24.218485,91.988637
low_roughness_0451,low_roughness,0.391057,36.550538,37.205141,614.076683,385.608585,189.624884,195.983701,0.000000,26.416221,76.681355
medium_roughness_0081,medium_roughness,0.457018,70.510013,30.448934,1398.065131,972.369196,478.967636,493.401560,0.000000,63.086874,137.911141
high_roughness_0752,high_roughness,0.620530,53.580478,29.677320,847.600277,596.055226,284.094693,311.960534,0.000000,40.712575,113.101506
high_roughness_0509,high_roughness,0.583370,24.246372,60.221634,719.246287,286.104417,166.000233,120.104185,0.000000,19.383956,94.351100
high_roughness_0657,high_roughness,0.603909,43.899641,33.452542,768.746228,511.581073,233.368202,278.212871,0.000000,33.756732,122.878131
high_roughness_0696,high_roughness,0.609506,28.694039,41.938516,479.633844,278.482527,125.451310,153.031217,0.000000,19.660264,115.992100
medium_roughness_0633,medium_roughness,0.505719,47.337268,23.275284,787.569843,604.260724,300.125482,304.135242,0.000000,39.194041,99.508594
low_roughness_0062,low_roughness,0.246457,49.966478,22.035396,839.387219,654.424922,301.200106,353.224816,0.000000,43.744409,78.821744
low_roughness_0065,low_roughness,0.253423,37.739772,55.714261,958.347876,424.411443,238.199483,186.211960,0.000000,29.000683,70.279911
high_roughness_0522,high_roughness,0.584892,25.518055,36.466481,415.764654,264.149916,150.772394,113.377522,0.000000,18.233290,80.001454
high_roughness_0591,high_roughness,0.593808,25.786979,56.911739,673.355168,290.137036,137.996986,152.140050,0.000000,19.682099,65.372608
high_roughness_0152,high_roughness,0.549265,17.665748,67.045223,667.171080,219.864739,108.806076,111.058663,0.000000,15.067549,58.265044
low_roughness_0177,low_roughness,0.330682,53.385903,32.542537,1066.841788,719.664401,330.949974,388.714427,0.000000,48.093463,96.871180
low_roughness_0690,low_roughness,0.419288,33.224142,52.624024,703.890464,333.474976,144.557346,188.917630,0.000000,23.464966,143.070651
medium_roughness_0531,medium_roughness,0.497265,72.724116,21.836092,1241.571230,970.460599,487.448355,483.012244,0.000000,62.473006,119.941548
medium_roughness_0808,medium_roughness,0.520378,33.246037,49.530224,901.780516,455.126607,222.836837,232.289770,0.000000,30.680649,64.158229
high_roughness_0490,high_roughness,0.581641,30.989944,38.593557,534.051645,327.942117,145.088614,182.853502,0.000000,22.478264,99.897463
low_roughness_0160,low_roughness,0.323862,44.571810,51.847455,1145.757855,551.711565,309.001699,242.709865,0.000000,37.049373,76.613018
medium_roughness_0361,medium_roughness,0.481668,12.012679,60.738889,292.554093,114.859986,60.543621,54.316366,0.000000,8.198049,55.325294
high_roughness_0964,high_roughness,0.704959,21.446156,46.667762,454.768446,242.538192,126.108740,116.429452,0.000000,15.652632,46.373486
medium_roughness_0345,medium_roughness,0.479778,46.102106,48.485241,1119.904321,576.916011,308.838363,268.077648,0.000000,38.925290,112.392776
low_roughness_0141,low_roughness,0.317075,23.151316,69.521915,817.820200,249.255938,152.557699,96.698240,0.000000,17.168443,74.421192
low_roughness_0650,low_roughness,0.414919,38.731615,43.696133,876.018370,493.232215,243.729474,249.502741,0.000000,31.859968,70.949874
medium_roughness_0848,medium_roughness,0.524607,36.182746,41.557313,807.812188,472.107146,210.504684,261.602461,0.000000,31.396018,81.225707
high_roughness_0603,high_roughness,0.595546,29.320868,59.660490,722.087373,291.286506,154.902642,136.383864,0.000000,21.054533,89.678103
low_roughness_0951,low_roughness,0.445604,60.371657,28.061756,1021.908231,735.142836,356.109400,379.033435,0.000000,47.955385,115.055473
high_roughness_0990,high_roughness,0.747827,34.444353,36.093968,604.655734,386.411488,167.041388,219.370101,0.000000,25.443216,107.059340
low_roughness_0424,low_roughness,0.385988,41.204941,25.469835,704.348866,524.952372,245.370716,279.581655,0.000000,34.525335,72.120585
low_roughness_0747,low_roughness,0.425627,34.775122,49.972043,763.766531,382.096793,207.904806,174.191986,0.000000,25.464949,78.174129
high_roughness_0531,high_roughness,0.585547,33.858170,43.950297,641.922403,359.795600,185.366414,174.429186,0.000000,23.640788,83.997966
low_roughness_0321,low_roughness,0.369563,59.142621,26.335488,1185.231428,873.094951,400.442045,472.652906,0.000000,57.563390,114.609493
low_roughness_0225,low_roughness,0.342982,11.436865,72.750583,382.269681,104.166261,61.773019,42.393242,0.000000,7.439907,50.810292
high_roughness_0873,high_roughness,0.662551,19.921231,45.162216,395.011952,216.615801,122.202953,94.412848,0.000000,14.816697,69.398610
low_roughness_0941,low_roughness,0.444757,54.656440,35.039975,1236.713618,803.369479,391.771356,411.598124,0.000000,52.397253,89.523760
medium_roughness_0645,medium_roughness,0.506738,28.926856,45.900989,716.594617,387.670601,176.044850,211.625751,0.000000,25.945070,82.708479
high_roughness_0450,high_roughness,0.577027,27.873970,45.289597,585.124494,320.123971,182.169917,137.954054,0.000000,20.818439,62.686995
low_roughness_0944,low_roughness,0.445122,37.347586,33.135772,565.833689,378.340330,135.631928,242.708402,0.000000,26.722633,126.117073
low_roughness_0121,low_roughness,0.309735,31.786579,51.652996,810.024614,391.622629,209.571463,182.051167,0.000000,25.853482,59.105927
high_roughness_0902,high_roughness,0.671802,39.964376,36.712513,690.539602,437.025163,243.127554,193.897609,0.000000,28.405015,104.784287
low_roughness_0722,low_roughness,0.422555,46.779867,44.472625,1108.223786,615.367582,338.784718,276.582864,0.000000,40.896086,82.742177
high_roughness_0063,high_roughness,0.543051,42.630037,28.690610,701.414680,500.174528,250.415160,249.759368,0.000000,32.158564,100.635518
medium_roughness_0098,medium_roughness,0.458641,25.048862,56.547747,574.142299,249.477765,128.584424,120.893341,0.000000,18.095555,91.592080
high_roughness_0585,high_roughness,0.592726,27.481680,58.441845,730.731986,303.678729,165.186235,138.492494,0.000000,19.993889,94.850658
low_roughness_0606,low_roughness,0.409320,25.909709,48.394314,663.603461,342.457118,171.942267,170.514851,0.000000,22.127797,43.239642
high_roughness_0523,high_roughness,0.585109,23.558895,40.123018,475.904186,284.957063,135.548752,149.408311,0.000000,19.219476,74.651815
medium_roughness_0593,medium_roughness,0.502283,28.594711,51.936633,723.714647,347.841624,178.149791,169.691833,0.000000,22.887630,99.989353
high_roughness_0316,high_roughness,0.563772,27.768162,49.315767,628.364731,318.481847,142.668922,175.812924,0.000000,21.069958,64.990572
low_roughness_0155,low_roughness,0.322020,17.077108,40.377469,331.543142,197.674414,92.604254,105.070160,0.000000,13.370705,53.735433
high_roughness_0023,high_roughness,0.538926,37.432907,45.913292,854.389553,462.111184,182.639339,279.471845,0.000000,31.675092,119.539026
low_roughness_0171,low_roughness,0.328599,50.902846,41.552876,1157.081301,676.280741,356.065664,320.215077,0.000000,44.068867,97.677769
high_roughness_0887,high_roughness,0.667782,31.584944,50.778820,754.623272,371.434480,187.928114,183.506366,0.000000,25.537297,70.153140
medium_roughness_0552,medium_roughness,0.498998,55.145294,27.651547,934.271646,675.931087,350.854132,325.076955,0.000000,44.874889,113.559601
high_roughness_0519,high_roughness,0.584418,27.404271,55.686437,700.152981,310.262734,159.027969,151.234765,0.000000,20.046595,65.523166
low_roughness_0930,low_roughness,0.443913,50.825099,43.888746,1044.401542,586.026798,316.931227,269.095571,0.000000,38.739705,106.690813
high_roughness_0920,high_roughness,0.679197,23.521021,50.257562,509.597255,253.486097,113.095134,140.390962,0.000000,17.326288,86.382416
high_roughness_0580,high_roughness,0.592141,44.415216,22.456501,691.415279,536.147602,257.769162,278.378440,0.000000,36.248588,93.677634
low_roughness_0960,low_roughness,0.446405,71.231960,28.305316,1464.599664,1050.040101,543.772195,506.267906,0.000000,68.076449,118.743635
high_roughness_0654,high_roughness,0.603640,36.535189,30.815148,528.843741,365.879759,187.187916,178.691842,0.000000,23.557966,101.522077
medium_roughness_0498,medium_roughness,0.494059,65.583195,28.922627,1270.927635,903.341973,424.260602,479.081370,0.000000,59.763459,103.255123
low_roughness_0608,low_roughness,0.409720,41.304793,20.820288,585.887465,463.904004,209.977623,253.926381,0.000000,31.584906,83.167308
medium_roughness_0091,medium_roughness,0.458186,17.955182,38.044297,278.047273,172.266143,98.862897,73.403246,0.000000,11.490699,71.562603
high_roughness_0921,high_roughness,0.680928,31.637717,44.053475,546.951040,306.000102,183.076409,122.923693,0.000000,20.551688,142.664210
high_roughness_0878,high_roughness,0.665161,37.499794,37.495094,702.053966,438.818169,199.329113,239.489056,0.000000,29.728246,90.574169
high_roughness_0190,high_roughness,0.552420,36.189178,50.549294,825.113995,408.024698,202.171494,205.853204,0.000000,27.727361,75.223352
low_roughness_0859,low_roughness,0.437716,33.135238,44.711763,758.794641,419.524179,203.229591,216.294588,0.000000,27.466110,59.744889
high_roughness_0882,high_roughness,0.666627,24.771370,63.549004,689.403968,251.294615,125.020259,126.274356,0.000000,17.333599,101.402510
high_roughness_0737,high_roughness,0.617231,19.280767,62.249039,416.741114,157.323776,88.939951,68.383825,0.000000,11.005337,89.652396
low_roughness_0641,low_roughness,0.413882,23.198017,40.214780,375.236746,224.336113,93.820050,130.516063,0.000000,15.526379,63.859173
low_roughness_0866,low_roughness,0.438511,39.793353,45.444551,879.805447,479.981813,224.492783,255.489030,0.000000,31.889088,83.498716
low_roughness_0470,low_roughness,0.394384,35.068732,25.392902,588.586779,439.127515,212.435768,226.691747,0.000000,28.867887,70.017740
high_roughness_0456,high_roughness,0.577830,24.034423,53.092464,544.746423,255.527124,145.427366,110.099758,0.000000,18.003205,91.314383
medium_roughness_0583,medium_roughness,0.501255,14.526266,79.596415,679.457022,138.633588,83.242261,55.391327,0.000000,9.753489,56.247042
medium_roughness_0059,medium_roughness,0.454767,26.869848,63.612069,828.320754,301.408784,158.627677,142.781107,0.000000,20.138166,58.748935
medium_roughness_0551,medium_roughness,0.498954,34.646795,50.065510,796.114665,397.535799,215.808828,181.726971,0.000000,25.650749,92.816410
low_roughness_0753,low_roughness,0.426117,57.107802,20.871878,994.910714,787.254167,372.954825,414.299342,0.000000,51.710436,92.086403
low_roughness_0053,low_roughness,0.231420,24.861894,34.537821,446.779924,292.471872,128.839433,163.632440,0.000000,19.888682,54.895127
medium_roughness_0870,medium_roughness,0.526411,29.232104,44.517085,761.472458,422.487119,215.768967,206.718152,0.000000,27.350064,50.429039
medium_roughness_0698,medium_roughness,0.511518,59.336481,30.408143,927.817986,645.685762,316.365876,329.319887,0.000000,43.379873,129.203865
medium_roughness_0818,medium_roughness,0.521797,21.184361,48.372783,367.905905,189.939580,67.993195,121.946384,0.000000,13.370975,85.974750
low_roughness_0012,low_roughness,0.155963,60.048298,24.378442,883.498693,668.115478,292.469349,375.646129,0.000000,45.904192,132.001006
low_roughness_0083,low_roughness,0.283806,13.416114,64.607414,417.809752,147.873676,85.050002,62.823675,0.000000,9.861179,43.511991
high_roughness_0089,high_roughness,0.544267,33.991699,38.643222,656.460349,402.782918,183.101980,219.680938,0.000000,26.881287,62.112581
medium_roughness_0799,medium_roughness,0.520052,46.627249,38.433214,1033.662545,636.392803,324.743603,311.649200,0.000000,42.803650,144.182426
medium_roughness_0871,medium_roughness,0.526431,49.637478,26.430634,814.758690,599.412806,300.819587,298.593220,0.000000,40.132320,93.273387
low_roughness_0573,low_roughness,0.406723,33.939642,54.037514,873.111544,401.303768,215.031548,186.272220,0.000000,26.001051,77.788257
low_roughness_0351,low_roughness,0.373959,10.890605,77.728887,437.119555,97.351389,43.530022,53.821367,0.000000,6.980817,80.381153
low_roughness_0416,low_roughness,0.385125,60.608243,31.801429,1287.016895,877.727135,425.926948,451.800187,0.000000,56.854112,95.690238
low_roughness_0644,low_roughness,0.414514,13.626237,78.593888,474.741753,101.623751,73.639629,27.984121,0.000000,7.672760,70.724121
low_roughness_0433,low_roughness,0.387862,57.056981,20.610020,885.201418,702.761225,321.015652,381.745572,0.000000,47.159085,126.031377
medium_roughness_0969,medium_roughness,0.533814,57.079443,34.110397,1213.919198,799.846543,409.955515,389.891028,0.000000,52.090179,78.906279
high_roughness_0306,high_roughness,0.563223,36.798045,39.830275,737.613031,443.819734,210.842265,232.977468,0.000000,28.753087,132.331780
low_roughness_0027,low_roughness,0.185461,38.121325,34.512105,601.629668,393.994602,166.130519,227.864083,0.000000,27.663223,110.564349
high_roughness_0769,high_roughness,0.625796,46.124961,34.903787,887.974890,578.038023,315.069651,262.968372,0.000000,37.263107,106.631616
medium_roughness_0764,medium_roughness,0.516966,23.271123,50.946838,443.009749,217.310291,101.620851,115.689440,0.000000,14.493029,116.129393
high_roughness_0359,high_roughness,0.568399,21.289100,56.755307,531.738475,229.948672,105.684933,124.263738,0.000000,15.520148,42.004881
low_roughness_0318,low_roughness,0.368834,51.741412,23.141160,806.060199,619.528516,296.256945,323.271571,0.000000,39.880308,96.390611
low_roughness_0725,low_roughness,0.422847,37.629979,29.231554,534.368548,378.164316,168.155017,210.009299,0.000000,25.967532,119.452367
medium_roughness_0172,medium_roughness,0.465615,27.755184,55.847005,674.324573,297.734494,138.177236,159.557258,0.000000,19.492846,74.381286
medium_roughness_0957,medium_roughness,0.533037,41.126968,30.231525,684.036714,477.241985,225.000372,252.241614,0.000000,32.935677,110.073556
medium_roughness_0070,medium_roughness,0.456030,28.292987,61.236883,631.186667,244.667624,108.656656,136.010968,0.000000,17.280458,97.135521
low_roughness_0598,low_roughness,0.408827,37.059434,32.741440,572.853871,385.293263,204.019561,181.273701,0.000000,24.692661,86.111161
medium_roughness_0142,medium_roughness,0.463313,59.734885,28.411106,955.522043,684.047664,331.934926,352.112738,0.000000,44.845105,100.224460
medium_roughness_0597,medium_roughness,0.502464,26.801332,47.888534,601.917172,313.667865,174.999775,138.668090,0.000000,20.504874,87.377844
medium_roughness_0672,medium_roughness,0.509174,37.907243,52.192653,1009.008955,482.380409,249.208302,233.172107,0.000000,32.500455,67.126209
medium_roughness_0450,medium_roughness,0.489846,9.543737,48.372588,220.987525,114.090139,53.822129,60.268010,0.000000,7.412648,29.987156
medium_roughness_0585,medium_roughness,0.501377,22.950516,66.805983,761.272089,252.696789,130.256243,122.440546,0.000000,16.213768,66.536511
high_roughness_0977,high_roughness,0.716873,25.611823,45.770376,513.466000,278.450681,147.006521,131.444160,0.000000,18.923922,69.943757
high_roughness_0324,high_roughness,0.564458,28.829107,47.796179,690.940370,360.697276,198.570771,162.126505,0.000000,24.290790,93.633855
high_roughness_0929,high_roughness,0.685254,20.310140,36.925395,366.389004,231.098416,122.380778,108.717639,0.000000,15.256011,66.116310
low_roughness_0038,low_roughness,0.198324,26.535687,57.316017,781.986362,333.782929,195.583799,138.199131,0.000000,23.115198,83.533322
medium_roughness_0567,medium_roughness,0.500137,30.553821,39.130363,428.578436,260.874137,149.522741,111.351396,0.000000,17.848986,121.847425
high_roughness_0800,high_roughness,0.633411,29.692079,54.254271,718.377344,328.626950,165.818257,162.808694,0.000000,21.290300,81.097778
high_roughness_0641,high_roughness,0.600707,38.518013,38.315627,671.161152,414.001548,210.958927,203.042621,0.000000,26.685403,87.737056
medium_roughness_0120,medium_roughness,0.460858,35.064431,25.181707,503.054659,376.376910,164.043396,212.333513,0.000000,26.637478,127.089904
high_roughness_0332,high_roughness,0.565668,61.937848,28.528516,1202.271634,859.281373,438.917381,420.363992,0.000000,56.784925,104.850300
low_roughness_0629,low_roughness,0.412327,21.606971,64.530735,490.703625,174.048969,122.819690,51.229278,0.000000,12.958078,83.252989
low_roughness_0034,low_roughness,0.192659,40.225485,44.644509,1004.263808,555.915167,300.448263,255.466903,0.000000,37.051587,91.335164
medium_roughness_0514,medium_roughness,0.495733,13.453053,74.515189,595.975491,151.883225,83.995978,67.887247,0.000000,10.535001,41.397960
high_roughness_0106,high_roughness,0.546001,47.667913,25.625703,803.147861,597.335573,290.919865,306.415708,0.000000,39.000918,101.639745
medium_roughness_0017,medium_roughness,0.451689,15.035549,77.889610,768.818194,169.988702,96.188875,73.799827,0.000000,11.008491,45.650696
low_roughness_0508,low_roughness,0.398710,20.272876,51.045767,292.904742,143.389269,108.971748,34.417520,0.000000,11.099845,81.797319
low_roughness_0488,low_roughness,0.396431,41.412747,25.868927,700.631751,519.385834,244.619443,274.766392,0.000000,33.807609,78.757411
medium_roughness_0688,medium_roughness,0.510823,53.419846,18.706120,789.348356,641.691904,327.819855,313.872049,0.000000,43.879437,128.376018
low_roughness_0248,low_roughness,0.349174,22.511165,59.482597,721.513839,292.338669,153.411824,138.926845,0.000000,19.272961,59.791275
medium_roughness_0484,medium_roughness,0.492801,40.882964,50.515838,1110.033166,549.290606,282.725809,266.564798,0.000000,35.358802,83.984350
low_roughness_0335,low_roughness,0.371260,10.674913,52.734508,222.460334,105.146970,69.101050,36.045921,0.000000,6.928636,51.527875
high_roughness_0651,high_roughness,0.602580,35.854582,46.432943,751.692613,402.659613,185.021358,217.638254,0.000000,26.307376,87.736929
high_roughness_0039,high_roughness,0.540446,21.205946,67.042821,754.323881,248.603868,115.503113,133.100755,0.000000,17.136242,64.824174
medium_roughness_0271,medium_roughness,0.474014,35.690073,28.518863,573.208310,409.735820,178.633315,231.102506,0.000000,26.233401,81.343432
high_roughness_0953,high_roughness,0.698952,48.262674,39.075151,891.338099,543.046391,278.911203,264.135187,0.000000,35.680393,101.657516
high_roughness_0394,high_roughness,0.571273,38.224605,26.950546,615.127152,449.347024,218.961562,230.385462,0.000000,29.805320,95.688192
low_roughness_0473,low_roughness,0.394605,47.476292,24.281610,731.596642,553.953199,259.561821,294.391377,0.000000,36.239718,88.916852
medium_roughness_0704,medium_roughness,0.511682,56.827611,35.687222,1304.080850,838.690624,420.403822,418.286802,0.000000,55.477274,83.398130
medium_roughness_0168,medium_roughness,0.465327,30.372599,51.187184,719.820331,351.364574,165.459446,185.905128,0.000000,22.902091,62.501646
low_roughness_0299,low_roughness,0.363945,11.452086,76.115282,434.618426,103.807387,64.476294,39.331093,0.000000,6.914485,41.474903
medium_roughness_0354,medium_roughness,0.480796,47.015938,40.499538,1069.557382,636.391580,317.547266,318.844314,0.000000,42.462402,76.486636
medium_roughness_0756,medium_roughness,0.516084,39.890174,48.086096,918.423871,476.789688,237.846911,238.942777,0.000000,32.373563,97.627494
low_roughness_0743,low_roughness,0.425434,51.855652,38.139694,1093.636892,676.527131,355.327112,321.200020,0.000000,43.850200,85.335416
high_roughness_0344,high_roughness,0.566915,23.508241,68.135653,651.211469,207.504280,91.468353,116.035927,0.000000,15.139688,70.601818
high_roughness_0196,high_roughness,0.552944,18.566272,59.870464,474.263024,190.319551,107.618864,82.700688,0.000000,12.322228,50.800859
low_roughness_0420,low_roughness,0.385803,39.973565,42.123870,831.650874,481.327343,205.855415,275.471928,0.000000,32.977526,109.071199
high_roughness_0215,high_roughness,0.554929,53.754312,39.254062,1049.715614,637.659601,314.907673,322.751928,0.000000,41.158257,96.840349
low_roughness_0999,low_roughness,0.450355,47.060773,27.193437,733.734258,534.206698,253.748993,280.457705,0.000000,36.178494,116.766576
medium_roughness_0913,medium_roughness,0.529301,25.333300,58.886978,680.268362,279.678880,154.863295,124.815585,0.000000,18.561398,82.239506
medium_roughness_0436,medium_roughness,0.488368,57.016622,34.171184,1201.342804,790.829740,374.635497,416.194243,0.000000,52.559922,125.396522
high_roughness_0573,high_roughness,0.591146,37.546236,24.014770,576.412945,437.988699,219.802853,218.185846,0.000000,28.188773,80.790999
medium_roughness_0636,medium_roughness,0.505944,66.026332,32.001144,1336.456723,908.775280,446.737322,462.037958,0.000000,59.021367,126.040988
low_roughness_0215,low_roughness,0.340718,35.574211,42.673162,863.438207,494.981823,239.265427,255.716396,0.000000,32.728605,81.789344
high_roughness_0605,high_roughness,0.595667,27.102860,48.120234,614.835657,318.975301,160.027391,158.947910,0.000000,21.149635,56.654536
high_roughness_0493,high_roughness,0.581705,32.099568,49.974918,725.851885,363.107997,169.931339,193.176658,0.000000,24.954876,113.583470
high_roughness_0258,high_roughness,0.558631,33.034743,27.558664,429.444963,311.095670,150.062423,161.033246,0.000000,19.860144,96.541492
low_roughness_0688,low_roughness,0.419129,27.249931,53.069355,732.757691,343.887912,145.592875,198.295036,0.000000,23.257799,101.873896
low_roughness_0008,low_roughness,0.148881,37.821048,27.112127,578.054251,421.331446,179.815958,241.515488,0.000000,29.382626,94.514249
medium_roughness_0323,medium_roughness,0.478705,25.828303,65.058836,591.375802,206.633589,92.648697,113.984892,0.000000,14.700501,105.884955
low_roughness_0450,low_roughness,0.390302,15.292300,73.288259,685.404202,183.083394,104.522370,78.561024,0.000000,12.257425,31.982479
medium_roughness_0699,medium_roughness,0.511579,43.147577,22.734439,615.293149,475.409706,234.918869,240.490837,0.000000,30.301480,106.570542
medium_roughness_0212,medium_roughness,0.468467,24.819549,68.513702,874.883735,275.468503,151.970161,123.498342,0.000000,18.397324,55.254877
high_roughness_0732,high_roughness,0.616131,32.709216,45.095671,590.336772,324.120442,152.664690,171.455752,0.000000,21.569980,145.562705
medium_roughness_0497,medium_roughness,0.494008,62.456900,19.161522,1046.540286,846.007243,408.974876,437.032367,0.000000,55.110890,100.390829
medium_roughness_0396,medium_roughness,0.484994,48.638949,41.522997,947.892184,554.298941,272.448872,281.850069,0.000000,36.651808,84.907405
medium_roughness_0959,medium_roughness,0.533227,25.619320,52.953209,626.030252,294.527147,148.173137,146.354010,0.000000,19.573634,65.137329
medium_roughness_0788,medium_roughness,0.518654,38.946462,29.454722,686.299343,484.151781,237.614912,246.536870,0.000000,31.987438,69.058651
high_roughness_0386,high_roughness,0.570673,38.619773,45.615002,943.586890,513.169714,271.847767,241.321947,0.000000,34.429252,100.083232
low_roughness_0852,low_roughness,0.436920,15.917537,64.104330,464.961799,166.901152,90.066555,76.834598,0.000000,11.853514,68.311335
medium_roughness_0953,medium_roughness,0.532751,43.420314,39.691834,982.966993,592.809362,294.332867,298.476494,0.000000,38.333551,70.821955
low_roughness_0997,low_roughness,0.450179,33.654970,44.058018,842.354671,471.229901,239.455350,231.774551,0.000000,30.059406,51.746649
low_roughness_0674,low_roughness,0.417349,8.390516,85.161648,636.017748,94.374554,51.120279,43.254275,0.000000,6.322949,29.470103
low_roughness_0358,low_roughness,0.374985,23.144263,43.558698,430.861259,243.183705,117.626325,125.557381,0.000000,16.442196,74.053564
medium_roughness_0205,medium_roughness,0.467975,35.512863,50.737001,814.842948,401.416074,226.599661,174.816413,0.000000,27.392154,86.158691
low_roughness_0612,low_roughness,0.410426,24.125810,68.859805,845.279104,263.221562,145.912618,117.308944,0.000000,17.513058,58.228468
medium_roughness_0076,medium_roughness,0.456614,21.337261,35.930614,430.401536,275.755620,132.546659,143.208961,0.000000,18.002734,72.424940
high_roughness_0853,high_roughness,0.651662,38.281842,47.337120,766.930886,403.887893,216.656445,187.231448,0.000000,27.739432,107.272322
low_roughness_0350,low_roughness,0.373726,21.853537,61.767676,617.696228,236.159625,131.489988,104.669636,0.000000,15.107651,60.152197
medium_roughness_0608,medium_roughness,0.503382,39.291594,21.743755,520.935365,407.664455,201.193349,206.471106,0.000000,26.358332,90.209240
low_roughness_0486,low_roughness,0.396203,33.385703,47.372162,902.436922,474.933042,252.016529,222.916513,0.000000,31.352340,62.988285
medium_roughness_0382,medium_roughness,0.483660,27.582027,45.284009,515.129319,281.858113,165.425576,116.432537,0.000000,18.699885,96.602756
medium_roughness_0423,medium_roughness,0.487420,35.785696,28.763498,609.641005,434.286925,212.054026,222.232898,0.000000,27.740971,82.298111
high_roughness_0161,high_roughness,0.549752,15.999744,40.306774,224.967035,134.290079,90.433882,43.856197,0.000000,8.771827,80.903847
high_roughness_0781,high_roughness,0.629088,30.161305,42.831016,618.445559,353.559043,191.797389,161.761654,0.000000,22.891945,64.090573
high_roughness_0411,high_roughness,0.572616,27.142358,51.075548,601.016169,294.043867,145.501277,148.542590,0.000000,19.502930,77.084815
low_roughness_0781,low_roughness,0.429044,43.391482,34.691482,815.045632,532.294225,255.310027,276.984198,0.000000,34.955914,83.267304
medium_roughness_0518,medium_roughness,0.495993,29.547342,44.866666,605.491677,333.827751,176.291503,157.536249,0.000000,23.142227,74.407275
medium_roughness_0300,medium_roughness,0.476939,16.298267,68.993568,547.078000,169.629369,93.786235,75.843135,0.000000,10.888140,44.370597
medium_roughness_0651,medium_roughness,0.507172,33.843241,29.459501,578.448084,408.040162,198.218899,209.821264,0.000000,26.045094,88.471164
medium_roughness_0066,medium_roughness,0.455635,41.868946,31.653812,660.379882,451.344479,221.523551,229.820927,0.000000,30.776472,118.334792
medium_roughness_0140,medium_roughness,0.463011,20.777418,68.278328,517.808229,164.257425,120.953395,43.304030,0.000000,10.527337,95.051061
low_roughness_0890,low_roughness,0.440914,66.600538,28.899066,1302.862613,926.347491,462.621250,463.726241,0.000000,59.403687,103.899660
medium_roughness_0128,medium_roughness,0.462208,48.934704,44.135000,1100.749839,614.933898,358.845362,256.088536,0.000000,40.810486,132.362367
low_roughness_0655,low_roughness,0.415387,46.789640,23.442720,707.540943,541.674101,236.903987,304.770114,0.000000,37.596993,128.937779
low_roughness_0715,low_roughness,0.421843,58.513410,25.295710,817.265610,610.532471,300.855558,309.676913,0.000000,41.495306,133.612556
low_roughness_0361,low_roughness,0.375729,8.619049,53.840154,172.921032,79.820083,40.929900,38.890183,0.000000,5.452407,36.966704
low_roughness_0751,low_roughness,0.426094,20.631897,56.135075,599.242098,262.857095,144.971824,117.885271,0.000000,17.612625,45.820527
low_roughness_0226,low_roughness,0.343159,38.700755,44.335335,1020.183247,567.881589,297.558403,270.323186,0.000000,37.300097,70.015404
low_roughness_0297,low_roughness,0.363706,45.386927,40.525913,1033.294160,614.542268,311.748880,302.793388,0.000000,39.223183,69.614592
medium_roughness_0904,medium_roughness,0.528866,40.755843,42.438864,960.949467,553.133428,259.924470,293.208958,0.000000,36.776515,104.344353
medium_roughness_0494,medium_roughness,0.493524,52.502992,23.685925,884.566551,675.048779,332.013747,343.035032,0.000000,43.703716,95.507441
low_roughness_0702,low_roughness,0.420553,55.526139,21.013731,953.687014,753.281794,340.753032,412.528762,0.000000,50.142841,104.221531
medium_roughness_0112,medium_roughness,0.459974,36.798244,44.294027,752.279774,419.064769,215.995166,203.069603,0.000000,26.787187,74.237241
high_roughness_0715,high_roughness,0.614270,25.406975,62.276815,699.583366,263.905128,106.809945,157.095183,0.000000,18.235630,74.128153
medium_roughness_0538,medium_roughness,0.497873,8.503404,81.858009,517.310591,93.850439,68.422799,25.427640,0.000000,6.349060,30.102866
low_roughness_0552,low_roughness,0.403516,34.091980,31.817422,504.317329,343.856556,180.277694,163.578862,0.000000,22.555453,72.675883
low_roughness_0850,low_roughness,0.436590,35.597857,47.716258,915.189900,478.495529,242.977248,235.518281,0.000000,31.412553,67.014640
medium_roughness_0740,medium_roughness,0.514463,37.765679,44.540668,837.495593,464.469464,196.463701,268.005763,0.000000,31.287288,91.147334
high_roughness_0047,high_roughness,0.540943,49.064755,31.577456,800.112798,547.457527,254.293058,293.164469,0.000000,36.282601,102.836201
medium_roughness_0780,medium_roughness,0.518204,42.211409,22.298950,647.343764,502.992900,241.917516,261.075384,0.000000,34.157492,114.990265
low_roughness_0518,low_roughness,0.399694,39.419778,38.193705,713.909369,441.240930,219.176406,222.064524,0.000000,29.033256,83.200951
low_roughness_0058,low_roughness,0.235846,21.037912,73.557933,701.420308,185.470031,112.472828,72.997203,0.000000,12.802179,65.061304
high_roughness_0310,high_roughness,0.563506,13.802014,69.276181,462.044107,141.957596,72.104271,69.853325,0.000000,9.177132,58.176283
high_roughness_0604,high_roughness,0.595554,39.567728,30.093765,694.936764,485.804126,266.310256,219.493870,0.000000,31.874116,71.717339
low_roughness_0993,low_roughness,0.449456,38.852995,45.006138,798.478035,439.113909,229.307673,209.806236,0.000000,28.179361,76.354825
low_roughness_0784,low_roughness,0.429408,63.963913,18.094762,937.874833,768.168610,361.749448,406.419162,0.000000,51.056877,126.966891
high_roughness_0593,high_roughness,0.593944,68.698891,27.311919,1264.082179,918.837083,456.941876,461.895207,0.000000,59.489431,130.572960
low_roughness_0143,low_roughness,0.318131,40.431014,45.292027,927.902452,507.636620,273.887660,233.748959,0.000000,33.922061,88.732623
high_roughness_0390,high_roughness,0.570829,36.149490,35.013903,662.136617,430.296741,221.580221,208.716520,0.000000,28.142956,72.836492
high_roughness_0643,high_roughness,0.600844,46.702228,41.520836,1120.859539,655.469293,310.265272,345.204021,0.000000,42.692080,70.554159
low_roughness_0072,low_roughness,0.267707,35.593889,44.897133,952.652316,524.938738,273.487228,251.451510,0.000000,34.158665,46.142242
low_roughness_0605,low_roughness,0.409276,64.638935,24.920269,974.826256,731.896927,360.146215,371.750712,0.000000,48.947704,128.946843
medium_roughness_0576,medium_roughness,0.500818,47.762647,43.136030,994.656431,565.601138,283.685502,281.915636,0.000000,38.678850,123.443568
low_roughness_0691,low_roughness,0.419464,49.470160,28.696100,812.056254,579.027778,248.116516,330.911262,0.000000,39.675838,122.488783
medium_roughness_0405,medium_roughness,0.485723,42.830304,50.415796,1086.949296,538.955151,278.875520,260.079631,0.000000,36.692711,129.108213
medium_roughness_0557,medium_roughness,0.499162,16.394284,71.837214,548.604077,154.502192,66.998650,87.503542,0.000000,11.012395,46.340955
high_roughness_0108,high_roughness,0.546188,47.132815,32.796274,921.664012,619.392554,309.304977,310.087577,0.000000,40.302263,121.806911
high_roughness_0665,high_roughness,0.604633,47.015134,27.979968,808.939610,582.598569,292.662064,289.936505,0.000000,38.267756,94.299902
low_roughness_0396,low_roughness,0.380694,22.017162,63.733422,530.022912,192.221174,129.365827,62.855347,0.000000,13.798931,88.282955
medium_roughness_0755,medium_roughness,0.516008,38.486562,31.642843,732.505610,500.720012,237.035507,263.684505,0.000000,32.894822,78.744442
high_roughness_0561,high_roughness,0.589070,42.197602,41.062534,1024.899932,604.050048,289.676192,314.373856,0.000000,39.736182,83.009832
low_roughness_0047,low_roughness,0.220551,31.165968,52.156929,843.669124,403.637218,218.621174,185.016044,0.000000,27.293930,84.192128
medium_roughness_0233,medium_roughness,0.470923,55.175001,35.561374,1161.766686,748.626485,375.542357,373.084128,0.000000,49.314438,124.864771
high_roughness_0122,high_roughness,0.547332,48.019146,25.253748,801.307371,598.947227,271.755091,327.192136,0.000000,39.913417,119.194180
high_roughness_0399,high_roughness,0.571807,18.913780,43.047285,216.455688,123.277391,68.486925,54.790467,0.000000,9.552648,120.991593
high_roughness_0403,high_roughness,0.572275,41.811613,30.236832,781.594374,545.264995,264.946795,280.318200,0.000000,34.689614,87.802813
low_roughness_0623,low_roughness,0.411642,16.716381,77.506567,570.351074,128.291537,90.111741,38.179796,0.000000,9.311462,65.760132
low_roughness_0228,low_roughness,0.343413,16.447727,76.654279,669.290715,156.250743,93.158974,63.091768,0.000000,11.021532,62.450463
low_roughness_0652,low_roughness,0.415155,23.592300,61.626537,529.641424,203.241753,111.440050,91.801703,0.000000,14.670105,70.182063
low_roughness_0268,low_roughness,0.357331,58.976727,33.200643,1235.284952,825.162401,391.716914,433.445487,0.000000,54.210311,87.328637
high_roughness_0719,high_roughness,0.614708,41.821514,20.081040,693.865735,554.530276,251.557829,302.972447,0.000000,36.296064,102.715586
low_roughness_0257,low_roughness,0.351424,18.622024,61.028424,405.203436,157.914166,96.073954,61.840212,0.000000,11.618480,81.788294
medium_roughness_0310,medium_roughness,0.477810,19.081933,34.352033,310.568514,203.881915,112.491490,91.390425,0.000000,13.482738,63.008575
low_roughness_0495,low_roughness,0.397190,20.490676,59.855191,455.752693,182.961049,117.390555,65.570494,0.000000,12.106914,86.472604
high_roughness_0109,high_roughness,0.546223,18.052441,57.348233,443.994318,189.371421,85.083446,104.287974,0.000000,13.118638,60.596464
medium_roughness_0858,medium_roughness,0.525494,32.889615,43.037040,656.914678,374.198048,162.676934,211.521114,0.000000,25.381775,73.347139
high_roughness_0447,high_roughness,0.576734,39.984517,45.497669,822.738288,448.411542,231.221495,217.190047,0.000000,29.608545,89.717849
medium_roughness_0659,medium_roughness,0.507952,42.301966,33.838399,747.276619,494.410174,241.920211,252.489964,0.000000,33.615136,108.095634
high_roughness_0845,high_roughness,0.646398,26.072512,64.133542,785.309826,281.662819,131.140586,150.522233,0.000000,19.187721,116.503545
low_roughness_0066,low_roughness,0.253892,15.695323,75.675416,618.586309,150.468549,92.208808,58.259741,0.000000,10.384234,49.476431
low_roughness_0805,low_roughness,0.431127,63.190564,33.117695,1410.359764,943.281124,472.052889,471.228235,0.000000,62.555304,92.910733
high_roughness_0695,high_roughness,0.609371,21.654456,61.401211,587.493149,226.765240,123.977367,102.787873,0.000000,15.870891,80.869685
high_roughness_0157,high_roughness,0.549532,15.638446,63.656094,386.238926,140.374314,57.649069,82.725245,0.000000,9.820968,47.715151
high_roughness_0871,high_roughness,0.658972,42.091665,24.353335,628.103783,475.139566,215.445916,259.693649,0.000000,31.940462,121.926430
low_roughness_0436,low_roughness,0.387956,21.391511,58.886329,516.004713,212.148479,101.537275,110.611204,0.000000,13.840171,88.176309
high_roughness_0587,high_roughness,0.593097,18.044024,68.319258,523.860836,165.962997,78.832778,87.130220,0.000000,11.968816,91.995696
low_roughness_0785,low_roughness,0.429529,34.153564,43.010764,730.451499,416.278732,191.162949,225.115783,0.000000,28.468851,124.873535
low_roughness_0649,low_roughness,0.414832,12.125337,55.476737,300.236310,133.675001,61.795020,71.879981,0.000000,8.915189,30.039375
low_roughness_0614,low_roughness,0.410746,69.210861,15.974175,1206.201302,1013.520591,466.628820,546.891771,0.000000,66.475890,95.953831
medium_roughness_0138,medium_roughness,0.462734,20.807377,58.145551,511.793190,214.208221,115.846080,98.362141,0.000000,14.917435,60.054780
high_roughness_0186,high_roughness,0.551860,12.085141,35.107716,177.264066,115.030702,53.192215,61.838487,0.000000,7.625584,64.330959
high_roughness_0599,high_roughness,0.595076,23.991092,65.720179,719.607463,246.680150,116.255602,130.424548,0.000000,16.889379,78.025144
medium_roughness_0730,medium_roughness,0.513774,23.937012,64.543016,718.022960,254.589284,131.014470,123.574813,0.000000,17.692410,61.110826
high_roughness_0174,high_roughness,0.550994,29.915656,44.241756,618.430658,344.826076,181.133786,163.692290,0.000000,23.403898,78.847393
low_roughness_0389,low_roughness,0.379826,45.518014,26.802182,805.784999,589.817039,271.403553,318.413485,0.000000,38.975686,94.835720
medium_roughness_0853,medium_roughness,0.525004,29.643918,56.264264,797.823004,348.933759,177.951065,170.982694,0.000000,23.426021,81.409783
low_roughness_0808,low_roughness,0.431462,27.780421,58.277254,668.088334,278.744800,167.348942,111.395858,0.000000,19.616096,89.925127
high_roughness_0521,high_roughness,0.584704,31.041381,50.469940,859.273624,425.598738,207.852811,217.745927,0.000000,28.499069,86.720170
medium_roughness_0561,medium_roughness,0.499483,53.149876,23.518164,879.332471,672.529618,333.948716,338.580901,0.000000,42.665173,109.227393
high_roughness_0629,high_roughness,0.598158,37.814088,39.507529,694.950981,420.393024,201.590450,218.802574,0.000000,28.437091,114.372560
medium_roughness_0573,medium_roughness,0.500611,45.290508,34.359854,862.624851,566.228209,274.015772,292.212438,0.000000,37.847642,99.928158
high_roughness_0362,high_roughness,0.568542,16.490605,61.840201,349.789734,133.479059,64.188998,69.290061,0.000000,9.895399,75.422136
high_roughness_0746,high_roughness,0.618306,39.991848,21.887634,563.958500,440.521328,227.138572,213.382756,0.000000,30.603697,132.116836
medium_roughness_0003,medium_roughness,0.450739,22.337206,68.255618,616.049706,195.561172,102.779607,92.781565,0.000000,14.640249,98.709134
low_roughness_0341,low_roughness,0.372551,34.695858,36.119017,643.938941,411.354528,191.691245,219.663283,0.000000,27.595809,89.669740
low_roughness_0394,low_roughness,0.380561,15.881582,72.563728,516.769384,141.782253,91.916810,49.865443,0.000000,10.346761,80.327323
medium_roughness_0881,medium_roughness,0.527234,28.584734,51.943072,785.334573,377.407667,187.109270,190.298397,0.000000,24.506592,42.877520
low_roughness_0085,low_roughness,0.284324,17.492093,80.675300,621.585839,120.119600,87.844558,32.275042,0.000000,9.389164,77.393134
high_roughness_0002,high_roughness,0.536669,18.376877,67.370271,602.208049,196.498853,108.847423,87.651431,0.000000,13.238365,70.292225
high_roughness_0435,high_roughness,0.575094,28.169076,60.148697,746.803478,297.610920,137.163778,160.447142,0.000000,20.008607,69.033551
medium_roughness_0045,medium_roughness,0.453726,31.368050,60.077630,876.543329,349.936874,188.234841,161.702033,0.000000,22.979470,66.284765
high_roughness_0357,high_roughness,0.568196,36.404873,37.919271,680.209675,422.279125,218.307562,203.971563,0.000000,29.320646,105.871816
medium_roughness_0162,medium_roughness,0.464969,41.473332,27.758968,667.563333,482.254644,215.697310,266.557334,0.000000,32.639406,108.420765
high_roughness_0728,high_roughness,0.615550,57.191947,26.050274,906.012817,669.993993,291.056105,378.937888,0.000000,44.760944,140.256083
high_roughness_0079,high_roughness,0.544020,34.548485,38.915625,619.606979,378.483049,168.080401,210.402648,0.000000,26.466106,111.281200
low_roughness_0400,low_roughness,0.382221,32.918597,33.109083,544.826352,364.439345,173.963504,190.475840,0.000000,23.486201,84.412233
low_roughness_0102,low_roughness,0.296533,4.748082,72.633845,196.498677,53.774133,39.214324,14.559809,0.000000,3.648439,16.121891
high_roughness_0118,high_roughness,0.546947,41.410554,36.562760,624.436127,396.125043,162.066454,234.058588,0.000000,27.198425,128.762697
high_roughness_0207,high_roughness,0.553830,38.306820,37.715862,642.810408,400.368919,201.319725,199.049195,0.000000,26.301772,107.050862
medium_roughness_0040,medium_roughness,0.453509,6.629206,74.139289,239.699574,61.988014,41.411655,20.576359,0.000000,4.272438,40.801194
medium_roughness_0283,medium_roughness,0.475043,49.926163,31.103094,924.559211,636.992690,322.096752,314.895938,0.000000,43.142304,123.307405
high_roughness_0098,high_roughness,0.545271,64.974773,31.543448,1307.716531,895.217650,439.374252,455.843398,0.000000,58.187760,104.856518
low_roughness_0689,low_roughness,0.419137,38.141285,45.166732,769.248742,421.804220,237.272153,184.532067,0.000000,27.647938,76.583073
medium_roughness_0315,medium_roughness,0.478145,48.847132,25.094884,738.482616,553.161257,256.640808,296.520450,0.000000,36.691015,113.497013
low_roughness_0855,low_roughness,0.437090,36.170564,34.894972,624.845516,406.805845,201.887159,204.918686,0.000000,26.867089,75.002816
high_roughness_0209,high_roughness,0.554237,39.562718,37.584742,771.351434,481.440990,229.415770,252.025221,0.000000,31.237359,114.595411
high_roughness_0385,high_roughness,0.570672,30.196131,45.992426,570.761788,308.254596,143.266291,164.988305,0.000000,20.208603,81.274712
high_roughness_0556,high_roughness,0.588786,23.558325,68.499214,490.946489,154.652004,55.567679,99.084324,0.000000,11.939926,120.643643
medium_roughness_0655,medium_roughness,0.507585,57.270419,34.086369,1217.735905,802.653954,378.121605,424.532349,0.000000,52.742625,79.665839
medium_roughness_0236,medium_roughness,0.471190,26.799130,51.515999,503.629258,244.179615,127.061823,117.117792,0.000000,16.898692,103.030055
medium_roughness_0601,medium_roughness,0.502726,52.540507,35.556196,980.678067,631.986253,319.618841,312.367413,0.000000,40.510100,101.563765
low_roughness_0926,low_roughness,0.443595,16.931335,61.491542,447.453216,172.307333,86.896567,85.410766,0.000000,11.084429,45.725424
high_roughness_0012,high_roughness,0.538101,39.490490,48.221700,903.214675,467.669201,235.438839,232.230362,0.000000,32.099086,89.661068
high_roughness_0453,high_roughness,0.577528,17.348504,39.211790,285.851206,173.763832,105.775196,67.988636,0.000000,11.744424,66.586958
medium_roughness_0724,medium_roughness,0.513249,18.267456,21.600711,222.961081,174.799902,91.350035,83.449867,0.000000,11.485735,55.693063
high_roughness_0755,high_roughness,0.620831,12.672269,69.163050,435.050816,134.156403,61.121505,73.034898,0.000000,8.789288,42.997872
medium_roughness_0187,medium_roughness,0.466643,36.372852,47.398863,867.733799,456.437845,253.213792,203.224053,0.000000,30.229267,64.953632
medium_roughness_0387,medium_roughness,0.483943,17.361421,74.760868,669.753924,169.040080,104.170853,64.869226,0.000000,11.670274,53.494565
high_roughness_0485,high_roughness,0.581009,39.620754,32.930933,647.266235,434.115424,254.182533,179.932891,0.000000,28.119041,122.073261
high_roughness_0756,high_roughness,0.620902,47.143035,22.796543,725.119510,559.817330,317.160466,242.656864,0.000000,36.722214,131.113966
low_roughness_0801,low_roughness,0.430506,16.509295,68.025500,347.312024,111.051282,52.075519,58.975763,0.000000,8.444355,67.393331
high_roughness_0037,high_roughness,0.540068,26.354610,43.800882,515.413375,289.657771,144.472180,145.185591,0.000000,18.566523,80.159467
medium_roughness_0924,medium_roughness,0.530467,51.712733,33.307078,1045.679151,697.393980,337.698828,359.695152,0.000000,45.412689,93.939755
medium_roughness_0752,medium_roughness,0.515929,48.323727,40.111556,1056.394074,632.657973,327.794361,304.863612,0.000000,40.741887,99.606741
low_roughness_0809,low_roughness,0.431552,18.458969,64.346637,549.768600,196.010994,97.707578,98.303416,0.000000,12.780025,57.980338
low_roughness_0507,low_roughness,0.398693,32.361656,51.108847,806.504815,394.309502,207.199350,187.110152,0.000000,25.191444,61.945287
medium_roughness_0346,medium_roughness,0.479899,30.617641,44.438799,659.409337,366.375747,192.940119,173.435628,0.000000,23.553532,59.902429
medium_roughness_0129,medium_roughness,0.462305,36.943766,41.439876,779.996980,456.767197,214.640269,242.126928,0.000000,30.693826,103.941646
medium_roughness_0801,medium_roughness,0.520114,36.067573,35.336052,609.620077,394.204407,222.590317,171.614090,0.000000,26.676933,90.824993
high_roughness_0969,high_roughness,0.708277,24.235126,40.109281,367.281089,219.967286,73.037594,146.929692,0.000000,14.850419,102.907171
low_roughness_0718,low_roughness,0.422083,15.040623,75.177711,561.374823,139.346082,72.841246,66.504836,0.000000,10.221171,68.027619
low_roughness_0548,low_roughness,0.402950,57.248171,18.463444,972.336414,792.809627,370.948258,421.861369,0.000000,51.208285,102.953191
low_roughness_0602,low_roughness,0.408912,47.691431,34.697515,951.546342,621.383411,294.540801,326.842610,0.000000,41.026503,81.080418
high_roughness_0811,high_roughness,0.636628,24.239001,27.455273,383.542910,278.240159,153.193250,125.046909,0.000000,18.239213,73.350088
medium_roughness_0470,medium_roughness,0.491930,36.862019,49.054740,890.748486,453.794129,251.599270,202.194859,0.000000,30.880322,110.518953
low_roughness_0563,low_roughness,0.405556,39.618201,24.728727,636.137406,478.828721,217.795898,261.032823,0.000000,31.679913,80.249889
high_roughness_0646,high_roughness,0.601096,13.078337,59.622093,335.654428,135.530232,81.503629,54.026604,0.000000,9.418900,48.915287
high_roughness_0046,high_roughness,0.540850,55.974092,30.923376,1201.181848,829.735867,402.397253,427.338614,0.000000,53.950218,109.455196
medium_roughness_0408,medium_roughness,0.486084,27.333025,60.698912,579.660112,227.812730,109.060023,118.752707,0.000000,16.527274,133.690688
low_roughness_0229,low_roughness,0.343729,34.501601,47.911581,889.418716,463.284146,245.660180,217.623966,0.000000,30.398334,63.735160
medium_roughness_0759,medium_roughness,0.516271,20.026838,74.383768,636.968531,163.167338,71.293231,91.874107,0.000000,11.514833,99.552074
medium_roughness_0682,medium_roughness,0.510469,27.857607,56.694802,687.571133,297.754039,163.975756,133.778283,0.000000,19.495585,63.808887
low_roughness_0408,low_roughness,0.383668,46.268477,38.380434,1050.085953,647.058409,306.649723,340.408687,0.000000,42.392864,94.328224
high_roughness_0281,high_roughness,0.561075,14.045973,70.387587,383.251359,113.489977,63.045707,50.444271,0.000000,8.227027,69.303688
high_roughness_0260,high_roughness,0.558746,38.947102,28.620723,628.092005,448.327535,220.264320,228.063215,0.000000,30.785294,95.179766
low_roughness_0280,low_roughness,0.359350,16.789144,68.578881,409.214528,128.579782,92.438336,36.141446,0.000000,9.128575,76.876026
medium_roughness_0247,medium_roughness,0.472119,17.105106,74.030678,809.946310,210.337562,116.869450,93.468112,0.000000,13.944557,40.106255
medium_roughness_0170,medium_roughness,0.465498,44.622830,24.232798,720.355581,545.793271,271.902880,273.890391,0.000000,36.750931,110.103909
medium_roughness_0815,medium_roughness,0.521672,58.636446,36.073182,1295.068678,827.896199,408.620478,419.275721,0.000000,54.176487,88.474962
medium_roughness_0884,medium_roughness,0.527581,39.951264,39.043457,711.957728,433.984817,199.729835,234.254982,0.000000,28.748601,99.259242
high_roughness_0452,high_roughness,0.577524,29.954950,55.248638,797.296214,356.800914,188.131418,168.669496,0.000000,24.027684,76.711506
high_roughness_0995,high_roughness,0.769262,32.962644,51.864752,674.993671,324.909878,156.059461,168.850417,0.000000,22.349032,140.469582
medium_roughness_0089,medium_roughness,0.458066,49.163676,22.960602,847.287938,652.745524,308.254413,344.491110,0.000000,43.301567,89.299942
high_roughness_0401,high_roughness,0.572120,13.350869,73.620738,396.084203,104.484088,57.287477,47.196611,0.000000,7.702345,71.012158
medium_roughness_0534,medium_roughness,0.497451,35.828523,51.963552,861.772167,413.964739,213.772224,200.192514,0.000000,28.823137,83.469706
low_roughness_0494,low_roughness,0.397161,48.327448,23.194634,843.617636,647.943612,306.751961,341.191651,0.000000,42.887756,88.086977
low_roughness_0633,low_roughness,0.412847,31.722931,59.542337,849.897504,343.848665,200.782149,143.066516,0.000000,23.444630,75.148851
low_roughness_0165,low_roughness,0.326043,61.764970,29.317681,1222.850702,864.339233,390.332921,474.006313,0.000000,57.433201,126.452623
low_roughness_0772,low_roughness,0.428498,36.524412,51.248932,754.529275,367.841080,159.024786,208.816295,0.000000,25.650839,87.304445
medium_roughness_0493,medium_roughness,0.493524,58.212817,20.479455,953.115467,757.922616,366.052615,391.870000,0.000000,48.934355,100.057097
high_roughness_0692,high_roughness,0.608795,28.043034,53.186203,750.963042,351.554311,188.621497,162.932813,0.000000,23.386712,85.767343
high_roughness_0611,high_roughness,0.596108,43.181842,33.980071,797.792511,526.702050,275.930492,250.771559,0.000000,34.076702,85.829162
low_roughness_0118,low_roughness,0.308116,6.041685,83.321501,406.064068,67.725393,42.429797,25.295596,0.000000,4.458686,18.065166
high_roughness_0041,high_roughness,0.540510,18.724520,46.829740,377.116338,200.513737,77.630085,122.883652,0.000000,13.932066,51.804563
low_roughness_0363,low_roughness,0.376171,25.646942,44.419192,566.282656,314.744475,158.951655,155.792820,0.000000,20.448105,49.128848
medium_roughness_0272,medium_roughness,0.474070,41.026625,48.715220,702.503670,360.277461,162.340966,197.936495,0.000000,25.640458,122.579183
high_roughness_0772,high_roughness,0.626624,32.466040,53.520162,812.794782,377.785702,165.893300,211.892402,0.000000,26.314782,110.419929
medium_roughness_0784,medium_roughness,0.518272,15.495943,62.560928,414.559863,155.207365,60.514215,94.693150,0.000000,11.164837,66.546768
high_roughness_0510,high_roughness,0.583929,27.177679,57.334849,628.972530,268.352078,148.169519,120.182560,0.000000,18.163616,110.497107
low_roughness_0123,low_roughness,0.310500,54.862195,29.970517,1029.726760,721.112322,340.938169,380.174153,0.000000,47.427410,85.745625
medium_roughness_0254,medium_roughness,0.472404,15.863869,57.326982,336.757711,143.704678,67.167312,76.537367,0.000000,10.173140,73.953188
medium_roughness_0742,medium_roughness,0.515052,12.327916,80.199109,379.659341,75.175933,28.214471,46.961461,0.000000,5.591732,77.040840
high_roughness_0857,high_roughness,0.652709,45.507107,27.296642,763.910259,555.388412,283.864158,271.524254,0.000000,36.059502,97.507672
high_roughness_0747,high_roughness,0.618712,34.409373,45.494248,762.451430,415.579882,203.549291,212.030591,0.000000,28.053676,96.380451
low_roughness_0006,low_roughness,0.140673,18.647897,70.348302,461.133241,136.733838,95.164460,41.569378,0.000000,10.564307,87.231026
high_roughness_0886,high_roughness,0.667668,32.813317,48.146083,643.055878,333.449660,167.710634,165.739026,0.000000,22.844563,87.324268
high_roughness_0888,high_roughness,0.667794,36.772352,36.614716,670.437989,424.959026,234.471509,190.487517,0.000000,27.575122,127.524766
high_roughness_0102,high_roughness,0.545724,44.517937,32.068949,824.355194,559.993147,264.586995,295.406152,0.000000,37.961257,102.667956
low_roughness_0380,low_roughness,0.378226,30.823539,44.505201,588.985572,326.856358,177.023943,149.832415,0.000000,21.561892,86.210296
high_roughness_0992,high_roughness,0.754179,14.291484,72.731142,552.238546,150.589146,65.796691,84.792455,0.000000,10.653701,57.708028
high_roughness_0549,high_roughness,0.588272,49.381288,37.608585,1050.133844,655.193366,313.430936,341.762429,0.000000,42.878141,117.528512
high_roughness_0136,high_roughness,0.548151,30.405950,37.092097,491.081005,308.928764,152.901945,156.026819,0.000000,19.783129,89.873989
low_roughness_0952,low_roughness,0.445802,14.813371,66.352418,615.991676,207.266305,112.264358,95.001947,0.000000,13.582984,37.939835
medium_roughness_0356,medium_roughness,0.481071,40.471614,44.901351,982.986633,541.612360,264.885064,276.727295,0.000000,37.082772,123.725637
high_roughness_0679,high_roughness,0.606413,9.824980,67.217614,254.492226,83.428624,43.143955,40.284669,0.000000,5.830340,45.165701
high_roughness_0687,high_roughness,0.607737,26.491295,61.957898,743.226726,282.739069,139.751112,142.987957,0.000000,18.729466,71.139817
low_roughness_0359,low_roughness,0.375248,53.730715,29.184515,880.045466,623.208461,294.330374,328.878088,0.000000,40.716886,106.109563
medium_roughness_0667,medium_roughness,0.508513,17.211306,72.427627,453.214348,124.961949,81.144479,43.817470,0.000000,8.916979,74.255339
low_roughness_0482,low_roughness,0.395923,32.413332,52.413482,787.493395,374.740683,187.130516,187.610167,0.000000,24.469943,57.347111
medium_roughness_0532,medium_roughness,0.497380,18.136073,64.715746,614.239203,216.729723,98.016548,118.713175,0.000000,14.047438,61.760024
low_roughness_0660,low_roughness,0.415907,26.799269,50.233690,549.154347,273.293854,144.760646,128.533208,0.000000,18.356671,76.909140
high_roughness_0338,high_roughness,0.566340,11.250776,66.197325,282.543056,95.507112,56.881667,38.625444,0.000000,6.404176,46.665470
medium_roughness_0341,medium_roughness,0.479706,43.580068,43.989248,1052.076919,589.276198,283.510738,305.765460,0.000000,38.999110,101.253764
low_roughness_0587,low_roughness,0.408127,43.253246,35.821394,782.235578,502.027891,250.871452,251.156439,0.000000,32.460673,76.542232
medium_roughness_0008,medium_roughness,0.450936,39.417249,48.225451,864.001292,447.332772,221.919311,225.413461,0.000000,30.847862,85.983255
medium_roughness_0994,medium_roughness,0.536273,32.459994,31.959847,548.548426,373.233190,181.704080,191.529110,0.000000,25.357505,94.793457
low_roughness_0169,low_roughness,0.328474,43.018427,24.470264,720.705847,544.347227,235.324779,309.022447,0.000000,36.635313,113.362536
high_roughness_0512,high_roughness,0.583954,43.609933,43.681553,929.161517,523.289335,274.716126,248.573209,0.000000,35.034406,99.311763
medium_roughness_0602,medium_roughness,0.502769,35.881281,32.363611,714.272153,483.107891,236.527691,246.580200,0.000000,31.094776,66.452687
medium_roughness_0234,medium_roughness,0.470981,14.323889,74.906067,644.381865,161.700752,90.383259,71.317493,0.000000,10.563245,38.284181
medium_roughness_0000,medium_roughness,0.450363,30.578133,60.484454,1019.413171,402.826678,216.471330,186.355348,0.000000,26.178732,59.462895
medium_roughness_0476,medium_roughness,0.492348,15.008892,67.350277,441.470908,144.139031,68.927495,75.211535,0.000000,10.229730,51.251002
high_roughness_0759,high_roughness,0.622120,28.615588,44.370203,515.195688,286.602316,135.905183,150.697134,0.000000,19.798523,114.318517
medium_roughness_0663,medium_roughness,0.508245,22.279437,69.660476,645.893464,195.961003,110.260041,85.700962,0.000000,14.019824,85.132225
low_roughness_0630,low_roughness,0.412371,15.256873,69.645280,492.394026,149.464826,63.606795,85.858031,0.000000,10.057175,55.813294
medium_roughness_0194,medium_roughness,0.467057,21.239945,70.368252,745.357011,220.862311,121.542505,99.319806,0.000000,14.765523,59.862424
high_roughness_0342,high_roughness,0.566637,32.477628,48.789976,696.949371,356.907940,194.718483,162.189458,0.000000,23.516835,73.941245
high_roughness_0980,high_roughness,0.718499,45.909584,37.998489,919.718505,570.239370,293.104214,277.135157,0.000000,36.694207,95.210176
high_roughness_0507,high_roughness,0.582873,31.508952,31.937130,508.380501,346.018360,168.042231,177.976129,0.000000,23.978961,96.418738
high_roughness_0488,high_roughness,0.581230,24.629997,59.310787,681.105462,277.136451,156.869280,120.267171,0.000000,18.479904,55.490961
low_roughness_0625,low_roughness,0.411898,20.239812,68.380735,636.729120,201.329067,119.117543,82.211524,0.000000,14.002974,63.363853
low_roughness_0126,low_roughness,0.311348,11.668781,79.637803,476.179382,96.960585,58.580292,38.380292,0.000000,6.960105,86.709513
high_roughness_0393,high_roughness,0.571109,46.298981,25.245737,702.947401,525.483150,239.868463,285.614687,0.000000,35.134111,107.608552
high_roughness_0959,high_roughness,0.702013,19.510771,49.677205,428.284572,215.524769,95.436547,120.088222,0.000000,14.423355,69.749642
low_roughness_0327,low_roughness,0.370573,18.272629,54.431727,482.616907,219.920188,103.865236,116.054952,0.000000,14.836728,61.212648
high_roughness_0182,high_roughness,0.551410,49.568707,39.893627,1102.427882,662.629413,315.112356,347.517057,0.000000,43.174053,77.583784
medium_roughness_0741,medium_roughness,0.514772,22.951480,51.483980,434.959163,211.024874,134.910281,76.114593,0.000000,14.439487,118.817208
medium_roughness_0787,medium_roughness,0.518520,15.250555,58.987953,257.591728,105.643640,68.064694,37.578946,0.000000,8.036150,93.568551
medium_roughness_0181,medium_roughness,0.466163,27.242077,60.232153,781.480993,310.778167,182.807339,127.970828,0.000000,21.127013,64.692687
medium_roughness_0223,medium_roughness,0.470022,15.977595,78.015768,569.810096,125.268374,83.489429,41.778945,0.000000,9.306342,48.585458
medium_roughness_0774,medium_roughness,0.517628,14.972678,72.321055,510.640453,141.339889,69.097288,72.242601,0.000000,9.082639,59.090865
low_roughness_0531,low_roughness,0.401023,27.441261,40.147844,535.611053,320.574763,154.741305,165.833459,0.000000,20.952355,49.313188
medium_roughness_0520,medium_roughness,0.496134,46.041847,42.802737,1100.802267,629.628764,332.279983,297.348781,0.000000,41.153009,90.005527
medium_roughness_0163,medium_roughness,0.465009,46.237749,39.303723,1100.026801,667.675314,329.999834,337.675480,0.000000,43.610230,72.468611
medium_roughness_0147,medium_roughness,0.464014,26.958850,60.417022,644.081663,254.946700,162.887448,92.059251,0.000000,16.444258,133.109821
low_roughness_0453,low_roughness,0.391225,13.710852,68.273137,320.711917,101.751830,41.624153,60.127677,0.000000,7.076923,66.004050
low_roughness_0771,low_roughness,0.428380,15.810066,75.497595,522.485833,128.021596,55.209539,72.812057,0.000000,9.238250,74.698690
low_roughness_0634,low_roughness,0.413064,35.223430,46.151669,877.132855,472.321400,238.256100,234.065300,0.000000,29.938030,57.965333
low_roughness_0599,low_roughness,0.408845,34.678862,45.594565,746.515523,406.145020,219.988266,186.156754,0.000000,27.689847,73.582356
low_roughness_0932,low_roughness,0.444043,20.729265,70.973592,472.661169,137.196560,103.749516,33.447044,0.000000,9.767725,118.879106
low_roughness_0426,low_roughness,0.386267,32.004518,53.275713,794.511633,371.229896,159.440328,211.789567,0.000000,25.762203,127.089531
low_roughness_0355,low_roughness,0.374415,30.910659,32.925740,587.283384,393.915983,185.445424,208.470559,0.000000,25.858592,68.020283
medium_roughness_0225,medium_roughness,0.470177,20.941729,39.577495,365.502757,220.845923,112.965967,107.879956,0.000000,15.066238,78.089458
high_roughness_0847,high_roughness,0.648139,32.103049,36.303193,497.572950,316.938081,157.187111,159.750969,0.000000,20.612976,89.291981
low_roughness_0161,low_roughness,0.324044,8.463983,75.640080,312.202072,76.052176,56.703663,19.348513,0.000000,4.944384,44.652402
low_roughness_0978,low_roughness,0.447573,29.020097,58.528116,744.773470,308.871589,184.357806,124.513783,0.000000,19.965996,102.415122
high_roughness_0764,high_roughness,0.623555,44.978552,43.761443,931.172178,523.677792,265.566952,258.110840,0.000000,33.367522,106.930618
medium_roughness_0372,medium_roughness,0.482618,34.830683,40.107499,693.586577,415.406351,198.740116,216.666235,0.000000,27.845292,88.824839
high_roughness_0278,high_roughness,0.560610,35.815558,33.523676,501.291106,333.239900,131.057729,202.182171,0.000000,23.309460,123.517881
high_roughness_0160,high_roughness,0.549707,43.017577,35.775078,786.845380,505.350833,272.118138,233.232695,0.000000,33.118300,91.497159
high_roughness_0627,high_roughness,0.597941,31.018680,48.091777,669.519252,347.535547,163.861760,183.673787,0.000000,23.543373,76.964958
medium_roughness_0056,medium_roughness,0.454633,19.107456,60.559838,549.622283,216.771920,108.837830,107.934091,0.000000,14.494418,48.890092
high_roughness_0312,high_roughness,0.563556,52.224955,38.852857,998.072089,610.292572,316.666606,293.625966,0.000000,39.078193,106.347074
high_roughness_0681,high_roughness,0.606700,39.392961,37.549619,703.816964,439.536374,209.240743,230.295631,0.000000,29.417662,91.635093
medium_roughness_0914,medium_roughness,0.529305,26.327915,59.662428,576.646697,232.605274,78.355244,154.250030,0.000000,17.222367,119.649997
low_roughness_0953,low_roughness,0.445824,19.450752,67.329524,699.768711,228.617772,128.141074,100.476698,0.000000,15.925714,75.115837
high_roughness_0366,high_roughness,0.568884,22.962988,63.608530,519.112244,188.912574,102.903088,86.009486,0.000000,14.026359,131.073786
medium_roughness_0504,medium_roughness,0.494507,23.328280,66.113849,772.278782,261.695554,129.778897,131.916658,0.000000,16.979207,56.343720
high_roughness_0416,high_roughness,0.572971,41.435587,47.516862,1018.959652,534.782004,269.545921,265.236083,0.000000,35.938589,92.461832
medium_roughness_0006,medium_roughness,0.450878,27.704620,49.088785,615.100255,313.155016,136.254070,176.900946,0.000000,21.736117,105.714765
high_roughness_0113,high_roughness,0.546581,14.644672,69.590830,296.846217,90.268469,37.180199,53.088270,0.000000,6.637807,71.944235
low_roughness_0009,low_roughness,0.152313,16.306252,45.538446,302.726541,164.869579,81.173299,83.696280,0.000000,11.341538,65.222056
high_roughness_0516,high_roughness,0.584146,30.583305,47.252404,718.912915,379.209277,192.229742,186.979535,0.000000,25.017515,72.290651
medium_roughness_0067,medium_roughness,0.455703,56.012570,39.078591,1177.275597,717.212884,376.241491,340.971393,0.000000,45.849873,149.327289
medium_roughness_0813,medium_roughness,0.520919,29.453570,31.623806,489.324403,334.581404,163.255842,171.325562,0.000000,21.709702,70.624366
low_roughness_0537,low_roughness,0.401958,27.974685,55.990895,826.580622,363.770735,191.722732,172.048003,0.000000,23.786327,59.690060
medium_roughness_0326,medium_roughness,0.479008,44.949803,20.000152,749.944690,599.954610,278.711491,321.243120,0.000000,38.452468,105.665873
medium_roughness_0401,medium_roughness,0.485539,35.597613,37.293973,622.043147,390.058543,166.385680,223.672862,0.000000,27.594932,104.589081
low_roughness_0758,low_roughness,0.426847,6.397187,74.594200,297.757544,75.647687,50.955549,24.692138,0.000000,5.028650,23.625011
medium_roughness_0978,medium_roughness,0.534173,13.722585,70.534837,510.970137,150.558186,74.917488,75.640698,0.000000,9.986589,36.883334
low_roughness_0919,low_roughness,0.442991,32.586156,38.111394,477.125828,295.286526,108.218091,187.068435,0.000000,21.354012,117.471372
medium_roughness_0027,medium_roughness,0.452279,18.303523,41.310631,373.730128,219.339856,109.566534,109.773321,0.000000,14.653422,52.084174
low_roughness_0469,low_roughness,0.394302,50.859768,31.097427,1038.923664,715.845138,356.781147,359.063991,0.000000,46.313966,76.061150
medium_roughness_0930,medium_roughness,0.530860,15.833043,50.945738,339.686386,166.630651,97.398709,69.231942,0.000000,11.078085,77.215370
high_roughness_0589,high_roughness,0.593384,32.040446,56.408368,685.349974,298.755239,141.163820,157.591420,0.000000,21.432893,129.166645
low_roughness_0867,low_roughness,0.438738,26.348286,64.547425,733.743327,260.130907,141.608183,118.522724,0.000000,18.874657,91.214945
low_roughness_0152,low_roughness,0.321151,25.455018,65.178373,787.249892,274.133224,152.042034,122.091190,0.000000,18.618950,70.758955
low_roughness_0535,low_roughness,0.401796,26.908893,59.803373,763.733726,306.995194,177.266534,129.728660,0.000000,20.525820,78.703833
medium_roughness_0296,medium_roughness,0.476688,60.115749,25.252939,1025.828328,766.776522,396.597549,370.178973,0.000000,48.881072,95.774174
high_roughness_0655,high_roughness,0.603748,19.302294,63.853129,485.585498,175.523962,92.592052,82.931910,0.000000,12.826500,67.769526
low_roughness_0975,low_roughness,0.447471,47.875908,24.133504,752.186967,570.657896,276.461259,294.196637,0.000000,38.214401,88.360338
medium_roughness_0337,medium_roughness,0.479586,12.893989,28.493627,178.691473,127.775790,71.070244,56.705546,0.000000,8.430633,61.967474
medium_roughness_0733,medium_roughness,0.513897,21.174687,68.982135,783.157791,242.918823,136.583300,106.335523,0.000000,15.865827,62.293261
high_roughness_0944,high_roughness,0.694791,34.266867,40.810806,608.955625,360.435928,171.173320,189.262607,0.000000,24.118534,88.799038
low_roughness_0622,low_roughness,0.411408,20.035431,33.508686,284.640859,189.261448,92.400447,96.861002,0.000000,12.577264,67.852301
low_roughness_0119,low_roughness,0.309243,19.327953,73.247058,731.588006,195.721318,118.373019,77.348299,0.000000,13.595670,49.506377
high_roughness_0030,high_roughness,0.539843,11.595641,72.828582,468.830972,127.388025,59.297360,68.090665,0.000000,8.509115,33.268823
high_roughness_0141,high_roughness,0.548453,18.425813,33.729455,264.512586,175.293932,94.287671,81.006261,0.000000,11.438848,58.200773
low_roughness_0945,low_roughness,0.445145,30.358863,60.448858,1028.162035,406.649830,217.193724,189.456106,0.000000,26.511967,62.445679
high_roughness_0308,high_roughness,0.563320,16.715913,44.446229,307.836894,171.015005,93.052987,77.962018,0.000000,11.053128,41.158809
low_roughness_0447,low_roughness,0.390029,12.805453,67.979251,312.951299,100.209350,70.890276,29.319074,0.000000,7.483376,68.791583
medium_roughness_0887,medium_roughness,0.527771,16.302850,55.937070,375.822308,165.598319,85.637167,79.961153,0.000000,10.912056,37.067058
high_roughness_0474,high_roughness,0.579738,25.882326,18.290619,269.206460,219.966931,113.132116,106.834815,0.000000,15.302799,103.271990
low_roughness_0117,low_roughness,0.307223,30.508333,50.181396,719.038574,358.214981,210.917911,147.297070,0.000000,23.893855,71.353601
low_roughness_0675,low_roughness,0.417465,17.879612,70.120724,787.058688,235.167439,145.822140,89.345299,0.000000,15.478908,51.110853
low_roughness_0987,low_roughness,0.448597,28.344432,46.009098,559.994273,302.345959,150.314061,152.031899,0.000000,21.367204,82.221537
high_roughness_0049,high_roughness,0.541086,32.471253,31.463220,558.843297,383.013204,209.459500,173.553704,0.000000,24.923724,82.548395
high_roughness_0911,high_roughness,0.673386,26.907535,42.119605,400.462927,231.789524,88.223102,143.566422,0.000000,16.496764,115.834585
medium_roughness_0819,medium_roughness,0.521881,30.371291,42.938219,619.692277,353.607452,169.472025,184.135427,0.000000,24.146059,89.676355
medium_roughness_0274,medium_roughness,0.474130,30.078434,47.140886,571.632688,302.159976,159.440720,142.719256,0.000000,20.440154,85.545159
high_roughness_0663,high_roughness,0.604363,18.816632,25.266861,235.428646,175.943217,103.677205,72.266012,0.000000,11.460512,76.348578
high_roughness_0810,high_roughness,0.636606,36.376271,48.809103,927.753258,474.925216,260.424131,214.501085,0.000000,30.793853,77.161498
medium_roughness_0558,medium_roughness,0.499174,22.461225,59.799612,628.833629,252.793559,139.305614,113.487945,0.000000,17.459446,63.661206
low_roughness_0080,low_roughness,0.278217,40.214876,22.322889,593.104800,460.706671,208.790855,251.915816,0.000000,31.582353,106.265746
medium_roughness_0046,medium_roughness,0.453779,27.963663,64.034844,993.974946,357.484642,189.931741,167.552901,0.000000,22.980636,64.044630
high_roughness_0716,high_roughness,0.614284,42.857746,30.313096,661.515347,460.989562,218.432472,242.557090,0.000000,31.781017,124.639145
low_roughness_0239,low_roughness,0.347397,44.554844,44.623595,1076.869581,596.331656,317.219580,279.112075,0.000000,38.736602,72.286424
medium_roughness_0438,medium_roughness,0.488629,15.279795,63.353853,415.073392,152.108405,78.312583,73.795822,0.000000,10.898550,59.498420
medium_roughness_0744,medium_roughness,0.515185,8.885677,64.141032,216.650712,77.688711,38.714001,38.974710,0.000000,5.290565,57.072974
low_roughness_0719,low_roughness,0.422302,51.629936,12.061126,513.638415,451.687837,200.491314,251.196524,0.000000,30.225329,136.654494
medium_roughness_0251,medium_roughness,0.472198,50.814980,34.507928,880.187862,576.453269,293.713176,282.740093,0.000000,36.578426,101.096053
high_roughness_0361,high_roughness,0.568528,30.788952,52.738082,646.767726,305.674830,166.808088,138.866742,0.000000,19.859148,91.200528
medium_roughness_0152,medium_roughness,0.464523,37.989155,31.292830,543.883913,373.687247,154.162286,219.524961,0.000000,25.881291,125.768846
high_roughness_0846,high_roughness,0.647535,39.517849,31.803176,694.354851,473.527957,232.065955,241.462003,0.000000,31.256208,118.885696
low_roughness_0984,low_roughness,0.448367,24.968882,66.996910,650.901923,214.817751,99.385281,115.432469,0.000000,15.590191,102.065774
medium_roughness_0609,medium_roughness,0.503386,17.109858,67.650074,641.345074,207.474657,109.012198,98.462460,0.000000,13.428257,34.041317
medium_roughness_0574,medium_roughness,0.500795,56.895832,34.590762,1265.724350,827.900655,411.352250,416.548406,0.000000,55.710031,124.407734
medium_roughness_0877,medium_roughness,0.526982,28.509897,50.087018,652.012353,325.438808,130.596029,194.842779,0.000000,22.766939,89.099536
high_roughness_0638,high_roughness,0.600109,62.516053,19.192269,979.013305,791.118440,360.499983,430.618458,0.000000,52.558719,100.263375
low_roughness_0367,low_roughness,0.376930,37.708482,44.402539,703.300170,391.017037,213.802255,177.214781,0.000000,25.005547,84.291488
medium_roughness_0047,medium_roughness,0.453781,13.910514,79.274906,595.994916,123.520509,64.037490,59.483019,0.000000,8.760906,84.328324
medium_roughness_0014,medium_roughness,0.451492,51.118384,34.949490,971.057808,631.678058,287.176603,344.501455,0.000000,41.879504,123.326984
high_roughness_0042,high_roughness,0.540607,22.369207,62.741248,581.800950,216.771771,119.251024,97.520747,0.000000,14.651528,86.975958
low_roughness_0179,low_roughness,0.331109,65.045333,29.900015,1223.068600,857.370903,408.269533,449.101370,0.000000,56.344688,99.767173
high_roughness_0299,high_roughness,0.562658,51.897130,17.721242,820.992488,675.502424,311.927143,363.575280,0.000000,43.783963,93.652536
medium_roughness_0416,medium_roughness,0.486751,21.016318,40.706799,376.906320,223.479821,89.503547,133.976275,0.000000,15.510933,72.215566
low_roughness_0130,low_roughness,0.312029,6.559307,81.282295,314.661670,58.897443,46.286274,12.611170,0.000000,4.021032,30.673350
low_roughness_0320,low_roughness,0.369227,52.348057,39.373735,1138.913739,690.480861,367.609626,322.871235,0.000000,45.548240,92.686778
low_roughness_0284,low_roughness,0.360194,41.799415,25.010945,701.546840,526.083348,246.271210,279.812138,0.000000,34.331960,69.164280
low_roughness_0127,low_roughness,0.311462,33.777513,57.555054,956.524127,405.996147,233.983068,172.013079,0.000000,28.256147,92.081158
low_roughness_0352,low_roughness,0.374257,72.933142,26.893661,1431.795983,1046.733629,496.588326,550.145303,0.000000,68.169034,105.097848
high_roughness_0179,high_roughness,0.551159,58.706377,27.680768,1052.002010,760.799776,378.463207,382.336569,0.000000,49.947408,88.306599
medium_roughness_0901,medium_roughness,0.528647,34.546362,37.624183,564.072192,351.844640,158.223015,193.621626,0.000000,24.184821,136.856667
medium_roughness_0487,medium_roughness,0.493131,14.351134,59.813275,462.966577,186.051105,102.393132,83.657973,0.000000,12.040232,30.046778
high_roughness_0955,high_roughness,0.699736,33.577270,48.748194,670.259806,343.520258,148.694415,194.825843,0.000000,24.029003,113.655786
medium_roughness_0474,medium_roughness,0.492135,62.950135,25.949311,1121.327123,830.350461,399.021237,431.329225,0.000000,54.085174,93.608313
high_roughness_0971,high_roughness,0.711187,28.088623,50.133362,597.815501,298.110491,169.049042,129.061449,0.000000,20.778499,99.639212
medium_roughness_0453,medium_roughness,0.490086,28.414145,56.529489,630.032695,273.878432,116.854407,157.024025,0.000000,18.661898,122.974642
medium_roughness_0804,medium_roughness,0.520285,47.985583,44.861730,1141.355493,629.323669,326.738605,302.585064,0.000000,41.044170,96.041947
medium_roughness_0231,medium_roughness,0.470910,32.643254,53.184247,847.697761,396.856092,215.328125,181.527967,0.000000,26.410352,78.213220
high_roughness_0284,high_roughness,0.561358,18.068880,52.392249,331.257213,157.704110,80.987510,76.716600,0.000000,10.396489,94.665220
low_roughness_0330,low_roughness,0.370786,17.531441,44.908530,338.755173,186.625206,86.479520,100.145686,0.000000,12.404501,54.555241
high_roughness_0575,high_roughness,0.591749,16.059851,65.805717,431.394913,147.512397,82.962178,64.550219,0.000000,10.862394,80.086028
low_roughness_0934,low_roughness,0.444227,31.155360,54.875973,728.919483,328.917827,201.129613,127.788215,0.000000,22.966883,103.572765
high_roughness_0241,high_roughness,0.556966,58.719040,30.084807,1152.335901,805.657867,374.448704,431.209163,0.000000,52.309784,154.025471
high_roughness_0345,high_roughness,0.566969,33.250989,45.837055,652.386469,353.351724,151.036218,202.315506,0.000000,24.869663,125.224110
high_roughness_0539,high_roughness,0.586915,45.413891,19.253430,620.269923,500.846688,223.255726,277.590962,0.000000,34.190152,129.428626
medium_roughness_0145,medium_roughness,0.463509,35.937243,45.243740,856.683651,469.087928,263.186586,205.901342,0.000000,31.244103,67.441525
low_roughness_0856,low_roughness,0.437140,25.181687,47.563262,436.270692,228.766119,128.185514,100.580605,0.000000,15.726885,80.903695
low_roughness_0074,low_roughness,0.272297,12.835884,72.633082,347.169183,95.009505,73.103483,21.906022,0.000000,6.783436,60.410928
high_roughness_0008,high_roughness,0.537637,21.661471,54.404515,533.679243,243.333638,102.996230,140.337408,0.000000,16.583514,68.383768
low_roughness_0632,low_roughness,0.412654,7.056367,83.108291,377.667273,63.794455,49.083971,14.710484,0.000000,4.629291,42.833844
low_roughness_0821,low_roughness,0.433306,31.630569,48.404026,699.866720,361.103054,179.666473,181.436581,0.000000,24.139764,104.856283
low_roughness_0628,low_roughness,0.412297,38.524287,33.755218,698.572708,462.767964,209.273895,253.494069,0.000000,30.403239,63.916463
medium_roughness_0646,medium_roughness,0.506782,34.713078,30.188507,568.054450,396.567292,194.111731,202.455561,0.000000,25.271379,85.972412
high_roughness_0170,high_roughness,0.550507,45.282075,35.124358,789.121565,511.947680,252.839076,259.108604,0.000000,33.393709,101.930050
high_roughness_0426,high_roughness,0.573845,22.948732,38.721856,393.769491,241.294636,118.939284,122.355351,0.000000,16.829752,79.058154
medium_roughness_0661,medium_roughness,0.508117,32.092530,39.734525,592.578115,357.120014,179.667506,177.452508,0.000000,24.809057,72.147083
high_roughness_0792,high_roughness,0.630940,22.733086,33.802002,227.906523,150.869556,52.620087,98.249469,0.000000,10.158873,114.467269
medium_roughness_0434,medium_roughness,0.488302,10.071618,65.482698,367.572817,126.876219,75.248969,51.627250,0.000000,8.238065,28.274910
high_roughness_0551,high_roughness,0.588275,28.292593,52.336237,538.732304,256.780088,108.689707,148.090381,0.000000,18.527237,118.183871
high_roughness_0404,high_roughness,0.572336,11.829934,75.230731,440.125322,109.015826,46.373874,62.641952,0.000000,7.694603,41.056935
medium_roughness_0473,medium_roughness,0.492048,72.850534,17.556965,1135.761107,936.355923,432.571406,503.784517,0.000000,61.690646,127.265240
low_roughness_0923,low_roughness,0.443423,15.559400,60.966462,400.986832,156.519347,93.975173,62.544174,0.000000,10.678414,70.323692
high_roughness_0129,high_roughness,0.547791,31.290339,50.032715,694.182349,346.864070,176.875455,169.988615,0.000000,23.297621,64.816598
medium_roughness_0460,medium_roughness,0.490794,32.677313,55.165915,954.178294,427.797109,226.459747,201.337362,0.000000,27.779853,68.102381
low_roughness_0197,low_roughness,0.335895,25.959800,34.188871,425.299206,279.894211,108.126705,171.767506,0.000000,19.575998,124.556585
low_roughness_0699,low_roughness,0.420414,38.020771,32.392377,642.848400,434.614524,180.604053,254.010471,0.000000,28.957537,122.616385
low_roughness_0187,low_roughness,0.333889,45.091085,40.997268,1138.296837,671.626232,340.720074,330.906159,0.000000,44.448887,66.211745
high_roughness_0121,high_roughness,0.547218,27.765780,54.919832,640.699667,288.828485,130.331694,158.496791,0.000000,20.250775,107.431748
high_roughness_0816,high_roughness,0.638548,42.145309,26.430266,635.904815,467.833482,198.619021,269.214461,0.000000,29.974660,133.010367
medium_roughness_0847,medium_roughness,0.524607,32.769315,47.973330,675.443928,351.410984,157.629710,193.781274,0.000000,24.749048,130.831512
low_roughness_0088,low_roughness,0.286639,26.509812,29.495349,451.210933,318.124692,149.187914,168.936778,0.000000,20.782315,47.751278
low_roughness_0542,low_roughness,0.402536,22.137710,61.625398,683.664393,262.353487,134.622920,127.730567,0.000000,18.004701,61.093559
medium_roughness_0435,medium_roughness,0.488344,33.201174,44.561928,813.047856,450.738058,213.572981,237.165076,0.000000,29.584410,59.476141
low_roughness_0841,low_roughness,0.435506,32.941948,31.221702,477.625934,328.502990,165.678089,162.824900,0.000000,20.937249,84.529827
high_roughness_0526,high_roughness,0.585205,22.101220,62.910811,622.057639,230.716135,103.388875,127.327260,0.000000,16.351198,100.284859
low_roughness_0662,low_roughness,0.416076,51.277509,38.456351,918.221599,565.107078,287.984695,277.122383,0.000000,36.147057,129.171468
high_roughness_0218,high_roughness,0.555083,20.830178,69.947491,565.737178,170.018217,111.461606,58.556612,0.000000,12.484076,116.609225
high_roughness_0243,high_roughness,0.557226,34.676555,41.944051,667.432558,387.484308,193.650423,193.833885,0.000000,26.210676,100.472949
low_roughness_0317,low_roughness,0.368813,42.140783,33.924600,777.722507,513.883255,254.169811,259.713444,0.000000,33.524148,78.376867
high_roughness_0798,high_roughness,0.633055,21.843157,58.698536,552.182411,228.059421,136.896090,91.163331,0.000000,15.096676,64.089626
high_roughness_0758,high_roughness,0.621653,38.912749,36.119170,583.941499,373.026676,178.135238,194.891438,0.000000,23.924107,106.742795
high_roughness_0254,high_roughness,0.558243,14.653187,70.036688,362.137407,108.508361,60.147074,48.361287,0.000000,7.251744,72.484528
medium_roughness_0397,medium_roughness,0.485047,26.435355,63.368718,766.876587,280.916729,130.550158,150.366571,0.000000,18.928363,97.780249
high_roughness_0930,high_roughness,0.685457,45.905073,34.113033,869.571120,572.934033,251.651742,321.282292,0.000000,38.568191,83.161882
medium_roughness_0820,medium_roughness,0.521970,30.589536,61.613442,801.438202,307.644537,182.566508,125.078028,0.000000,19.872954,115.683948
low_roughness_0294,low_roughness,0.362984,19.984530,63.010172,457.702725,169.303449,105.870712,63.432738,0.000000,11.675460,65.564259
high_roughness_0325,high_roughness,0.564597,33.682695,23.922659,505.302311,384.420560,166.173507,218.247054,0.000000,25.482377,85.418177
low_roughness_0504,low_roughness,0.398579,39.618676,26.770405,675.158759,494.416028,229.757733,264.658295,0.000000,33.108575,94.490526
high_roughness_0876,high_roughness,0.663958,34.472054,39.152843,735.629683,447.609748,216.322536,231.287212,0.000000,30.318608,105.532241
high_roughness_0432,high_roughness,0.574954,42.591290,42.723401,968.771843,554.879564,303.410762,251.468802,0.000000,36.610773,93.774111
medium_roughness_0373,medium_roughness,0.482677,57.245812,39.891814,1212.782466,728.981543,368.980811,360.000731,0.000000,46.488001,101.650997
low_roughness_0500,low_roughness,0.397613,26.788892,54.872856,778.086056,351.128014,188.706194,162.421820,0.000000,23.733755,63.381824
medium_roughness_0723,medium_roughness,0.513222,19.616731,61.298871,655.812957,253.807017,123.303349,130.503668,0.000000,17.438200,78.011365
high_roughness_0777,high_roughness,0.627720,18.785427,76.361069,586.761317,138.704103,76.646960,62.057144,0.000000,10.568950,73.686751
medium_roughness_0336,medium_roughness,0.479562,24.747244,60.735726,704.857141,276.757040,165.792588,110.964453,0.000000,18.949278,78.514098
low_roughness_0481,low_roughness,0.395874,19.037012,47.300788,397.396552,209.424853,106.809333,102.615520,0.000000,14.563167,71.692763
medium_roughness_0307,medium_roughness,0.477589,35.290115,31.563685,568.469211,389.039382,208.139446,180.899936,0.000000,25.666961,110.670006
medium_roughness_0369,medium_roughness,0.482375,33.713355,49.120724,695.334235,353.781023,155.898464,197.882559,0.000000,24.678338,118.645571
medium_roughness_0865,medium_roughness,0.526072,25.812364,58.655969,543.315543,224.628546,106.270736,118.357810,0.000000,16.274202,73.023758
low_roughness_0579,low_roughness,0.407586,21.913159,63.872875,629.473866,227.410811,121.090958,106.319853,0.000000,14.856636,68.834401
low_roughness_0204,low_roughness,0.338438,45.361561,39.396401,1079.254793,654.067245,349.164825,304.902420,0.000000,42.866207,72.912586
medium_roughness_0584,medium_roughness,0.501269,33.583088,52.808896,782.181985,369.120311,189.781490,179.338821,0.000000,25.775227,94.914339
low_roughness_0338,low_roughness,0.372375,32.371275,43.610839,560.243783,315.916771,131.081678,184.835094,0.000000,22.543159,133.046782
low_roughness_0108,low_roughness,0.299861,6.396180,88.362078,542.831393,63.174293,43.399675,19.774618,0.000000,4.463962,28.470105
high_roughness_0958,high_roughness,0.701523,38.827732,28.068023,719.429821,517.500092,240.979992,276.520100,0.000000,33.825249,59.741471
medium_roughness_0183,medium_roughness,0.466308,54.888154,35.234938,971.380916,629.115456,317.032391,312.083065,0.000000,43.225022,131.545978
medium_roughness_0697,medium_roughness,0.511472,29.470451,50.568848,669.401350,330.892799,191.751012,139.141787,0.000000,22.230140,59.468453
high_roughness_0545,high_roughness,0.587481,27.067482,47.707511,633.353335,331.196224,145.470450,185.725774,0.000000,22.369021,79.196282
medium_roughness_0640,medium_roughness,0.506387,46.752104,24.831736,756.608424,568.729417,270.471810,298.257607,0.000000,37.627212,88.983154
high_roughness_0020,high_roughness,0.538789,38.116169,33.777488,600.520248,397.679594,195.185237,202.494358,0.000000,26.226037,74.927634
high_roughness_0277,high_roughness,0.560516,27.610219,45.899990,507.064325,274.321853,147.579231,126.742622,0.000000,19.358059,110.026050
medium_roughness_0938,medium_roughness,0.531522,22.003095,59.384419,621.158420,252.287104,120.602889,131.684214,0.000000,17.019124,75.023713
low_roughness_0774,low_roughness,0.428653,18.629086,43.990001,382.711273,214.356580,104.755931,109.600649,0.000000,14.295667,51.033259
medium_roughness_0676,medium_roughness,0.509581,19.773290,58.933766,392.758980,161.291323,73.919464,87.371859,0.000000,10.887926,110.514551
medium_roughness_0245,medium_roughness,0.471988,33.337744,41.591282,540.186055,315.515749,118.242865,197.272884,0.000000,22.304612,89.203946
low_roughness_0530,low_roughness,0.400860,25.581172,60.564328,706.632969,278.665457,151.778850,126.886607,0.000000,18.402692,59.718405
medium_roughness_0610,medium_roughness,0.503506,45.972873,29.835769,875.019555,613.950742,276.811764,337.138978,0.000000,40.250660,70.643643
high_roughness_0928,high_roughness,0.684801,26.707203,56.463563,609.864846,265.513423,125.918786,139.594637,0.000000,17.739243,96.184477
low_roughness_0402,low_roughness,0.382932,19.528424,56.602645,455.002808,197.459182,100.024837,97.434345,0.000000,13.810833,89.096602
medium_roughness_0763,medium_roughness,0.516844,35.873809,47.135340,809.077759,427.716207,221.674145,206.042062,0.000000,28.200845,101.900258
low_roughness_0138,low_roughness,0.315537,55.071644,25.309253,859.379556,641.877012,295.279851,346.597161,0.000000,42.949657,101.967548
high_roughness_0367,high_roughness,0.569230,31.024728,59.063798,872.205687,357.047886,180.149262,176.898625,0.000000,23.816904,117.666377
low_roughness_0168,low_roughness,0.327936,52.499297,33.881791,1051.649808,695.332014,331.483611,363.848404,0.000000,45.701592,78.503627
low_roughness_0819,low_roughness,0.432965,56.896567,35.790844,1291.548776,829.292567,409.510517,419.782050,0.000000,54.883916,90.020131
low_roughness_0681,low_roughness,0.417733,32.172079,49.910775,819.001503,410.231505,215.159663,195.071842,0.000000,27.525619,91.822982
medium_roughness_0526,medium_roughness,0.496542,57.694064,22.727161,974.529631,753.046712,321.814951,431.231761,0.000000,50.237108,100.124432
low_roughness_0701,low_roughness,0.420491,40.255031,29.630738,718.336264,505.487924,228.204814,277.283110,0.000000,33.979831,69.892896
medium_roughness_0776,medium_roughness,0.517807,26.633755,44.833248,527.624500,291.073301,140.532255,150.541046,0.000000,19.420242,71.675602
medium_roughness_0158,medium_roughness,0.464861,26.471170,64.337399,823.310903,293.614086,155.406462,138.207624,0.000000,18.743751,66.979129
high_roughness_0740,high_roughness,0.617761,46.166931,26.217638,698.706535,515.522187,247.658913,267.863273,0.000000,33.496202,107.554563
medium_roughness_0590,medium_roughness,0.501917,38.070273,28.534991,603.987966,431.640055,208.396437,223.243618,0.000000,28.926403,76.196927
low_roughness_0996,low_roughness,0.450056,23.913558,55.274818,602.006190,269.248366,126.923917,142.324448,0.000000,18.347085,55.107044
high_roughness_0038,high_roughness,0.540125,29.721990,56.420086,609.208203,265.492409,130.439140,135.053269,0.000000,17.224838,116.291609
low_roughness_0875,low_roughness,0.439323,26.107322,65.312521,822.748590,285.390740,156.682155,128.708585,0.000000,18.727727,62.923929
medium_roughness_0852,medium_roughness,0.524960,22.115433,68.603220,668.252955,209.809912,85.779981,124.029932,0.000000,14.859347,76.200971
medium_roughness_0535,medium_roughness,0.497599,14.050702,73.363096,552.612970,147.198989,85.211405,61.987584,0.000000,10.225264,49.290152
medium_roughness_0964,medium_roughness,0.533571,27.499006,45.200385,633.815554,347.328486,175.835914,171.492572,0.000000,22.633657,58.821344
high_roughness_0408,high_roughness,0.572488,27.459185,46.440990,527.298250,282.415723,130.510979,151.904744,0.000000,19.860069,70.062651
low_roughness_0967,low_roughness,0.446857,15.838120,55.110595,335.373693,150.547255,88.785866,61.761389,0.000000,10.187410,45.279691
high_roughness_0210,high_roughness,0.554260,14.437918,68.922927,537.337209,166.988675,83.999870,82.988805,0.000000,10.888933,39.473071
medium_roughness_0769,medium_roughness,0.517235,32.159426,48.238061,718.939987,372.137277,177.061446,195.075830,0.000000,25.020779,69.458098
high_roughness_0833,high_roughness,0.642850,14.779034,67.063778,386.565516,127.320076,85.059985,42.260091,0.000000,8.900937,77.548208
low_roughness_0700,low_roughness,0.420426,23.329204,56.204054,592.482859,259.483471,126.164224,133.319246,0.000000,17.082112,59.622849
high_roughness_0814,high_roughness,0.638386,20.741470,56.908451,361.377612,155.723210,91.288111,64.435099,0.000000,10.675111,93.256969
medium_roughness_0364,medium_roughness,0.481715,56.034783,23.490530,867.437143,663.671559,299.239875,364.431684,0.000000,42.929511,126.258126
low_roughness_0620,low_roughness,0.411287,73.719882,18.109610,1212.617826,993.017473,469.413130,523.604343,0.000000,65.237973,103.573829
medium_roughness_0985,medium_roughness,0.535890,45.065881,16.134844,571.860383,479.591602,203.216249,276.375353,0.000000,31.307196,143.250379
low_roughness_0249,low_roughness,0.349186,35.910441,41.462610,899.101568,526.310593,250.404461,275.906132,0.000000,34.513330,55.642792
high_roughness_0553,high_roughness,0.588408,30.428171,42.834997,589.934863,337.236280,173.888639,163.347641,0.000000,22.746297,81.102132
medium_roughness_0658,medium_roughness,0.507748,23.882534,52.170744,557.133948,266.473023,126.374857,140.098166,0.000000,17.631071,76.816587
medium_roughness_0417,medium_roughness,0.486784,17.771440,72.024091,336.042353,94.010904,32.828963,61.181942,0.000000,6.885370,112.997046
medium_roughness_0472,medium_roughness,0.492017,20.922726,39.239051,258.010574,156.769672,75.162177,81.607495,0.000000,12.110622,112.280631
high_roughness_0084,high_roughness,0.544214,27.460536,62.022877,514.677694,195.459780,88.850644,106.609136,0.000000,13.652171,141.084315
low_roughness_0533,low_roughness,0.401380,25.468481,55.364200,764.897540,341.418136,185.766644,155.651492,0.000000,22.293568,49.091121
medium_roughness_0267,medium_roughness,0.473642,27.300409,36.491321,423.632592,269.043462,139.823109,129.220353,0.000000,17.558364,76.358831
medium_roughness_0314,medium_roughness,0.478127,60.994869,18.992402,1108.006867,897.569744,436.547937,461.021807,0.000000,58.523511,91.795095
low_roughness_0057,low_roughness,0.234563,24.161228,36.653132,467.387231,296.075174,129.326316,166.748857,0.000000,20.155173,66.137263
medium_roughness_0798,medium_roughness,0.519939,30.702661,48.967922,777.773098,396.913770,204.306586,192.607185,0.000000,25.345729,64.054542
high_roughness_0698,high_roughness,0.609683,26.187041,57.584665,680.879045,288.797125,137.009762,151.787363,0.000000,18.987917,60.948057
low_roughness_0954,low_roughness,0.445993,60.145218,33.126393,1276.865269,853.885857,445.915188,407.970669,0.000000,55.227985,94.126160
high_roughness_0994,high_roughness,0.764837,38.521017,42.841604,725.768486,414.837624,198.831719,216.005905,0.000000,26.808595,123.320605
medium_roughness_0422,medium_roughness,0.487167,37.894036,37.956413,729.553149,452.640940,225.046407,227.594533,0.000000,29.227799,70.189939
high_roughness_0434,high_roughness,0.575018,37.657706,36.608347,682.367704,432.564168,221.967843,210.596325,0.000000,28.540603,87.205253
medium_roughness_0854,medium_roughness,0.525004,21.523314,58.019215,523.598645,219.810822,97.384034,122.426788,0.000000,14.677641,55.531705
medium_roughness_0125,medium_roughness,0.461638,57.549377,15.430276,912.318902,771.545581,350.392425,421.153156,0.000000,50.230699,119.609247
medium_roughness_0058,medium_roughness,0.454723,47.378721,38.912163,995.542127,608.155157,277.644794,330.510363,0.000000,40.109954,111.932624
low_roughness_0989,low_roughness,0.448817,31.230928,48.212928,843.961462,437.062929,206.885205,230.177723,0.000000,28.865197,65.863086
high_roughness_0893,high_roughness,0.669975,27.515777,56.249988,684.339311,299.398528,143.624992,155.773536,0.000000,20.263951,79.575599
high_roughness_0318,high_roughness,0.563824,28.882900,49.809743,609.582873,305.951210,138.326987,167.624223,0.000000,20.289681,66.730991
low_roughness_0780,low_roughness,0.429001,49.173800,31.423408,805.310917,552.254778,261.589300,290.665478,0.000000,36.341096,87.591667
low_roughness_0207,low_roughness,0.338742,41.414442,23.989694,663.913813,504.642923,232.159023,272.483901,0.000000,33.346988,91.054033
medium_roughness_0193,medium_roughness,0.467045,31.115872,44.132521,675.050295,377.133580,195.389171,181.744408,0.000000,25.224419,81.267649
high_roughness_0005,high_roughness,0.537095,38.843478,35.393811,769.411482,497.087433,247.485054,249.602380,0.000000,32.362355,101.372127
low_roughness_0983,low_roughness,0.448270,36.446831,17.930572,534.639264,438.775385,195.504431,243.270954,0.000000,30.134802,70.339580
medium_roughness_0411,medium_roughness,0.486231,27.984196,34.158903,430.521469,283.460058,144.579709,138.880349,0.000000,18.819485,94.692583
medium_roughness_0554,medium_roughness,0.499067,19.649598,39.221263,262.004952,159.243299,89.811990,69.431309,0.000000,11.239612,75.421832
high_roughness_0583,high_roughness,0.592552,17.479131,63.164231,500.783459,184.467441,98.879769,85.587671,0.000000,12.934223,69.824562
low_roughness_0974,low_roughness,0.447408,29.045473,49.771305,636.343788,319.627178,136.468881,183.158297,0.000000,22.700064,120.399691
low_roughness_0278,low_roughness,0.358651,42.654652,48.476416,1044.885270,538.362335,295.552156,242.810178,0.000000,36.104894,83.392803
high_roughness_0177,high_roughness,0.551112,26.533091,59.058042,626.049279,256.316832,131.405151,124.911680,0.000000,17.595703,94.422766
high_roughness_0303,high_roughness,0.563018,63.727308,16.902957,1106.414029,919.397347,440.600468,478.796878,0.000000,59.901517,145.582027
low_roughness_0707,low_roughness,0.420998,25.961216,66.018039,756.785842,257.170668,114.179247,142.991422,0.000000,16.905418,113.516559
low_roughness_0111,low_roughness,0.301560,65.471240,31.392650,1156.490514,793.437496,381.757085,411.680411,0.000000,52.248474,107.234914
medium_roughness_0432,medium_roughness,0.488097,39.197001,23.565393,614.856466,469.963126,218.308121,251.655006,0.000000,30.254398,109.336132
low_roughness_0303,low_roughness,0.364803,55.586672,38.121896,1105.491123,684.056948,322.890629,361.166319,0.000000,45.335166,92.864903
medium_roughness_0430,medium_roughness,0.487828,54.715614,35.578748,1144.728423,737.448377,351.499718,385.948659,0.000000,48.269598,83.877555
low_roughness_0324,low_roughness,0.370156,45.660083,38.161226,870.285046,538.173603,250.053464,288.120138,0.000000,35.707512,102.948302
high_roughness_0294,high_roughness,0.562076,46.856951,27.725705,855.484224,618.295195,288.652335,329.642860,0.000000,40.415982,78.163804
low_roughness_0511,low_roughness,0.399147,24.454999,66.459397,762.358905,255.699775,142.729928,112.969847,0.000000,16.712838,65.081685
medium_roughness_0827,medium_roughness,0.522351,57.681203,34.601482,1073.982546,702.368671,355.840592,346.528079,0.000000,46.420368,102.305257
medium_roughness_0932,medium_roughness,0.531116,23.105174,54.646604,541.832035,245.739228,113.048489,132.690739,0.000000,16.505067,87.220426
high_roughness_0050,high_roughness,0.541460,31.013598,44.666826,619.346742,342.704211,167.560626,175.143585,0.000000,22.288713,107.852252
high_roughness_0405,high_roughness,0.572399,52.954666,28.709845,1023.992390,730.005760,364.061839,365.943921,0.000000,47.300931,73.957503
high_roughness_0155,high_roughness,0.549409,51.772468,19.008562,771.157608,624.571639,292.282687,332.288952,0.000000,41.389627,155.159470
low_roughness_0736,low_roughness,0.424107,7.568143,81.039269,439.463943,83.325578,55.129889,28.195689,0.000000,5.507214,23.829700
high_roughness_0933,high_roughness,0.689123,32.548073,34.589719,543.004635,355.180860,171.727829,183.453032,0.000000,24.120818,108.336491
high_roughness_0952,high_roughness,0.698570,37.789067,37.006949,648.016904,408.205620,184.954073,223.251547,0.000000,28.073767,94.570694
high_roughness_0112,high_roughness,0.546511,47.535603,15.144883,628.232811,533.087688,228.789141,304.298547,0.000000,35.510889,120.642724
medium_roughness_0249,medium_roughness,0.472128,24.611154,46.523910,530.993621,283.954627,137.903933,146.050694,0.000000,19.467624,76.797508
low_roughness_0517,low_roughness,0.399646,35.463002,49.197689,737.044404,374.435590,207.849931,166.585658,0.000000,24.939202,83.661443
low_roughness_0884,low_roughness,0.440526,52.549684,41.008354,1173.078868,692.018529,347.519975,344.498554,0.000000,46.289958,93.914906
medium_roughness_0468,medium_roughness,0.491647,22.728945,65.379075,560.566580,194.073335,101.400360,92.672975,0.000000,13.168831,113.256549
low_roughness_0290,low_roughness,0.361608,14.854112,54.292669,241.620041,110.438071,80.972376,29.465695,0.000000,7.895514,81.202420
high_roughness_0864,high_roughness,0.657075,18.569382,64.576380,573.444538,203.134816,96.259795,106.875021,0.000000,14.008968,56.593958
medium_roughness_0549,medium_roughness,0.498830,17.471295,57.396247,380.977638,162.310773,90.293012,72.017761,0.000000,11.510962,83.325090
high_roughness_0315,high_roughness,0.563757,21.435726,56.915598,479.785264,206.712613,105.327282,101.385331,0.000000,13.486287,82.724613
low_roughness_0913,low_roughness,0.442531,60.483147,26.449713,1133.530158,833.714680,387.727993,445.986687,0.000000,54.569375,150.730122
medium_roughness_0604,medium_roughness,0.502836,31.484647,47.897348,704.729961,367.183001,187.628904,179.554097,0.000000,24.430159,79.980815
low_roughness_0534,low_roughness,0.401725,37.395861,26.868490,677.584999,495.528141,221.861417,273.666724,0.000000,32.190522,77.070239
medium_roughness_0113,medium_roughness,0.460114,14.944585,40.863487,261.316673,154.533570,94.983230,59.550339,0.000000,10.387324,53.102194
low_roughness_0815,low_roughness,0.432428,28.175023,44.101849,414.176504,231.517007,125.537808,105.979199,0.000000,16.507420,131.416752
medium_roughness_0031,medium_roughness,0.452531,36.298181,48.391080,754.355885,389.314923,223.886806,165.428117,0.000000,25.608301,69.991207
medium_roughness_0107,medium_roughness,0.459448,46.347716,24.911226,701.209975,526.529972,256.409248,270.120724,0.000000,34.656982,84.166813
medium_roughness_0666,medium_roughness,0.508490,40.741618,22.747605,549.749669,424.694788,218.559874,206.134914,0.000000,27.402004,99.388315
low_roughness_0845,low_roughness,0.436335,21.899261,59.939714,494.528312,198.109458,122.014442,76.095016,0.000000,14.422640,92.743473
medium_roughness_0648,medium_roughness,0.506852,49.494283,22.399350,773.712582,600.405993,272.690976,327.715017,0.000000,40.395730,128.420178
low_roughness_0550,low_roughness,0.403418,37.068752,51.076522,833.472348,407.763660,222.026857,185.736803,0.000000,26.624022,90.991782
high_roughness_0961,high_roughness,0.703346,36.161380,34.199096,706.635361,464.972453,228.662637,236.309816,0.000000,29.955450,86.996573
low_roughness_0708,low_roughness,0.421162,52.001568,37.199237,1212.448121,761.426671,389.675401,371.751270,0.000000,48.916837,77.824984
high_roughness_0797,high_roughness,0.632730,42.485372,43.370832,848.133977,480.291213,232.598797,247.692416,0.000000,33.222066,130.569125
low_roughness_0551,low_roughness,0.403463,19.098829,54.522307,465.836577,211.851726,98.430176,113.421550,0.000000,14.223522,46.591204
low_roughness_0052,low_roughness,0.229049,24.701336,65.353015,907.903949,314.561344,195.362821,119.198523,0.000000,21.537479,72.556687
medium_roughness_0431,medium_roughness,0.487830,35.187708,44.611029,916.447423,507.610795,253.053554,254.557241,0.000000,32.667658,59.538097
high_roughness_0309,high_roughness,0.563408,29.727118,37.615457,548.772639,342.349301,174.695419,167.653882,0.000000,22.098443,64.522443
high_roughness_0527,high_roughness,0.585226,37.141922,52.116888,744.490212,356.485085,215.855077,140.630008,0.000000,24.851592,129.927110
low_roughness_0146,low_roughness,0.318508,15.353863,68.245441,617.242345,196.002587,100.449164,95.553423,0.000000,12.687395,28.343578
medium_roughness_0571,medium_roughness,0.500535,15.585458,70.600843,446.899566,131.384706,86.971290,44.413416,0.000000,9.523926,63.703853
medium_roughness_0684,medium_roughness,0.510616,46.856527,25.968840,874.723422,647.567896,324.172491,323.395405,0.000000,42.500799,93.710177
high_roughness_0869,high_roughness,0.658588,48.753358,21.425446,755.854960,593.909665,300.524822,293.384843,0.000000,38.156539,97.238521
low_roughness_0033,low_roughness,0.190752,27.344807,46.218876,512.844131,275.813340,106.977525,168.835814,0.000000,19.944013,114.971510
low_roughness_0544,low_roughness,0.402710,32.174158,40.441913,574.060976,341.899734,170.096594,171.803140,0.000000,21.941806,78.161908
low_roughness_0790,low_roughness,0.429849,25.130831,62.165531,616.401107,233.212085,126.063192,107.148893,0.000000,16.934318,94.589268
high_roughness_0265,high_roughness,0.559292,49.112372,28.661207,784.876765,559.921608,273.944580,285.977028,0.000000,36.389857,95.468756
low_roughness_0029,low_roughness,0.187336,10.579084,84.240500,429.682320,67.715786,50.846568,16.869218,0.000000,5.336048,66.620288
high_roughness_0146,high_roughness,0.548915,40.449844,47.949247,745.706383,388.145785,203.357831,184.787954,0.000000,26.303785,131.977511
low_roughness_0293,low_roughness,0.362730,46.298947,26.121201,830.851269,613.822942,275.290308,338.532633,0.000000,41.244519,98.993824
medium_roughness_0230,medium_roughness,0.470876,28.968431,51.666458,841.419815,406.687996,221.915680,184.772316,0.000000,27.067224,62.736405
low_roughness_0834,low_roughness,0.434618,47.928397,35.652482,936.465672,602.592414,279.847265,322.745149,0.000000,40.209144,84.547160
medium_roughness_0897,medium_roughness,0.528370,31.843715,37.222215,508.305714,319.103067,165.461306,153.641761,0.000000,21.192968,75.346947
medium_roughness_0908,medium_roughness,0.529203,23.600311,69.125746,711.847063,219.777471,105.481936,114.295535,0.000000,15.280399,127.019931
high_roughness_0684,high_roughness,0.607238,43.204354,36.082089,841.119390,537.625945,273.851021,263.774925,0.000000,35.467695,78.406462
medium_roughness_0565,medium_roughness,0.500052,48.654934,30.528166,817.467679,567.909791,280.227302,287.682489,0.000000,37.084542,108.085107
high_roughness_0323,high_roughness,0.564227,27.048296,53.857701,635.438781,293.206061,134.677861,158.528200,0.000000,19.994957,81.146099
high_roughness_0568,high_roughness,0.590525,45.417165,45.042902,1017.306841,559.082317,289.242680,269.839637,0.000000,37.423836,90.034741
medium_roughness_0619,medium_roughness,0.504327,36.473074,40.121912,646.473492,387.095968,198.652716,188.443252,0.000000,25.161683,83.453557
medium_roughness_0359,medium_roughness,0.481411,32.847085,28.698118,502.663799,358.408750,163.654752,194.753998,0.000000,23.963122,105.043698
medium_roughness_0970,medium_roughness,0.533856,37.063842,36.424230,597.403259,379.803721,175.483257,204.320464,0.000000,26.524453,134.451802
low_roughness_0417,low_roughness,0.385130,67.166737,28.809481,1319.299536,939.216186,443.236578,495.979608,0.000000,61.068995,98.883015
high_roughness_0364,high_roughness,0.568840,45.390942,24.041838,700.275145,531.916130,271.759724,260.156406,0.000000,34.062718,102.078467
high_roughness_0965,high_roughness,0.705536,24.031564,49.127787,505.977151,257.401772,118.919071,138.482701,0.000000,16.824947,72.418382
low_roughness_0680,low_roughness,0.417682,29.390182,43.418236,641.843522,363.166388,182.647764,180.518624,0.000000,23.512849,48.076195
medium_roughness_0118,medium_roughness,0.460804,36.825239,34.040438,678.923184,447.814758,219.497405,228.317353,0.000000,28.846114,74.931871
high_roughness_0677,high_roughness,0.606047,23.670949,52.501981,525.766265,249.728563,124.286006,125.442557,0.000000,17.238714,95.248394
high_roughness_0061,high_roughness,0.542954,41.565956,33.643769,735.328654,487.936382,241.567421,246.368961,0.000000,31.293145,102.822320
medium_roughness_0097,medium_roughness,0.458557,55.795659,33.567519,1206.589396,801.567277,408.449781,393.117496,0.000000,53.536522,123.417131
low_roughness_0199,low_roughness,0.336822,49.304172,35.677898,926.023145,595.637554,254.742746,340.894808,0.000000,41.122171,129.809432
high_roughness_0789,high_roughness,0.630338,36.391490,38.615137,671.263992,412.054479,216.487527,195.566953,0.000000,27.472436,93.837272
medium_roughness_0144,medium_roughness,0.463392,33.770892,45.359448,878.230416,479.869943,236.504196,243.365747,0.000000,31.502030,74.093185
high_roughness_0035,high_roughness,0.540032,33.085813,47.121676,524.980869,277.601086,155.581331,122.019755,0.000000,18.752827,148.643974
low_roughness_0733,low_roughness,0.423492,29.096930,51.757211,631.211212,304.513893,134.844398,169.669494,0.000000,20.835427,75.038563
medium_roughness_0266,medium_roughness,0.473310,37.285196,27.594106,549.310911,397.733476,196.763309,200.970167,0.000000,27.478415,111.068893
medium_roughness_0943,medium_roughness,0.531904,18.499367,70.709146,654.115475,191.596006,84.871408,106.724598,0.000000,12.647735,81.969321
low_roughness_0502,low_roughness,0.398272,20.836141,70.604229,717.985385,211.057340,121.074920,89.982420,0.000000,14.296531,53.307206
medium_roughness_0303,medium_roughness,0.477151,17.525373,55.442719,404.690730,180.319185,102.826725,77.492460,0.000000,12.586026,50.727234
high_roughness_0668,high_roughness,0.604876,25.755531,62.216458,747.738393,282.522049,146.217840,136.304209,0.000000,19.375256,69.448413
medium_roughness_0690,medium_roughness,0.510939,31.314717,48.729840,679.651865,348.458599,160.143609,188.314990,0.000000,23.011015,75.447698
medium_roughness_0837,medium_roughness,0.523434,47.949632,39.216623,891.815431,542.075535,281.725284,260.350251,0.000000,34.991859,91.199359
low_roughness_0461,low_roughness,0.393038,27.364097,57.205544,717.772063,307.166652,190.557329,116.609323,0.000000,21.462855,68.530488
medium_roughness_0404,medium_roughness,0.485718,34.008669,47.766606,928.369262,484.918776,254.286413,230.632363,0.000000,31.655632,59.783941
high_roughness_0830,high_roughness,0.641447,29.552286,42.525032,569.410618,327.268573,159.904383,167.364190,0.000000,21.438647,75.582525
low_roughness_0107,low_roughness,0.299858,18.304380,71.976919,545.063494,152.743586,101.900246,50.843340,0.000000,11.513755,75.484406
medium_roughness_0849,medium_roughness,0.524614,20.963462,69.340371,667.696866,204.713379,118.042014,86.671365,0.000000,14.727250,79.190526
low_roughness_0472,low_roughness,0.394592,34.153020,35.690926,551.598507,354.727893,158.302165,196.425729,0.000000,23.942665,90.799559
high_roughness_0478,high_roughness,0.580361,33.445097,51.033972,848.620400,415.535700,210.654731,204.880969,0.000000,28.043508,90.794469
low_roughness_0073,low_roughness,0.271165,58.196045,28.667331,1099.429837,784.252644,347.811780,436.440863,0.000000,52.413176,92.799486
medium_roughness_0246,medium_roughness,0.472036,31.635763,49.377983,805.289473,407.653774,203.756525,203.897249,0.000000,26.431459,57.570530
medium_roughness_0402,medium_roughness,0.485634,35.781351,40.077658,742.270410,444.785810,221.779356,223.006455,0.000000,29.884660,90.576523
low_roughness_0666,low_roughness,0.416443,22.938713,63.221362,746.095456,274.403744,158.092787,116.310957,0.000000,18.405597,57.190566
medium_roughness_0731,medium_roughness,0.513891,40.669418,24.457977,675.985610,510.653205,262.264274,248.388931,0.000000,33.528157,106.756214
high_roughness_0483,high_roughness,0.580791,16.516362,49.195326,323.413297,164.309071,85.691514,78.617557,0.000000,10.981134,46.378607
medium_roughness_0268,medium_roughness,0.473816,16.548870,75.077737,724.657545,180.601062,97.840281,82.760781,0.000000,11.736075,42.644961
medium_roughness_0257,medium_roughness,0.472760,25.103075,54.669086,568.815399,257.849222,137.214515,120.634706,0.000000,17.847779,66.774035
high_roughness_0423,high_roughness,0.573534,50.221652,35.763916,1028.560296,660.706855,341.988339,318.718516,0.000000,42.406384,83.768945
low_roughness_0238,low_roughness,0.347096,43.035383,52.067631,1165.819480,558.804899,310.817406,247.987493,0.000000,37.511456,68.075214
medium_roughness_0665,medium_roughness,0.508356,24.815585,56.724829,608.325318,263.253821,154.412065,108.841756,0.000000,18.650343,78.620996
low_roughness_0346,low_roughness,0.373492,49.020638,24.270953,811.250244,614.352081,271.969354,342.382727,0.000000,42.118211,127.936088
high_roughness_0595,high_roughness,0.594290,42.489658,37.460007,739.740491,462.633655,198.158030,264.475625,0.000000,31.450793,132.585380
high_roughness_0812,high_roughness,0.636889,20.791813,67.272877,574.330077,187.961708,72.311279,115.650430,0.000000,12.901409,67.453989
medium_roughness_0652,medium_roughness,0.507301,22.647914,43.384215,365.225143,206.775083,100.794311,105.980772,0.000000,14.164736,88.067745
high_roughness_0454,high_roughness,0.577542,26.216717,55.776271,512.690352,226.730790,115.629650,111.101140,0.000000,15.369972,83.124632
medium_roughness_0467,medium_roughness,0.491637,36.920183,40.215558,573.466022,342.843462,127.405722,215.437740,0.000000,24.425622,125.211228
medium_roughness_0522,medium_roughness,0.496208,36.859499,30.021940,600.194200,420.004258,191.826562,228.177696,0.000000,28.817116,127.449387
low_roughness_0775,low_roughness,0.428654,18.004323,67.801338,494.154509,159.111139,98.451941,60.659198,0.000000,11.062026,61.706306
high_roughness_0427,high_roughness,0.574027,34.404343,42.491508,750.248331,431.456498,202.455539,229.000959,0.000000,28.650846,94.601188
low_roughness_0639,low_roughness,0.413656,29.930619,59.941707,880.280634,352.625392,184.278235,168.347157,0.000000,24.189323,89.128698
low_roughness_0466,low_roughness,0.393506,21.867740,53.797019,515.195898,238.035865,136.781172,101.254692,0.000000,16.146172,50.313694
low_roughness_0390,low_roughness,0.379845,59.477697,21.745970,1082.293738,846.938466,397.545600,449.392865,0.000000,55.187354,80.752243
medium_roughness_0981,medium_roughness,0.535173,9.415208,62.620385,260.545088,97.390750,49.775834,47.614917,0.000000,6.311939,28.742713
low_roughness_0797,low_roughness,0.430317,62.423378,21.431868,1094.932565,860.268068,410.764652,449.503416,0.000000,55.451375,105.299269
low_roughness_0206,low_roughness,0.338638,34.485934,28.689564,521.846930,372.131322,168.927754,203.203568,0.000000,25.238274,90.565923
low_roughness_0276,low_roughness,0.358348,22.931264,64.569174,652.442375,231.165720,133.506378,97.659342,0.000000,16.442601,89.839015
high_roughness_0694,high_roughness,0.609010,20.333293,59.899051,509.409406,204.278005,89.194936,115.083068,0.000000,14.696379,91.446228
low_roughness_0849,low_roughness,0.436528,40.863448,38.606350,920.008483,564.826786,274.066307,290.760480,0.000000,37.202432,88.524849
low_roughness_0198,low_roughness,0.336047,50.192561,38.654776,1086.740567,666.663437,323.716387,342.947051,0.000000,43.707497,87.519711
low_roughness_0455,low_roughness,0.392163,32.816881,50.315911,879.946930,437.193616,248.181230,189.012386,0.000000,29.312847,81.423802
low_roughness_0437,low_roughness,0.387997,50.563255,32.406609,980.149576,662.516336,323.902540,338.613796,0.000000,43.003533,73.442066
medium_roughness_0605,medium_roughness,0.502852,39.949946,42.847501,797.184349,455.610775,236.696343,218.914432,0.000000,30.710874,92.968377
high_roughness_0996,high_roughness,0.770605,40.035252,35.172932,733.968579,475.810311,253.943870,221.866441,0.000000,31.199792,77.111015
high_roughness_0579,high_roughness,0.592139,24.747308,36.686714,412.125529,260.930213,143.592905,117.337308,0.000000,17.392615,63.481878
high_roughness_0642,high_roughness,0.600796,18.318373,60.616471,547.252321,215.527277,111.071626,104.455651,0.000000,14.421944,65.519960
high_roughness_0060,high_roughness,0.542888,36.206488,31.949986,626.987719,426.665230,218.139148,208.526082,0.000000,27.347285,71.499632
medium_roughness_0374,medium_roughness,0.482684,30.662934,56.483795,807.521644,351.402773,186.316509,165.086264,0.000000,23.619407,69.921578
low_roughness_0761,low_roughness,0.426984,23.199846,66.664688,676.198025,225.412724,134.342911,91.069814,0.000000,15.375190,66.954142
medium_roughness_0997,medium_roughness,0.536478,8.930736,82.377965,549.463139,96.826586,46.000098,50.826488,0.000000,6.455977,37.269193
medium_roughness_0441,medium_roughness,0.489234,25.788062,55.601306,648.640391,287.987864,140.034173,147.953691,0.000000,19.046717,46.861005
low_roughness_0135,low_roughness,0.313275,63.844434,32.256072,1317.425341,892.475674,462.120043,430.355630,0.000000,58.002641,104.020151
high_roughness_0541,high_roughness,0.587268,30.873050,48.760392,618.547615,316.941372,130.138560,186.802812,0.000000,22.753834,126.940032
medium_roughness_0846,medium_roughness,0.524604,35.456604,29.413742,596.108847,420.770927,197.785347,222.985580,0.000000,28.165788,89.389915
medium_roughness_0857,medium_roughness,0.525432,36.681846,21.923050,558.368439,435.957045,211.853334,224.103711,0.000000,29.496269,100.024157
high_roughness_0978,high_roughness,0.716895,42.426789,33.948209,688.205367,454.571970,219.301585,235.270385,0.000000,29.738031,112.216924
medium_roughness_0674,medium_roughness,0.509457,22.038682,54.433629,408.618365,186.192559,85.043690,101.148869,0.000000,12.625313,85.486771
high_roughness_0520,high_roughness,0.584687,37.975958,39.465686,766.321280,463.887331,258.813973,205.073358,0.000000,29.709166,77.270132
medium_roughness_0660,medium_roughness,0.508047,33.080967,33.246566,629.826644,420.430916,192.219660,228.211255,0.000000,27.344723,59.062832
low_roughness_0665,low_roughness,0.416336,36.984685,35.584902,799.797599,515.190407,246.968832,268.221575,0.000000,33.233013,53.321698
low_roughness_0240,low_roughness,0.347405,16.596486,67.400239,383.099541,124.889537,76.034546,48.854991,0.000000,9.482148,84.542095
low_roughness_0432,low_roughness,0.387735,18.011295,55.295838,386.027709,172.570451,91.654196,80.916255,0.000000,11.841461,59.593106
low_roughness_0307,low_roughness,0.365843,27.407005,56.764098,709.171590,306.616737,170.751512,135.865225,0.000000,21.129004,88.626115
medium_roughness_0603,medium_roughness,0.502824,27.421466,47.442880,450.878187,236.968589,114.780072,122.188517,0.000000,15.389327,139.085523
medium_roughness_0080,medium_roughness,0.456985,29.583426,37.279624,512.553219,321.475308,155.266182,166.209127,0.000000,21.178844,96.693412
low_roughness_0657,low_roughness,0.415475,59.497986,36.065618,1156.537733,739.425251,371.939439,367.485812,0.000000,46.966331,103.214506
low_roughness_0720,low_roughness,0.422308,27.170474,56.546320,718.127760,312.052936,184.541205,127.511731,0.000000,21.493139,90.801571
medium_roughness_0440,medium_roughness,0.488881,32.998661,49.262280,652.222116,330.922633,153.460102,177.462531,0.000000,23.120318,122.458192
medium_roughness_0427,medium_roughness,0.487559,47.982217,22.432406,757.005575,587.191008,258.451106,328.739902,0.000000,39.257691,83.182676
high_roughness_0154,high_roughness,0.549403,12.918547,72.506846,513.460617,141.166517,82.068814,59.097704,0.000000,9.239221,38.248911
high_roughness_0843,high_roughness,0.646164,55.617469,19.368653,938.617725,756.820116,340.393141,416.426975,0.000000,49.618378,111.243421
high_roughness_0356,high_roughness,0.568134,41.242478,32.523649,653.452564,440.925947,184.996179,255.929768,0.000000,30.052438,123.907561
low_roughness_0089,low_roughness,0.287351,22.312012,66.392632,764.781394,257.022894,150.146853,106.876041,0.000000,17.961063,77.755558
high_roughness_0015,high_roughness,0.538393,36.627413,41.418062,556.915936,326.252148,164.694165,161.557983,0.000000,22.128746,138.188996
high_roughness_0610,high_roughness,0.596022,28.899946,49.884866,641.166592,321.321499,172.725183,148.596316,0.000000,21.610361,75.945632
medium_roughness_0291,medium_roughness,0.476195,19.387197,56.285059,569.144328,248.801105,125.532487,123.268619,0.000000,16.076171,36.570079
medium_roughness_0243,medium_roughness,0.471668,40.537247,30.254334,705.248811,491.880479,245.242515,246.637965,0.000000,33.294212,88.642061
low_roughness_0340,low_roughness,0.372511,28.687542,60.660596,889.839698,350.057633,191.685526,158.372107,0.000000,23.325940,66.392574
medium_roughness_0217,medium_roughness,0.469147,12.201465,73.640193,406.666596,107.196530,54.076633,53.119898,0.000000,7.725249,75.025381
medium_roughness_0506,medium_roughness,0.494643,37.024910,30.418517,707.937932,492.593711,238.301277,254.292434,0.000000,32.649616,78.934003
medium_roughness_0292,medium_roughness,0.476298,62.245031,19.835908,989.228528,793.006064,354.554966,438.451098,0.000000,52.305869,115.628053
medium_roughness_0926,medium_roughness,0.530645,45.340435,44.617131,769.462331,426.150314,159.295278,266.855036,0.000000,30.322338,127.119710
medium_roughness_0010,medium_roughness,0.451214,29.632618,60.619719,829.181394,326.533964,167.364875,159.169089,0.000000,22.222994,99.426786
high_roughness_0354,high_roughness,0.567899,20.840798,59.642521,496.864368,200.521931,104.005737,96.516193,0.000000,13.934106,73.608335
medium_roughness_0923,medium_roughness,0.530450,69.203251,26.642614,1183.929934,868.500058,421.395309,447.104749,0.000000,58.417368,126.668009
high_roughness_0741,high_roughness,0.617833,11.916655,61.234800,291.549612,113.019789,58.884991,54.134798,0.000000,7.932203,59.096788
medium_roughness_0011,medium_roughness,0.451312,56.870300,37.068144,1201.891952,756.372915,366.981140,389.391775,0.000000,48.817403,90.256075
low_roughness_0496,low_roughness,0.397253,50.598193,33.967692,1106.668722,730.758903,349.045705,381.713198,0.000000,47.394095,68.628053
low_roughness_0798,low_roughness,0.430386,42.076095,42.189161,1038.266855,600.230785,300.198508,300.032276,0.000000,40.497826,101.629634
high_roughness_0365,high_roughness,0.568855,12.900520,73.768978,491.508317,128.927655,61.483415,67.444240,0.000000,9.120168,60.878481
medium_roughness_0355,medium_roughness,0.480922,33.151161,35.534652,561.917603,362.242136,153.876906,208.365230,0.000000,25.124423,80.765035
low_roughness_0397,low_roughness,0.380889,42.877866,41.557803,1012.409277,591.674220,304.509897,287.164323,0.000000,38.146137,91.978506
high_roughness_0246,high_roughness,0.557416,27.596445,51.670078,691.086315,334.001475,153.218356,180.783119,0.000000,21.747907,66.552607
medium_roughness_0273,medium_roughness,0.474104,16.495627,53.154397,304.682520,142.730364,99.053039,43.677325,0.000000,10.213392,57.447233
medium_roughness_0783,medium_roughness,0.518265,5.243113,75.194496,217.939431,54.060973,31.785936,22.275037,0.000000,3.685102,18.253248
medium_roughness_0340,medium_roughness,0.479608,39.962343,35.984644,657.345101,420.801807,201.626753,219.175054,0.000000,28.889119,96.331288
high_roughness_0402,high_roughness,0.572185,47.406539,27.364208,745.258362,541.324315,283.184016,258.140299,0.000000,35.810601,96.785804
medium_roughness_0946,medium_roughness,0.532070,42.476273,42.476859,1031.286608,593.228450,312.657017,280.571433,0.000000,39.632707,105.078762
medium_roughness_0998,medium_roughness,0.536551,28.438218,38.826060,511.184302,312.711579,129.622147,183.089432,0.000000,20.129610,98.041945
low_roughness_0221,low_roughness,0.341428,68.285817,27.264118,1239.297461,901.413934,422.935307,478.478627,0.000000,59.767753,105.840461
low_roughness_0696,low_roughness,0.420250,53.050919,38.463487,1192.830285,734.026162,397.642880,336.383282,0.000000,48.495553,89.643699
high_roughness_0492,high_roughness,0.581675,31.954135,34.192655,570.632922,375.518378,189.526633,185.991745,0.000000,24.033727,72.335246
medium_roughness_0995,medium_roughness,0.536309,54.852492,28.743607,955.600530,680.926468,332.081968,348.844500,0.000000,45.339922,104.221981
high_roughness_0193,high_roughness,0.552716,49.095440,21.780468,726.643830,568.377403,269.010704,299.366699,0.000000,36.615275,101.110653
high_roughness_0685,high_roughness,0.607511,28.268060,50.222389,755.548706,376.094099,176.617671,199.476428,0.000000,24.997163,86.965613
low_roughness_0109,low_roughness,0.299867,59.954721,33.359957,1127.455504,751.336829,354.161849,397.174981,0.000000,49.320531,90.731725
medium_roughness_0785,medium_roughness,0.518303,35.818470,27.120868,567.817186,413.820237,202.903023,210.917214,0.000000,26.482414,73.184140
low_roughness_0230,low_roughness,0.344318,52.472413,29.567988,897.722533,632.284045,304.210913,328.073132,0.000000,41.327388,92.355569
medium_roughness_0492,medium_roughness,0.493491,35.188822,24.820335,504.254530,379.096865,176.849571,202.247294,0.000000,26.450891,112.852230
medium_roughness_0221,medium_roughness,0.469756,35.138441,49.203991,855.833649,434.729340,237.350089,197.379251,0.000000,28.469802,104.784388
high_roughness_0100,high_roughness,0.545496,43.688947,37.949022,888.388793,551.253933,273.008669,278.245264,0.000000,36.493825,95.583509
medium_roughness_0706,medium_roughness,0.511778,18.153528,52.310260,456.985357,217.935128,103.157806,114.777322,0.000000,14.377625,33.107796
low_roughness_0601,low_roughness,0.408905,30.662410,43.224448,598.294544,339.685030,143.990135,195.694894,0.000000,22.729653,77.487334
high_roughness_0600,high_roughness,0.595238,32.244827,46.156507,714.582092,384.755958,183.698498,201.057459,0.000000,25.187325,71.596088
medium_roughness_0598,medium_roughness,0.502514,28.005873,57.112133,744.288282,319.209372,164.594016,154.615355,0.000000,21.855472,69.314254
low_roughness_0227,low_roughness,0.343360,26.645894,38.320361,481.722117,297.124464,137.948431,159.176033,0.000000,19.740545,58.363256
medium_roughness_0773,medium_roughness,0.517421,38.861401,26.335524,636.134159,468.604892,223.363986,245.240906,0.000000,30.100975,89.635030
high_roughness_0736,high_roughness,0.617034,24.575798,42.087190,494.666130,286.475056,133.930762,152.544294,0.000000,19.416415,62.003737
medium_roughness_0285,medium_roughness,0.475247,24.681861,59.336055,717.865468,291.912416,162.670573,129.241843,0.000000,19.003596,90.306908
medium_roughness_0683,medium_roughness,0.510600,36.415871,46.116984,945.856043,509.655759,257.490722,252.165037,0.000000,34.128340,80.467351
low_roughness_0304,low_roughness,0.365011,29.432986,43.168076,628.954122,357.446727,180.841748,176.604979,0.000000,23.010691,65.150254
low_roughness_0237,low_roughness,0.346521,28.267691,39.819688,597.785721,359.749314,163.504116,196.245198,0.000000,23.683732,61.571697
high_roughness_0790,high_roughness,0.630467,26.724879,55.780074,678.076882,299.845096,133.016890,166.828207,0.000000,20.521095,87.845720
high_roughness_0941,high_roughness,0.692741,37.569678,31.586038,594.178991,406.501386,187.553189,218.948198,0.000000,26.477581,98.003369
high_roughness_0263,high_roughness,0.558923,21.123580,55.432669,496.606556,221.324290,126.293637,95.030653,0.000000,15.170880,83.095237
medium_roughness_0002,medium_roughness,0.450702,51.827344,31.317964,1032.892435,709.411551,345.617480,363.794070,0.000000,46.845563,117.138605
medium_roughness_0942,medium_roughness,0.531634,38.041431,49.542851,990.293888,499.674060,275.477058,224.197002,0.000000,32.011752,100.857033
medium_roughness_0955,medium_roughness,0.532905,31.411906,33.390850,534.300184,355.892813,146.566438,209.326374,0.000000,23.539223,112.091889
high_roughness_0476,high_roughness,0.580074,50.036737,36.002597,897.414177,574.321766,276.340161,297.981605,0.000000,38.292309,146.927483
high_roughness_0840,high_roughness,0.644829,37.262575,41.044264,710.071522,418.627894,202.464224,216.163671,0.000000,28.108313,103.094207
high_roughness_0116,high_roughness,0.546877,52.380962,24.362056,795.717024,601.864000,303.456525,298.407475,0.000000,39.159529,108.905376
high_roughness_0645,high_roughness,0.600963,32.589727,53.237754,712.861260,333.349937,181.224366,152.125570,0.000000,23.897414,126.484090
high_roughness_0286,high_roughness,0.561570,53.588953,17.884116,873.844088,717.564801,335.338064,382.226737,0.000000,46.515227,96.615253
medium_roughness_0025,medium_roughness,0.452136,10.066004,77.817433,278.752292,61.834414,34.633795,27.200619,0.000000,4.559744,66.005122
medium_roughness_0916,medium_roughness,0.529473,31.900393,65.507207,748.658254,258.233145,137.353634,120.879511,0.000000,19.300954,141.502539
high_roughness_0787,high_roughness,0.630183,17.923141,60.500671,393.437745,155.405271,93.581887,61.823384,0.000000,10.249209,60.674957
high_roughness_0686,high_roughness,0.607576,38.343540,47.550793,769.635181,403.667550,215.157667,188.509883,0.000000,25.995894,147.297603
low_roughness_0195,low_roughness,0.335703,19.303045,70.977776,664.340553,192.806401,112.269060,80.537341,0.000000,12.688329,72.987851
low_roughness_0706,low_roughness,0.420941,21.352408,68.965130,752.693712,233.597513,139.085380,94.512132,0.000000,15.781971,62.073175
high_roughness_0932,high_roughness,0.686886,32.443836,52.008006,647.132143,310.571617,147.112584,163.459033,0.000000,21.478809,115.929529
low_roughness_0831,low_roughness,0.434224,10.843898,66.956865,396.524759,131.024212,66.543747,64.480465,0.000000,8.722588,24.628614
high_roughness_0172,high_roughness,0.550729,16.982445,67.500670,531.892231,172.861413,98.534632,74.326781,0.000000,11.926989,65.879457
low_roughness_0561,low_roughness,0.405355,23.399984,37.033099,377.828868,237.907130,122.204753,115.702377,0.000000,15.216809,57.211447
low_roughness_0134,low_roughness,0.313138,31.557875,63.200117,909.959245,334.863934,205.911093,128.952841,0.000000,22.896800,100.846951
medium_roughness_0009,medium_roughness,0.451040,53.569758,20.218953,742.553996,592.417350,280.014310,312.403039,0.000000,38.409639,96.036503
high_roughness_0439,high_roughness,0.575871,11.715250,51.446984,241.688750,117.347176,55.824570,61.522606,0.000000,7.596059,44.317730
low_roughness_0806,low_roughness,0.431194,38.804804,43.558596,933.601926,526.938031,273.579509,253.358522,0.000000,34.430982,72.768304
low_roughness_0948,low_roughness,0.445327,52.842734,29.649998,936.323687,658.703730,328.195052,330.508678,0.000000,42.861583,83.682987
low_roughness_0915,low_roughness,0.442580,61.113374,19.269947,1034.340894,835.023956,379.677525,455.346431,0.000000,55.804561,109.616139
medium_roughness_0299,medium_roughness,0.476917,32.525323,34.272038,537.243363,353.119111,138.619673,214.499438,0.000000,25.012648,111.566484
medium_roughness_0747,medium_roughness,0.515388,37.969177,43.394728,960.614416,543.758405,261.727443,282.030961,0.000000,35.713429,75.731218
high_roughness_0597,high_roughness,0.594365,48.917926,22.973175,762.429625,587.275335,266.453484,320.821851,0.000000,40.228099,133.037626
low_roughness_0982,low_roughness,0.448001,22.705965,58.718266,454.839110,187.765472,116.288464,71.477008,0.000000,12.996757,83.720077
low_roughness_0460,low_roughness,0.392750,16.511270,77.616664,711.952068,159.358621,96.768475,62.590147,0.000000,11.476187,72.730174
high_roughness_0256,high_roughness,0.558345,24.333204,64.154401,726.620234,260.461377,161.511990,98.949387,0.000000,17.395886,65.236406
medium_roughness_0656,medium_roughness,0.507646,10.637364,74.608183,370.701596,94.127869,67.723694,26.404175,0.000000,6.514320,59.994202
medium_roughness_0892,medium_roughness,0.527941,29.922988,47.755790,706.086758,368.889448,191.510589,177.378859,0.000000,24.260542,92.218822
low_roughness_0693,low_roughness,0.419885,36.253223,47.995159,820.253935,426.571752,225.705260,200.866492,0.000000,27.374663,73.685597
medium_roughness_0099,medium_roughness,0.458642,24.551324,52.222298,517.133178,247.074346,130.177235,116.897111,0.000000,17.349190,107.121428
medium_roughness_0333,medium_roughness,0.479429,18.577293,66.456780,623.580820,209.169088,89.017514,120.151574,0.000000,14.518114,63.942392
medium_roughness_0092,medium_roughness,0.458207,36.854421,39.960597,741.952442,445.463815,240.983875,204.479940,0.000000,30.461685,96.779828
high_roughness_0095,high_roughness,0.544685,43.061101,45.454730,1038.837116,566.636509,295.019361,271.617148,0.000000,36.841760,84.835659
low_roughness_0347,low_roughness,0.373540,45.793392,44.889920,951.868978,524.575759,292.565707,232.010051,0.000000,34.225976,102.855205
high_roughness_0570,high_roughness,0.590913,20.034409,65.786688,274.998269,94.086016,42.044550,52.041466,0.000000,7.660481,113.549695
low_roughness_0050,low_roughness,0.222927,62.169177,26.463417,1138.824564,837.452675,368.943035,468.509639,0.000000,56.605504,128.734625
high_roughness_0558,high_roughness,0.588904,47.184079,41.662540,1047.469854,611.067303,299.019301,312.048002,0.000000,40.636811,85.614507
low_roughness_0792,low_roughness,0.430011,55.518278,36.343256,1084.109126,690.108571,359.108793,330.999778,0.000000,44.795078,97.444071
low_roughness_0777,low_roughness,0.428809,59.420087,27.181883,1022.713306,744.720574,360.360076,384.360498,0.000000,48.862937,93.655294
low_roughness_0522,low_roughness,0.400173,32.104931,47.778655,880.831206,459.981899,242.711469,217.270430,0.000000,29.987376,44.625295
medium_roughness_0917,medium_roughness,0.529476,33.115610,46.214756,734.798073,395.212937,208.713655,186.499281,0.000000,25.459118,66.376729
medium_roughness_0947,medium_roughness,0.532239,23.364723,58.381442,643.575446,267.846817,130.482165,137.364653,0.000000,18.041267,84.273135
high_roughness_0462,high_roughness,0.578586,35.570526,41.168597,818.911076,481.776878,254.606953,227.169925,0.000000,31.560905,88.178754
medium_roughness_0176,medium_roughness,0.465864,50.617780,16.023293,773.305531,649.396518,290.190285,359.206233,0.000000,43.792000,106.833688
low_roughness_0210,low_roughness,0.339007,54.835310,17.936816,868.433148,712.663889,323.093816,389.570073,0.000000,47.603931,87.932000
low_roughness_0687,low_roughness,0.419120,35.935090,46.388222,778.450231,417.341010,193.665289,223.675721,0.000000,26.979393,77.477779
low_roughness_0963,low_roughness,0.446593,52.339673,31.176559,935.013454,643.508434,313.885489,329.622944,0.000000,42.382611,90.149970
high_roughness_0554,high_roughness,0.588636,20.374703,47.229310,431.640441,227.779639,100.725938,127.053701,0.000000,15.491094,56.210029
medium_roughness_0795,medium_roughness,0.519761,33.202978,33.102696,479.620544,320.853211,151.399540,169.453671,0.000000,20.964518,83.644995
low_roughness_0659,low_roughness,0.415896,39.089056,34.414713,592.055717,388.301442,208.136496,180.164945,0.000000,24.708685,79.847247
medium_roughness_0556,medium_roughness,0.499111,55.044814,20.873365,928.093315,734.369011,339.603907,394.765105,0.000000,47.231067,112.038997
low_roughness_0259,low_roughness,0.352036,70.587993,22.740677,1344.341830,1038.629402,484.513069,554.116333,0.000000,68.172027,99.171986
high_roughness_0712,high_roughness,0.613346,45.747276,28.363722,671.036267,480.705407,246.577067,234.128341,0.000000,31.714663,111.053141
medium_roughness_0902,medium_roughness,0.528704,56.181519,37.082192,1025.755564,645.382919,326.408039,318.974880,0.000000,43.136771,157.506994
high_roughness_0985,high_roughness,0.726689,41.154196,36.544329,789.728329,501.127411,262.447047,238.680364,0.000000,32.515801,94.074796
high_roughness_0775,high_roughness,0.627384,17.661279,66.038047,441.717277,150.015813,53.300188,96.715625,0.000000,9.740911,92.653846
low_roughness_0357,low_roughness,0.374440,43.113610,39.991475,1012.593917,607.642678,313.752110,293.890568,0.000000,40.451242,76.833904
high_roughness_0917,high_roughness,0.677819,13.117579,54.757531,254.269368,115.037739,77.726109,37.311631,0.000000,7.631297,73.973341
low_roughness_0770,low_roughness,0.428232,59.927678,34.865267,1321.203407,860.562309,442.604876,417.957432,0.000000,56.335110,88.221909
low_roughness_0017,low_roughness,0.165345,28.605530,34.329506,439.675451,288.737040,115.340430,173.396610,0.000000,20.806843,99.091347
high_roughness_0738,high_roughness,0.617386,25.341183,40.407450,425.800657,253.745470,134.404328,119.341142,0.000000,16.455003,65.589761
high_roughness_0856,high_roughness,0.652189,17.219895,52.556232,372.553143,176.753250,88.645561,88.107689,0.000000,11.627645,43.095871
medium_roughness_0426,medium_roughness,0.487545,18.425932,43.997261,324.091166,181.499928,72.112448,109.387480,0.000000,12.947396,92.716437
high_roughness_0559,high_roughness,0.588923,48.309546,30.280082,866.243199,603.944050,277.801575,326.142475,0.000000,40.717084,94.381354
high_roughness_0398,high_roughness,0.571701,30.992858,34.531625,465.261398,304.599077,127.000488,177.598590,0.000000,19.781988,116.446346
low_roughness_0172,low_roughness,0.329210,38.463276,42.310750,730.424729,421.376546,189.091126,232.285419,0.000000,28.779619,83.904839
medium_roughness_0269,medium_roughness,0.473866,17.818701,69.303012,442.388533,135.799957,81.630888,54.169069,0.000000,10.494866,87.449667
low_roughness_0513,low_roughness,0.399270,26.264053,52.707093,576.988274,272.874529,141.878275,130.996254,0.000000,17.446833,70.715944
high_roughness_0675,high_roughness,0.605953,32.067634,49.319888,678.305488,343.765981,152.856599,190.909382,0.000000,23.628662,115.064018
high_roughness_0708,high_roughness,0.612848,21.392955,54.932104,518.674318,233.755600,136.997208,96.758392,0.000000,15.849892,68.873795
low_roughness_0857,low_roughness,0.437234,25.790736,53.943260,630.722037,290.490009,134.546321,155.943688,0.000000,19.388975,62.065159
low_roughness_0580,low_roughness,0.407603,42.874190,45.536086,998.431264,543.784741,290.272981,253.511760,0.000000,35.968695,85.366113
medium_roughness_0084,medium_roughness,0.457728,47.193603,36.086568,921.389541,588.891680,295.317511,293.574169,0.000000,37.491858,91.637819
high_roughness_0768,high_roughness,0.625662,34.599510,41.923666,673.498679,391.143339,216.247001,174.896339,0.000000,25.594339,102.473532
low_roughness_0379,low_roughness,0.378046,27.757384,61.200766,794.060867,308.089536,164.786749,143.302787,0.000000,20.428602,61.553968
low_roughness_0965,low_roughness,0.446739,32.667294,58.366306,1060.910010,441.696024,251.493819,190.202204,0.000000,29.481388,86.525098
medium_roughness_0508,medium_roughness,0.494813,37.772531,27.890850,730.249261,526.576539,258.031188,268.545351,0.000000,34.274967,60.728212
medium_roughness_0821,medium_roughness,0.522171,19.176638,52.591111,373.355157,177.003532,92.368624,84.634908,0.000000,11.404327,62.661539
medium_roughness_0090,medium_roughness,0.458161,22.850741,49.174819,528.509341,268.615828,137.150370,131.465458,0.000000,18.642746,82.784303
medium_roughness_0327,medium_roughness,0.479031,39.338454,42.219792,802.573018,463.728359,182.043779,281.684580,0.000000,31.914934,118.700222
low_roughness_0255,low_roughness,0.351250,30.633214,28.810743,486.078817,346.035897,150.198424,195.837473,0.000000,23.842058,112.098169
low_roughness_0103,low_roughness,0.296540,66.315651,16.061946,1155.954594,970.285789,423.996139,546.289650,0.000000,64.357196,103.604713
medium_roughness_0219,medium_roughness,0.469493,26.449357,55.175375,773.757318,346.833814,156.139427,190.694388,0.000000,23.343028,99.937230
high_roughness_0517,high_roughness,0.584198,57.934453,35.602048,1207.135622,777.370620,374.179127,403.191492,0.000000,51.047440,88.129138
high_roughness_0054,high_roughness,0.541952,14.217020,43.530765,188.408461,106.392817,52.426862,53.965955,0.000000,7.666795,89.683011
low_roughness_0897,low_roughness,0.441304,23.320684,56.648282,698.020808,302.604009,144.374717,158.229292,0.000000,19.765747,38.203826
low_roughness_0685,low_roughness,0.418585,41.725303,50.243929,1155.291251,574.827536,321.076222,253.751314,0.000000,37.985114,82.085621
medium_roughness_0248,medium_roughness,0.472128,34.958544,36.597559,566.622685,359.252615,164.475044,194.777571,0.000000,23.864692,123.259237
medium_roughness_0495,medium_roughness,0.493611,24.900135,35.801925,379.180926,243.426854,136.025504,107.401350,0.000000,17.431080,71.837724
low_roughness_0322,low_roughness,0.369674,52.516286,32.329753,942.300435,637.657028,300.747712,336.909317,0.000000,42.263770,92.146671
low_roughness_0782,low_roughness,0.429136,42.108809,26.518460,722.924848,531.216310,254.363237,276.853073,0.000000,34.650980,86.287949
medium_roughness_0945,medium_roughness,0.531948,23.392523,54.256024,507.176783,232.002828,116.293019,115.709809,0.000000,15.371989,76.341838
low_roughness_0619,low_roughness,0.411273,48.002658,24.833479,794.289458,597.039755,275.531903,321.507852,0.000000,39.339100,81.005791
low_roughness_0362,low_roughness,0.375746,25.153736,59.492234,618.758389,250.645201,143.210203,107.434998,0.000000,17.008281,72.839247
high_roughness_0409,high_roughness,0.572512,27.305302,50.838521,576.707252,283.517816,134.894937,148.622879,0.000000,19.417907,100.315943
high_roughness_0076,high_roughness,0.543694,34.906196,41.108345,747.646094,440.301161,240.130775,200.170386,0.000000,28.843543,92.194568
high_roughness_0290,high_roughness,0.561819,28.354704,43.252556,652.617975,370.344018,181.306260,189.037758,0.000000,24.649596,66.436044
medium_roughness_0987,medium_roughness,0.535958,47.468601,36.879286,1019.605311,643.582148,305.254367,338.327781,0.000000,42.333784,109.959366
high_roughness_0502,high_roughness,0.582629,24.258356,55.886352,545.444106,240.615293,95.691203,144.924090,0.000000,16.250893,123.960101
medium_roughness_0618,medium_roughness,0.504198,13.634793,72.355057,453.532286,125.378743,61.054755,64.323988,0.000000,8.761685,49.272924
medium_roughness_0678,medium_roughness,0.509722,27.097576,31.003137,427.916935,295.249263,150.606548,144.642715,0.000000,20.030605,68.325392
high_roughness_0119,high_roughness,0.546957,42.014132,24.765095,756.092792,568.845696,286.717555,282.128141,0.000000,36.789060,71.175547
high_roughness_0702,high_roughness,0.610625,21.778514,57.323847,654.119843,279.153188,137.018206,142.134981,0.000000,18.056753,39.819504
high_roughness_0924,high_roughness,0.682621,27.092360,59.256997,750.879326,305.930788,144.476332,161.454455,0.000000,19.936131,86.209421
low_roughness_0578,low_roughness,0.407430,24.418203,61.585436,619.942566,238.148233,142.684105,95.464128,0.000000,16.811988,94.394420
low_roughness_0673,low_roughness,0.417202,25.789240,55.913629,633.079859,279.101936,125.471410,153.630527,0.000000,19.081415,74.005675
low_roughness_0159,low_roughness,0.323185,17.145393,73.048035,545.679891,147.071451,95.663128,51.408322,0.000000,10.265993,58.120565
high_roughness_0397,high_roughness,0.571577,21.838171,50.949215,359.671367,176.421627,74.397153,102.024474,0.000000,12.665213,111.384659
medium_roughness_0316,medium_roughness,0.478196,38.564079,49.108771,775.776972,394.802434,223.326138,171.476296,0.000000,26.472390,104.407474
high_roughness_0839,high_roughness,0.644695,39.226732,44.640202,978.190052,541.524036,269.817308,271.706728,0.000000,36.293882,90.478965
low_roughness_0858,low_roughness,0.437362,10.321981,70.266428,337.113552,100.235902,78.188575,22.047327,0.000000,6.537070,46.590604
low_roughness_0931,low_roughness,0.443976,15.142602,71.912777,521.460381,146.463743,69.621692,76.842051,0.000000,9.875290,59.676942
high_roughness_0658,high_roughness,0.603972,38.343262,45.499424,680.854259,371.069491,193.176276,177.893215,0.000000,25.175929,136.869641
medium_roughness_0868,medium_roughness,0.526318,41.271096,37.696749,762.249911,474.906472,214.325539,260.580933,0.000000,30.730314,151.211621
medium_roughness_0043,medium_roughness,0.453675,48.914856,32.308231,883.228960,597.873310,291.213714,306.659596,0.000000,38.764494,91.444566
low_roughness_0822,low_roughness,0.433449,53.650233,34.768634,1140.380300,743.885651,376.190663,367.694988,0.000000,48.085402,79.523388
low_roughness_0444,low_roughness,0.389751,44.759873,43.374971,1095.907513,620.557953,336.997497,283.560456,0.000000,41.950849,95.119240
high_roughness_0693,high_roughness,0.608895,34.319843,43.802268,823.441957,462.755705,224.311261,238.444444,0.000000,30.191098,60.480284
medium_roughness_0626,medium_roughness,0.505237,43.054063,42.086451,1012.544637,586.400533,298.138146,288.262387,0.000000,39.604729,138.721412
medium_roughness_0062,medium_roughness,0.455329,47.107950,31.515010,992.128589,679.459167,327.571836,351.887331,0.000000,43.754669,88.712618
low_roughness_0196,low_roughness,0.335857,35.904523,45.820338,661.374468,358.330454,146.676641,211.653813,0.000000,25.376829,119.255883
medium_roughness_0550,medium_roughness,0.498843,33.634497,39.353954,711.221263,431.327575,224.410809,206.916766,0.000000,27.876934,60.240369
low_roughness_0022,low_roughness,0.179088,21.170748,60.621803,426.643965,168.004702,119.684641,48.320061,0.000000,12.240604,69.124726
medium_roughness_0708,medium_roughness,0.512028,60.786563,33.210454,1304.655596,871.373547,410.991494,460.382053,0.000000,56.857586,98.732216
low_roughness_0757,low_roughness,0.426774,34.522174,38.964458,655.658777,400.184887,210.127296,190.057591,0.000000,25.641456,64.490956
medium_roughness_0568,medium_roughness,0.500192,43.737079,26.203251,760.731565,561.395165,242.959978,318.435187,0.000000,37.239801,97.754466
low_roughness_0382,low_roughness,0.378591,33.546031,39.480933,531.335635,321.559369,128.494712,193.064657,0.000000,22.942471,128.219296
high_roughness_0838,high_roughness,0.644393,24.969447,53.753197,608.524329,281.423048,155.558506,125.864542,0.000000,18.273914,61.874536
medium_roughness_0899,medium_roughness,0.528420,21.897287,57.373364,509.450242,217.161501,97.012156,120.149345,0.000000,14.550866,86.578010
medium_roughness_0462,medium_roughness,0.490924,21.429647,51.534937,448.065121,217.155045,109.836460,107.318585,0.000000,14.254730,70.197037
low_roughness_0854,low_roughness,0.437075,43.007860,38.561730,823.925607,506.205636,260.654919,245.550718,0.000000,32.540513,82.571181
medium_roughness_0572,medium_roughness,0.500606,29.783490,49.234136,635.736435,322.737096,171.978521,150.758575,0.000000,20.909725,68.741526
medium_roughness_0907,medium_roughness,0.529171,63.327439,24.759243,1065.569584,801.742627,389.201476,412.541150,0.000000,52.639569,102.759884
high_roughness_0272,high_roughness,0.560314,45.826480,36.130588,940.171750,600.482166,295.543386,304.938780,0.000000,39.000361,78.123090
low_roughness_0395,low_roughness,0.380576,20.835546,60.283744,658.834669,261.664465,123.981259,137.683206,0.000000,17.325620,88.545661
medium_roughness_0649,medium_roughness,0.507045,10.102804,73.334874,336.164346,89.638646,53.994765,35.643881,0.000000,6.328063,43.100671
low_roughness_0501,low_roughness,0.397640,64.544549,32.327478,1354.286690,916.479954,462.297031,454.182923,0.000000,59.448369,107.700885
low_roughness_0566,low_roughness,0.405672,67.520754,18.686797,1097.669036,892.549850,423.092645,469.457205,0.000000,58.026888,104.058555
low_roughness_0254,low_roughness,0.351247,21.513677,36.549298,371.127856,235.483232,108.161043,127.322189,0.000000,15.706278,65.344409
low_roughness_0314,low_roughness,0.367773,19.925687,58.211510,537.879592,224.771758,128.019388,96.752370,0.000000,14.544973,45.190603
medium_roughness_0781,medium_roughness,0.518208,39.590850,34.365052,799.565756,524.794567,250.635691,274.158876,0.000000,34.032975,129.907852
medium_roughness_0122,medium_roughness,0.460955,16.931259,76.419173,624.265204,147.206899,96.264149,50.942750,0.000000,10.476597,91.135256
high_roughness_0927,high_roughness,0.684602,29.835132,57.117339,790.216089,338.865683,172.689659,166.176024,0.000000,22.155196,77.598178
high_roughness_0751,high_roughness,0.619050,30.761803,53.657441,522.154985,241.979980,106.970428,135.009552,0.000000,15.577238,127.241062
high_roughness_0831,high_roughness,0.641739,31.015164,44.729479,704.400241,389.325683,191.344371,197.981313,0.000000,25.938975,56.881937
medium_roughness_0528,medium_roughness,0.496971,18.956131,71.684371,587.200774,166.269592,89.388617,76.880975,0.000000,12.144284,68.288510
high_roughness_0465,high_roughness,0.579239,41.559837,26.845874,743.718613,544.060848,283.302035,260.758813,0.000000,35.560561,92.305089
medium_roughness_0703,medium_roughness,0.511649,36.922720,51.052194,966.914606,473.283486,261.756654,211.526832,0.000000,31.569031,65.263349
high_roughness_0105,high_roughness,0.545940,42.245181,32.583427,755.590456,509.393188,260.562874,248.830315,0.000000,33.586216,85.943804
high_roughness_0635,high_roughness,0.599232,24.702563,48.328725,579.249433,299.305569,144.687842,154.617727,0.000000,20.218629,78.060492
high_roughness_0094,high_roughness,0.544612,29.289552,56.030608,830.607540,365.213088,171.084927,194.128161,0.000000,24.458911,56.692620
medium_roughness_0133,medium_roughness,0.462397,23.368696,59.929978,653.182411,261.730338,161.082265,100.648073,0.000000,18.196212,87.272136
high_roughness_0085,high_roughness,0.544215,43.203311,36.440266,674.691186,428.831926,196.109187,232.722740,0.000000,28.203112,149.942939
medium_roughness_0967,medium_roughness,0.533773,53.921806,37.762881,1197.731256,745.433424,367.185535,378.247889,0.000000,48.428611,93.735730
medium_roughness_0281,medium_roughness,0.474958,22.865223,38.035362,443.195400,274.624427,134.868705,139.755722,0.000000,17.600505,43.987428
high_roughness_0590,high_roughness,0.593467,28.047308,32.203708,476.588112,323.109070,141.326982,181.782088,0.000000,21.308663,64.433030
high_roughness_0557,high_roughness,0.588815,30.953557,44.505360,676.431962,375.383483,187.059564,188.323919,0.000000,24.631193,67.266775
high_roughness_0945,high_roughness,0.696468,16.768976,58.235857,421.369137,175.981207,84.339821,91.641386,0.000000,11.508619,42.515857
high_roughness_0907,high_roughness,0.672860,36.758589,45.091488,689.124889,378.388220,217.194486,161.193734,0.000000,24.581922,102.479395
high_roughness_0723,high_roughness,0.614816,37.389706,41.243997,739.736540,434.639626,211.230311,223.409315,0.000000,29.663591,111.297153
medium_roughness_0760,medium_roughness,0.516516,26.305575,61.146190,593.202549,230.481789,121.661945,108.819844,0.000000,16.397964,138.826024
high_roughness_0826,high_roughness,0.641088,38.098976,46.326015,870.852100,467.421028,227.527725,239.893303,0.000000,31.714846,86.808225
low_roughness_0956,low_roughness,0.446177,13.695477,67.515128,366.348106,119.007713,45.433229,73.574485,0.000000,8.201066,55.287725
high_roughness_0222,high_roughness,0.555283,31.531766,37.643595,535.652789,334.013821,169.381451,164.632370,0.000000,21.288327,73.574180
low_roughness_0812,low_roughness,0.432165,27.011281,50.122039,605.046923,301.785065,138.667981,163.117084,0.000000,20.762896,105.848237
medium_roughness_0075,medium_roughness,0.456539,54.368363,38.766727,1124.843284,688.778357,336.724510,352.053848,0.000000,45.390116,91.486763
low_roughness_0190,low_roughness,0.334740,23.931803,38.390467,359.720854,221.622337,85.671208,135.951129,0.000000,16.098709,98.564593
low_roughness_0968,low_roughness,0.446859,49.113526,24.636090,732.434612,551.991361,258.218256,293.773105,0.000000,37.652263,133.171095
high_roughness_0006,high_roughness,0.537143,13.081066,76.787166,348.719952,80.947785,34.317511,46.630273,0.000000,5.914609,70.359882
high_roughness_0491,high_roughness,0.581657,14.011853,73.393877,458.507688,121.991119,49.361283,72.629836,0.000000,8.761874,51.162399
medium_roughness_0444,medium_roughness,0.489500,13.747784,70.774009,459.047457,134.161170,75.049990,59.111180,0.000000,8.894487,53.209859
high_roughness_0625,high_roughness,0.597276,31.138104,49.245875,595.277941,302.128112,147.375820,154.752292,0.000000,19.701049,92.960634
low_roughness_0995,low_roughness,0.449815,24.819542,67.148385,609.823687,200.336928,93.483942,106.852987,0.000000,14.665265,94.194373
high_roughness_0788,high_roughness,0.630183,56.876027,32.189424,1069.195710,725.027774,363.785808,361.241967,0.000000,48.956583,124.225126
high_roughness_0455,high_roughness,0.577623,21.503401,67.152849,600.275725,197.173476,100.103038,97.070438,0.000000,14.232419,73.032769
medium_roughness_0151,medium_roughness,0.464523,33.737199,49.435250,809.853341,409.500319,173.741294,235.759025,0.000000,27.696391,105.288115
low_roughness_0694,low_roughness,0.419926,35.921761,47.191779,782.043866,412.983449,205.229457,207.753993,0.000000,26.315462,66.418673
low_roughness_0427,low_roughness,0.386625,51.920785,38.384945,1172.390408,722.368996,349.821485,372.547511,0.000000,46.531452,85.431776
medium_roughness_0415,medium_roughness,0.486693,30.282927,57.134201,770.270414,330.182566,197.930467,132.252099,0.000000,22.907769,67.109233
medium_roughness_0306,medium_roughness,0.477377,49.439923,38.839162,1143.864627,699.597190,357.296793,342.300397,0.000000,45.729002,70.783685
low_roughness_0740,low_roughness,0.425196,52.629717,29.195014,902.322076,638.889023,302.773388,336.115636,0.000000,42.247066,106.972223
high_roughness_0617,high_roughness,0.596444,26.794930,54.651455,691.058148,313.384814,159.155139,154.229675,0.000000,20.616594,56.739308
medium_roughness_0933,medium_roughness,0.531167,48.499651,27.684278,734.748661,531.338800,272.902540,258.436259,0.000000,35.003406,156.401188
low_roughness_0520,low_roughness,0.399982,40.711438,36.412699,776.083036,493.490260,230.821955,262.668305,0.000000,33.093909,108.621978
high_roughness_0244,high_roughness,0.557259,7.030865,72.365483,270.938516,74.872551,41.228331,33.644219,0.000000,4.921420,27.624134
high_roughness_0718,high_roughness,0.614559,34.884568,40.064783,721.380977,432.361253,217.984896,214.376357,0.000000,28.138107,70.574760
high_roughness_0463,high_roughness,0.578722,38.359728,38.673867,649.447783,398.281213,200.187794,198.093420,0.000000,26.466365,113.121487
medium_roughness_0641,medium_roughness,0.506463,27.321176,22.604886,360.024871,278.641661,115.074954,163.566707,0.000000,19.348530,104.091251
medium_roughness_0352,medium_roughness,0.480342,59.150201,10.920212,815.251665,726.224453,332.737855,393.486598,0.000000,48.564653,125.390796
high_roughness_0783,high_roughness,0.629664,23.913023,32.483778,391.861821,264.570299,109.778558,154.791741,0.000000,17.884141,61.650695
low_roughness_0175,low_roughness,0.330124,58.306529,30.793831,1170.958153,810.375276,394.852289,415.522987,0.000000,52.537920,84.910324
medium_roughness_0127,medium_roughness,0.461908,14.630304,46.664532,194.747593,103.869541,34.968510,68.901031,0.000000,7.904618,81.268058
medium_roughness_0320,medium_roughness,0.478549,23.676011,66.140798,773.583305,261.929132,130.172488,131.756644,0.000000,17.126783,54.989533
high_roughness_0026,high_roughness,0.539348,25.634592,60.971971,577.660506,225.449511,87.776082,137.673429,0.000000,16.408785,115.054344
low_roughness_0663,low_roughness,0.416156,22.000436,55.511340,284.771992,126.691242,39.992030,86.699212,0.000000,10.230579,129.579924
high_roughness_0506,high_roughness,0.582862,47.230707,36.394897,860.259658,547.169038,300.195252,246.973786,0.000000,35.679675,104.780509
medium_roughness_0975,medium_roughness,0.534052,32.095149,32.164965,611.704567,414.950007,215.124743,199.825264,0.000000,27.340770,73.650357
medium_roughness_0505,medium_roughness,0.494512,19.697929,70.460277,766.801469,226.511027,122.607755,103.903273,0.000000,14.617594,45.584587
medium_roughness_0224,medium_roughness,0.470024,12.499197,44.552225,182.291531,101.076598,42.743781,58.332817,0.000000,7.534259,78.612747
medium_roughness_0920,medium_roughness,0.529891,38.757799,46.133778,817.763636,440.498377,200.151745,240.346632,0.000000,29.698850,118.620829
high_roughness_0283,high_roughness,0.561284,34.803301,27.185644,499.828805,363.947124,151.455054,212.492071,0.000000,24.983657,110.548574
low_roughness_0281,low_roughness,0.359689,23.821297,60.892344,725.623276,283.774253,151.473250,132.301003,0.000000,19.488089,73.739468
low_roughness_0337,low_roughness,0.371960,14.216000,62.484277,499.772470,187.493254,94.642262,92.850992,0.000000,12.196969,36.565255
high_roughness_0486,high_roughness,0.581110,33.012594,54.223773,817.900456,374.403969,158.168506,216.235462,0.000000,25.860861,120.998223
high_roughness_0007,high_roughness,0.537404,11.239049,73.378424,439.335295,116.957980,88.319399,28.638580,0.000000,7.500901,49.416065
high_roughness_0162,high_roughness,0.549822,23.799340,53.794303,622.705235,287.725292,119.457931,168.267361,0.000000,19.773441,71.766826
medium_roughness_0096,medium_roughness,0.458505,5.892248,87.792965,519.396184,63.402876,33.698501,29.704375,0.000000,4.345528,26.090261
medium_roughness_0951,medium_roughness,0.532667,37.756288,36.325530,748.685591,476.721584,207.808931,268.912653,0.000000,31.598384,88.260277
low_roughness_0375,low_roughness,0.377700,27.454134,62.242825,851.004949,321.315426,192.323962,128.991464,0.000000,21.991013,58.011174
low_roughness_0933,low_roughness,0.444167,7.012447,79.719231,340.573349,69.070893,39.096013,29.974880,0.000000,4.926655,42.368628
medium_roughness_0562,medium_roughness,0.499569,17.043742,74.131573,565.811165,146.366446,82.667780,63.698666,0.000000,10.313408,62.430589
low_roughness_0474,low_roughness,0.394660,66.024061,22.061266,1186.215754,924.521544,432.485912,492.035632,0.000000,61.256634,132.863278
high_roughness_0055,high_roughness,0.542260,15.679223,44.445657,338.319053,187.950928,78.308986,109.641942,0.000000,12.064342,53.157753
high_roughness_0417,high_roughness,0.573218,44.456541,44.518170,965.079412,535.443721,270.489758,264.953963,0.000000,34.706624,92.673258
low_roughness_0333,low_roughness,0.371211,70.190215,27.285233,1290.773327,938.582819,448.172997,490.409822,0.000000,62.113803,125.236030
medium_roughness_0312,medium_roughness,0.477930,58.681670,21.865747,1008.275071,787.808198,370.208522,417.599675,0.000000,52.426680,118.629331
medium_roughness_0796,medium_roughness,0.519824,54.108745,27.613101,933.376785,675.642515,316.246826,359.395689,0.000000,44.370104,135.583127
low_roughness_0901,low_roughness,0.441508,18.614265,61.348301,457.546328,176.849431,94.346627,82.502804,0.000000,11.588801,56.728097
low_roughness_0487,low_roughness,0.396321,35.970865,49.620543,861.615910,434.077419,224.072487,210.004933,0.000000,28.345230,73.724585
low_roughness_0273,low_roughness,0.357838,49.924692,24.246560,810.782076,614.195317,291.316167,322.879150,0.000000,40.698151,101.228397
low_roughness_0892,low_roughness,0.441123,24.387575,61.179314,660.370811,256.360479,132.476430,123.884049,0.000000,17.322242,90.942252
low_roughness_0922,low_roughness,0.443319,36.858185,31.205023,541.739924,372.689856,191.517933,181.171923,0.000000,23.930828,89.160269
medium_roughness_0388,medium_roughness,0.484266,31.616906,45.006970,663.422406,364.836086,186.773718,178.062368,0.000000,24.889688,87.669945
medium_roughness_0944,medium_roughness,0.531907,27.358753,31.893631,481.442849,327.893242,178.663853,149.229389,0.000000,22.011280,78.221383
low_roughness_0802,low_roughness,0.430665,18.215439,59.757413,549.477590,221.123996,105.071975,116.052021,0.000000,14.803893,56.724069
low_roughness_0031,low_roughness,0.189707,34.018192,49.092960,798.795321,406.643052,224.706212,181.936840,0.000000,27.598217,94.470702
low_roughness_0048,low_roughness,0.221364,19.866012,65.417865,648.190904,224.158257,119.072620,105.085636,0.000000,15.590759,69.581234
medium_roughness_0331,medium_roughness,0.479332,47.400126,35.589223,914.508825,589.042239,316.169209,272.873031,0.000000,39.029405,91.965662
medium_roughness_0386,medium_roughness,0.483904,23.162390,69.198637,709.163115,218.431906,129.721779,88.710127,0.000000,15.662633,90.047659
medium_roughness_0823,medium_roughness,0.522237,56.954051,28.646011,931.413277,664.600523,331.997469,332.603054,0.000000,44.201280,97.026547
low_roughness_0170,low_roughness,0.328563,39.793988,24.370088,675.876636,511.164906,237.752472,273.412433,0.000000,34.139253,68.147423
high_roughness_0987,high_roughness,0.735857,32.640930,53.939242,684.735211,315.394226,140.907472,174.486754,0.000000,21.262840,134.991214
medium_roughness_0496,medium_roughness,0.493831,45.376609,42.060957,916.709484,531.132702,270.276490,260.856212,0.000000,33.855321,87.550034
low_roughness_0071,low_roughness,0.267504,74.238457,24.254931,1369.127250,1037.046379,492.855147,544.191232,0.000000,67.558240,104.607567
high_roughness_0019,high_roughness,0.538776,8.807282,43.315666,165.612710,93.876462,55.412258,38.464204,0.000000,6.318031,33.821909
medium_roughness_0458,medium_roughness,0.490300,28.526396,51.973232,719.709645,345.653284,171.346728,174.306556,0.000000,22.562785,61.785942
medium_roughness_0896,medium_roughness,0.528310,29.944533,45.938879,640.633980,346.333910,166.240903,180.093007,0.000000,22.594924,55.928388
high_roughness_0689,high_roughness,0.607896,36.869296,32.140825,636.415140,431.866063,207.232187,224.633876,0.000000,28.712626,117.666535
low_roughness_0150,low_roughness,0.320572,58.584552,20.888750,1002.856071,793.371978,374.542547,418.829431,0.000000,52.102266,88.464900
high_roughness_0733,high_roughness,0.616406,40.995387,24.360123,581.263889,439.667290,215.161858,224.505432,0.000000,30.520810,126.556589
low_roughness_0591,low_roughness,0.408287,23.722236,64.717335,709.421205,250.302704,138.109327,112.193377,0.000000,16.344366,60.949081
medium_roughness_0379,medium_roughness,0.483244,41.349519,43.913546,969.278155,543.633749,275.518860,268.114889,0.000000,36.135176,79.815508
medium_roughness_0929,medium_roughness,0.530841,28.131903,42.369361,511.457070,294.755979,162.530867,132.225112,0.000000,20.255788,95.112840
high_roughness_0198,high_roughness,0.553077,31.745526,29.044277,554.074883,393.147837,180.761178,212.386659,0.000000,25.305455,78.275539
low_roughness_0717,low_roughness,0.421989,48.430248,35.222728,939.037665,608.282985,318.442195,289.840790,0.000000,38.897958,79.975538
high_roughness_0804,high_roughness,0.634605,42.533042,36.760157,762.205956,482.017850,245.500731,236.517119,0.000000,31.214918,93.355539
high_roughness_0164,high_roughness,0.549884,25.884955,58.185730,651.849440,272.566082,156.974196,115.591885,0.000000,19.197670,77.751885
medium_roughness_0094,medium_roughness,0.458419,42.123230,35.558650,799.548299,515.239720,223.410958,291.828762,0.000000,35.571325,130.102448
medium_roughness_0687,medium_roughness,0.510814,35.005938,30.364150,498.973400,347.464367,170.690332,176.774034,0.000000,23.106404,78.631864
low_roughness_0431,low_roughness,0.387713,19.634482,66.307397,438.527511,147.751335,84.930185,62.821150,0.000000,11.128608,76.720893
high_roughness_0092,high_roughness,0.544456,22.549742,64.532378,637.772919,226.202890,98.756602,127.446288,0.000000,15.393446,67.099000
high_roughness_0802,high_roughness,0.634279,46.754912,36.782074,975.696700,616.815220,330.011376,286.803844,0.000000,40.498556,84.329217
high_roughness_0894,high_roughness,0.669993,42.068661,32.588057,774.563263,522.148144,238.718813,283.429331,0.000000,34.905877,83.671536
medium_roughness_0515,medium_roughness,0.495876,32.884349,50.957492,834.772883,409.393560,215.265629,194.127931,0.000000,27.893859,95.029981
low_roughness_0413,low_roughness,0.384408,42.221350,36.431285,891.819380,566.918117,260.854743,306.063373,0.000000,38.086514,79.652542
medium_roughness_0530,medium_roughness,0.497181,47.645853,33.727982,984.376963,652.366476,288.189491,364.176986,0.000000,44.232526,104.379939
high_roughness_0634,high_roughness,0.599044,46.421541,22.441121,727.493587,564.235872,282.565477,281.670395,0.000000,36.861337,83.727482
high_roughness_0939,high_roughness,0.692218,27.351407,46.380082,536.788069,287.825325,128.208340,159.616985,0.000000,19.191155,100.155390
low_roughness_0261,low_roughness,0.353420,50.906407,33.301350,946.218804,631.115167,305.409262,325.705905,0.000000,41.030856,88.722764
high_roughness_0428,high_roughness,0.574385,20.130688,53.738831,485.744632,224.711145,120.107518,104.603628,0.000000,15.278560,55.631277
low_roughness_0434,low_roughness,0.387916,25.986838,36.712172,388.227271,245.700607,107.153923,138.546684,0.000000,17.560021,125.452756
high_roughness_0794,high_roughness,0.631471,24.554868,57.236162,492.789454,210.735686,76.473818,134.261868,0.000000,14.973214,87.834882
low_roughness_0026,low_roughness,0.185456,26.655804,41.691241,571.051311,332.972935,145.285037,187.687897,0.000000,22.710279,67.031858
medium_roughness_0041,medium_roughness,0.453514,44.940766,15.592922,601.663660,507.846717,230.759413,277.087304,0.000000,34.086000,97.698057
low_roughness_0616,low_roughness,0.411079,46.965773,35.394697,970.388662,626.922536,329.026337,297.896199,0.000000,40.936934,90.991324
medium_roughness_0500,medium_roughness,0.494135,30.259144,46.914165,682.721933,362.428637,177.249493,185.179144,0.000000,23.487295,70.108597
low_roughness_0016,low_roughness,0.164127,52.915650,27.314586,917.337991,666.770917,293.597715,373.173202,0.000000,45.617253,126.515996
low_roughness_0032,low_roughness,0.190383,27.454653,40.950052,490.229545,289.480289,126.840178,162.640111,0.000000,20.040448,97.856840
high_roughness_0683,high_roughness,0.607114,39.828884,34.734687,858.652158,560.402015,295.412053,264.989962,0.000000,36.046953,82.490401
low_roughness_0642,low_roughness,0.414108,19.309015,66.841795,738.407408,244.842643,131.106855,113.735788,0.000000,16.181646,42.195791
low_roughness_0151,low_roughness,0.320706,21.087639,74.467167,673.496609,171.962766,113.912385,58.050381,0.000000,12.550484,89.059516
medium_roughness_0712,medium_roughness,0.512292,48.049072,23.560931,761.424194,582.025564,276.557093,305.468471,0.000000,38.271229,89.033291
medium_roughness_0879,medium_roughness,0.527170,26.114299,49.031488,677.639601,345.382818,167.346395,178.036423,0.000000,22.503413,65.748902
medium_roughness_0295,medium_roughness,0.476609,58.634695,22.865398,984.582881,759.454085,377.805278,381.648806,0.000000,50.039730,99.269656
low_roughness_0723,low_roughness,0.422650,31.754325,51.214277,711.901331,347.306213,191.152045,156.154168,0.000000,23.565075,86.936799
medium_roughness_0974,medium_roughness,0.534031,31.977775,43.941243,686.144164,384.643890,201.953822,182.690067,0.000000,24.613903,63.857565
high_roughness_0988,high_roughness,0.740991,33.697087,49.515545,651.693531,329.003926,159.212898,169.791028,0.000000,23.000480,106.254424
high_roughness_0688,high_roughness,0.607752,38.892281,43.508230,752.734303,425.232931,198.082218,227.150713,0.000000,28.798492,109.016020
medium_roughness_0898,medium_roughness,0.528378,68.296681,21.804783,1187.269396,928.387880,459.153674,469.234206,0.000000,61.376380,107.491334
medium_roughness_0984,medium_roughness,0.535616,27.012067,32.839538,368.478939,247.472156,102.920790,144.551366,0.000000,17.095929,98.939567
low_roughness_0328,low_roughness,0.370609,20.392623,60.505074,557.919945,220.350069,136.004677,84.345392,0.000000,15.360202,72.780667
high_roughness_0421,high_roughness,0.573462,27.238028,60.352243,611.700982,242.525719,118.490544,124.035175,0.000000,16.067487,120.130529
high_roughness_0458,high_roughness,0.578166,29.199675,27.730175,391.619288,283.022574,124.058104,158.964470,0.000000,20.027117,117.015681
low_roughness_0833,low_roughness,0.434380,27.844364,53.745250,791.722362,366.209202,202.712769,163.496434,0.000000,24.830775,70.887731
low_roughness_0223,low_roughness,0.342527,58.920062,26.633606,1089.237655,799.134389,379.154068,419.980321,0.000000,52.560709,107.242626
high_roughness_0504,high_roughness,0.582729,43.862473,36.312821,804.645696,512.456141,270.476025,241.980116,0.000000,33.906739,93.341806
high_roughness_0482,high_roughness,0.580765,27.247725,50.616736,573.220801,283.075140,153.663735,129.411404,0.000000,18.679487,98.316998
high_roughness_0156,high_roughness,0.549473,28.630581,60.584028,826.376505,325.724329,156.593894,169.130435,0.000000,22.058955,100.074832
medium_roughness_0639,medium_roughness,0.506215,38.385726,36.846970,640.383828,404.421789,199.148406,205.273383,0.000000,27.064544,116.299174
high_roughness_0835,high_roughness,0.643832,21.252362,52.039224,361.253973,173.260209,93.377998,79.882211,0.000000,11.392317,73.785028
high_roughness_0224,high_roughness,0.555556,28.683634,63.085246,858.908173,317.063840,164.508176,152.555664,0.000000,20.609010,79.250154
low_roughness_0148,low_roughness,0.319233,38.336299,36.873154,653.374536,412.454739,197.995530,214.459209,0.000000,27.108055,81.539829
medium_roughness_0968,medium_roughness,0.533783,71.814028,29.133610,1505.993541,1067.243260,537.377400,529.865860,0.000000,70.258347,98.001436
low_roughness_0664,low_roughness,0.416241,23.713784,63.443560,659.477927,241.081653,138.085087,102.996567,0.000000,16.406424,65.854304
high_roughness_0606,high_roughness,0.595717,33.903715,43.330365,633.561388,359.036925,192.686465,166.350460,0.000000,24.584414,89.187889
low_roughness_0279,low_roughness,0.358707,43.528198,28.250192,750.806460,538.702190,245.062431,293.639758,0.000000,36.400044,104.796300
low_roughness_0617,low_roughness,0.411157,48.698922,31.318214,759.870978,521.892959,233.670196,288.222764,0.000000,35.674143,114.783627
high_roughness_0938,high_roughness,0.691869,36.266711,33.857866,591.768846,391.408544,204.171750,187.236794,0.000000,26.506503,108.117633
low_roughness_0627,low_roughness,0.412093,45.685733,31.892310,897.993609,611.602699,279.700566,331.902133,0.000000,41.339351,109.553274
medium_roughness_0139,medium_roughness,0.462854,45.812706,35.213034,876.178263,567.649312,302.645201,265.004111,0.000000,36.731558,121.346986
low_roughness_0789,low_roughness,0.429653,39.487585,33.896959,696.019961,460.090361,228.648007,231.442354,0.000000,31.216008,111.979549
high_roughness_0884,high_roughness,0.666868,20.587191,48.310249,349.243207,180.522944,73.541193,106.981752,0.000000,12.159004,86.516215
high_roughness_0534,high_roughness,0.586195,34.408529,38.258207,573.397856,354.026119,195.774548,158.251571,0.000000,23.395347,122.508341
medium_roughness_0111,medium_roughness,0.459947,43.540270,42.187056,828.922032,479.224234,238.828600,240.395634,0.000000,31.588160,97.532108
medium_roughness_0588,medium_roughness,0.501625,48.471228,32.306899,1056.904922,715.451720,346.807880,368.643840,0.000000,46.171656,110.603772
high_roughness_0495,high_roughness,0.581801,37.627377,46.240825,698.563977,375.542228,209.086441,166.455787,0.000000,24.905527,129.957952
low_roughness_0116,low_roughness,0.307117,6.317249,78.849908,322.048361,68.113526,48.648262,19.465264,0.000000,4.581853,25.908236
medium_roughness_0412,medium_roughness,0.486254,60.799224,29.476291,1127.565301,795.200871,370.141992,425.058879,0.000000,53.437113,129.948698
high_roughness_0127,high_roughness,0.547690,47.981896,23.287793,707.335410,542.612606,280.356488,262.256118,0.000000,35.193914,102.319572
low_roughness_0270,low_roughness,0.357518,54.465606,25.359402,985.525827,735.602375,336.632452,398.969923,0.000000,48.050707,97.294160
low_roughness_0449,low_roughness,0.390127,40.618589,44.578368,946.027663,524.303971,278.011983,246.291988,0.000000,34.844818,94.251179
high_roughness_0134,high_roughness,0.548037,14.966174,46.112268,296.218710,159.625546,84.207297,75.418249,0.000000,10.348905,32.828284
high_roughness_0081,high_roughness,0.544143,29.149708,40.014291,609.376389,365.538747,169.000188,196.538559,0.000000,24.114858,50.106344
high_roughness_0349,high_roughness,0.567555,41.224782,36.363832,756.123250,481.167860,254.097719,227.070142,0.000000,31.385175,90.536370
low_roughness_0524,low_roughness,0.400336,32.214097,42.244223,723.439808,417.828283,216.364446,201.463836,0.000000,26.798382,49.160432
low_roughness_0568,low_roughness,0.405812,45.680418,46.376523,1142.396988,612.592985,325.419811,287.173174,0.000000,39.861923,88.978167
low_roughness_0846,low_roughness,0.436438,30.188859,52.485677,779.629637,370.435745,184.472863,185.962883,0.000000,23.770770,56.404229
high_roughness_0552,high_roughness,0.588365,21.303209,54.419130,572.543720,260.970407,131.006082,129.964325,0.000000,17.644088,68.840211
low_roughness_0376,low_roughness,0.377809,35.603087,20.502157,523.044451,415.809056,179.592072,236.216984,0.000000,28.484276,106.425807
high_roughness_0355,high_roughness,0.567958,39.979268,43.063620,875.348114,498.391530,250.579539,247.811991,0.000000,32.633577,100.038270
medium_roughness_0851,medium_roughness,0.524737,33.732540,37.441903,642.928796,402.204021,210.634506,191.569515,0.000000,26.530985,65.209854
high_roughness_0117,high_roughness,0.546916,37.753922,40.482477,692.413366,412.107284,223.990199,188.117085,0.000000,27.021131,90.639585
medium_roughness_0428,medium_roughness,0.487600,20.575830,39.215259,367.810559,223.572697,107.206486,116.366211,0.000000,14.523270,67.793863
medium_roughness_0105,medium_roughness,0.459015,15.348278,71.762516,409.831407,115.726080,54.083096,61.642984,0.000000,8.876125,58.026875
medium_roughness_0621,medium_roughness,0.504362,26.173859,57.615360,608.001648,257.699309,161.350551,96.348758,0.000000,17.417386,111.369068
medium_roughness_0042,medium_roughness,0.453616,45.622534,40.326894,1145.964080,683.832362,338.695139,345.137223,0.000000,44.078957,61.204599
medium_roughness_0485,medium_roughness,0.492837,28.978803,57.863364,497.286602,209.539845,102.001635,107.538210,0.000000,16.373375,131.357883
medium_roughness_0695,medium_roughness,0.511334,31.898817,28.602236,524.461031,374.453449,168.768567,205.684882,0.000000,24.173282,81.650020
medium_roughness_0935,medium_roughness,0.531401,40.196287,25.412225,550.673040,410.734767,193.447571,217.287196,0.000000,27.742520,129.745753
medium_roughness_0891,medium_roughness,0.527930,13.128792,77.064994,461.965136,105.951734,42.134449,63.817285,0.000000,7.166785,76.749065
medium_roughness_0222,medium_roughness,0.469893,19.197310,56.460612,476.208175,207.338124,98.667744,108.670380,0.000000,14.471534,49.202427
low_roughness_0787,low_roughness,0.429549,25.995053,67.805205,911.467102,293.444965,162.405658,131.039307,0.000000,19.180514,68.416567
medium_roughness_0833,medium_roughness,0.522847,37.258713,39.665464,763.681394,460.763626,221.514600,239.249026,0.000000,29.465964,121.746858
medium_roughness_0370,medium_roughness,0.482439,26.436345,33.479034,300.876361,200.145861,106.168418,93.977443,0.000000,13.387994,110.099079
high_roughness_0616,high_roughness,0.596279,23.212625,30.288823,376.213603,262.262930,113.588458,148.674472,0.000000,17.077679,66.788142
high_roughness_0391,high_roughness,0.571002,20.944964,48.416000,393.728667,203.100994,92.547424,110.553570,0.000000,14.047001,66.856568
high_roughness_0276,high_roughness,0.560412,22.949010,49.209016,427.939671,217.354772,111.878465,105.476307,0.000000,13.914494,65.938240
medium_roughness_0635,medium_roughness,0.505897,37.009373,26.369908,537.530331,395.784078,198.169062,197.615016,0.000000,26.458994,78.744772
medium_roughness_0051,medium_roughness,0.454173,11.990110,74.102918,505.914538,131.017102,77.862493,53.154609,0.000000,9.252349,53.189818
high_roughness_0195,high_roughness,0.552893,20.326856,59.387523,418.825721,170.095501,106.209847,63.885655,0.000000,11.491136,98.081062
low_roughness_0907,low_roughness,0.441895,23.851255,32.325010,346.859613,234.737210,139.305266,95.431944,0.000000,16.572872,104.860932
medium_roughness_0758,medium_roughness,0.516222,16.326579,71.359450,559.559120,160.260807,89.336415,70.924393,0.000000,10.898680,71.704289
low_roughness_0916,low_roughness,0.442760,36.875592,25.045720,567.539384,425.395060,196.588305,228.806756,0.000000,28.418142,84.770789
high_roughness_0602,high_roughness,0.595392,41.896697,39.913716,860.913813,517.291123,255.453056,261.838067,0.000000,33.647311,136.179128
medium_roughness_0748,medium_roughness,0.515401,16.256389,66.744229,320.858578,106.703994,65.012206,41.691788,0.000000,8.047269,83.345420
low_roughness_0647,low_roughness,0.414685,56.568705,36.929110,1236.059350,779.593629,398.756044,380.837585,0.000000,49.727312,94.581411
medium_roughness_0447,medium_roughness,0.489746,28.774223,56.953404,653.616459,281.359639,141.725477,139.634162,0.000000,20.422835,129.304051
medium_roughness_0931,medium_roughness,0.530952,34.918999,46.679298,732.438357,390.541275,205.504467,185.036807,0.000000,25.779603,90.564085
high_roughness_0497,high_roughness,0.582024,25.724557,27.836858,362.447208,261.553293,123.204714,138.348579,0.000000,16.721787,70.732158
high_roughness_0997,high_roughness,0.775075,19.133623,59.275134,476.085138,193.885033,94.296534,99.588499,0.000000,13.369156,66.836840
medium_roughness_0642,medium_roughness,0.506507,26.696890,55.266483,510.619655,228.418132,106.245443,122.172689,0.000000,15.776411,81.381564
low_roughness_0745,low_roughness,0.425544,18.906564,48.380065,359.980305,185.821599,90.101313,95.720286,0.000000,13.232824,75.224706
low_roughness_0998,low_roughness,0.450317,38.404601,26.900354,576.075694,421.109290,223.890423,197.218868,0.000000,27.275081,73.216132
low_roughness_0471,low_roughness,0.394488,23.430917,52.028355,483.056456,231.730126,147.460008,84.270118,0.000000,16.637158,83.303619
medium_roughness_0489,medium_roughness,0.493387,35.080702,55.824435,1063.197452,469.673486,243.251035,226.422451,0.000000,30.710341,64.033485
medium_roughness_0157,medium_roughness,0.464845,19.969446,64.221260,646.425854,231.283023,127.174444,104.108579,0.000000,15.579544,48.426085
medium_roughness_0241,medium_roughness,0.471557,19.051081,52.143550,497.111618,237.899975,115.394785,122.505191,0.000000,16.183128,69.885039
high_roughness_0674,high_roughness,0.605914,27.089566,51.428808,555.211904,269.673042,144.856789,124.816253,0.000000,18.456065,79.167826
low_roughness_0618,low_roughness,0.411192,52.296487,27.050465,919.875759,671.045091,322.149957,348.895134,0.000000,43.918409,79.342638
medium_roughness_0544,medium_roughness,0.498345,40.899864,29.598007,621.795899,437.756703,202.125467,235.631236,0.000000,28.834371,148.163472
low_roughness_0645,low_roughness,0.414596,32.199821,50.269458,870.351039,432.830293,240.033720,192.796573,0.000000,28.741911,68.801624
low_roughness_0898,low_roughness,0.441401,16.606157,73.709737,603.621298,158.693625,87.788428,70.905196,0.000000,10.667276,50.807387
low_roughness_0095,low_roughness,0.292061,43.348415,41.078033,936.631496,551.881699,249.705879,302.175820,0.000000,36.709362,69.251601
low_roughness_0547,low_roughness,0.402881,13.422228,68.039617,366.036675,116.986722,72.666523,44.320199,0.000000,8.579387,69.579830
low_roughness_0343,low_roughness,0.373041,30.529279,54.053877,798.072324,366.683288,185.097875,181.585413,0.000000,23.624073,63.502305
medium_roughness_0735,medium_roughness,0.514082,55.552714,28.807821,1114.984636,793.781859,378.666458,415.115402,0.000000,51.817935,144.932093
medium_roughness_0543,medium_roughness,0.498283,15.564264,71.733074,677.881432,191.616245,118.099169,73.517076,0.000000,12.502374,43.517428
high_roughness_0633,high_roughness,0.599032,35.920496,47.238644,752.467533,397.012074,178.370234,218.641840,0.000000,26.518977,108.997192
low_roughness_0339,low_roughness,0.372425,27.284549,60.393670,733.756552,290.614045,166.112321,124.501724,0.000000,19.567989,66.395314
medium_roughness_0253,medium_roughness,0.472393,38.769426,21.051771,605.089365,477.707335,195.964362,281.742972,0.000000,31.450508,109.863838
high_roughness_0923,high_roughness,0.682364,30.267671,44.838298,395.420103,218.120461,90.061944,128.058517,0.000000,14.326572,133.221531
low_roughness_0734,low_roughness,0.423777,26.804297,60.375367,583.208294,231.094149,116.841610,114.252540,0.000000,16.743342,75.147970
medium_roughness_0600,medium_roughness,0.502620,40.670548,37.080793,853.591777,537.073174,262.307173,274.766001,0.000000,35.635685,123.518758
high_roughness_0074,high_roughness,0.543627,28.834057,44.012652,548.244998,306.947835,130.858144,176.089691,0.000000,20.129645,103.215977
low_roughness_0940,low_roughness,0.444518,61.113836,21.353536,1074.955317,845.414349,380.948389,464.465960,0.000000,54.986530,160.098311
low_roughness_0705,low_roughness,0.420667,33.562824,49.281743,904.173599,458.581085,229.413190,229.167895,0.000000,29.324936,56.873246
medium_roughness_0410,medium_roughness,0.486208,12.011459,75.472175,450.153761,110.412926,52.638402,57.774525,0.000000,7.305662,51.344721
medium_roughness_0324,medium_roughness,0.478917,66.168033,32.213611,1198.560537,812.460912,397.280208,415.180704,0.000000,52.849238,103.793670
high_roughness_0925,high_roughness,0.682875,33.765322,49.590702,688.967889,347.303874,182.362637,164.941238,0.000000,24.421428,110.176890
high_roughness_0785,high_roughness,0.629915,37.237074,27.340598,657.022627,477.388714,252.065836,225.322879,0.000000,30.771651,80.392534
high_roughness_0014,high_roughness,0.538210,38.957858,37.333109,736.773870,461.713277,229.532551,232.180725,0.000000,29.845040,88.517386
low_roughness_0000,low_roughness,0.065108,41.384433,26.492374,637.513944,468.621365,200.273396,268.347968,0.000000,32.784424,120.284396
high_roughness_0621,high_roughness,0.596888,42.192184,41.078091,895.250695,527.498803,252.547511,274.951292,0.000000,35.338691,77.430123
low_roughness_0429,low_roughness,0.387179,16.571412,43.201550,317.401024,180.278861,86.324273,93.954589,0.000000,12.192868,64.512749
high_roughness_0841,high_roughness,0.644838,24.840272,42.194522,402.541666,232.691134,105.978264,126.712870,0.000000,15.199405,72.662924
low_roughness_0440,low_roughness,0.388395,31.069825,55.253973,867.646651,388.237403,228.000593,160.236810,0.000000,26.531862,68.911474
low_roughness_0817,low_roughness,0.432776,27.591982,50.004844,619.201304,309.570660,143.286591,166.284069,0.000000,21.290698,109.199503
medium_roughness_0501,medium_roughness,0.494286,21.381010,55.546619,609.970500,271.152508,146.494762,124.657746,0.000000,18.084318,88.775500
low_roughness_0906,low_roughness,0.441628,31.552717,48.535978,666.509084,343.012382,161.739471,181.272911,0.000000,23.589022,109.732970
medium_roughness_0015,medium_roughness,0.451513,58.246476,33.500103,1126.099993,748.855333,389.309596,359.545737,0.000000,48.204784,98.064736
medium_roughness_0693,medium_roughness,0.511258,34.330071,38.744035,578.891904,354.605823,174.687443,179.918380,0.000000,22.735550,96.616152
low_roughness_0181,low_roughness,0.331145,59.029166,25.496994,1030.505240,767.757379,360.442654,407.314725,0.000000,50.458199,106.191830
medium_roughness_0702,medium_roughness,0.511602,22.680425,59.345546,706.314361,287.148248,145.410799,141.737449,0.000000,19.014003,66.543210
low_roughness_0070,low_roughness,0.266436,60.187351,28.381402,1011.806498,724.641628,347.602494,377.039135,0.000000,47.330866,95.586283
high_roughness_0666,high_roughness,0.604692,23.434745,59.279041,440.841649,179.514947,74.620176,104.894770,0.000000,12.637643,104.138733
high_roughness_0229,high_roughness,0.555767,31.107910,41.765424,496.404714,289.079183,148.723481,140.355702,0.000000,20.702963,129.313830
medium_roughness_0560,medium_roughness,0.499257,19.678428,65.562689,453.032369,156.012167,105.373308,50.638860,0.000000,10.711745,101.881993
low_roughness_0336,low_roughness,0.371824,39.936920,37.197005,755.207027,474.292632,207.642356,266.650276,0.000000,32.545924,105.953482
medium_roughness_0012,medium_roughness,0.451334,44.723776,40.548539,907.346763,539.430903,273.385446,266.045457,0.000000,34.342410,85.624067
low_roughness_0773,low_roughness,0.428536,40.263967,44.237643,801.512071,446.942019,211.055109,235.886910,0.000000,29.321604,90.752349
medium_roughness_0189,medium_roughness,0.466774,25.162590,62.075934,708.981725,268.874697,128.757412,140.117285,0.000000,17.506251,64.078585
medium_roughness_0403,medium_roughness,0.485670,11.586228,79.792212,619.044799,125.095263,63.066982,62.028281,0.000000,8.208423,36.696390
medium_roughness_0664,medium_roughness,0.508324,12.475065,60.082987,343.063963,136.940887,68.287166,68.653720,0.000000,9.419321,44.596933
low_roughness_0876,low_roughness,0.439452,38.589711,35.029906,652.966638,424.233041,169.421336,254.811705,0.000000,29.749928,123.399910
medium_roughness_0437,medium_roughness,0.488472,13.053862,47.583363,203.313829,106.570272,71.588386,34.981886,0.000000,7.359457,58.523014
high_roughness_0056,high_roughness,0.542465,58.716112,34.702762,1279.414581,835.422381,425.308141,410.114240,0.000000,53.715015,95.381159
high_roughness_0784,high_roughness,0.629750,44.168385,35.588738,895.545239,576.831988,307.231787,269.600201,0.000000,38.045087,91.130955
high_roughness_0189,high_roughness,0.552380,31.755716,47.186118,668.129747,352.865259,182.521648,170.343610,0.000000,24.813766,95.400195
low_roughness_0847,low_roughness,0.436507,31.282067,49.644407,891.322519,448.830744,218.931643,229.899101,0.000000,28.900140,52.916474
high_roughness_0836,high_roughness,0.643893,36.070315,42.636807,830.053421,476.145146,230.290911,245.854235,0.000000,31.104005,68.532710
low_roughness_0156,low_roughness,0.322650,72.211357,26.663641,1245.703930,913.553902,434.294330,479.259572,0.000000,60.819688,133.102634
medium_roughness_0772,medium_roughness,0.517408,46.560626,39.871071,860.592194,517.464868,242.178776,275.286093,0.000000,35.094110,128.867010
medium_roughness_0502,medium_roughness,0.494427,18.950004,64.527485,457.762418,162.379841,88.297502,74.082339,0.000000,11.024079,61.310515
high_roughness_0936,high_roughness,0.689853,38.188675,35.988780,666.652731,426.732549,223.909264,202.823285,0.000000,29.242942,111.905739
high_roughness_0003,high_roughness,0.536772,12.458379,60.890876,336.782918,131.712848,73.599580,58.113269,0.000000,8.847275,54.177001
medium_roughness_0737,medium_roughness,0.514261,59.777553,16.177763,1006.410742,843.596002,396.679757,446.916245,0.000000,54.128074,143.671920
medium_roughness_0366,medium_roughness,0.482011,22.233415,66.926644,655.540078,216.809100,123.227741,93.581359,0.000000,13.912499,64.769261
low_roughness_0246,low_roughness,0.348760,50.264157,21.933697,911.625645,711.672437,320.916818,390.755619,0.000000,46.916102,71.202824
medium_roughness_0927,medium_roughness,0.530654,27.902918,63.611339,692.739907,252.078777,124.121515,127.957262,0.000000,16.839931,121.518374
low_roughness_0742,low_roughness,0.425354,41.688122,42.387966,1032.381130,594.775764,280.525532,314.250233,0.000000,38.853376,61.792909
low_roughness_0477,low_roughness,0.394876,22.883226,55.918636,429.555479,189.353912,79.431812,109.922100,0.000000,13.548252,68.247242
medium_roughness_0298,medium_roughness,0.476875,52.446292,35.196628,984.048373,637.696531,322.588269,315.108262,0.000000,40.729175,96.597866
medium_roughness_0860,medium_roughness,0.525632,10.655797,72.753747,389.414794,106.100940,72.240773,33.860166,0.000000,7.183531,47.156949
medium_roughness_0523,medium_roughness,0.496224,17.506370,66.258224,530.423471,178.974299,74.471917,104.502383,0.000000,12.073797,48.589223
medium_roughness_0817,medium_roughness,0.521706,47.497910,26.139621,777.053535,573.934687,277.386172,296.548515,0.000000,38.520004,142.655693
low_roughness_0300,low_roughness,0.364200,25.072732,51.067987,559.163160,273.609791,155.458117,118.151674,0.000000,18.067938,57.661570
high_roughness_0825,high_roughness,0.640986,41.324505,45.026404,954.227679,524.573273,270.072316,254.500957,0.000000,34.641279,70.536465
low_roughness_0331,low_roughness,0.370980,62.811573,32.098298,1330.139106,903.187097,464.261273,438.925824,0.000000,58.004600,102.249278
high_roughness_0937,high_roughness,0.691267,21.460465,59.544541,564.569228,228.399075,136.702628,91.696447,0.000000,15.862613,68.911259
high_roughness_0328,high_roughness,0.565175,21.447991,57.474942,535.026881,227.520490,130.511542,97.008948,0.000000,15.427513,52.140599
low_roughness_0158,low_roughness,0.322728,23.725931,64.337889,668.708769,238.475663,152.047239,86.428423,0.000000,16.382380,69.240354
low_roughness_0559,low_roughness,0.404974,13.580842,78.335565,432.226985,93.639536,37.071148,56.568387,0.000000,6.253432,95.330939
high_roughness_0863,high_roughness,0.656868,40.595420,36.928837,633.682083,399.670658,178.280875,221.389783,0.000000,28.242552,133.708976
high_roughness_0457,high_roughness,0.577898,9.868564,64.140150,312.404744,112.027873,54.164136,57.863738,0.000000,7.305646,32.788252
low_roughness_0285,low_roughness,0.360556,54.543294,21.991746,924.746387,721.378513,331.872273,389.506240,0.000000,48.604075,131.732031
low_roughness_0562,low_roughness,0.405490,23.410656,69.546084,700.387646,213.295468,143.599557,69.695911,0.000000,14.636238,101.712981
low_roughness_0046,low_roughness,0.219198,34.514129,59.439174,778.467135,315.752704,193.622457,122.130247,0.000000,22.729541,92.942097
low_roughness_0315,low_roughness,0.367836,26.935082,65.388526,768.761038,266.079523,168.128323,97.951200,0.000000,19.119755,81.733565
medium_roughness_0190,medium_roughness,0.466800,21.766924,59.467840,634.380402,257.128079,126.897312,130.230767,0.000000,17.453545,55.072811
medium_roughness_0214,medium_roughness,0.468588,43.983363,24.630931,558.167470,420.685626,205.259873,215.425753,0.000000,27.939212,101.706533
high_roughness_0942,high_roughness,0.692779,33.253786,37.382911,588.225513,368.329696,190.809390,177.520306,0.000000,25.197748,95.782877
high_roughness_0803,high_roughness,0.634297,13.677544,62.424776,391.558270,147.128895,72.200327,74.928568,0.000000,9.503825,36.701078
high_roughness_0690,high_roughness,0.607980,38.964982,33.020412,616.550107,412.962723,187.201278,225.761445,0.000000,27.478096,100.965110
medium_roughness_0137,medium_roughness,0.462725,27.609445,45.432898,619.943080,338.284970,178.962538,159.322432,0.000000,21.610991,52.603766
high_roughness_0892,high_roughness,0.669928,28.939754,57.067594,748.188092,321.215148,145.113909,176.101238,0.000000,21.864756,83.039069
low_roughness_0250,low_roughness,0.349314,56.173073,34.201163,1258.196195,827.878461,420.794302,407.084160,0.000000,54.376020,128.776150
low_roughness_0755,low_roughness,0.426551,36.444591,52.169705,962.353966,460.296742,232.455335,227.841406,0.000000,30.988181,95.393429
high_roughness_0628,high_roughness,0.598057,21.415701,62.579910,539.609931,201.922524,107.726293,94.196231,0.000000,13.733512,86.259183
low_roughness_0028,low_roughness,0.185834,12.866798,81.000694,426.447528,81.022070,63.898716,17.123354,0.000000,6.179967,59.243621
high_roughness_0913,high_roughness,0.676247,42.717528,18.158650,558.917854,457.425919,230.262618,227.163301,0.000000,31.242754,124.925441
high_roughness_0644,high_roughness,0.600958,28.560725,50.847656,499.070639,245.304919,139.104545,106.200374,0.000000,15.706619,127.549234
low_roughness_0079,low_roughness,0.278141,23.340626,68.752262,613.556876,191.722645,122.899590,68.823055,0.000000,14.291701,91.839884
medium_roughness_0830,medium_roughness,0.522757,49.970734,24.529513,824.607218,622.335085,304.159522,318.175562,0.000000,39.840592,100.507321
high_roughness_0111,high_roughness,0.546353,17.007771,66.742751,550.100451,182.948277,90.037222,92.911055,0.000000,12.978350,80.230275
medium_roughness_0375,medium_roughness,0.482744,50.352877,23.053581,799.077014,614.861147,299.112182,315.748965,0.000000,41.822607,126.984607
medium_roughness_0072,medium_roughness,0.456257,12.539434,71.443542,451.725197,128.996716,85.509931,43.486785,0.000000,8.485691,51.086729
medium_roughness_0206,medium_roughness,0.467977,22.172249,26.991326,288.365430,210.531776,105.902174,104.629602,0.000000,13.506251,58.118051
low_roughness_0251,low_roughness,0.349450,29.721877,42.594424,679.188518,389.892078,180.649772,209.242306,0.000000,25.954473,64.793277
medium_roughness_0620,medium_roughness,0.504358,10.127131,82.743613,615.494288,106.212074,56.399559,49.812515,0.000000,7.127807,46.540592
low_roughness_0861,low_roughness,0.437801,20.836192,66.665280,668.058064,222.695284,117.139827,105.555457,0.000000,15.319898,68.426247
high_roughness_0550,high_roughness,0.588272,61.200185,31.314309,1187.723018,815.795763,417.240688,398.555075,0.000000,52.977830,109.012750
medium_roughness_0592,medium_roughness,0.502232,46.615729,27.701729,704.296039,509.193856,247.405789,261.788067,0.000000,34.737398,124.835145
low_roughness_0731,low_roughness,0.423239,21.453681,68.733165,911.932181,285.132330,156.759637,128.372693,0.000000,18.397994,46.006102
medium_roughness_0632,medium_roughness,0.505692,35.496706,54.926792,790.187933,356.163047,198.766925,157.396121,0.000000,22.998968,126.818750
medium_roughness_0524,medium_roughness,0.496477,53.870886,35.601475,1188.640671,765.467063,377.464402,388.002661,0.000000,49.241777,84.282736
low_roughness_0386,low_roughness,0.379624,23.270438,35.070057,430.728388,279.671697,131.974166,147.697531,0.000000,18.181648,55.872522
medium_roughness_0110,medium_roughness,0.459905,39.193012,23.775250,596.315778,454.540210,184.894034,269.646177,0.000000,31.584938,113.441920
low_roughness_0129,low_roughness,0.311858,31.018119,64.054577,841.879429,302.617121,174.280178,128.336943,0.000000,20.975507,73.917360
low_roughness_0410,low_roughness,0.384165,31.985857,44.012025,650.964584,364.461890,190.946634,173.515256,0.000000,23.346973,63.327805
low_roughness_0203,low_roughness,0.338330,48.022369,39.394759,1089.896853,660.534612,321.616460,338.918152,0.000000,43.537030,85.916142
medium_roughness_0126,medium_roughness,0.461702,25.205159,60.723568,569.948873,223.855579,107.326734,116.528844,0.000000,16.630457,106.589224
low_roughness_0087,low_roughness,0.285114,39.145612,36.019518,683.031985,437.007154,193.243817,243.763337,0.000000,30.095298,110.958995
low_roughness_0512,low_roughness,0.399208,8.655760,46.529243,190.854024,102.051091,48.342820,53.708271,0.000000,6.730319,24.396952
low_roughness_0069,low_roughness,0.264789,60.292490,30.147722,1004.061424,701.359774,333.878754,367.481020,0.000000,46.139999,101.152406
high_roughness_0562,high_roughness,0.589112,38.617959,36.515280,661.650593,420.047026,205.500005,214.547021,0.000000,27.835106,104.522840
low_roughness_0241,low_roughness,0.347507,52.909390,25.976901,879.038277,650.691376,305.307797,345.383579,0.000000,42.618991,101.822056
low_roughness_0202,low_roughness,0.338161,12.185353,76.155820,503.286716,120.004590,74.909709,45.094881,0.000000,8.116314,63.950956
low_roughness_0927,low_roughness,0.443754,36.842132,41.610580,599.701842,350.162427,175.996209,174.166218,0.000000,22.551738,99.417595
low_roughness_0527,low_roughness,0.400558,25.693338,56.533171,787.227623,342.182888,182.142715,160.040173,0.000000,22.492433,58.596082
low_roughness_0885,low_roughness,0.440701,61.083641,33.631222,1330.935027,883.325311,472.779485,410.545826,0.000000,58.096699,93.952869
medium_roughness_0123,medium_roughness,0.461245,44.365893,33.234347,839.685017,560.621189,259.409159,301.212030,0.000000,37.069758,74.294753
high_roughness_0842,high_roughness,0.645400,49.053642,32.401279,882.258602,596.395528,296.723235,299.672293,0.000000,38.681865,109.530673
medium_roughness_0339,medium_roughness,0.479605,17.503472,50.287710,357.323006,177.633447,108.001209,69.632238,0.000000,12.116790,82.598499
high_roughness_0935,high_roughness,0.689830,36.074097,28.832642,606.789260,431.835882,203.411618,228.424265,0.000000,28.386763,95.226225
medium_roughness_0582,medium_roughness,0.501153,34.089464,52.326728,907.995847,432.871330,226.830723,206.040607,0.000000,28.687990,66.007021
high_roughness_0017,high_roughness,0.538539,18.028047,36.228968,329.229185,209.952848,105.177840,104.775008,0.000000,14.179818,62.808170
medium_roughness_0765,medium_roughness,0.517086,32.108186,58.135956,789.818218,330.649848,164.739636,165.910212,0.000000,22.776079,115.451414
low_roughness_0636,low_roughness,0.413373,44.358846,45.919782,881.972415,476.972609,251.371738,225.600871,0.000000,30.758268,103.211303
medium_roughness_0329,medium_roughness,0.479271,7.348718,80.814791,350.469147,67.238239,39.793636,27.444602,0.000000,4.446019,30.263229
medium_roughness_0963,medium_roughness,0.533549,44.720804,33.340383,796.887997,531.202484,274.785530,256.416954,0.000000,34.592358,78.336857
low_roughness_0428,low_roughness,0.386893,30.097719,57.988462,752.836616,316.278238,172.952009,143.326228,0.000000,20.337022,100.481093
high_roughness_0639,high_roughness,0.600643,35.583252,55.183455,784.697272,351.674208,194.267912,157.406296,0.000000,24.057450,124.017872
low_roughness_0597,low_roughness,0.408778,25.433512,33.031907,432.107801,289.374356,136.340491,153.033865,0.000000,19.117290,54.586249
high_roughness_0742,high_roughness,0.617853,24.178410,61.042593,538.812580,209.907412,108.835773,101.071639,0.000000,15.057367,103.253724
high_roughness_0459,high_roughness,0.578460,36.981958,33.259175,622.251371,415.295700,201.563546,213.732154,0.000000,28.113632,98.260490
low_roughness_0212,low_roughness,0.339517,24.826217,42.396091,578.107444,333.012484,147.998271,185.014214,0.000000,22.253053,64.586851
low_roughness_0096,low_roughness,0.292540,45.699114,40.648086,852.331769,505.875219,243.004125,262.871094,0.000000,34.021497,109.078199
high_roughness_0563,high_roughness,0.589263,32.954339,51.817067,745.979458,359.434782,189.634344,169.800437,0.000000,24.549523,81.432464
medium_roughness_0414,medium_roughness,0.486462,6.520863,80.464123,347.259024,67.840097,43.175797,24.664300,0.000000,4.591313,24.515905
high_roughness_0799,high_roughness,0.633314,14.642997,53.143274,320.230059,150.049323,75.597801,74.451522,0.000000,10.575472,71.403635
medium_roughness_0383,medium_roughness,0.483754,30.752084,41.849369,535.101916,311.165140,157.427565,153.737574,0.000000,22.245090,89.154926
high_roughness_0538,high_roughness,0.586388,57.368631,19.882752,960.326294,769.386998,390.828505,378.558493,0.000000,49.003401,87.579558
medium_roughness_0033,medium_roughness,0.452745,21.351253,59.823398,556.878943,223.735039,117.194230,106.540809,0.000000,15.205670,49.457705
high_roughness_0167,high_roughness,0.550095,46.097634,40.002254,1139.697986,683.793101,330.612798,353.180303,0.000000,44.517945,71.841377
high_roughness_0430,high_roughness,0.574613,19.607160,51.679256,445.510424,215.273954,101.815886,113.458068,0.000000,14.475398,52.730956
high_roughness_0088,high_roughness,0.544264,22.974319,27.451578,325.861538,236.407402,112.831158,123.576244,0.000000,15.472552,52.399825
low_roughness_0860,low_roughness,0.437756,47.533902,42.590684,999.580417,573.852277,278.728008,295.124269,0.000000,37.996247,123.325297
low_roughness_0603,low_roughness,0.409179,47.351037,39.787647,1060.954893,638.825909,324.998507,313.827401,0.000000,40.692596,86.611395
low_roughness_0583,low_roughness,0.407918,40.649650,40.840679,730.363716,432.078214,231.251666,200.826547,0.000000,28.260191,84.430104
high_roughness_0782,high_roughness,0.629127,38.657253,50.349254,866.412091,430.180068,206.607534,223.572534,0.000000,29.699187,126.283050
high_roughness_0425,high_roughness,0.573616,48.612185,27.718016,820.603860,593.148752,295.187368,297.961384,0.000000,38.777664,104.857160
medium_roughness_0828,medium_roughness,0.522392,45.088683,33.565451,796.672586,529.265842,273.076139,256.189704,0.000000,35.398808,105.039686
high_roughness_0378,high_roughness,0.570100,33.708192,34.332735,704.535343,462.649091,242.785122,219.863969,0.000000,30.766231,74.533451
low_roughness_0365,low_roughness,0.376552,38.843453,31.832974,680.965767,464.194114,211.763257,252.430857,0.000000,30.656375,81.314827
low_roughness_0928,low_roughness,0.443877,57.742090,24.525206,847.656618,639.767085,315.267510,324.499575,0.000000,43.538711,132.454772
high_roughness_0101,high_roughness,0.545676,52.321639,40.029331,1108.426522,664.730798,318.026141,346.704656,0.000000,43.969663,129.287677
low_roughness_0409,low_roughness,0.384055,62.230250,16.109313,944.210337,792.104541,363.163320,428.941221,0.000000,52.353999,121.628641
low_roughness_0553,low_roughness,0.403955,31.963859,42.028748,678.124899,393.117491,185.263547,207.853944,0.000000,26.697595,92.221503
low_roughness_0162,low_roughness,0.324059,58.669757,25.872782,1122.689548,832.218524,389.240660,442.977863,0.000000,54.719065,78.661967
high_roughness_0525,high_roughness,0.585196,15.099777,27.590508,235.625308,170.615089,73.930466,96.684623,0.000000,11.703821,66.434214
medium_roughness_0240,medium_roughness,0.471467,11.811036,55.517462,234.787847,104.439593,50.070082,54.369511,0.000000,7.326668,45.185272
high_roughness_0440,high_roughness,0.575883,38.957203,44.172822,796.251158,444.524550,226.255175,218.269375,0.000000,29.276533,75.796600
medium_roughness_0367,medium_roughness,0.482031,29.342676,42.284888,506.389662,292.263360,162.026526,130.236834,0.000000,20.195994,95.298475
low_roughness_0590,low_roughness,0.408268,22.241952,65.682737,632.414473,217.027337,118.370629,98.656708,0.000000,15.384382,86.288591
medium_roughness_0811,medium_roughness,0.520662,32.098489,56.052563,784.868726,344.929685,195.492477,149.437208,0.000000,23.602242,109.681613
high_roughness_0268,high_roughness,0.559559,33.704076,53.818599,797.061576,368.094206,232.390186,135.704020,0.000000,24.325104,134.833146
low_roughness_0969,low_roughness,0.446875,28.796820,49.886473,680.706301,341.125935,193.486356,147.639580,0.000000,22.602705,53.653948
medium_roughness_0153,medium_roughness,0.464571,25.069509,63.986052,715.802904,257.788889,163.156385,94.632504,0.000000,18.088916,75.996384
high_roughness_0140,high_roughness,0.548443,51.838521,37.985636,1070.528618,663.881513,318.057055,345.824458,0.000000,44.236610,115.413264
low_roughness_0445,low_roughness,0.389904,42.600401,34.668433,747.382062,488.276416,225.189209,263.087208,0.000000,33.196388,109.982444
medium_roughness_0385,medium_roughness,0.483900,59.946363,27.013419,1170.026174,853.962096,405.583987,448.378109,0.000000,57.058540,133.584200
high_roughness_0420,high_roughness,0.573414,42.845208,25.948602,624.527486,462.471337,228.357689,234.113648,0.000000,29.367794,85.826262
high_roughness_0031,high_roughness,0.539907,58.783564,27.795938,1010.845709,729.871659,367.028641,362.843018,0.000000,46.899973,98.550879
low_roughness_0686,low_roughness,0.418853,28.457044,42.966560,552.234235,314.958180,148.374782,166.583399,0.000000,20.703370,83.202830
high_roughness_0931,high_roughness,0.686301,34.198378,51.109297,657.099811,321.260714,136.708465,184.552249,0.000000,21.804475,132.693873
low_roughness_0391,low_roughness,0.380310,36.767874,41.324694,855.915000,502.210745,255.484801,246.725944,0.000000,32.181984,60.085617
low_roughness_0252,low_roughness,0.350437,16.277468,72.507331,549.006607,150.936570,103.889671,47.046899,0.000000,10.455553,53.614257
medium_roughness_0850,medium_roughness,0.524628,37.175560,45.871527,711.163139,384.941746,206.343355,178.598391,0.000000,24.758693,137.789415
medium_roughness_0260,medium_roughness,0.472826,50.098311,22.884649,889.446614,685.899874,316.585345,369.314529,0.000000,45.068848,91.185729
medium_roughness_0184,medium_roughness,0.466323,47.550496,35.293437,905.029801,585.613677,257.601666,328.012011,0.000000,39.808991,107.639437
medium_roughness_0566,medium_roughness,0.500101,58.613136,20.251818,971.592014,774.826972,354.216971,420.610001,0.000000,50.392538,129.471448
high_roughness_0750,high_roughness,0.618983,25.736063,62.862834,658.554543,244.568493,108.033044,136.535449,0.000000,17.625311,111.301005
low_roughness_0611,low_roughness,0.410356,31.902230,54.043021,815.868067,374.948315,192.589149,182.359166,0.000000,24.347074,61.631154
low_roughness_0714,low_roughness,0.421772,11.922728,61.092697,219.092935,85.243152,30.243983,54.999169,0.000000,6.557489,80.008983
high_roughness_0662,high_roughness,0.604348,28.151177,38.919222,424.770798,259.453306,101.559789,157.893517,0.000000,18.714636,125.689684
low_roughness_0570,low_roughness,0.406174,57.089094,18.716638,851.219040,691.899456,301.280903,390.618553,0.000000,46.208891,125.715493
low_roughness_0256,low_roughness,0.351285,32.705595,32.945238,593.475519,397.953596,178.511792,219.441803,0.000000,26.505721,76.973008
high_roughness_0082,high_roughness,0.544156,36.679092,29.045916,613.370761,435.211604,230.333040,204.878564,0.000000,28.685134,77.462439
high_roughness_0295,high_roughness,0.562438,13.097065,68.784393,519.792298,162.256319,90.572419,71.683900,0.000000,10.586291,30.414308
low_roughness_0609,low_roughness,0.410244,59.007139,32.705367,1236.237170,831.921268,389.741980,442.179288,0.000000,54.304846,93.007471
medium_roughness_0071,medium_roughness,0.456130,38.236718,44.343463,888.533660,494.527065,243.362939,251.164126,0.000000,34.188688,118.546579
medium_roughness_0335,medium_roughness,0.479504,38.318395,44.047117,877.193661,490.815143,234.605602,256.209541,0.000000,33.129384,73.434847
low_roughness_0498,low_roughness,0.397363,20.990388,51.918006,493.884529,237.469531,128.821904,108.647627,0.000000,15.360103,49.625184
low_roughness_0519,low_roughness,0.399907,54.745497,23.071041,956.143727,735.551415,343.924268,391.627148,0.000000,47.498878,81.596702
high_roughness_0673,high_roughness,0.605655,32.764892,48.161531,900.320553,466.712392,235.051466,231.660926,0.000000,30.632669,63.302219
high_roughness_0165,high_roughness,0.549898,40.831698,32.578951,693.626019,467.649936,240.326091,227.323845,0.000000,30.242715,100.994602
medium_roughness_0996,medium_roughness,0.536472,22.750592,61.955403,665.976088,253.367921,121.016870,132.351051,0.000000,17.151852,89.105359
medium_roughness_0653,medium_roughness,0.507308,31.311474,58.678682,862.863857,356.546719,209.967537,146.579182,0.000000,23.811155,72.060899
high_roughness_0547,high_roughness,0.587700,35.600522,33.777726,581.213224,384.892616,195.526166,189.366450,0.000000,25.174506,95.287895
low_roughness_0014,low_roughness,0.161271,39.284428,49.928315,854.969385,428.097574,236.632024,191.465550,0.000000,29.019835,93.228772
medium_roughness_0721,medium_roughness,0.513065,41.545849,41.906591,864.224773,502.057630,240.809934,261.247697,0.000000,33.133809,84.291092
low_roughness_0676,low_roughness,0.417467,20.421070,63.392612,671.240838,245.723736,125.357797,120.365939,0.000000,16.367130,44.232178
high_roughness_0699,high_roughness,0.609686,49.467401,38.028774,1126.502515,698.107421,352.792855,345.314566,0.000000,46.092165,90.748667
high_roughness_0242,high_roughness,0.557200,42.986406,42.943993,931.523518,531.490122,243.621735,287.868387,0.000000,35.034948,109.331517
low_roughness_0262,low_roughness,0.353898,45.760944,42.985258,1065.114920,607.272521,318.748100,288.524421,0.000000,39.601563,104.799267
medium_roughness_0454,medium_roughness,0.490144,31.996219,45.690711,498.876128,270.936079,117.314158,153.621922,0.000000,19.047147,98.373277
high_roughness_0302,high_roughness,0.562905,18.151685,57.790102,465.168942,196.347336,114.917664,81.429672,0.000000,13.490302,86.688466
high_roughness_0353,high_roughness,0.567850,35.497158,41.045463,799.752141,471.490173,214.128300,257.361873,0.000000,31.247904,87.785150
medium_roughness_0625,medium_roughness,0.505075,9.206487,83.963946,436.151815,69.941540,43.163038,26.778502,0.000000,5.296405,46.344879
medium_roughness_0294,medium_roughness,0.476439,44.277911,29.866992,850.013714,596.140185,282.994879,313.145305,0.000000,39.793583,111.861768
low_roughness_0814,low_roughness,0.432424,35.471623,53.672403,992.649690,459.870751,261.352734,198.518017,0.000000,30.896985,73.798612
medium_roughness_0739,medium_roughness,0.514345,37.137253,56.395966,962.567159,419.718112,227.838655,191.879457,0.000000,28.780007,101.219227
medium_roughness_0612,medium_roughness,0.503904,20.973811,70.492748,811.592269,239.478572,130.003987,109.474586,0.000000,16.090474,53.637601
low_roughness_0939,low_roughness,0.444487,50.129527,22.693748,838.430742,648.159383,313.474228,334.685155,0.000000,41.931485,92.128406
medium_roughness_0022,medium_roughness,0.451877,21.219543,41.938434,487.059412,282.794324,128.074619,154.719705,0.000000,18.760781,62.095497
high_roughness_0744,high_roughness,0.618034,8.669293,71.277200,343.076545,98.541188,54.280663,44.260525,0.000000,6.466204,35.635869
low_roughness_0485,low_roughness,0.396163,46.138979,24.499903,839.494508,633.819167,283.957017,349.862150,0.000000,41.345753,118.916369
medium_roughness_0775,medium_roughness,0.517759,33.503540,42.282457,643.766301,371.566092,167.876527,203.689565,0.000000,24.546523,61.754692
high_roughness_0832,high_roughness,0.642657,28.282606,40.835580,523.994473,310.018291,156.474109,153.544183,0.000000,20.495992,87.727869
medium_roughness_0803,medium_roughness,0.520250,48.514599,40.423840,988.355434,588.824213,300.703714,288.120499,0.000000,40.211899,107.784943
medium_roughness_0028,medium_roughness,0.452417,66.778020,32.306767,1349.486031,913.510730,467.832592,445.678138,0.000000,58.690606,106.283130
medium_roughness_0707,medium_roughness,0.511955,33.507816,54.337413,732.057690,334.276477,165.983290,168.293187,0.000000,23.037206,110.160039
medium_roughness_0117,medium_roughness,0.460664,31.902307,50.074202,679.742872,339.367055,136.824428,202.542627,0.000000,24.189554,128.924609
low_roughness_0912,low_roughness,0.442525,34.230506,37.650304,691.843055,431.362042,214.964697,216.397345,0.000000,28.597990,77.588631
medium_roughness_0668,medium_roughness,0.508533,46.735561,41.630670,908.813089,530.468112,253.766112,276.702000,0.000000,34.599934,125.012781
low_roughness_0101,low_roughness,0.296527,60.019993,30.197110,1038.823611,725.128900,353.576745,371.552155,0.000000,47.978490,110.779163
low_roughness_0752,low_roughness,0.426097,23.086707,51.101263,466.923906,228.319891,103.289472,125.030419,0.000000,15.819917,60.619109
medium_roughness_0921,medium_roughness,0.530204,59.659036,22.675126,1030.127864,796.545070,381.471567,415.073503,0.000000,52.151576,127.073025
medium_roughness_0580,medium_roughness,0.500995,59.873873,34.520546,1167.064733,764.187610,393.285077,370.902533,0.000000,48.856637,101.354420
high_roughness_0877,high_roughness,0.663981,34.659896,37.107853,581.467339,365.697294,202.726276,162.971018,0.000000,24.635141,79.972211
high_roughness_0754,high_roughness,0.620824,18.664096,66.197998,656.588988,221.940224,115.409639,106.530585,0.000000,14.453888,44.190601
medium_roughness_0539,medium_roughness,0.497931,13.627881,75.034201,550.893096,137.534862,96.355593,41.179269,0.000000,9.623784,40.514684
medium_roughness_0900,medium_roughness,0.528613,31.308375,37.104318,620.009954,389.959490,184.144090,205.815400,0.000000,24.916462,67.382214
high_roughness_0572,high_roughness,0.590987,41.808067,47.494289,933.358592,490.066564,265.912102,224.154462,0.000000,33.242364,136.990992
low_roughness_0383,low_roughness,0.378920,18.948800,60.701614,699.878105,275.040802,146.292396,128.748405,0.000000,18.217249,36.769395
medium_roughness_0347,medium_roughness,0.480189,38.360302,37.358912,772.536970,483.925561,209.175847,274.749715,0.000000,32.557085,88.207224
low_roughness_0904,low_roughness,0.441551,29.413251,54.170779,759.161372,347.917743,152.697655,195.220088,0.000000,24.336874,119.807873
low_roughness_0497,low_roughness,0.397323,16.426405,76.223811,706.246770,167.918566,98.110352,69.808214,0.000000,11.527586,54.027359
low_roughness_0142,low_roughness,0.317361,17.028453,66.092383,361.508851,122.579035,91.750502,30.828533,0.000000,9.620506,73.526165
medium_roughness_0358,medium_roughness,0.481392,23.992549,65.257255,573.537561,199.262690,94.511598,104.751091,0.000000,14.994890,85.834396
high_roughness_0267,high_roughness,0.559548,41.097792,45.374032,1006.419677,549.766490,265.445755,284.320735,0.000000,36.404155,79.847986
high_roughness_0824,high_roughness,0.640963,27.577625,66.432164,725.674259,243.593144,118.836619,124.756525,0.000000,17.228188,120.538394
medium_roughness_0973,medium_roughness,0.534009,30.365086,36.026180,553.051221,353.807993,171.882324,181.925669,0.000000,22.691858,67.893713
low_roughness_0994,low_roughness,0.449571,17.538079,57.748185,312.037923,131.841685,62.253555,69.588129,0.000000,9.431036,102.470036
high_roughness_0219,high_roughness,0.555130,34.783881,52.283343,736.035986,351.211769,164.606376,186.605393,0.000000,24.524763,128.828287
medium_roughness_0671,medium_roughness,0.508914,48.655921,42.365498,1004.702721,579.055414,306.714851,272.340563,0.000000,37.679753,106.521745
medium_roughness_0301,medium_roughness,0.477041,22.940088,54.275193,604.041395,276.196761,131.534029,144.662732,0.000000,18.352415,59.222662
low_roughness_0286,low_roughness,0.361202,37.138127,25.860525,590.138121,437.525306,208.467595,229.057711,0.000000,29.137910,75.943257
low_roughness_0585,low_roughness,0.407972,64.797530,23.422813,1114.376796,853.358403,402.567910,450.790493,0.000000,56.502974,128.534996
high_roughness_0489,high_roughness,0.581279,39.611221,40.210350,835.282252,499.412335,253.329167,246.083167,0.000000,33.310128,117.684923
medium_roughness_0156,medium_roughness,0.464766,20.224412,59.825751,574.867426,230.948669,102.349309,128.599360,0.000000,15.679250,65.603228
medium_roughness_0631,medium_roughness,0.505673,32.731469,48.168497,863.438618,447.533215,216.697874,230.835341,0.000000,29.585689,101.444085
high_roughness_0680,high_roughness,0.606610,33.499213,45.758111,694.628279,376.779500,153.402560,223.376940,0.000000,26.432356,94.158580
low_roughness_0894,low_roughness,0.441192,11.484482,45.940213,244.426314,132.136344,68.237499,63.898846,0.000000,8.599522,23.375048
high_roughness_0249,high_roughness,0.557547,40.934881,39.098824,878.598380,535.076747,281.603452,253.473294,0.000000,34.841570,146.217967
low_roughness_0132,low_roughness,0.312896,11.546586,69.281891,418.534371,128.565844,73.657682,54.908162,0.000000,8.433206,33.611320
low_roughness_0990,low_roughness,0.448967,39.471385,26.600075,646.632955,474.628107,235.220043,239.408064,0.000000,31.343625,73.411990
low_roughness_0756,low_roughness,0.426713,38.223571,51.151777,1012.162050,494.423171,252.819622,241.603549,0.000000,33.271138,101.696812
high_roughness_0991,high_roughness,0.749486,29.521205,51.740360,678.190728,327.292406,159.869122,167.423284,0.000000,22.142612,79.639081
medium_roughness_0188,medium_roughness,0.466698,25.444711,32.349589,350.471374,237.095325,128.247201,108.848123,0.000000,15.326324,69.328189
medium_roughness_0433,medium_roughness,0.488265,14.466718,70.874509,430.991013,125.528250,57.404637,68.123613,0.000000,9.186334,49.511911
low_roughness_0414,low_roughness,0.384911,34.289249,43.580537,553.334058,312.188107,143.507789,168.680317,0.000000,22.104325,124.066791
medium_roughness_0586,medium_roughness,0.501389,11.044193,77.035766,520.314800,119.486307,70.544768,48.941539,0.000000,8.044526,29.824284
medium_roughness_0792,medium_roughness,0.519104,34.237031,21.912112,469.461444,366.592525,163.215930,203.376595,0.000000,25.527038,124.414171
medium_roughness_0464,medium_roughness,0.491107,31.737814,44.512996,639.709492,354.955633,183.295162,171.660471,0.000000,22.812212,63.600144
high_roughness_0062,high_roughness,0.543023,15.451113,21.304831,148.123314,116.565893,55.776715,60.789177,0.000000,8.209833,70.686854
low_roughness_0889,low_roughness,0.440837,35.122566,29.436997,597.620280,421.698813,174.842408,246.856405,0.000000,28.807238,84.078397
high_roughness_0943,high_roughness,0.693040,20.215616,66.078392,530.029348,179.794477,81.474602,98.319875,0.000000,12.558428,92.531216
medium_roughness_0143,medium_roughness,0.463339,33.467796,25.560413,528.661026,393.533084,198.670406,194.862677,0.000000,26.483921,84.688577
high_roughness_0237,high_roughness,0.556764,38.415252,24.803138,647.019841,486.538617,251.335146,235.203471,0.000000,32.034691,93.339481
low_roughness_0055,low_roughness,0.232796,21.826083,68.679080,666.833078,208.858255,132.034341,76.823914,0.000000,15.136294,82.476832
medium_roughness_0791,medium_roughness,0.519083,53.031571,32.865720,965.141692,647.940931,323.159608,324.781322,0.000000,41.200100,98.981152
high_roughness_0337,high_roughness,0.566096,35.636161,46.728571,856.879153,456.471766,209.984574,246.487192,0.000000,29.837063,86.692704
medium_roughness_0816,medium_roughness,0.521697,32.794338,32.236769,560.867277,380.061790,189.794984,190.266806,0.000000,24.421556,89.912368
medium_roughness_0259,medium_roughness,0.472819,28.394957,53.699420,750.192383,347.343421,201.783673,145.559748,0.000000,22.965726,57.401339
high_roughness_0388,high_roughness,0.570785,36.071051,51.375092,653.305755,317.669322,139.594773,178.074550,0.000000,21.703103,152.023391
medium_roughness_0726,medium_roughness,0.513474,16.693641,75.162563,535.353908,132.968188,44.062915,88.905274,0.000000,9.440997,71.370752
low_roughness_0918,low_roughness,0.442873,12.983239,37.827384,193.869445,120.533706,68.434291,52.099415,0.000000,8.508039,68.395769
high_roughness_0202,high_roughness,0.553575,25.879459,53.720086,597.617074,276.576666,150.264030,126.312636,0.000000,18.860758,86.426150
high_roughness_0501,high_roughness,0.582503,25.322062,43.714282,457.504415,257.509643,148.978711,108.530932,0.000000,17.946096,82.277456
low_roughness_0503,low_roughness,0.398323,13.209279,74.983797,479.059645,119.842535,81.498070,38.344464,0.000000,8.612226,58.971385
low_roughness_0448,low_roughness,0.390081,43.142760,28.195317,726.849668,521.912099,251.401440,270.510659,0.000000,34.157463,84.237774
low_roughness_0043,low_roughness,0.210542,64.546988,25.174779,1100.700159,823.601328,378.435137,445.166191,0.000000,55.276876,111.988087
medium_roughness_0529,medium_roughness,0.496993,19.439573,65.726609,412.381623,141.337168,89.812402,51.524766,0.000000,10.508185,110.616188
medium_roughness_0390,medium_roughness,0.484710,9.932271,66.140213,339.858473,115.075355,54.800220,60.275136,0.000000,7.889331,43.207874
high_roughness_0889,high_roughness,0.668154,27.545023,51.766532,572.426254,276.101035,140.796148,135.304887,0.000000,18.350449,79.586091
medium_roughness_0019,medium_roughness,0.451827,52.837051,26.147757,913.765357,674.836210,336.369893,338.466317,0.000000,45.297062,105.059192
medium_roughness_0888,medium_roughness,0.527779,45.272271,48.641139,1201.313383,616.980865,329.367404,287.613460,0.000000,41.779404,142.584531
high_roughness_0530,high_roughness,0.585485,43.005999,33.464738,761.113142,506.408621,265.076333,241.332288,0.000000,33.392845,83.416268
medium_roughness_0895,medium_roughness,0.528166,19.947872,67.498906,588.299550,191.203791,95.251400,95.952391,0.000000,13.052611,51.538877
low_roughness_0749,low_roughness,0.425968,26.249358,62.176757,874.464082,330.750676,196.018256,134.732420,0.000000,22.537860,67.930916
medium_roughness_0150,medium_roughness,0.464504,34.513883,46.404045,763.392107,409.147288,214.619526,194.527762,0.000000,26.690430,61.117514
low_roughness_0584,low_roughness,0.407958,57.778688,18.280821,997.208681,814.910747,365.297007,449.613740,0.000000,53.537598,130.531812
low_roughness_0600,low_roughness,0.408892,10.508762,74.729620,380.111117,96.055522,64.783201,31.272321,0.000000,7.013065,47.364735
medium_roughness_0095,medium_roughness,0.458423,22.356041,71.704583,682.776572,193.194477,104.655123,88.539354,0.000000,13.147919,106.882219
high_roughness_0901,high_roughness,0.671499,34.100664,55.151271,572.959612,256.965107,105.120593,151.844514,0.000000,17.020441,158.191082
medium_roughness_0696,medium_roughness,0.511406,19.711194,55.248054,441.170025,197.432172,93.349127,104.083045,0.000000,13.910250,80.872034
low_roughness_0100,low_roughness,0.294616,24.502967,65.918061,737.351042,251.303536,157.817679,93.485857,0.000000,17.632019,71.905540
medium_roughness_0979,medium_roughness,0.534380,31.288810,38.816008,643.599890,393.780106,190.493561,203.286545,0.000000,25.317846,76.456279
high_roughness_0204,high_roughness,0.553694,21.982053,60.859518,559.467449,218.978259,124.353731,94.624528,0.000000,15.321684,51.124196
low_roughness_0827,low_roughness,0.433902,31.034764,50.683742,851.902123,420.126248,212.441334,207.684914,0.000000,27.946235,66.152009
high_roughness_0801,high_roughness,0.633707,38.578817,39.630038,552.434023,333.504208,137.910813,195.593395,0.000000,22.714370,158.707963
low_roughness_0263,low_roughness,0.354343,20.553107,40.138384,371.412098,222.333285,102.024202,120.309083,0.000000,15.017067,58.793843
high_roughness_0279,high_roughness,0.560835,32.471707,39.061506,515.762317,314.297788,136.010509,178.287278,0.000000,20.415991,117.428477
high_roughness_0124,high_roughness,0.547404,26.755042,31.990439,343.401076,233.545566,119.458735,114.086831,0.000000,15.051909,98.972022
low_roughness_0540,low_roughness,0.402109,34.815614,55.106528,978.100904,439.103451,230.953929,208.149522,0.000000,29.842131,91.014917
medium_roughness_0280,medium_roughness,0.474879,35.753379,44.966388,798.859956,439.641487,216.718740,222.922747,0.000000,28.602793,64.556048
high_roughness_0524,high_roughness,0.585175,16.698092,55.540097,270.865772,120.426660,76.424697,44.001963,0.000000,8.617622,96.703511
low_roughness_0972,low_roughness,0.447093,37.922010,25.693542,616.738165,458.276287,219.061691,239.214595,0.000000,30.124668,70.575447
high_roughness_0868,high_roughness,0.658118,44.210809,34.453615,771.793060,505.882452,276.057955,229.824497,0.000000,32.267505,102.097259
medium_roughness_0466,medium_roughness,0.491411,25.739425,30.186863,297.203636,207.487182,95.968058,111.519124,0.000000,14.897140,112.479292
high_roughness_0703,high_roughness,0.610990,17.268813,65.724550,409.328495,140.299182,67.923704,72.375478,0.000000,10.421260,102.441475
high_roughness_0962,high_roughness,0.704474,23.254495,67.847064,581.244226,186.887081,100.086472,86.800609,0.000000,13.671991,88.304723
low_roughness_0291,low_roughness,0.362146,43.940159,43.151869,1040.581232,591.550980,306.587757,284.963222,0.000000,38.235785,71.486322
high_roughness_0138,high_roughness,0.548249,35.630437,24.214320,581.748708,440.882213,240.872462,200.009751,0.000000,28.614534,73.092022
high_roughness_0194,high_roughness,0.552817,40.168568,35.803096,715.342332,459.227633,226.121272,233.106361,0.000000,30.481281,74.555214
medium_roughness_0624,medium_roughness,0.504795,38.901609,25.704490,619.470294,460.238614,231.240558,228.998057,0.000000,29.881608,95.410352
high_roughness_0226,high_roughness,0.555699,13.268553,69.874729,486.849754,146.664809,70.000522,76.664287,0.000000,9.507515,31.233773
high_roughness_0253,high_roughness,0.558098,35.882331,48.820205,705.681528,361.166363,178.121816,183.044547,0.000000,23.170273,97.872506
medium_roughness_0829,medium_roughness,0.522495,22.009206,63.718906,574.533920,208.447193,130.864002,77.583191,0.000000,14.016494,67.807942
high_roughness_0860,high_roughness,0.655480,23.835570,49.254866,476.472917,241.786822,112.976060,128.810762,0.000000,15.686661,86.503141
high_roughness_0922,high_roughness,0.681777,27.904409,52.248754,620.160337,296.134285,141.616285,154.518000,0.000000,19.843902,74.551301
medium_roughness_0949,medium_roughness,0.532454,36.688667,48.510115,888.554403,457.515636,225.015894,232.499742,0.000000,30.973476,93.755433
low_roughness_0388,low_roughness,0.379797,40.629882,31.742713,651.789138,444.893586,203.095559,241.798027,0.000000,29.130649,81.305446
low_roughness_0023,low_roughness,0.181519,17.788631,39.271138,330.431415,200.667237,89.680440,110.986797,0.000000,13.742108,41.438351
medium_roughness_0705,medium_roughness,0.511762,52.195321,24.130255,833.176922,632.129209,289.694136,342.435073,0.000000,42.549034,129.335056
low_roughness_0214,low_roughness,0.340630,20.620165,70.812602,673.488886,196.573881,110.434510,86.139371,0.000000,13.888989,72.414608
low_roughness_0458,low_roughness,0.392450,28.055412,55.890071,643.152567,283.694139,169.863344,113.830795,0.000000,19.235583,104.343688
medium_roughness_0409,medium_roughness,0.486183,31.343031,43.791741,665.811333,374.240958,191.783465,182.457492,0.000000,24.029935,54.105882
high_roughness_0262,high_roughness,0.558830,23.360619,56.607867,510.036218,221.315594,87.226666,134.088928,0.000000,15.785626,114.384982
high_roughness_0970,high_roughness,0.709306,33.236461,40.426758,581.348138,346.327931,179.163177,167.164755,0.000000,23.494323,80.244175
medium_roughness_0934,medium_roughness,0.531310,17.237531,42.925780,370.118364,211.242170,111.598056,99.644114,0.000000,13.622134,45.256568
medium_roughness_0209,medium_roughness,0.468344,59.113145,33.821795,1176.220405,778.401550,412.494523,365.907028,0.000000,50.315300,100.272108
high_roughness_0410,high_roughness,0.572598,9.861696,64.241053,293.175668,104.836531,46.985246,57.851286,0.000000,7.445943,38.317440
low_roughness_0816,low_roughness,0.432579,28.285805,51.185517,760.580280,371.273333,211.842269,159.431064,0.000000,24.985976,91.392407
medium_roughness_0867,medium_roughness,0.526196,6.691918,67.024384,239.055413,78.829994,46.346580,32.483414,0.000000,5.213234,20.082616
low_roughness_0992,low_roughness,0.449290,56.578370,27.793041,947.187389,683.935212,334.773575,349.161637,0.000000,44.122402,98.611384
medium_roughness_0577,medium_roughness,0.500898,37.376254,45.832124,914.758654,495.505333,257.954211,237.551122,0.000000,31.927500,80.018357
high_roughness_0103,high_roughness,0.545727,27.191885,53.882166,507.361308,233.984047,136.363414,97.620633,0.000000,15.822835,128.840844
high_roughness_0711,high_roughness,0.613207,18.926067,45.906306,384.254148,207.857264,92.889925,114.967339,0.000000,14.168766,73.104559
high_roughness_0653,high_roughness,0.602925,40.476700,24.046820,631.316242,479.504762,229.965037,249.539725,0.000000,32.132092,115.300954
low_roughness_0265,low_roughness,0.356852,34.187165,50.678591,808.750968,398.887373,221.157838,177.729535,0.000000,25.746972,74.844240
medium_roughness_0563,medium_roughness,0.499593,61.455018,23.605994,954.188669,728.942952,338.050881,390.892070,0.000000,48.647890,113.662549
high_roughness_0820,high_roughness,0.639784,20.201635,57.399478,539.054002,229.639818,117.521648,112.118170,0.000000,14.844011,54.008547
low_roughness_0911,low_roughness,0.442418,36.918724,47.716490,949.971599,496.678500,250.828898,245.849602,0.000000,33.228538,79.903727
low_roughness_0310,low_roughness,0.366303,50.534190,20.554581,788.745210,626.621935,297.139101,329.482834,0.000000,41.201544,97.253013
high_roughness_0940,high_roughness,0.692323,35.607132,32.307313,593.618254,401.836147,194.915032,206.921115,0.000000,25.848973,85.760478
medium_roughness_0035,medium_roughness,0.452963,61.513531,25.589240,1016.274313,756.217438,381.189620,375.027818,0.000000,50.058163,94.788484
low_roughness_0728,low_roughness,0.422947,44.337541,19.051881,649.281330,525.581022,235.840860,289.740162,0.000000,34.809481,100.725720
high_roughness_0382,high_roughness,0.570404,38.886567,35.637217,819.472500,527.435310,264.919428,262.515882,0.000000,34.316736,70.450109
medium_roughness_0124,medium_roughness,0.461457,33.066670,41.568256,587.584839,343.336070,183.470717,159.865353,0.000000,23.329057,89.983434
low_roughness_0838,low_roughness,0.435235,46.180136,38.688872,731.305105,448.371412,203.486361,244.885051,0.000000,30.391078,103.957863
low_roughness_0082,low_roughness,0.282971,14.145088,75.610050,466.911553,113.879496,81.224791,32.654704,0.000000,8.050474,60.383148
high_roughness_0761,high_roughness,0.622571,20.674581,21.375335,240.520332,189.108306,93.767593,95.340713,0.000000,12.412553,70.718742
high_roughness_0875,high_roughness,0.663158,38.126460,19.707081,495.250715,397.651257,183.684352,213.966905,0.000000,27.207758,114.164849
low_roughness_0947,low_roughness,0.445256,45.149371,19.518081,676.273170,544.277625,239.822309,304.455315,0.000000,36.852304,117.734576
low_roughness_0176,low_roughness,0.330376,45.360141,41.417959,1112.321155,651.620435,350.249555,301.370879,0.000000,42.688779,67.019358
medium_roughness_0694,medium_roughness,0.511292,47.037010,41.546566,970.445052,567.258456,287.045525,280.212931,0.000000,37.488266,84.300507
low_roughness_0153,low_roughness,0.321696,22.103296,73.297334,696.520262,185.989478,115.935367,70.054111,0.000000,13.517313,80.431440
low_roughness_0769,low_roughness,0.427993,45.019831,34.648981,839.868625,548.862704,253.851433,295.011271,0.000000,36.587904,96.151433
high_roughness_0949,high_roughness,0.697773,35.473577,42.771640,623.111226,356.596338,168.628596,187.967742,0.000000,25.667107,129.618784
high_roughness_0231,high_roughness,0.555951,52.403506,33.875742,919.851555,608.245020,309.827764,298.417256,0.000000,39.546417,90.521442
high_roughness_0574,high_roughness,0.591553,63.020410,27.226498,1260.830482,917.550496,475.360267,442.190229,0.000000,60.090197,112.102053
low_roughness_0371,low_roughness,0.377249,61.231988,27.097170,1165.296944,849.534448,396.960070,452.574378,0.000000,55.321478,89.053846
low_roughness_0316,low_roughness,0.368740,10.086661,75.280502,451.722338,111.663495,64.947350,46.716145,0.000000,7.328930,34.179778
medium_roughness_0459,medium_roughness,0.490370,55.368073,35.715319,1243.799725,799.572691,405.118913,394.453778,0.000000,52.508066,92.485719
medium_roughness_0786,medium_roughness,0.518387,28.240262,56.842789,711.081198,306.882811,164.476648,142.406163,0.000000,19.689056,74.149297
high_roughness_0180,high_roughness,0.551346,34.063049,42.685037,543.822305,311.691552,153.576625,158.114926,0.000000,22.197629,85.613270
medium_roughness_0471,medium_roughness,0.492003,22.655342,58.942281,369.331648,151.639150,62.393329,89.245821,0.000000,11.283056,92.972830
low_roughness_0879,low_roughness,0.439819,32.962847,55.273106,835.415940,373.655602,211.056462,162.599140,0.000000,25.494370,75.780732
high_roughness_0529,high_roughness,0.585460,49.745754,23.116911,755.289949,580.690244,302.491895,278.198349,0.000000,37.984836,153.222262
high_roughness_0166,high_roughness,0.549944,29.654227,64.147320,841.214400,301.597911,145.780713,155.817198,0.000000,21.170459,114.822982
high_roughness_0348,high_roughness,0.567209,51.916295,28.572348,905.015158,646.431078,298.028441,348.402637,0.000000,43.583677,119.969987
low_roughness_0366,low_roughness,0.376624,34.503720,35.189457,540.150186,350.074268,154.286305,195.787963,0.000000,24.324844,124.562464
high_roughness_0999,high_roughness,0.791544,32.095968,44.543635,645.098563,357.748212,167.526661,190.221550,0.000000,24.494469,101.668844
low_roughness_0015,low_roughness,0.161977,45.267559,30.254980,726.200726,506.488844,236.492617,269.996227,0.000000,33.741099,74.825844
high_roughness_0818,high_roughness,0.638851,32.338185,34.155335,561.842374,369.943230,171.969282,197.973948,0.000000,25.343495,103.935738
medium_roughness_0166,medium_roughness,0.465219,59.053093,29.311528,1060.690858,749.786159,367.769568,382.016591,0.000000,49.851055,119.293139
medium_roughness_0802,medium_roughness,0.520179,42.065844,42.155851,833.544215,482.156556,244.987360,237.169196,0.000000,31.504078,79.221159
medium_roughness_0213,medium_roughness,0.468503,19.676764,73.653343,605.499733,159.528935,93.413215,66.115720,0.000000,11.934410,83.980550
low_roughness_0049,low_roughness,0.221555,36.259828,53.189912,986.809264,461.926282,262.156351,199.769931,0.000000,31.693304,84.542982
medium_roughness_0167,medium_roughness,0.465229,16.190535,54.295679,257.903958,117.873252,49.576618,68.296634,0.000000,9.019476,98.150212
low_roughness_0526,low_roughness,0.400426,44.474065,29.831767,640.392557,449.352141,201.434437,247.917704,0.000000,29.840052,80.947395
high_roughness_0461,high_roughness,0.578560,23.919606,57.755464,502.442489,212.254500,97.995677,114.258823,0.000000,14.573563,113.092478
high_roughness_0885,high_roughness,0.667577,15.190877,62.488024,399.318602,149.792298,82.575601,67.216697,0.000000,10.089505,50.442667
high_roughness_0821,high_roughness,0.639785,36.879986,35.619200,524.073838,337.402928,149.054837,188.348092,0.000000,21.795844,109.506315
low_roughness_0258,low_roughness,0.351706,29.220417,37.923391,517.977644,321.542955,147.168938,174.374017,0.000000,21.707725,94.203514
medium_roughness_0999,medium_roughness,0.536606,32.774519,36.887545,583.407211,368.202611,180.329445,187.873166,0.000000,25.015151,97.538182
low_roughness_0937,low_roughness,0.444407,24.602065,55.880135,734.587570,324.099044,173.945362,150.153682,0.000000,21.046371,45.593130
medium_roughness_0691,medium_roughness,0.510977,23.636988,55.725610,489.719239,216.820207,118.347742,98.472464,0.000000,14.476586,92.936838
low_roughness_0730,low_roughness,0.423237,64.128483,28.233623,1277.469102,916.793290,447.139400,469.653890,0.000000,59.088760,90.222442
medium_roughness_0956,medium_roughness,0.532936,16.634234,73.356074,590.628806,157.366700,89.797249,67.569450,0.000000,10.262058,56.858455
high_roughness_0809,high_roughness,0.636392,34.385202,53.470020,810.345541,377.053615,198.937594,178.116021,0.000000,26.140829,111.759817
high_roughness_0975,high_roughness,0.716443,34.272687,36.753411,576.308474,364.495452,182.238721,182.256731,0.000000,24.707226,86.687082
high_roughness_0466,high_roughness,0.579268,49.156366,30.270153,828.139067,577.460105,289.976010,287.484095,0.000000,37.815811,103.498163
high_roughness_0533,high_roughness,0.586006,27.754958,48.700957,500.377934,256.689092,118.407660,138.281432,0.000000,16.924141,102.850211
low_roughness_0430,low_roughness,0.387681,27.351776,60.622230,570.203042,224.533243,140.894111,83.639133,0.000000,16.042414,92.907762
low_roughness_0917,low_roughness,0.442768,44.042160,35.999970,1002.881512,641.844473,313.696536,328.147938,0.000000,41.429328,64.825152
high_roughness_0780,high_roughness,0.629030,11.414882,67.161491,385.279761,126.520129,76.919982,49.600146,0.000000,8.293989,36.639569
medium_roughness_0654,medium_roughness,0.507351,33.580745,48.643879,927.508505,476.332389,232.893346,243.439042,0.000000,30.799938,55.074223
medium_roughness_0862,medium_roughness,0.525738,53.422841,35.825222,1061.765066,681.385370,338.206760,343.178609,0.000000,43.938496,97.443923
high_roughness_0043,high_roughness,0.540609,15.909075,60.351414,401.107168,159.033322,75.666900,83.366422,0.000000,11.195390,73.625774
high_roughness_0072,high_roughness,0.543565,16.986810,55.442077,441.680115,196.803486,101.266366,95.537119,0.000000,13.143436,53.463914
low_roughness_0887,low_roughness,0.440757,20.750453,46.361047,455.321943,244.229921,121.115668,123.114253,0.000000,16.585018,57.880236
high_roughness_0817,high_roughness,0.638595,52.417928,34.653702,1015.320041,663.474056,334.861773,328.612283,0.000000,42.885062,85.390187
low_roughness_0727,low_roughness,0.422930,18.855035,47.204804,460.320494,243.027106,114.533026,128.494080,0.000000,16.060077,49.142109
medium_roughness_0463,medium_roughness,0.491006,39.467963,32.843730,618.491944,415.356121,223.301932,192.054189,0.000000,28.225717,101.923253
low_roughness_0881,low_roughness,0.440162,29.512130,28.205096,485.577374,348.619810,164.194726,184.425084,0.000000,22.941673,64.054376
medium_roughness_0349,medium_roughness,0.480287,29.694191,57.706556,642.826877,271.873623,138.120346,133.753277,0.000000,20.057402,120.424735
low_roughness_0925,low_roughness,0.443515,31.780533,44.767745,639.323239,353.112644,168.485021,184.627623,0.000000,23.498838,78.262022
low_roughness_0873,low_roughness,0.439179,42.168124,24.716779,646.315695,486.567270,212.504823,274.062447,0.000000,32.729990,105.651475
medium_roughness_0179,medium_roughness,0.465889,24.116519,56.286650,801.424751,350.329607,173.288448,177.041159,0.000000,22.590098,38.417690
medium_roughness_0173,medium_roughness,0.465704,21.972333,70.353170,759.147568,225.063187,135.266871,89.796316,0.000000,15.452528,54.972259
low_roughness_0454,low_roughness,0.391571,29.734703,50.998635,810.956504,397.379757,208.393280,188.986477,0.000000,25.430640,50.795635
medium_roughness_0825,medium_roughness,0.522335,26.107527,38.892902,460.541677,281.423656,139.144325,142.279331,0.000000,18.274910,69.536819
low_roughness_0695,low_roughness,0.419957,56.182879,19.981724,941.707215,753.537881,357.789230,395.748651,0.000000,48.721190,95.809629
medium_roughness_0960,medium_roughness,0.533295,29.511070,42.819889,640.089080,366.003646,178.732019,187.271627,0.000000,23.867571,87.142185
high_roughness_0544,high_roughness,0.587375,35.023620,50.334226,778.647399,386.721256,162.226124,224.495132,0.000000,26.918595,100.467009
high_roughness_0216,high_roughness,0.554990,33.054173,50.874003,882.928183,433.747273,221.163681,212.583592,0.000000,28.165685,93.035364
high_roughness_0983,high_roughness,0.724563,33.131557,41.288549,610.353690,358.347508,154.549594,203.797913,0.000000,24.519172,122.347249
medium_roughness_0993,medium_roughness,0.536244,55.772594,32.259978,1028.558958,696.746065,358.496616,338.249449,0.000000,44.618358,100.853070
medium_roughness_0325,medium_roughness,0.479000,44.122252,36.693556,791.147277,500.847206,258.405880,242.441327,0.000000,32.388617,75.813711
high_roughness_0542,high_roughness,0.587275,37.987845,43.812972,746.764270,419.584648,191.068625,228.516023,0.000000,28.212403,91.186138
low_roughness_0677,low_roughness,0.417481,48.863672,35.920337,988.723586,633.570740,284.383588,349.187153,0.000000,43.081834,116.182086
low_roughness_0741,low_roughness,0.425304,36.977314,35.216492,612.586468,396.855003,196.591363,200.263640,0.000000,25.429572,79.263012
high_roughness_0169,high_roughness,0.550098,42.357983,33.512790,698.145295,464.177328,185.583603,278.593726,0.000000,32.021945,120.576665
high_roughness_0765,high_roughness,0.623848,52.784141,27.152647,1044.809358,761.115957,361.537362,399.578595,0.000000,49.527091,115.002917
medium_roughness_0771,medium_roughness,0.517286,16.994734,62.142848,359.451073,136.077937,61.633092,74.444845,0.000000,9.436185,81.802632
medium_roughness_0079,medium_roughness,0.456890,38.519788,54.001370,981.504296,451.478533,245.739528,205.739004,0.000000,30.260963,82.972477
medium_roughness_0381,medium_roughness,0.483609,37.437271,49.145038,821.717309,417.884028,224.503774,193.380254,0.000000,26.901979,72.635111
high_roughness_0230,high_roughness,0.555872,26.493577,54.844150,625.726962,282.552330,128.741572,153.810758,0.000000,18.996675,66.893682
medium_roughness_0516,medium_roughness,0.495906,25.047527,55.517952,579.119199,257.604082,105.993720,151.610362,0.000000,18.357315,115.548173
high_roughness_0951,high_roughness,0.698488,33.879863,29.690065,558.432969,392.633858,183.694700,208.939158,0.000000,25.628132,73.834248
high_roughness_0730,high_roughness,0.615966,21.242487,64.738552,566.642653,199.806403,92.896395,106.910007,0.000000,14.433144,74.071291
medium_roughness_0321,medium_roughness,0.478576,25.379587,51.160850,487.226691,237.957374,91.135813,146.821561,0.000000,17.569226,111.299312
low_roughness_0545,low_roughness,0.402786,20.707479,61.702844,600.011772,229.787445,105.393298,124.394147,0.000000,16.220182,119.864592
low_roughness_0405,low_roughness,0.383287,44.325180,35.152028,799.735795,518.612446,222.213702,296.398744,0.000000,36.027931,126.192626
low_roughness_0045,low_roughness,0.218710,16.589461,74.953982,482.031235,120.729629,85.951444,34.778185,0.000000,9.266846,81.951352
low_roughness_0862,low_roughness,0.438061,41.133127,28.843962,731.718864,520.662152,250.248975,270.413177,0.000000,34.928616,70.508246
medium_roughness_0218,medium_roughness,0.469209,27.756096,63.683376,729.885771,265.069870,128.027249,137.042621,0.000000,19.277196,86.408647
high_roughness_0670,high_roughness,0.605069,21.739782,64.582760,590.142228,209.012092,87.904018,121.108074,0.000000,14.840794,98.158473
medium_roughness_0452,medium_roughness,0.490081,23.098822,60.625708,527.761700,207.802432,85.948273,121.854159,0.000000,14.791175,121.302048
medium_roughness_0591,medium_roughness,0.502089,14.206806,67.343119,358.131858,116.954693,74.256386,42.698307,0.000000,8.634558,52.126302
medium_roughness_0878,medium_roughness,0.526998,38.300746,32.554885,634.704847,428.077414,193.934960,234.142454,0.000000,28.972164,71.452321
high_roughness_0624,high_roughness,0.597162,36.082765,26.434072,539.781091,397.094968,191.780921,205.314047,0.000000,27.651554,121.160853
medium_roughness_0199,medium_roughness,0.467339,47.424428,39.251710,1119.311353,679.962508,345.113674,334.848835,0.000000,44.388475,88.608179
medium_roughness_0939,medium_roughness,0.531538,52.689154,19.898222,824.822891,660.697800,318.247056,342.450745,0.000000,43.848830,118.853968
medium_roughness_0859,medium_roughness,0.525531,24.672555,54.718947,670.365819,303.548699,139.243698,164.305001,0.000000,20.160178,51.473075
high_roughness_0270,high_roughness,0.560171,25.678097,45.946394,435.984686,235.665443,146.202508,89.462936,0.000000,15.142521,128.271049
high_roughness_0499,high_roughness,0.582143,30.273796,47.720315,622.869653,325.634290,139.889269,185.745022,0.000000,22.059006,75.020820
medium_roughness_0977,medium_roughness,0.534159,20.399870,38.568248,328.568280,201.845252,103.965474,97.879778,0.000000,13.633116,64.314032
low_roughness_0185,low_roughness,0.333243,35.858266,36.403959,687.031273,436.924687,202.305040,234.619647,0.000000,28.936377,60.255905
low_roughness_0349,low_roughness,0.373720,20.225242,42.920248,392.708316,224.156931,102.897595,121.259337,0.000000,15.105542,58.362660
medium_roughness_0165,medium_roughness,0.465197,17.610551,63.815916,601.631566,217.694874,113.464789,104.230084,0.000000,14.084685,45.560332
high_roughness_0828,high_roughness,0.641358,32.298839,46.052655,647.476634,349.296456,148.131720,201.164736,0.000000,23.862557,93.498834
high_roughness_0227,high_roughness,0.555749,13.839602,65.298413,265.690237,92.198729,38.947897,53.250831,0.000000,6.926789,82.010819
high_roughness_0147,high_roughness,0.549010,23.064638,48.815763,582.081798,297.934129,156.728335,141.205794,0.000000,19.193714,36.811265
high_roughness_0381,high_roughness,0.570399,30.674388,41.355100,536.194571,314.450769,164.661745,149.789025,0.000000,20.816137,68.001791
low_roughness_0946,low_roughness,0.445190,35.406236,42.492293,845.449451,486.198596,223.738409,262.460187,0.000000,32.022578,55.305916
low_roughness_0003,low_roughness,0.113586,45.055040,26.090145,632.162097,467.230090,211.393769,255.836321,0.000000,31.310539,78.256551
high_roughness_0883,high_roughness,0.666743,15.126304,66.410613,442.628058,148.676053,71.778068,76.897984,0.000000,10.371004,68.024069
low_roughness_0067,low_roughness,0.256579,39.178322,31.939674,579.233268,394.228051,166.713324,227.514727,0.000000,27.955578,128.060179
low_roughness_0313,low_roughness,0.367493,15.736709,64.849822,597.098988,209.881356,107.337192,102.544164,0.000000,13.442242,34.366865
high_roughness_0588,high_roughness,0.593165,11.463134,61.632041,359.374344,137.884603,70.484265,67.400338,0.000000,9.078590,34.989758
low_roughness_0059,low_roughness,0.240834,33.928645,33.844159,553.929829,366.456936,166.671382,199.785554,0.000000,24.452946,61.452296
low_roughness_0084,low_roughness,0.284160,31.751535,40.495877,634.801839,377.733269,180.547621,197.185648,0.000000,25.098608,66.436996
low_roughness_0219,low_roughness,0.341205,41.462139,43.001690,1002.081262,571.169386,290.952427,280.216959,0.000000,37.150817,82.108176
medium_roughness_0154,medium_roughness,0.464572,11.598193,75.467437,323.232238,79.297151,34.908194,44.388957,0.000000,5.937196,64.581449
medium_roughness_0130,medium_roughness,0.462326,22.268677,37.418417,297.204909,185.995536,106.262850,79.732686,0.000000,12.231500,96.146889
medium_roughness_0876,medium_roughness,0.526865,60.672084,31.863123,1154.056384,786.337979,377.046056,409.291923,0.000000,51.706203,104.645965
medium_roughness_0736,medium_roughness,0.514141,50.569745,25.925237,789.986486,585.180614,283.193362,301.987253,0.000000,39.832059,123.921347
medium_roughness_0511,medium_roughness,0.494962,36.918572,37.484349,663.269120,414.647008,228.783823,185.863185,0.000000,27.696538,99.113580
low_roughness_0425,low_roughness,0.386069,57.585150,25.370097,1123.161059,838.214006,384.064945,454.149061,0.000000,55.573595,115.569789
medium_roughness_0104,medium_roughness,0.458954,25.032627,52.800840,606.247771,286.143857,149.203490,136.940368,0.000000,19.614420,88.371276
medium_roughness_0036,medium_roughness,0.453077,44.906983,43.085188,1014.677296,577.501671,284.993578,292.508092,0.000000,39.274130,112.703475
low_roughness_0988,low_roughness,0.448796,54.150515,37.544006,1118.132943,698.341045,375.514462,322.826583,0.000000,46.487302,158.248588
medium_roughness_0517,medium_roughness,0.495983,10.022049,72.164028,327.336325,91.117247,61.984568,29.132679,0.000000,6.332750,39.154757
medium_roughness_0178,medium_roughness,0.465876,47.022261,20.518225,850.791278,676.224009,318.033016,358.190992,0.000000,44.734568,113.303667
medium_roughness_0048,medium_roughness,0.453893,26.744138,57.951531,645.238099,271.312745,130.519092,140.793653,0.000000,17.400785,85.477032
high_roughness_0986,high_roughness,0.729063,32.327571,43.358515,578.864451,327.877423,135.403126,192.474297,0.000000,23.374453,126.384885
low_roughness_0683,low_roughness,0.418145,39.777399,27.162498,706.927412,514.908271,245.831740,269.076531,0.000000,33.679148,64.555982
medium_roughness_0928,medium_roughness,0.530753,31.789341,48.727026,683.372783,350.385550,177.273267,173.112283,0.000000,22.553380,76.220424
high_roughness_0735,high_roughness,0.617023,30.798191,32.854875,506.715865,340.235003,169.549140,170.685862,0.000000,22.354991,68.350306
low_roughness_0457,low_roughness,0.392316,37.274709,31.236569,619.819553,426.209192,181.220170,244.989021,0.000000,29.820780,132.757089
high_roughness_0221,high_roughness,0.555256,43.392200,31.411463,707.066220,484.966376,194.623699,290.342677,0.000000,33.557592,122.306569
medium_roughness_0490,medium_roughness,0.493405,16.909088,57.502720,336.507962,143.006730,62.209390,80.797340,0.000000,10.621161,92.375922
medium_roughness_0161,medium_roughness,0.464945,19.836827,24.776245,233.693758,175.793219,93.370507,82.422712,0.000000,11.261090,67.720171
high_roughness_0594,high_roughness,0.593947,15.827091,56.316376,308.462615,134.747648,63.318929,71.428719,0.000000,9.267577,70.625390
high_roughness_0555,high_roughness,0.588681,16.948284,54.810766,418.543579,189.136637,84.112401,105.024236,0.000000,13.060048,68.790759
low_roughness_0191,low_roughness,0.334953,9.714503,79.395334,481.514121,99.214376,68.618633,30.595743,0.000000,6.713067,32.732940
high_roughness_0667,high_roughness,0.604712,11.500179,67.074622,375.069175,123.492944,66.089662,57.403282,0.000000,8.469151,34.549313
medium_roughness_0570,medium_roughness,0.500420,33.378088,46.698881,880.978189,469.571235,253.366258,216.204976,0.000000,30.838700,73.317266
high_roughness_0245,high_roughness,0.557369,36.113648,34.536875,608.658982,398.447189,199.858442,198.588747,0.000000,26.392594,75.512911
low_roughness_0334,low_roughness,0.371260,46.211217,38.478774,1110.506735,683.197354,351.110601,332.086752,0.000000,44.168634,63.212414
medium_roughness_0044,medium_roughness,0.453688,60.954954,23.359936,1000.410269,766.715070,356.844845,409.870225,0.000000,51.328206,125.457931
high_roughness_0631,high_roughness,0.598597,39.743378,36.490603,658.413948,418.154728,224.331994,193.822734,0.000000,27.087616,95.559191
high_roughness_0375,high_roughness,0.569871,17.944567,71.015626,613.529260,177.827615,76.480884,101.346731,0.000000,12.649809,66.107712
medium_roughness_0809,medium_roughness,0.520532,26.337474,45.266513,438.558106,240.038143,139.413938,100.624205,0.000000,16.403707,118.739243
medium_roughness_0734,medium_roughness,0.514042,27.129597,41.810623,519.994199,302.581384,165.313984,137.267401,0.000000,20.211653,64.558990
low_roughness_0385,low_roughness,0.379602,41.628944,46.698286,1014.140248,540.554132,285.655943,254.898189,0.000000,35.306770,86.857978
medium_roughness_0507,medium_roughness,0.494690,43.426813,23.192470,642.191365,493.251323,239.210429,254.040894,0.000000,32.102371,94.613750
medium_roughness_0446,medium_roughness,0.489572,21.520549,33.344966,281.879529,187.886895,94.635627,93.251268,0.000000,13.315802,87.210679
medium_roughness_0650,medium_roughness,0.507134,66.803945,29.102280,1041.810468,738.619865,344.867616,393.752249,0.000000,49.410720,129.804986
medium_roughness_0328,medium_roughness,0.479131,34.039384,48.669691,806.586987,414.023591,258.675983,155.347608,0.000000,28.560326,95.699571
medium_roughness_0800,medium_roughness,0.520097,45.217484,40.787563,1066.996221,631.794461,323.056249,308.738211,0.000000,41.244576,93.155144
low_roughness_0558,low_roughness,0.404874,41.812591,26.802481,652.720409,477.775143,228.083380,249.691763,0.000000,31.161986,75.046563
high_roughness_0691,high_roughness,0.608396,37.661282,47.061742,943.914231,499.691754,240.409775,259.281979,0.000000,33.469016,67.493500
low_roughness_0125,low_roughness,0.310832,10.080704,81.727086,558.408800,102.037562,62.074678,39.962884,0.000000,7.006858,29.673213
low_roughness_0209,low_roughness,0.338905,58.147802,33.669560,1118.770176,742.085183,349.432411,392.652772,0.000000,49.294033,119.422668
medium_roughness_0836,medium_roughness,0.523412,9.297093,82.244582,472.584737,83.909397,42.571196,41.338201,0.000000,5.989115,38.025131
high_roughness_0133,high_roughness,0.547949,28.346653,47.286378,481.576077,253.856193,130.341781,123.514412,0.000000,16.737501,88.198027
medium_roughness_0065,medium_roughness,0.455574,35.173423,32.172238,615.122488,417.223815,203.584143,213.639671,0.000000,28.175349,74.143412
high_roughness_0855,high_roughness,0.652020,43.935424,36.814235,732.626509,462.915667,241.024139,221.891528,0.000000,31.341686,121.029975
low_roughness_0211,low_roughness,0.339394,48.074648,29.182414,833.154561,590.019948,263.203696,326.816252,0.000000,39.948021,96.358093
low_roughness_0828,low_roughness,0.434062,25.200591,58.002325,790.030011,331.794234,164.690024,167.104210,0.000000,22.861323,70.494857
high_roughness_0213,high_roughness,0.554667,37.978412,44.989769,816.463215,449.138304,209.997734,239.140570,0.000000,29.937481,80.851721
medium_roughness_0419,medium_roughness,0.486809,44.355844,23.330466,665.591327,510.305766,265.161720,245.144046,0.000000,33.554321,106.715138
high_roughness_0327,high_roughness,0.565041,28.086181,49.271809,669.567860,339.659664,161.971560,177.688103,0.000000,22.892765,91.510767
high_roughness_0477,high_roughness,0.580151,33.392817,47.102208,647.813485,342.679033,189.688258,152.990774,0.000000,23.587610,110.666308
medium_roughness_0088,medium_roughness,0.457991,44.152437,24.652250,686.654958,517.379063,246.803890,270.575174,0.000000,35.352258,125.444417
high_roughness_0729,high_roughness,0.615704,34.990868,40.042835,687.784024,412.375804,215.627384,196.748420,0.000000,26.683795,74.316377
high_roughness_0867,high_roughness,0.658051,37.586939,36.416884,652.033473,414.583199,212.265375,202.317824,0.000000,26.476041,87.536365
low_roughness_0081,low_roughness,0.278256,17.062229,72.159190,557.705182,155.269642,96.318217,58.951425,0.000000,11.027013,65.776619
high_roughness_0441,high_roughness,0.575918,22.904498,52.065369,487.105466,233.492209,90.688321,142.803888,0.000000,16.572451,77.790978
low_roughness_0546,low_roughness,0.402858,40.363045,38.060549,669.650748,414.777997,218.924498,195.853498,0.000000,26.490343,94.418076
high_roughness_0676,high_roughness,0.606012,58.140522,30.334660,1104.254614,769.282730,379.247677,390.035053,0.000000,49.904905,147.725245
medium_roughness_0794,medium_roughness,0.519457,32.592828,44.215659,666.720736,371.925772,167.157216,204.768556,0.000000,24.749271,74.271393
medium_roughness_0766,medium_roughness,0.517111,38.093513,30.541163,650.192119,451.615882,227.058001,224.557880,0.000000,30.382481,71.980788
high_roughness_0370,high_roughness,0.569354,45.211190,43.231346,988.759278,561.305338,270.742558,290.562779,0.000000,37.882687,123.386491
medium_roughness_0890,medium_roughness,0.527902,9.949087,73.079077,373.151781,100.455903,50.794942,49.660961,0.000000,6.902125,33.784139
medium_roughness_0919,medium_roughness,0.529824,24.180724,61.327243,658.886257,254.809479,123.981313,130.828166,0.000000,17.286817,77.607956
low_roughness_0442,low_roughness,0.388702,66.469553,29.543595,1297.722975,914.328951,426.029996,488.298955,0.000000,60.776605,124.416325
high_roughness_0369,high_roughness,0.569303,36.611733,28.570565,565.344023,403.822040,217.299890,186.522150,0.000000,26.158693,75.586208
low_roughness_0305,low_roughness,0.365199,24.199686,62.209687,701.949525,265.268920,159.468601,105.800318,0.000000,18.294875,82.231486
medium_roughness_0242,medium_roughness,0.471614,38.860625,18.081423,490.294514,401.642291,205.165982,196.476309,0.000000,26.107356,88.192236
low_roughness_0122,low_roughness,0.310073,16.140148,69.617033,589.468809,179.098113,101.432324,77.665789,0.000000,12.408865,57.524261
medium_roughness_0418,medium_roughness,0.486798,21.808324,46.106131,371.667038,200.305747,114.525951,85.779796,0.000000,13.178812,101.507731
medium_roughness_0250,medium_roughness,0.472135,48.513043,40.054794,1074.873837,644.335336,323.244152,321.091184,0.000000,41.430306,89.751869
medium_roughness_0202,medium_roughness,0.467674,28.000723,59.932135,834.192045,334.242941,176.666820,157.576121,0.000000,22.770891,76.113987
medium_roughness_0657,medium_roughness,0.507716,21.705209,49.316958,537.904914,272.626573,127.613072,145.013501,0.000000,18.128177,56.002847
high_roughness_0153,high_roughness,0.549327,23.235449,56.325472,580.372835,253.475098,140.444755,113.030343,0.000000,17.180456,60.510746
low_roughness_0716,low_roughness,0.421954,36.406917,46.832479,776.026092,412.593836,193.340863,219.252973,0.000000,27.398047,74.819167
medium_roughness_0915,medium_roughness,0.529458,10.490220,58.910824,285.140120,117.161726,55.108850,62.052876,0.000000,7.690961,34.794796
medium_roughness_0669,medium_roughness,0.508688,35.562604,34.172409,605.669613,398.697717,211.267696,187.430021,0.000000,27.183902,113.796534
low_roughness_0635,low_roughness,0.413294,14.106805,68.532441,586.506205,184.559187,105.994667,78.564520,0.000000,12.052996,25.159780
low_roughness_0465,low_roughness,0.393183,42.950258,42.814200,985.454980,563.540319,297.783391,265.756928,0.000000,36.338176,82.686536
medium_roughness_0569,medium_roughness,0.500311,35.859111,33.644656,676.005462,448.565748,205.180279,243.385469,0.000000,30.207711,108.120832
medium_roughness_0200,medium_roughness,0.467376,17.639186,71.537744,452.116855,128.682656,63.858071,64.824585,0.000000,9.313136,108.524726
high_roughness_0159,high_roughness,0.549651,31.652906,42.356191,568.317615,327.599923,163.661282,163.938641,0.000000,22.309781,95.535096
medium_roughness_0135,medium_roughness,0.462487,30.929292,31.678795,498.176938,340.360487,168.653827,171.706660,0.000000,22.433650,68.236205
high_roughness_0445,high_roughness,0.576424,48.082131,25.341736,726.738479,542.570330,273.634772,268.935557,0.000000,36.888692,125.053210
low_roughness_0114,low_roughness,0.305024,29.789517,51.120063,810.962571,396.397995,213.302716,183.095280,0.000000,26.475689,66.400753
low_roughness_0439,low_roughness,0.388296,27.601926,48.774752,708.734763,363.051142,170.739462,192.311681,0.000000,23.593591,53.135012
medium_roughness_0778,medium_roughness,0.518020,49.478938,27.652830,811.377572,587.008711,289.634707,297.374003,0.000000,37.986715,93.566868
medium_roughness_0261,medium_roughness,0.472904,36.094879,40.499664,772.573496,459.683825,228.256677,231.427148,0.000000,29.657274,68.015806
low_roughness_0903,low_roughness,0.441524,55.587416,24.364771,1025.295924,775.484924,353.484410,422.000514,0.000000,50.719541,158.736189
low_roughness_0721,low_roughness,0.422544,20.429865,41.359468,341.122792,200.036220,84.381363,115.654858,0.000000,13.391285,57.155409
low_roughness_0035,low_roughness,0.192728,32.027349,31.995519,504.619591,343.163935,146.652629,196.511306,0.000000,23.849287,99.498609
high_roughness_0137,high_roughness,0.548220,29.627159,43.402601,691.234991,391.221027,202.706423,188.514604,0.000000,25.552303,83.418035
medium_roughness_0555,medium_roughness,0.499110,35.768544,48.248976,754.038827,390.222817,220.900164,169.322653,0.000000,25.562880,132.252741
high_roughness_0872,high_roughness,0.659469,11.987885,62.005514,331.684260,126.021729,66.139663,59.882066,0.000000,8.394535,45.033092
high_roughness_0717,high_roughness,0.614413,22.046444,37.358201,388.029784,243.068837,134.197100,108.871737,0.000000,16.072815,80.309454
medium_roughness_0064,medium_roughness,0.455515,61.490209,31.073731,1315.371057,906.636193,457.149865,449.486328,0.000000,58.886747,110.241389
high_roughness_0149,high_roughness,0.549058,32.777396,29.096743,562.496133,398.828080,165.714878,233.113202,0.000000,26.846337,83.697073
low_roughness_0958,low_roughness,0.446298,27.903517,59.849713,649.039110,260.591065,116.372880,144.218185,0.000000,18.244069,103.029598
low_roughness_0869,low_roughness,0.438793,61.304525,32.629326,1340.006351,902.771308,461.514156,441.257152,0.000000,59.320612,99.731198
low_roughness_0018,low_roughness,0.171256,47.865585,31.965083,826.103902,562.039103,252.213098,309.826005,0.000000,38.139483,104.332467
high_roughness_0443,high_roughness,0.576016,26.593143,50.102067,520.594305,259.765797,135.450500,124.315296,0.000000,17.438785,71.296435
medium_roughness_0542,medium_roughness,0.498257,18.338796,52.623765,351.939608,166.735736,103.747763,62.987973,0.000000,11.531551,58.291254
low_roughness_0571,low_roughness,0.406219,23.304093,45.223674,505.617424,276.958648,137.508961,139.449687,0.000000,18.353847,61.334795
low_roughness_0061,low_roughness,0.245148,29.141814,56.546384,667.101222,289.879606,128.099640,161.779966,0.000000,19.743979,85.158036
high_roughness_0900,high_roughness,0.671288,28.995654,33.432147,470.989541,313.527625,134.105419,179.422206,0.000000,20.945166,109.986405
medium_roughness_0004,medium_roughness,0.450855,27.171455,64.908839,937.117431,328.845387,170.169857,158.675530,0.000000,20.925444,62.058789
high_roughness_0158,high_roughness,0.549640,37.601557,35.511817,793.390660,511.643219,270.087626,241.555594,0.000000,33.273982,72.708950
high_roughness_0044,high_roughness,0.540629,56.738592,36.685912,1195.319246,756.805482,373.318789,383.486692,0.000000,50.252757,93.322034
high_roughness_0805,high_roughness,0.634607,41.039349,27.698365,602.975616,435.961231,210.710811,225.250420,0.000000,27.771615,98.758148
medium_roughness_0903,medium_roughness,0.528732,27.928742,35.282570,471.882125,305.389982,142.028751,163.361231,0.000000,20.285704,86.838705
high_roughness_0609,high_roughness,0.595942,25.881729,40.099175,465.560948,278.874848,146.842314,132.032534,0.000000,18.471354,67.327776
high_roughness_0144,high_roughness,0.548502,54.969340,31.614951,971.422184,664.307533,346.816212,317.491321,0.000000,43.552511,99.287293
low_roughness_0233,low_roughness,0.344931,19.400577,70.057994,815.450309,244.162179,136.116437,108.045741,0.000000,16.296283,50.268822
medium_roughness_0289,medium_roughness,0.476052,25.743914,29.462689,474.278748,334.543476,151.723323,182.820153,0.000000,21.466496,56.399496
medium_roughness_0018,medium_roughness,0.451803,8.457418,86.485691,471.191449,63.678266,35.557591,28.120675,0.000000,4.775711,47.335459
high_roughness_0320,high_roughness,0.564083,28.597002,43.283870,392.579605,222.655957,75.679875,146.976082,0.000000,14.613769,119.879065
low_roughness_0149,low_roughness,0.319938,42.877784,40.104842,842.171786,504.420122,244.814538,259.605585,0.000000,33.198668,74.441723
medium_roughness_0420,medium_roughness,0.486962,36.151418,44.930455,733.206737,403.773614,207.513983,196.259631,0.000000,27.352876,105.028879
medium_roughness_0343,medium_roughness,0.479726,21.607435,19.848631,207.874048,166.613895,75.872071,90.741824,0.000000,12.127401,118.595196
high_roughness_0444,high_roughness,0.576090,47.091166,33.737729,928.152356,615.014831,317.416989,297.597842,0.000000,39.794266,77.882753
low_roughness_0120,low_roughness,0.309541,30.564876,52.852191,796.009870,375.301214,209.430113,165.871101,0.000000,25.018062,80.892743
medium_roughness_0716,medium_roughness,0.512661,29.584362,60.993526,662.565872,258.443588,156.250991,102.192596,0.000000,16.880722,114.686649
high_roughness_0024,high_roughness,0.538996,8.841332,73.338813,351.809668,93.796635,67.164354,26.632281,0.000000,6.148569,30.153768
low_roughness_0373,low_roughness,0.377413,46.780668,31.950838,734.628180,499.908316,233.805980,266.102336,0.000000,33.096270,88.776989
low_roughness_0786,low_roughness,0.429547,12.017592,43.342452,230.061906,130.347434,59.250044,71.097389,0.000000,8.679375,25.291491
low_roughness_0401,low_roughness,0.382432,34.075204,47.677175,887.174380,464.194700,244.814710,219.379990,0.000000,30.198258,55.620652
high_roughness_0009,high_roughness,0.537687,20.474437,67.211928,680.151953,223.008715,122.016357,100.992358,0.000000,14.619877,50.756029
high_roughness_0950,high_roughness,0.698109,42.926740,30.966497,675.077420,466.029589,210.410591,255.618998,0.000000,30.024008,124.371968
high_roughness_0413,high_roughness,0.572784,42.229818,45.120134,974.496825,534.802551,271.253401,263.549149,0.000000,36.171120,113.019228
high_roughness_0919,high_roughness,0.678897,24.735175,46.131197,485.349690,261.452069,109.647824,151.804245,0.000000,17.659174,69.565205
low_roughness_0060,low_roughness,0.243611,43.600381,45.968618,825.265838,445.902534,201.869815,244.032719,0.000000,30.670507,130.257151
high_roughness_0976,high_roughness,0.716723,24.171032,46.461005,448.523587,240.135023,106.555549,133.579474,0.000000,16.605901,92.153639
low_roughness_0980,low_roughness,0.447716,52.888665,23.828640,898.009776,684.026262,317.045732,366.980530,0.000000,44.949719,87.700661
high_roughness_0467,high_roughness,0.579326,32.720342,59.135202,765.026552,312.626558,172.115656,140.510902,0.000000,21.248478,113.847395
medium_roughness_0309,medium_roughness,0.477755,30.277163,50.626777,679.842402,335.660104,188.201751,147.458353,0.000000,22.924260,71.117061
high_roughness_0705,high_roughness,0.611979,23.118475,69.330412,581.964655,178.486164,108.796346,69.689818,0.000000,13.026273,134.693622
medium_roughness_0029,medium_roughness,0.452446,32.180125,47.649612,689.794944,361.110331,185.114648,175.995683,0.000000,23.154611,79.054852
high_roughness_0374,high_roughness,0.569726,39.209176,43.777165,779.746087,438.395352,184.933630,253.461722,0.000000,30.070788,121.882632
high_roughness_0905,high_roughness,0.672461,37.628839,39.528681,676.211278,408.913878,218.426007,190.487871,0.000000,26.477668,125.258237
high_roughness_0380,high_roughness,0.570312,26.175535,63.565585,568.000613,206.947703,116.745710,90.201993,0.000000,15.159527,141.376951
low_roughness_0560,low_roughness,0.405257,32.711105,39.328291,627.470641,380.697158,170.333999,210.363160,0.000000,25.479770,103.636136
low_roughness_0711,low_roughness,0.421520,39.937360,29.306393,581.103043,410.802698,180.076188,230.726511,0.000000,28.410918,118.436490
medium_roughness_0174,medium_roughness,0.465743,21.421356,51.454512,422.733056,205.217824,76.726349,128.491475,0.000000,14.940375,97.197740
low_roughness_0075,low_roughness,0.272338,7.111127,82.991768,474.269573,80.664870,46.083943,34.580927,0.000000,5.392989,25.233048
high_roughness_0774,high_roughness,0.627322,18.895204,43.039720,297.549657,169.485118,84.956396,84.528721,0.000000,11.857241,78.936132
high_roughness_0376,high_roughness,0.569886,19.073797,65.655034,517.582868,177.763660,74.481226,103.282434,0.000000,12.569572,91.043336
high_roughness_0223,high_roughness,0.555387,24.159896,54.193969,594.698220,272.407651,133.416633,138.991018,0.000000,18.675019,88.088251
medium_roughness_0875,medium_roughness,0.526694,17.112699,15.199270,213.860390,181.355173,103.763350,77.591823,0.000000,12.235300,57.930412
high_roughness_0347,high_roughness,0.567077,54.997832,32.743970,969.411472,651.987673,313.864076,338.123597,0.000000,44.032625,145.968293
low_roughness_0908,low_roughness,0.442011,21.188887,70.682870,550.616863,161.425059,73.547566,87.877493,0.000000,11.305210,107.827253
low_roughness_0266,low_roughness,0.356960,58.416599,18.601745,978.765445,796.697988,362.751987,433.946001,0.000000,52.196701,96.351180
medium_roughness_0810,medium_roughness,0.520613,42.751928,33.966784,750.034955,495.272201,230.644637,264.627564,0.000000,32.767441,93.279324
low_roughness_0309,low_roughness,0.366108,52.529240,20.367718,862.235863,686.618096,319.440005,367.178091,0.000000,44.839022,87.261358
low_roughness_0218,low_roughness,0.341183,24.963420,61.886993,782.191204,298.116589,163.473695,134.642894,0.000000,19.710529,53.475546
medium_roughness_0290,medium_roughness,0.476193,53.360870,35.471276,1184.331966,764.234305,412.867372,351.366933,0.000000,49.846206,77.105106
low_roughness_0163,low_roughness,0.324761,34.766550,41.054523,680.795462,401.298131,169.014519,232.283612,0.000000,27.666630,81.645475
high_roughness_0000,high_roughness,0.536626,29.130413,38.720342,528.400184,323.801823,161.513523,162.288300,0.000000,20.930779,70.924516
high_roughness_0567,high_roughness,0.590257,45.700570,30.030899,770.856695,539.361499,246.896779,292.464719,0.000000,35.914593,76.452581
medium_roughness_0469,medium_roughness,0.491725,20.764724,34.413841,252.770134,165.782222,70.952639,94.829583,0.000000,10.577985,104.742710
low_roughness_0886,low_roughness,0.440732,52.900111,35.411233,1026.261559,662.849685,307.337334,355.512351,0.000000,43.955324,106.590105
medium_roughness_0032,medium_roughness,0.452558,45.561657,22.059929,644.040753,501.965820,232.780573,269.185247,0.000000,33.531270,96.615953
high_roughness_0292,high_roughness,0.561987,31.168174,47.770937,582.542033,304.256243,166.588958,137.667285,0.000000,19.632786,121.845164
high_roughness_0128,high_roughness,0.547725,27.665982,58.500986,746.313570,309.712769,144.001131,165.711638,0.000000,20.464167,68.852030
medium_roughness_0195,medium_roughness,0.467072,25.052870,49.461430,465.594034,235.304569,110.937533,124.367036,0.000000,16.652096,88.143596
medium_roughness_0961,medium_roughness,0.533309,35.324389,29.429602,570.676602,402.728747,202.980823,199.747924,0.000000,26.832066,97.145895
low_roughness_0184,low_roughness,0.333198,9.528835,85.557641,531.082692,76.700866,51.241364,25.459503,0.000000,5.818611,51.270188
high_roughness_0070,high_roughness,0.543555,17.579330,51.086970,387.917813,189.742358,105.150353,84.592005,0.000000,12.988276,69.089923
low_roughness_0056,low_roughness,0.233378,9.914080,63.188946,178.297755,65.633282,55.647313,9.985969,0.000000,4.644324,65.486766
high_roughness_0383,high_roughness,0.570444,21.350861,64.649502,435.994134,154.126098,77.966631,76.159467,0.000000,12.050955,115.639678
high_roughness_0822,high_roughness,0.640111,31.440682,48.234085,677.179132,350.547973,179.321089,171.226884,0.000000,22.555548,79.310988
medium_roughness_0971,medium_roughness,0.533967,58.505668,35.772253,1225.822400,787.318112,389.746837,397.571275,0.000000,52.442352,109.446344
low_roughness_0097,low_roughness,0.292582,61.672004,27.920632,1007.446420,726.161013,333.625415,392.535598,0.000000,48.904635,133.497836
medium_roughness_0488,medium_roughness,0.493344,23.757691,67.169693,838.159976,275.170494,139.317234,135.853260,0.000000,17.986298,54.380769
medium_roughness_0670,medium_roughness,0.508746,8.251335,60.928582,168.297320,65.756149,39.762769,25.993380,0.000000,4.670447,46.643002
low_roughness_0844,low_roughness,0.436327,21.163121,54.784971,428.514103,193.752777,121.728768,72.024009,0.000000,13.531025,107.923164
low_roughness_0234,low_roughness,0.345075,22.453535,64.602502,652.494958,230.966890,126.058532,104.908358,0.000000,15.057458,55.594251
high_roughness_0350,high_roughness,0.567561,36.379293,45.318789,790.980513,432.517724,204.904170,227.613553,0.000000,29.333511,76.987096
medium_roughness_0869,medium_roughness,0.526379,14.147948,68.345469,496.938546,157.303564,78.725516,78.578049,0.000000,10.423358,43.671814
medium_roughness_0429,medium_roughness,0.487714,55.382113,32.449036,998.420304,674.442538,346.581106,327.861432,0.000000,43.224199,98.249644
low_roughness_0217,low_roughness,0.341052,39.167361,50.279673,1020.102566,507.198335,271.121015,236.077320,0.000000,33.642851,76.023827
high_roughness_0511,high_roughness,0.583954,36.993961,29.890426,605.760219,424.695912,214.529022,210.166890,0.000000,27.699950,77.926893
high_roughness_0036,high_roughness,0.540048,39.292584,25.480080,642.371529,478.694751,229.580000,249.114751,0.000000,32.675064,115.623859
low_roughness_0484,low_roughness,0.396131,32.698750,35.181456,621.393635,402.778307,196.179928,206.598379,0.000000,25.858761,58.558406
high_roughness_0424,high_roughness,0.573543,39.406100,38.010676,687.899047,426.423968,223.467361,202.956607,0.000000,28.328172,93.332754
high_roughness_0584,high_roughness,0.592632,37.811158,28.351669,503.434789,360.702622,173.200006,187.502616,0.000000,24.892123,131.150719
low_roughness_0767,low_roughness,0.427884,27.550727,63.740634,882.885293,320.128612,185.033969,135.094644,0.000000,21.707689,64.953594
low_roughness_0556,low_roughness,0.404804,19.853834,57.195690,241.544382,103.391407,33.786556,69.604850,0.000000,8.360302,103.306710
medium_roughness_0197,medium_roughness,0.467288,18.537725,74.823616,650.178592,163.691459,98.306920,65.384539,0.000000,10.458313,75.870662
high_roughness_0139,high_roughness,0.548370,45.399584,22.741828,686.758431,530.577010,251.576062,279.000948,0.000000,36.402449,127.775419
high_roughness_0714,high_roughness,0.613723,39.171280,34.210442,676.641135,445.159209,233.381664,211.777545,0.000000,29.216900,90.912078
medium_roughness_0074,medium_roughness,0.456372,57.229374,20.175489,869.851623,694.354807,328.985711,365.369096,0.000000,46.811330,144.657820
medium_roughness_0710,medium_roughness,0.512163,12.731195,57.274665,339.802861,145.181910,75.739081,69.442828,0.000000,9.587709,54.317592
medium_roughness_0843,medium_roughness,0.524465,42.234364,44.102319,883.339730,493.766422,261.631629,232.134793,0.000000,32.175189,86.990510
medium_roughness_0578,medium_roughness,0.500929,40.073366,35.700373,842.537625,541.748549,279.998924,261.749625,0.000000,36.200990,79.165487
medium_roughness_0479,medium_roughness,0.492491,50.080496,27.419092,842.000650,611.131721,274.870133,336.261588,0.000000,41.037138,116.333731
low_roughness_0646,low_roughness,0.414664,18.324338,63.888930,299.052453,107.991042,41.642421,66.348621,0.000000,8.355860,115.808588
low_roughness_0004,low_roughness,0.114912,44.476392,24.532101,747.916954,564.437211,253.830310,310.606902,0.000000,38.221377,93.578287
medium_roughness_0384,medium_roughness,0.483801,21.281604,43.602431,360.163003,203.123180,83.946009,119.177171,0.000000,14.324029,87.439645
low_roughness_0565,low_roughness,0.405662,47.891729,37.929390,994.561151,617.330175,290.143051,327.187124,0.000000,41.261098,118.916533
high_roughness_0097,high_roughness,0.544896,29.088303,55.162937,797.324026,357.496679,193.032306,164.464373,0.000000,22.960773,62.370636
high_roughness_0010,high_roughness,0.537978,26.273503,50.942763,601.337209,294.999417,141.112230,153.887187,0.000000,19.411710,85.013682
high_roughness_0339,high_roughness,0.566367,26.734961,41.142383,480.020549,282.528657,118.050106,164.478551,0.000000,19.835982,96.649720
high_roughness_0438,high_roughness,0.575607,41.412912,47.067985,881.168722,466.420360,236.820836,229.599524,0.000000,31.285161,137.900050
high_roughness_0336,high_roughness,0.565966,50.375874,30.102407,919.238351,642.525484,320.277480,322.248004,0.000000,42.638186,79.119802
medium_roughness_0611,medium_roughness,0.503807,31.485401,30.486881,505.241562,351.209169,196.032509,155.176660,0.000000,23.164848,79.226161
medium_roughness_0536,medium_roughness,0.497600,46.588573,39.582181,1014.809395,613.125705,314.822457,298.303248,0.000000,40.454030,82.128070
high_roughness_0248,high_roughness,0.557540,40.775747,43.563156,983.353664,554.973774,270.533954,284.439820,0.000000,35.857532,64.245909
low_roughness_0748,low_roughness,0.425695,25.674159,49.119964,503.246059,256.051777,132.108967,123.942810,0.000000,18.397547,83.432552
high_roughness_0449,high_roughness,0.577011,35.670599,39.113776,633.665209,385.814816,204.304608,181.510208,0.000000,27.014276,95.226143
high_roughness_0048,high_roughness,0.540993,32.709357,38.901440,638.832654,390.317550,184.148183,206.169367,0.000000,25.698992,73.889352
high_roughness_0228,high_roughness,0.555764,36.552605,44.699334,924.520638,511.266074,235.335677,275.930397,0.000000,33.324089,66.217207
medium_roughness_0108,medium_roughness,0.459482,66.077538,23.983890,1086.259897,825.732520,396.218596,429.513924,0.000000,54.887577,158.428943
high_roughness_0018,high_roughness,0.538712,21.525422,66.943186,629.122648,207.967905,112.016742,95.951164,0.000000,14.676144,138.332556
high_roughness_0607,high_roughness,0.595759,34.101997,51.626427,711.921201,344.381720,186.116270,158.265450,0.000000,23.649979,95.681858
medium_roughness_0055,medium_roughness,0.454566,47.281751,22.454680,798.138431,618.919001,281.761193,337.157808,0.000000,41.233498,113.533366
medium_roughness_0115,medium_roughness,0.460509,37.574940,42.579317,788.344232,452.672640,219.505640,233.167000,0.000000,29.928868,68.371420
high_roughness_0206,high_roughness,0.553808,37.107530,50.295786,917.750768,456.160806,224.477807,231.682999,0.000000,31.143627,117.486975
high_roughness_0065,high_roughness,0.543218,14.342998,59.592979,345.267817,139.512440,73.591550,65.920890,0.000000,9.242457,39.004796
high_roughness_0274,high_roughness,0.560333,33.362518,29.697611,548.054315,385.295277,160.743125,224.552152,0.000000,26.039975,78.906773
high_roughness_0066,high_roughness,0.543261,31.781463,52.699906,784.445177,371.043309,191.058333,179.984975,0.000000,25.176209,82.557184
low_roughness_0042,low_roughness,0.210363,50.776879,22.326739,839.065944,651.729882,294.335170,357.394713,0.000000,43.840955,83.589912
high_roughness_0849,high_roughness,0.648378,42.301134,33.585320,744.978277,494.774937,243.330896,251.444041,0.000000,32.770264,127.444719
medium_roughness_0465,medium_roughness,0.491372,18.725485,65.536271,488.907685,168.495822,103.289182,65.206639,0.000000,11.887013,72.271797
high_roughness_0028,high_roughness,0.539569,44.626422,31.528095,850.560608,582.395049,298.892619,283.502430,0.000000,37.883219,69.069007
low_roughness_0205,low_roughness,0.338635,12.291579,50.386896,283.082449,140.445990,60.983163,79.462827,0.000000,9.702068,45.783574
low_roughness_0115,low_roughness,0.307056,23.362627,70.616964,806.167825,236.876582,141.000375,95.876207,0.000000,16.708463,70.562220
high_roughness_0722,high_roughness,0.614763,25.512683,44.295916,606.356741,337.765466,174.547935,163.217532,0.000000,21.612495,44.542230
high_roughness_0601,high_roughness,0.595279,25.322948,61.995114,717.520748,272.692943,135.178607,137.514336,0.000000,18.584583,73.446710
high_roughness_0640,high_roughness,0.600706,32.839148,38.855310,586.975415,358.904298,187.896868,171.007430,0.000000,24.281475,120.545939
medium_roughness_0861,medium_roughness,0.525733,51.524875,35.795605,1108.335353,711.600005,347.283507,364.316497,0.000000,47.610338,98.713050
low_roughness_0523,low_roughness,0.400184,20.852783,61.889617,589.016603,224.476480,125.454387,99.022093,0.000000,14.586650,63.830253
medium_roughness_0912,medium_roughness,0.529287,47.824112,24.902848,762.697996,572.764476,287.521828,285.242648,0.000000,36.389709,97.759060
low_roughness_0957,low_roughness,0.446267,47.194033,27.267734,865.449377,629.460939,306.078424,323.382515,0.000000,41.763776,91.866211
high_roughness_0852,high_roughness,0.650868,32.084637,39.291475,579.222084,351.637186,189.495316,162.141870,0.000000,23.583064,95.101181
high_roughness_0850,high_roughness,0.649278,42.364769,23.227168,588.566111,451.858871,224.049853,227.809018,0.000000,29.251139,109.529590
high_roughness_0069,high_roughness,0.543441,30.544044,58.069848,811.262926,340.163779,164.241770,175.922009,0.000000,22.131769,92.134860
high_roughness_0326,high_roughness,0.564714,34.709454,48.544796,901.869801,464.058941,236.055894,228.003048,0.000000,30.571907,79.208222
high_roughness_0289,high_roughness,0.561773,34.863398,47.146762,739.542814,390.872326,193.511009,197.361317,0.000000,26.358104,108.892990
medium_roughness_0439,medium_roughness,0.488655,47.341258,26.202617,863.407459,637.172113,320.878277,316.293836,0.000000,42.196889,101.895535
high_roughness_0240,high_roughness,0.556911,20.595145,69.744439,399.929510,121.000917,44.916957,76.083960,0.000000,9.314011,124.840549
low_roughness_0040,low_roughness,0.206119,13.450174,78.404915,484.619171,104.653921,68.336154,36.317767,0.000000,7.892858,68.371339
medium_roughness_0083,medium_roughness,0.457447,30.776913,60.862248,782.658326,306.314871,156.836085,149.478787,0.000000,20.907343,107.002806
low_roughness_0803,low_roughness,0.430666,54.247437,25.205077,789.579457,590.565346,275.081565,315.483780,0.000000,38.806184,91.191150
medium_roughness_0521,medium_roughness,0.496188,35.008008,49.006977,859.982580,438.531118,241.854278,196.676840,0.000000,29.006068,73.644500
low_roughness_0054,low_roughness,0.231598,40.233785,53.185288,1045.500152,489.447884,286.936941,202.510943,0.000000,32.990020,107.990336
medium_roughness_0882,medium_roughness,0.527357,9.080849,81.112022,513.377162,96.966568,45.828282,51.138285,0.000000,6.540995,29.294283
low_roughness_0443,low_roughness,0.388934,41.316312,42.101866,946.798116,548.178440,282.877978,265.300463,0.000000,35.134191,62.128735
medium_roughness_0443,medium_roughness,0.489344,31.383113,51.046375,718.428227,351.696662,192.036000,159.660662,0.000000,23.843866,65.601932
low_roughness_0421,low_roughness,0.385817,22.556994,60.122022,685.678420,273.434686,144.507988,128.926698,0.000000,17.654204,46.569987
high_roughness_0623,high_roughness,0.597137,51.815096,26.228315,861.408128,635.475287,313.070955,322.404332,0.000000,41.770369,120.826433
low_roughness_0853,low_roughness,0.436931,37.618389,50.315469,932.205362,463.161863,238.580789,224.581074,0.000000,29.732383,81.215061
high_roughness_0508,high_roughness,0.583024,13.707824,76.715300,656.018382,152.751915,82.798276,69.953640,0.000000,10.578021,42.935680
high_roughness_0697,high_roughness,0.609569,30.234451,52.220195,682.914839,326.295381,159.764172,166.531210,0.000000,22.245164,89.675768
high_roughness_0537,high_roughness,0.586387,23.523850,61.080638,553.391540,215.376455,97.341828,118.034628,0.000000,14.149683,123.493608
high_roughness_0815,high_roughness,0.638410,6.831506,81.500841,378.643013,70.045773,40.508808,29.536965,0.000000,4.645723,40.712159
high_roughness_0187,high_roughness,0.552058,31.206142,49.546728,633.325531,319.533450,186.959842,132.573608,0.000000,20.844002,132.383754
low_roughness_0549,low_roughness,0.403050,26.487216,53.466101,712.654519,331.625934,184.296945,147.328989,0.000000,22.015813,61.901219
high_roughness_0471,high_roughness,0.579619,48.309774,28.475859,730.156626,522.238255,226.454620,295.783635,0.000000,35.298343,117.203649
medium_roughness_0546,medium_roughness,0.498538,9.112128,65.781020,314.824356,107.729683,56.919975,50.809708,0.000000,7.119049,28.490548
medium_roughness_0141,medium_roughness,0.463134,63.487073,34.159155,1373.765976,904.499133,451.470144,453.028989,0.000000,59.326250,96.434783
medium_roughness_0615,medium_roughness,0.504043,7.763822,85.645939,547.735323,78.622263,34.625236,43.997027,0.000000,5.209225,34.256432
high_roughness_0669,high_roughness,0.604892,40.631983,37.533464,751.057890,469.159846,258.559334,210.600512,0.000000,31.369533,100.238787
high_roughness_0956,high_roughness,0.699764,22.561196,46.432496,450.093392,241.103797,127.598673,113.505124,0.000000,15.486663,53.289867
low_roughness_0671,low_roughness,0.416983,9.448013,83.964086,425.852517,68.289345,48.434848,19.854497,0.000000,5.181392,56.043439
low_roughness_0985,low_roughness,0.448394,21.605972,71.048384,559.898051,162.099534,79.630850,82.468685,0.000000,12.313478,116.497821
high_roughness_0496,high_roughness,0.581935,22.275872,50.503886,576.381206,285.286299,152.526942,132.759357,0.000000,19.033737,71.753076
low_roughness_0306,low_roughness,0.365532,32.577352,61.814815,975.182328,372.375178,204.769837,167.605341,0.000000,25.132588,79.683465
high_roughness_0678,high_roughness,0.606330,37.655864,26.533264,576.955971,423.870718,229.599742,194.270976,0.000000,27.173389,93.774862
low_roughness_0592,low_roughness,0.408330,32.558734,46.761526,755.774517,402.362818,169.601399,232.761419,0.000000,27.979689,130.213342
low_roughness_0807,low_roughness,0.431244,11.864924,67.424834,370.733284,120.766982,69.449362,51.317620,0.000000,7.898636,39.348041
low_roughness_0936,low_roughness,0.444400,40.078149,47.429591,888.853201,467.273759,235.842502,231.431257,0.000000,32.723322,117.322386
low_roughness_0323,low_roughness,0.369813,40.985023,39.519813,853.876799,516.426283,256.410599,260.015684,0.000000,33.479525,71.060506
medium_roughness_0302,medium_roughness,0.477104,18.978533,57.308119,538.600352,229.938621,103.819796,126.118825,0.000000,15.437542,53.103174
high_roughness_0212,high_roughness,0.554332,25.568414,51.463216,480.049701,233.000688,122.371238,110.629450,0.000000,16.220858,104.021937
high_roughness_0123,high_roughness,0.547340,31.817985,42.905736,553.517319,316.026640,153.863827,162.162813,0.000000,22.253227,142.317856
medium_roughness_0351,medium_roughness,0.480324,15.835956,75.698834,618.470141,150.295455,97.221730,53.073725,0.000000,9.643518,69.566760
low_roughness_0799,low_roughness,0.430417,16.212486,75.102863,514.432392,128.078937,54.142758,73.936180,0.000000,8.794843,80.454875
medium_roughness_0910,medium_roughness,0.529271,35.085782,38.877298,739.590995,452.057998,224.624478,227.433520,0.000000,29.076956,61.715548
medium_roughness_0121,medium_roughness,0.460954,25.308510,62.389127,616.734994,231.959417,120.887581,111.071836,0.000000,17.124839,99.528979
high_roughness_0287,high_roughness,0.561714,9.868508,72.670830,419.177755,114.557801,64.549610,50.008191,0.000000,7.354216,28.784996
low_roughness_0475,low_roughness,0.394696,13.525273,75.662538,395.950412,96.364281,67.534266,28.830015,0.000000,7.540665,69.538033
medium_roughness_0330,medium_roughness,0.479312,31.623886,52.048117,848.289350,406.770716,203.060463,203.710253,0.000000,28.006818,109.367494
high_roughness_0910,high_roughness,0.673220,60.439731,24.692274,1068.975084,805.020828,397.571011,407.449817,0.000000,52.714971,109.418883
low_roughness_0476,low_roughness,0.394801,39.965031,26.937718,761.381332,556.282576,249.692323,306.590254,0.000000,36.149928,99.671360
medium_roughness_0100,medium_roughness,0.458670,42.016544,42.142497,1074.653038,621.767410,308.167141,313.600269,0.000000,39.746801,53.277577
high_roughness_0620,high_roughness,0.596878,32.607031,47.042221,687.881583,364.286810,161.032880,203.253931,0.000000,24.862345,90.506935
low_roughness_0372,low_roughness,0.377353,46.854923,20.350986,680.521130,542.028373,253.003448,289.024925,0.000000,36.437952,112.486221
medium_roughness_0617,medium_roughness,0.504152,9.056561,83.381230,407.612224,67.740137,27.446120,40.294016,0.000000,4.909090,44.759915
high_roughness_0307,high_roughness,0.563233,20.031477,63.238378,366.545799,134.748181,82.300340,52.447841,0.000000,9.633313,95.557521
medium_roughness_0719,medium_roughness,0.512891,13.014362,50.865152,331.988976,163.122278,72.776546,90.345732,0.000000,10.720442,35.729876
high_roughness_0630,high_roughness,0.598376,21.220873,63.724465,545.264972,197.797787,85.038514,112.759273,0.000000,14.312655,99.609909
medium_roughness_0725,medium_roughness,0.513321,29.134584,55.177968,723.520872,324.296760,157.294891,167.001868,0.000000,22.429235,138.174250
medium_roughness_0842,medium_roughness,0.524340,50.046016,20.310594,782.026357,623.192162,297.460249,325.731913,0.000000,39.911007,102.322487
medium_roughness_0491,medium_roughness,0.493461,58.053075,30.902282,1122.956563,775.937354,388.211198,387.726155,0.000000,51.360537,120.293114
low_roughness_0883,low_roughness,0.440248,36.315413,45.893322,698.917110,378.160829,197.832564,180.328265,0.000000,24.832362,96.774458
high_roughness_0384,high_roughness,0.570611,30.856952,51.089475,683.433418,334.270870,181.790281,152.480589,0.000000,21.683328,87.514281
low_roughness_0267,low_roughness,0.357330,29.079559,60.276081,965.009633,383.339649,226.269325,157.070325,0.000000,25.916427,68.440424
high_roughness_0068,high_roughness,0.543367,36.957491,33.305142,712.876627,475.452054,232.509710,242.942344,0.000000,30.578623,71.712268
high_roughness_0844,high_roughness,0.646302,46.961194,40.690897,1039.863106,616.733482,298.133326,318.600155,0.000000,41.398589,100.635563
medium_roughness_0575,medium_roughness,0.500801,15.770453,76.293968,586.898996,139.130466,85.342971,53.787495,0.000000,9.641860,71.323222
high_roughness_0269,high_roughness,0.559999,59.251784,29.304407,1231.173605,870.385475,436.680708,433.704767,0.000000,56.066055,117.259164
low_roughness_0832,low_roughness,0.434253,16.686616,39.255806,314.986055,191.335741,91.128219,100.207523,0.000000,12.387147,53.862235
high_roughness_0948,high_roughness,0.697469,36.888345,31.878340,642.783837,437.875023,216.694151,221.180872,0.000000,28.634352,94.425233
low_roughness_0656,low_roughness,0.415405,41.532614,38.819752,874.391456,534.954857,264.534095,270.420762,0.000000,34.465717,73.919895
low_roughness_0877,low_roughness,0.439518,54.692757,33.754328,1125.372098,745.510304,360.803123,384.707180,0.000000,48.226891,92.340726
low_roughness_0208,low_roughness,0.338810,30.132756,61.228295,885.895441,343.476767,193.229962,150.246805,0.000000,23.336751,77.959134
medium_roughness_0215,medium_roughness,0.468921,37.913908,38.206682,640.111869,395.546360,201.933898,193.612462,0.000000,25.214545,93.056075
high_roughness_0321,high_roughness,0.564170,43.606863,38.804910,789.688233,483.250423,240.423593,242.826830,0.000000,32.444860,89.941853
high_roughness_0431,high_roughness,0.574750,46.552496,32.679370,759.378038,511.218081,266.960090,244.257991,0.000000,33.699823,104.957879
medium_roughness_0856,medium_roughness,0.525426,36.004582,34.187882,523.545277,344.556237,161.356021,183.200216,0.000000,23.663551,121.657279
medium_roughness_0873,medium_roughness,0.526601,48.564567,40.412484,993.739385,592.144616,286.721349,305.423267,0.000000,38.952470,97.380539
high_roughness_0494,high_roughness,0.581746,26.946336,53.130451,759.946621,356.183551,177.722092,178.461459,0.000000,24.163675,59.518738
medium_roughness_0020,medium_roughness,0.451864,19.309325,73.895234,447.731543,116.879273,50.040302,66.838971,0.000000,9.345348,115.372819
low_roughness_0810,low_roughness,0.431577,46.536782,29.428661,754.109188,532.184950,246.761463,285.423486,0.000000,35.905723,124.467334
high_roughness_0881,high_roughness,0.666147,33.360059,43.312941,656.966173,372.414799,189.662617,182.752182,0.000000,25.016238,75.460629
high_roughness_0622,high_roughness,0.596892,37.433532,50.658691,837.432367,413.200094,214.685630,198.514464,0.000000,28.912906,124.568365
low_roughness_0245,low_roughness,0.348685,29.642327,39.092609,586.149743,357.008516,161.809387,195.199129,0.000000,23.878693,78.742986
medium_roughness_0806,medium_roughness,0.520370,36.661140,33.224815,512.318100,342.101358,178.823589,163.277769,0.000000,22.191166,107.226073
medium_roughness_0613,medium_roughness,0.503994,27.103905,37.791380,549.960927,342.123102,175.902499,166.220603,0.000000,23.006019,59.555203
low_roughness_0648,low_roughness,0.414724,53.778455,26.398829,948.932970,698.425774,334.762878,363.662896,0.000000,45.519957,87.812635
high_roughness_0505,high_roughness,0.582737,25.466805,47.154465,606.365097,320.436878,164.981336,155.455542,0.000000,20.986581,58.838349
high_roughness_0104,high_roughness,0.545766,19.720409,71.114947,718.773726,207.618174,92.755774,114.862399,0.000000,13.773065,68.087374
medium_roughness_0834,medium_roughness,0.522960,46.628482,26.504356,726.975456,534.295295,231.410130,302.885165,0.000000,37.304195,131.701108
medium_roughness_0675,medium_roughness,0.509481,28.193453,56.030067,818.156442,359.742841,203.985634,155.757207,0.000000,24.647323,78.555514
high_roughness_0612,high_roughness,0.596113,17.386614,63.715455,371.894301,134.940153,99.872820,35.067333,0.000000,8.635838,77.989521
high_roughness_0238,high_roughness,0.556877,50.663325,40.645154,1054.643062,625.981764,319.301920,306.679844,0.000000,41.014308,97.217191
medium_roughness_0548,medium_roughness,0.498564,18.286376,39.953961,234.522362,140.821390,72.249580,68.571810,0.000000,10.223622,92.022731
low_roughness_0528,low_roughness,0.400697,26.064782,56.658222,674.793752,292.467612,164.635862,127.831750,0.000000,19.866607,65.535639
medium_roughness_0421,medium_roughness,0.487125,13.825271,74.531474,561.082896,142.899544,76.181036,66.718508,0.000000,9.496424,42.730897
low_roughness_0332,low_roughness,0.371155,54.161739,38.334910,1218.158807,751.178723,369.094402,382.084320,0.000000,49.222046,87.514821
high_roughness_0379,high_roughness,0.570188,38.581634,40.659618,751.882469,446.169929,212.037872,234.132057,0.000000,29.118612,70.900352
low_roughness_0678,low_roughness,0.417549,36.830276,25.616843,600.210894,446.455810,217.401525,229.054285,0.000000,30.126720,77.956133
low_roughness_0374,low_roughness,0.377533,37.889470,26.694697,605.410875,443.798278,206.365056,237.433222,0.000000,29.892796,98.752283
medium_roughness_0226,medium_roughness,0.470219,27.253652,53.048623,737.418062,346.227938,175.221111,171.006827,0.000000,22.264402,47.942288
low_roughness_0236,low_roughness,0.345349,57.519303,36.537986,1251.383209,794.152982,402.680141,391.472841,0.000000,51.464448,98.674486
high_roughness_0532,high_roughness,0.585576,31.928668,54.374599,562.468120,256.628334,122.323764,134.304570,0.000000,17.668171,119.567900
high_roughness_0862,high_roughness,0.656658,41.294589,42.080962,904.487929,523.870710,258.842914,265.027796,0.000000,34.447042,69.038347
high_roughness_0448,high_roughness,0.576740,22.377726,58.314875,594.835191,247.957790,115.873116,132.084674,0.000000,16.498024,56.391708
medium_roughness_0807,medium_roughness,0.520374,53.262006,36.050126,1200.077488,767.448045,381.916834,385.531211,0.000000,50.342765,114.852121
low_roughness_0368,low_roughness,0.377139,47.593564,21.813011,763.738928,597.144473,285.075512,312.068962,0.000000,39.561238,99.581941
low_roughness_0044,low_roughness,0.215703,51.211340,35.863270,987.251538,633.190857,297.562030,335.628827,0.000000,42.160435,108.094759
medium_roughness_0638,medium_roughness,0.506059,30.655954,59.917164,692.428643,277.545036,132.915349,144.629687,0.000000,20.320432,94.776492
medium_roughness_0483,medium_roughness,0.492775,36.891578,48.598380,805.437675,414.008016,194.250581,219.757434,0.000000,28.178441,116.243405
high_roughness_0025,high_roughness,0.539095,39.452007,23.967031,615.191522,467.748377,234.612970,233.135407,0.000000,29.901130,87.345397
high_roughness_0998,high_roughness,0.777463,40.016791,44.173658,861.453229,480.917825,242.091711,238.826114,0.000000,31.128684,89.702398
high_roughness_0743,high_roughness,0.618001,44.865793,41.300676,1054.539211,619.007386,307.712480,311.294906,0.000000,40.905995,96.438363
medium_roughness_0883,medium_roughness,0.527429,43.236301,48.983695,908.749304,463.610318,241.750708,221.859609,0.000000,30.661567,107.681783
high_roughness_0442,high_roughness,0.575959,60.371846,22.472810,1039.531611,805.919647,345.332979,460.586668,0.000000,53.604083,132.032496
medium_roughness_0461,medium_roughness,0.490817,65.834287,32.392945,1371.898254,927.500004,459.300103,468.199901,0.000000,59.157256,106.059715
medium_roughness_0235,medium_roughness,0.471069,30.893252,52.946756,713.855924,335.892371,171.469631,164.422740,0.000000,22.371544,96.171778
low_roughness_0090,low_roughness,0.288752,18.664070,63.416060,410.824020,150.295613,106.564205,43.731408,0.000000,10.723150,68.548776
high_roughness_0086,high_roughness,0.544227,32.303707,45.262258,567.236597,310.492504,147.369908,163.122596,0.000000,22.288393,118.009446
low_roughness_0345,low_roughness,0.373403,24.030583,46.713335,545.194275,290.515848,128.997367,161.518481,0.000000,19.796150,82.432388
low_roughness_0613,low_roughness,0.410435,22.291457,59.760341,366.769083,147.586629,61.151204,86.435425,0.000000,11.283776,112.406515
low_roughness_0139,low_roughness,0.316167,26.512175,62.296962,626.177402,236.087904,132.200176,103.887728,0.000000,15.775843,64.926443
medium_roughness_0822,medium_roughness,0.522215,9.304003,74.807687,389.410015,98.101391,59.670842,38.430549,0.000000,6.435539,41.403444
low_roughness_0068,low_roughness,0.262298,55.737952,21.467547,866.190719,680.240818,299.014265,381.226553,0.000000,46.434176,98.679761
medium_roughness_0680,medium_roughness,0.509908,25.524187,61.743486,819.731644,313.600749,151.020427,162.580322,0.000000,21.046032,83.979436
low_roughness_0541,low_roughness,0.402240,42.906339,43.078873,877.956134,499.742527,255.325378,244.417149,0.000000,31.849563,78.176447
high_roughness_0648,high_roughness,0.601577,41.464626,32.753216,753.345699,506.600752,265.770358,240.830394,0.000000,33.227901,92.631846
low_roughness_0669,low_roughness,0.416767,34.868695,45.613581,874.396242,475.552800,234.703925,240.848875,0.000000,31.420405,112.011712
high_roughness_0135,high_roughness,0.548095,43.380014,40.076707,841.272298,504.118061,239.594849,264.523212,0.000000,34.041982,118.737517
low_roughness_0516,low_roughness,0.399400,42.638791,46.540977,978.541004,523.118459,279.990752,243.127707,0.000000,34.164825,82.461095
medium_roughness_0647,medium_roughness,0.506814,44.014973,31.948212,775.159366,527.509810,256.155097,271.354713,0.000000,34.797805,85.882598
high_roughness_0710,high_roughness,0.613183,29.231404,47.509590,676.592486,355.146170,150.246131,204.900039,0.000000,23.769241,67.912055
medium_roughness_0936,medium_roughness,0.531485,50.276458,21.405360,813.114036,639.064051,312.874508,326.189542,0.000000,41.802394,116.960508
high_roughness_0255,high_roughness,0.558315,51.317981,19.134706,823.566125,665.979172,306.091576,359.887596,0.000000,44.412769,126.994590
low_roughness_0595,low_roughness,0.408612,64.950346,13.906707,959.677112,826.217627,365.136570,461.081057,0.000000,54.828606,126.016928
medium_roughness_0629,medium_roughness,0.505617,22.437565,66.899069,592.691266,196.186326,148.294545,47.891780,0.000000,13.069805,105.341458
medium_roughness_0277,medium_roughness,0.474467,16.578607,43.290617,378.672264,214.742706,96.984839,117.757866,0.000000,14.273799,39.966006
medium_roughness_0400,medium_roughness,0.485454,44.593187,25.264141,766.131390,572.574878,270.689501,301.885377,0.000000,38.016916,79.947655
high_roughness_0236,high_roughness,0.556761,30.808095,37.345978,582.088647,364.701947,181.331597,183.370350,0.000000,23.448351,67.113130
medium_roughness_0894,medium_roughness,0.528008,21.099248,64.986447,633.353442,221.759541,129.894904,91.864636,0.000000,15.181598,70.725622
medium_roughness_0164,medium_roughness,0.465066,22.616993,62.026219,636.825806,241.826837,126.845227,114.981610,0.000000,16.240610,56.036829
medium_roughness_0982,medium_roughness,0.535316,38.938191,44.484570,975.192022,541.382049,293.582161,247.799888,0.000000,35.875159,76.522782
low_roughness_0538,low_roughness,0.402031,57.927084,34.976003,1144.206077,744.008521,334.571114,409.437408,0.000000,49.789049,120.628513
medium_roughness_0533,medium_roughness,0.497380,68.118306,19.783714,1140.462680,914.836807,415.845005,498.991802,0.000000,60.676460,121.655139
high_roughness_0034,high_roughness,0.540027,21.600827,59.450863,533.113868,216.173073,111.012479,105.160595,0.000000,13.961309,65.309551
medium_roughness_0745,medium_roughness,0.515254,32.187656,48.308923,718.371601,371.334015,205.057060,166.276955,0.000000,24.865224,79.050689
low_roughness_0811,low_roughness,0.431993,24.835874,74.149826,670.239561,173.258090,89.269865,83.988225,0.000000,13.361150,148.992740
medium_roughness_0966,medium_roughness,0.533713,41.626851,33.440055,790.541688,526.184112,249.639367,276.544745,0.000000,35.114006,73.662026
medium_roughness_0595,medium_roughness,0.502370,37.669586,40.944428,702.130217,414.647017,193.784919,220.862098,0.000000,28.064319,72.530742
medium_roughness_0317,medium_roughness,0.478353,55.672715,17.034858,757.697377,628.624708,289.917892,338.706816,0.000000,40.598537,122.580459
low_roughness_0991,low_roughness,0.448982,43.158076,24.914016,680.941051,511.291289,244.404530,266.886759,0.000000,34.047186,91.453942
low_roughness_0882,low_roughness,0.440192,26.971687,49.475390,617.280470,311.878551,162.902036,148.976515,0.000000,20.321636,61.781040
high_roughness_0373,high_roughness,0.569536,50.728749,30.289070,838.076391,584.230846,250.811134,333.419712,0.000000,39.325541,125.762892
high_roughness_0197,high_roughness,0.553063,19.947459,70.714248,648.331852,189.868855,103.188833,86.680023,0.000000,12.480775,62.091048
high_roughness_0957,high_roughness,0.701126,29.575076,40.330944,623.867511,372.255854,182.172381,190.083474,0.000000,23.678757,80.527680
medium_roughness_0952,medium_roughness,0.532739,49.289947,23.428532,779.724263,597.046318,297.674851,299.371467,0.000000,38.895139,90.975393
low_roughness_0403,low_roughness,0.382971,5.732382,75.592848,223.816852,54.627320,41.405106,13.222214,0.000000,3.879377,31.943829
low_roughness_0036,low_roughness,0.195111,18.478762,75.327048,744.574153,183.708427,119.434659,64.273768,0.000000,13.272803,86.198849
high_roughness_0500,high_roughness,0.582336,40.223494,35.580257,700.534802,451.282718,250.313537,200.969181,0.000000,30.375282,95.056401
high_roughness_0013,high_roughness,0.538193,14.982014,67.261061,370.322224,121.239566,61.706852,59.532714,0.000000,7.910076,84.267642
low_roughness_0555,low_roughness,0.404464,28.131001,54.323322,776.511807,354.684797,192.571068,162.113729,0.000000,23.298184,50.731575
low_roughness_0166,low_roughness,0.326743,34.305634,57.055387,1039.101066,446.237927,248.422194,197.815733,0.000000,29.824426,58.231776
high_roughness_0581,high_roughness,0.592183,31.607395,49.358883,676.863747,342.771359,175.367729,167.403629,0.000000,23.761501,92.525874
medium_roughness_0109,medium_roughness,0.459526,47.255630,26.810592,855.578700,626.192983,293.156964,333.036020,0.000000,41.207816,71.258902
high_roughness_0371,high_roughness,0.569414,37.576406,25.698268,490.061253,364.124000,170.605045,193.518955,0.000000,25.950612,124.159280
high_roughness_0469,high_roughness,0.579499,29.661755,47.102565,605.810003,320.457953,157.727705,162.730248,0.000000,20.761999,82.306918
medium_roughness_0499,medium_roughness,0.494065,58.125311,19.470650,1063.407743,856.355343,399.822969,456.532374,0.000000,55.398336,96.957961
medium_roughness_0363,medium_roughness,0.481704,59.764011,31.519923,1270.003356,869.699272,430.307514,439.391758,0.000000,56.152017,105.085103
medium_roughness_0559,medium_roughness,0.499234,16.753065,60.956615,296.538809,115.778789,70.546057,45.232732,0.000000,8.509845,105.015592
medium_roughness_0644,medium_roughness,0.506632,29.024668,44.375447,559.454874,311.194272,126.001773,185.192499,0.000000,21.653092,95.960034
high_roughness_0786,high_roughness,0.630060,31.705266,52.858791,807.253547,380.549084,187.473253,193.075831,0.000000,26.038284,104.376927
high_roughness_0479,high_roughness,0.580484,32.607436,51.677678,756.083951,365.357318,162.886991,202.470327,0.000000,25.230543,124.824018
high_roughness_0762,high_roughness,0.623415,31.978234,52.698289,726.186126,343.498462,183.426023,160.072439,0.000000,24.152706,92.159644
high_roughness_0946,high_roughness,0.697270,30.375870,39.469260,487.290901,294.960790,136.739368,158.221423,0.000000,19.039897,117.593323
medium_roughness_0525,medium_roughness,0.496515,31.451981,52.896647,795.050832,374.495596,170.020207,204.475390,0.000000,25.405588,113.030189
low_roughness_0510,low_roughness,0.398832,36.434905,48.157043,744.760585,386.105909,213.272150,172.833759,0.000000,25.243552,82.727699
high_roughness_0251,high_roughness,0.557722,31.988393,46.460252,656.604002,351.544130,172.034686,179.509443,0.000000,24.324279,105.357801
medium_roughness_0210,medium_roughness,0.468366,20.856765,59.987975,623.114734,249.320826,115.627688,133.693138,0.000000,16.205773,62.125425
low_roughness_0178,low_roughness,0.330814,43.708887,44.859287,1028.824099,567.300945,294.899639,272.401306,0.000000,36.780878,81.281926
medium_roughness_0398,medium_roughness,0.485092,44.550750,33.548611,714.515350,474.805372,221.787214,253.018158,0.000000,31.842867,98.711250
medium_roughness_0350,medium_roughness,0.480322,50.412349,25.215502,924.165236,691.132330,331.000935,360.131395,0.000000,44.324051,101.936280
low_roughness_0200,low_roughness,0.337360,51.088615,22.829526,859.640193,663.388413,307.046552,356.341861,0.000000,44.294186,101.271514
low_roughness_0275,low_roughness,0.358194,21.385194,48.510413,344.193463,177.223794,66.937614,110.286180,0.000000,13.188998,108.802059
high_roughness_0329,high_roughness,0.565264,19.150698,63.685450,612.510480,222.430426,120.257769,102.172658,0.000000,14.743851,51.297607
low_roughness_0272,low_roughness,0.357678,18.977290,57.589666,396.614258,168.205431,61.352101,106.853330,0.000000,11.734137,70.403293
low_roughness_0703,low_roughness,0.420585,45.785211,41.305651,1060.807407,622.634002,303.211226,319.422776,0.000000,42.184600,124.430835
high_roughness_0199,high_roughness,0.553231,33.924192,52.724551,764.382108,361.365074,212.156300,149.208773,0.000000,24.097557,102.252603
high_roughness_0168,high_roughness,0.550096,41.214544,25.418754,687.737199,512.922975,246.218599,266.704376,0.000000,33.545549,75.988755
high_roughness_0201,high_roughness,0.553470,32.527744,37.950593,658.539121,408.619622,201.766087,206.853535,0.000000,27.155675,80.276036
low_roughness_0791,low_roughness,0.429917,49.339446,32.411422,958.332979,647.723634,341.680037,306.043597,0.000000,43.471017,135.562397
high_roughness_0259,high_roughness,0.558649,27.266245,36.212464,507.752401,323.882746,136.568697,187.314049,0.000000,21.400059,83.320613
medium_roughness_0541,medium_roughness,0.498208,50.190118,32.205192,993.646601,673.640807,322.783658,350.857149,0.000000,43.898130,79.708229
medium_roughness_0941,medium_roughness,0.531623,26.522672,62.003178,764.108428,290.336917,163.643196,126.693722,0.000000,18.593781,70.449899
medium_roughness_0159,medium_roughness,0.464918,47.245842,38.621308,1146.254110,703.555782,365.723729,337.832053,0.000000,45.896452,85.465031
low_roughness_0709,low_roughness,0.421181,42.003816,37.391368,794.243105,497.264744,235.376163,261.888582,0.000000,33.703940,126.302538
high_roughness_0148,high_roughness,0.549048,18.916089,58.880367,403.937728,166.097712,69.932938,96.164774,0.000000,11.799768,97.862045
high_roughness_0967,high_roughness,0.706225,42.636715,32.824053,734.530015,493.427492,248.612469,244.815023,0.000000,32.433479,134.472575
low_roughness_0274,low_roughness,0.358038,65.284270,30.459191,1307.622965,909.331586,424.909024,484.422562,0.000000,60.274780,127.628959
medium_roughness_0983,medium_roughness,0.535378,10.037616,75.686425,415.438764,101.008015,49.604194,51.403821,0.000000,6.578834,37.450035
high_roughness_0618,high_roughness,0.596536,16.167593,46.941351,248.335665,131.763549,81.791040,49.972509,0.000000,8.637532,102.732803
medium_roughness_0394,medium_roughness,0.484875,32.684386,28.409805,525.453676,376.173313,178.015897,198.157416,0.000000,25.045342,112.801571
high_roughness_0619,high_roughness,0.596706,24.277577,57.049121,558.946874,240.072598,130.949259,109.123339,0.000000,16.432071,82.329290
medium_roughness_0196,medium_roughness,0.467277,37.186435,43.505826,641.806054,362.583029,177.742399,184.840630,0.000000,26.048232,119.830171
high_roughness_0779,high_roughness,0.627859,23.551682,61.736667,577.312737,220.899096,132.102678,88.796418,0.000000,15.580732,64.540855
medium_roughness_0377,medium_roughness,0.482913,17.411502,37.194583,334.055652,209.805045,103.784807,106.020238,0.000000,13.777322,46.000597
high_roughness_0352,high_roughness,0.567834,37.662608,48.817363,810.026076,414.592709,225.329567,189.263141,0.000000,27.179732,113.159901
low_roughness_0021,low_roughness,0.178352,7.410371,78.843360,278.453736,58.911454,38.849602,20.061852,0.000000,4.429681,44.755203
high_roughness_0114,high_roughness,0.546750,18.434672,50.642072,352.361619,173.918395,75.039826,98.878568,0.000000,11.601416,62.741176
low_roughness_0113,low_roughness,0.303525,30.943422,51.550676,813.478368,394.124768,206.528672,187.596096,0.000000,26.643228,85.473363
high_roughness_0252,high_roughness,0.557877,42.002564,38.974532,993.521664,606.301245,288.837208,317.464037,0.000000,38.918578,86.657188
low_roughness_0025,low_roughness,0.185262,19.835298,71.629308,579.315578,164.355838,113.293985,51.061853,0.000000,12.449431,81.683879
low_roughness_0326,low_roughness,0.370496,39.227840,44.827188,953.291535,525.957742,284.617217,241.340525,0.000000,35.614430,121.460726
medium_roughness_0378,medium_roughness,0.482971,20.731066,59.963043,547.761524,219.307045,117.329923,101.977123,0.000000,14.850080,50.991297
low_roughness_0180,low_roughness,0.331110,25.560430,48.607417,571.677348,293.799756,143.101242,150.698514,0.000000,19.815965,69.818223
medium_roughness_0049,medium_roughness,0.454028,17.274565,67.352545,593.307880,193.699925,109.543693,84.156232,0.000000,12.724715,41.385156
high_roughness_0298,high_roughness,0.562555,31.366393,53.933181,683.666317,314.943325,196.420687,118.522639,0.000000,21.197686,121.637612
high_roughness_0285,high_roughness,0.561526,41.299897,44.030460,1051.445127,588.488996,294.556196,293.932800,0.000000,39.260411,88.451791
high_roughness_0578,high_roughness,0.592126,37.088625,44.032058,879.596868,492.292265,244.541667,247.750597,0.000000,31.974763,89.625015
medium_roughness_0581,medium_roughness,0.501050,46.130888,41.790742,1107.195180,644.490094,342.049621,302.440473,0.000000,42.479457,80.572552
high_roughness_0080,high_roughness,0.544044,41.788803,35.966750,767.672040,491.565355,241.412681,250.152674,0.000000,32.874345,76.657319
medium_roughness_0082,medium_roughness,0.457171,20.532321,60.780361,425.695477,166.956228,100.179455,66.776773,0.000000,10.867522,77.576067
low_roughness_0640,low_roughness,0.413678,54.674025,33.483685,1016.759067,676.310669,308.438296,367.872373,0.000000,45.453598,133.222321
high_roughness_0854,high_roughness,0.651883,32.965010,39.886908,523.774639,314.857129,164.542201,150.314928,0.000000,20.055441,139.367292
medium_roughness_0838,medium_roughness,0.523597,39.844599,30.104466,768.428637,537.097296,260.400105,276.697191,0.000000,35.565988,73.551787
low_roughness_0943,low_roughness,0.445049,60.297916,25.796434,986.281348,731.855930,330.298482,401.557448,0.000000,48.706881,116.392958
medium_roughness_0988,medium_roughness,0.536088,17.483332,68.852477,603.081959,187.845094,106.745004,81.100090,0.000000,12.118017,53.139209
medium_roughness_0607,medium_roughness,0.503043,30.457426,27.858114,482.521373,348.100019,167.935415,180.164603,0.000000,22.487614,56.977263
low_roughness_0154,low_roughness,0.321706,13.386314,81.176693,565.427834,106.432218,71.213629,35.218589,0.000000,7.791858,47.583593
medium_roughness_0406,medium_roughness,0.485739,11.463734,76.384000,484.471210,114.412720,61.799843,52.612878,0.000000,7.999363,68.065985
medium_roughness_0073,medium_roughness,0.456345,30.580165,41.085279,534.430326,314.858136,145.982570,168.875566,0.000000,21.819340,111.155464
low_roughness_0763,low_roughness,0.427202,41.003222,45.246919,809.469491,443.209483,234.478544,208.730940,0.000000,28.654702,95.564016
medium_roughness_0413,medium_roughness,0.486421,24.628437,59.069682,641.145058,262.422708,146.264108,116.158600,0.000000,17.793303,66.382741
medium_roughness_0380,medium_roughness,0.483306,45.483468,38.336374,1032.855452,636.896128,324.404179,312.491948,0.000000,41.339153,64.557449
medium_roughness_0718,medium_roughness,0.512803,27.811428,54.323841,630.995722,288.214611,159.433603,128.781007,0.000000,19.401061,95.235004
high_roughness_0372,high_roughness,0.569507,24.250550,45.022000,470.232143,258.524227,130.385094,128.139133,0.000000,16.746684,62.801737
high_roughness_0301,high_roughness,0.562899,29.582617,46.611907,517.076302,276.057175,145.932050,130.125126,0.000000,17.806154,83.174202
high_roughness_0771,high_roughness,0.626367,30.172403,42.089461,607.250692,351.662151,177.182249,174.479902,0.000000,23.103825,74.595691
medium_roughness_0319,medium_roughness,0.478535,33.529389,31.729895,563.868353,384.953519,185.479709,199.473810,0.000000,25.500494,78.277901
medium_roughness_0244,medium_roughness,0.471691,24.153899,67.009294,865.467510,285.523840,151.814860,133.708980,0.000000,18.505533,54.769405
high_roughness_0979,high_roughness,0.717523,31.384620,42.774110,600.772599,343.797464,142.482253,201.315211,0.000000,23.819512,104.825115
high_roughness_0963,high_roughness,0.704568,22.047472,64.850734,544.518733,191.394336,83.546932,107.847404,0.000000,13.920266,77.002925
low_roughness_0804,low_roughness,0.431114,48.276912,36.519881,970.805883,616.268726,308.038254,308.230472,0.000000,39.802808,74.460806
medium_roughness_0232,medium_roughness,0.470915,41.132683,28.364746,593.400340,425.083841,224.832654,200.251187,0.000000,27.883725,133.073173
high_roughness_0208,high_roughness,0.553837,39.727019,48.028874,838.173360,435.608134,215.362626,220.245507,0.000000,29.753347,147.278039
high_roughness_0870,high_roughness,0.658925,26.008711,48.500473,523.963739,269.838850,146.635585,123.203265,0.000000,17.901646,68.362410
low_roughness_0572,low_roughness,0.406434,39.413020,31.566963,725.979970,496.810139,218.192480,278.617659,0.000000,33.654720,69.932641
high_roughness_0613,high_roughness,0.596131,34.782312,33.985082,566.310829,373.849628,177.585150,196.264478,0.000000,23.929927,78.932465
low_roughness_0874,low_roughness,0.439287,26.537800,54.785827,716.752250,324.073605,172.906227,151.167378,0.000000,21.049343,59.875227
low_roughness_0467,low_roughness,0.393690,47.922330,43.780270,987.841592,555.361871,289.870440,265.491432,0.000000,35.946217,97.297315
high_roughness_0528,high_roughness,0.585321,23.088533,50.205666,258.949942,128.942398,84.796115,44.146283,0.000000,9.875843,116.791232
medium_roughness_0512,medium_roughness,0.495145,23.205920,66.995174,561.600894,185.355400,86.631504,98.723897,0.000000,13.424650,116.424509
medium_roughness_0689,medium_roughness,0.510834,53.973961,18.496498,851.929193,694.352129,351.575644,342.776486,0.000000,45.479866,92.042724
high_roughness_0498,high_roughness,0.582028,17.525025,52.820391,402.175959,189.745043,109.312806,80.432237,0.000000,12.625612,39.709302
low_roughness_0604,low_roughness,0.409273,28.918616,56.506899,760.084390,330.584275,196.293316,134.290959,0.000000,22.042412,91.867059
low_roughness_0942,low_roughness,0.444981,52.361905,31.875207,1089.555104,742.257157,338.938320,403.318837,0.000000,48.597851,116.457189
high_roughness_0795,high_roughness,0.632134,30.529727,32.188288,447.940092,303.755845,195.979760,107.776085,0.000000,20.910859,101.171482
medium_roughness_0053,medium_roughness,0.454246,25.611225,61.375053,708.243021,273.558493,146.573141,126.985352,0.000000,18.506098,71.098490
low_roughness_0144,low_roughness,0.318241,27.841639,57.708134,620.872844,262.578714,166.168257,96.410457,0.000000,18.963612,79.935023
medium_roughness_0989,medium_roughness,0.536093,18.500775,61.989005,325.736696,123.815760,58.349217,65.466543,0.000000,8.507472,95.118763
low_roughness_0478,low_roughness,0.394961,49.468618,32.252486,907.589658,614.869429,261.138582,353.730846,0.000000,41.962554,105.761686
low_roughness_0823,low_roughness,0.433618,6.777633,66.668841,217.124153,72.369997,46.386032,25.983966,0.000000,4.796166,23.904863
low_roughness_0979,low_roughness,0.447660,19.498279,46.637598,347.140561,185.242540,88.729535,96.513005,0.000000,12.603453,54.596142
low_roughness_0679,low_roughness,0.417654,30.960675,32.208565,515.116360,349.204773,159.221473,189.983300,0.000000,23.553598,98.089538
low_roughness_0851,low_roughness,0.436848,43.716598,25.921298,778.085161,576.395391,255.712226,320.683165,0.000000,38.030502,71.811686
low_roughness_0654,low_roughness,0.415268,48.451929,26.915451,652.831912,477.119260,242.775047,234.344214,0.000000,31.718439,145.039977
high_roughness_0656,high_roughness,0.603881,23.814236,58.517674,463.132317,192.118059,90.388830,101.729229,0.000000,13.530529,128.991595
low_roughness_0201,low_roughness,0.337973,16.353851,59.959388,342.680916,137.211535,93.272366,43.939170,0.000000,9.458633,46.367855
low_roughness_0412,low_roughness,0.384360,30.863467,61.656255,962.520611,369.066444,211.239478,157.826966,0.000000,24.352299,70.952988
low_roughness_0104,low_roughness,0.296849,56.285959,23.736722,914.626204,697.523922,315.274105,382.249818,0.000000,47.238796,104.632768
high_roughness_0183,high_roughness,0.551540,23.830818,60.091414,738.066807,294.552025,159.282624,135.269401,0.000000,19.436555,59.535275
low_roughness_0415,low_roughness,0.384947,7.141676,82.727535,443.618812,76.623903,53.556048,23.067854,0.000000,5.018807,29.540574
medium_roughness_0537,medium_roughness,0.497774,19.543767,34.841578,296.375507,193.113604,98.975235,94.138369,0.000000,12.388017,53.666479
medium_roughness_0992,medium_roughness,0.536229,6.360111,77.970405,348.007742,76.664696,50.793053,25.871643,0.000000,5.061282,16.929851
low_roughness_0094,low_roughness,0.291679,34.484936,49.991527,900.126597,450.139568,240.735488,209.404080,0.000000,29.975423,73.386982
medium_roughness_0282,medium_roughness,0.474968,63.897277,20.204025,1133.409874,904.415458,439.715830,464.699628,0.000000,58.474470,106.999152
low_roughness_0499,low_roughness,0.397557,25.106619,39.988828,403.966482,242.425022,101.407307,141.017715,0.000000,16.608603,79.949468
low_roughness_0492,low_roughness,0.396942,13.095606,54.874121,286.414628,129.247118,70.519445,58.727673,0.000000,8.595526,35.792796
low_roughness_0607,low_roughness,0.409480,31.066965,30.144848,570.262333,398.357619,187.903252,210.454367,0.000000,25.944110,49.574067
high_roughness_0865,high_roughness,0.657452,22.208809,56.848910,621.431423,268.154436,140.177427,127.977008,0.000000,17.236096,54.046690
low_roughness_0124,low_roughness,0.310578,10.409301,81.776032,390.247385,71.118558,52.110463,19.008094,0.000000,5.582750,62.083772
low_roughness_0891,low_roughness,0.441000,10.067145,80.644005,482.396749,93.372692,60.373784,32.998907,0.000000,6.452257,27.688952
high_roughness_0282,high_roughness,0.561085,44.708537,29.082015,827.019828,586.505800,288.537659,297.968141,0.000000,37.667347,75.280387
low_roughness_0459,low_roughness,0.392748,21.438491,52.879468,235.234423,110.843712,44.057375,66.786338,0.000000,8.838931,133.723390
low_roughness_0136,low_roughness,0.313536,49.750366,39.547881,927.279774,560.560271,262.553363,298.006909,0.000000,37.771369,130.627056
high_roughness_0649,high_roughness,0.601930,38.778617,44.589043,847.186224,469.433998,231.704666,237.729333,0.000000,30.294831,79.190294
medium_roughness_0513,medium_roughness,0.495466,33.997090,26.447872,571.726404,420.516939,182.361706,238.155233,0.000000,26.911449,97.965903
low_roughness_0962,low_roughness,0.446558,29.117851,64.452760,759.602308,270.017656,163.868279,106.149377,0.000000,18.381847,95.510607
medium_roughness_0637,medium_roughness,0.505963,35.251526,41.060342,743.545778,438.243342,214.895287,223.348056,0.000000,29.448534,82.766866
high_roughness_0560,high_roughness,0.589029,25.495345,63.288708,690.105856,253.346779,112.291868,141.054912,0.000000,17.441909,90.901648
medium_roughness_0256,medium_roughness,0.472747,50.992137,40.112077,1054.408413,631.463297,328.398869,303.064427,0.000000,42.130432,136.848443
low_roughness_0529,low_roughness,0.400798,23.219719,52.442142,496.770756,236.253531,129.266349,106.987182,0.000000,15.169853,59.149696
high_roughness_0827,high_roughness,0.641235,27.168147,46.802128,628.767638,334.491000,175.866461,158.624539,0.000000,21.948722,69.092671
low_roughness_0348,low_roughness,0.373710,49.191536,36.498358,995.015538,631.851202,297.495261,334.355941,0.000000,41.988969,85.520691
medium_roughness_0750,medium_roughness,0.515650,46.871539,40.828037,1067.658983,631.754775,333.024921,298.729855,0.000000,40.321284,80.115052
low_roughness_0030,low_roughness,0.189448,34.233660,37.643112,595.054662,371.057570,155.530475,215.527095,0.000000,26.115401,113.232546
high_roughness_0145,high_roughness,0.548656,39.372248,33.323310,705.846043,470.634777,232.980321,237.654456,0.000000,29.971155,76.394659
low_roughness_0724,low_roughness,0.422746,49.333411,37.067311,1146.994680,721.834591,348.479446,373.355144,0.000000,46.837076,107.461427
medium_roughness_0103,medium_roughness,0.458856,59.602166,34.742980,1229.654902,802.436145,401.200055,401.236089,0.000000,51.442895,92.053106
medium_roughness_0013,medium_roughness,0.451427,47.943167,37.047413,995.701025,626.819555,313.410293,313.409262,0.000000,40.658346,80.569475
medium_roughness_0835,medium_roughness,0.523375,26.321572,64.262696,761.531423,272.150803,148.113872,124.036931,0.000000,18.247996,87.185247
medium_roughness_0713,medium_roughness,0.512386,49.491376,27.598129,926.172660,670.566330,322.056636,348.509694,0.000000,43.409795,86.890599
medium_roughness_0278,medium_roughness,0.474603,37.508548,44.810375,756.526814,417.524308,200.742903,216.781406,0.000000,27.633156,108.114039
medium_roughness_0510,medium_roughness,0.494936,7.924626,32.287259,74.826120,50.666817,25.118756,25.548062,0.000000,3.461712,60.846973
high_roughness_0407,high_roughness,0.572439,41.895660,36.997293,816.350009,514.322602,295.931595,218.391007,0.000000,33.773832,87.968248
low_roughness_0077,low_roughness,0.273709,38.180832,27.854020,592.666028,427.584714,183.629002,243.955712,0.000000,29.708679,114.063952
high_roughness_0360,high_roughness,0.568526,32.199747,54.149142,853.736597,391.445555,206.419050,185.026506,0.000000,26.028062,78.967551
high_roughness_0661,high_roughness,0.604203,46.102407,24.416671,743.601645,562.038879,288.511299,273.527580,0.000000,35.955506,84.234889
low_roughness_0764,low_roughness,0.427294,22.972316,55.108541,470.616559,211.266641,92.524812,118.741829,0.000000,14.173851,64.650696
high_roughness_0536,high_roughness,0.586379,15.295528,71.423840,349.864480,99.977834,58.560520,41.417314,0.000000,6.876915,76.837009
low_roughness_0543,low_roughness,0.402687,58.724759,22.939628,1072.634207,826.575907,376.439745,450.136162,0.000000,54.812914,100.671317
high_roughness_0879,high_roughness,0.665726,21.370684,56.361531,556.202153,242.718105,131.917465,110.800640,0.000000,15.907423,76.159092
medium_roughness_0016,medium_roughness,0.451583,36.715444,46.246313,909.701657,488.998183,249.271007,239.727176,0.000000,31.273281,65.796155
low_roughness_0505,low_roughness,0.398605,52.899041,38.322111,1105.026995,681.557326,337.515206,344.042120,0.000000,43.800789,96.748593
medium_roughness_0061,medium_roughness,0.454871,25.365684,64.028797,566.185496,203.663732,111.862910,91.800822,0.000000,15.126498,93.883219
high_roughness_0083,high_roughness,0.544163,37.970305,46.831909,705.984247,375.358348,199.377062,175.981286,0.000000,25.032712,132.620048
low_roughness_0312,low_roughness,0.366729,11.198699,82.428470,655.594448,115.197977,79.011853,36.186124,0.000000,7.746026,35.054796
high_roughness_0175,high_roughness,0.551071,17.283180,62.481562,362.035776,135.830170,62.889032,72.941138,0.000000,9.537129,64.229990
medium_roughness_0627,medium_roughness,0.505286,39.044487,37.884879,605.646476,376.198041,180.276339,195.921702,0.000000,27.006554,127.861394
low_roughness_0353,low_roughness,0.374315,65.778450,28.707528,1175.278422,837.885039,400.738613,437.146426,0.000000,55.705300,125.992069
high_roughness_0569,high_roughness,0.590585,30.995340,50.093656,616.640639,307.742797,149.583837,158.158960,0.000000,22.236748,125.399803
medium_roughness_0906,medium_roughness,0.529116,34.926136,47.774800,876.730051,457.874019,242.393428,215.480591,0.000000,30.696276,107.187525
low_roughness_0364,low_roughness,0.376267,43.215734,27.329045,685.415377,498.097898,234.456628,263.641271,0.000000,32.651934,97.589460
high_roughness_0071,high_roughness,0.543560,43.260418,32.913528,799.591852,536.417961,265.246721,271.171240,0.000000,35.042368,146.926592
low_roughness_0949,low_roughness,0.445433,24.944486,34.285670,374.778151,246.282952,123.644074,122.638878,0.000000,16.087058,67.947368
low_roughness_0567,low_roughness,0.405763,48.174800,37.122141,851.365902,535.320651,291.445922,243.874730,0.000000,34.994322,96.276913
low_roughness_0905,low_roughness,0.441581,28.323890,49.170779,710.400839,361.091215,187.094357,173.996858,0.000000,23.197763,56.270202
medium_roughness_0191,medium_roughness,0.466844,39.255631,51.010372,962.872679,471.707741,265.234084,206.473657,0.000000,31.710662,90.123850
high_roughness_0472,high_roughness,0.579659,21.058904,63.903400,609.143702,219.880166,121.915341,97.964825,0.000000,15.115859,67.311306
medium_roughness_0770,medium_roughness,0.517235,40.100005,27.301323,521.341546,379.008408,185.310207,193.698200,0.000000,25.223650,98.710182
medium_roughness_0407,medium_roughness,0.485903,31.683103,50.307703,711.385361,353.503725,167.896080,185.607645,0.000000,23.420995,93.626473
low_roughness_0588,low_roughness,0.408184,5.344325,85.076528,407.652235,60.835867,39.239815,21.596052,0.000000,4.058563,19.616557
high_roughness_0571,high_roughness,0.590922,43.847403,17.252213,579.162614,479.244244,214.733188,264.511056,0.000000,32.655080,121.629064
high_roughness_0107,high_roughness,0.546087,43.955139,29.357129,794.117582,560.987458,297.066504,263.920954,0.000000,36.637024,76.382140
medium_roughness_0106,medium_roughness,0.459162,41.015721,25.266291,595.209394,444.822054,209.939540,234.882515,0.000000,31.226066,119.370616
low_roughness_0007,low_roughness,0.142195,51.459440,25.182264,801.499793,599.663995,268.936262,330.727733,0.000000,41.121693,133.514671
high_roughness_0220,high_roughness,0.555249,22.174285,51.139819,431.472407,210.818198,121.466576,89.351622,0.000000,14.045452,106.941275
high_roughness_0143,high_roughness,0.548489,29.416940,50.502003,719.177228,355.978323,162.517978,193.460345,0.000000,23.731625,74.382664
