profile,family,roughness_score,rmse_nm,offload_pct,baseline_energy_burden_j,energy_burden_with_spring_j,net_battery_energy_with_spring_j,braking_energy_with_spring_j,regenerated_energy_with_spring_j,mean_abs_residual_nm,peak_abs_residual_nm
medium_roughness_0090,medium_roughness,0.480287,34.726286,40.311821,642.826877,383.691659,190.897346,192.794313,0.000000,27.076940,90.951995
medium_roughness_0015,medium_roughness,0.456345,24.458858,47.370500,534.430326,281.268006,126.760886,154.507121,0.000000,19.342318,81.682724
low_roughness_0152,low_roughness,0.416598,42.044286,42.036454,917.410354,531.763571,299.444975,232.318596,0.000000,36.532621,122.468786
low_roughness_0043,low_roughness,0.335613,19.640985,48.485725,441.837622,227.609449,85.681122,141.928326,0.000000,15.570052,69.201885
medium_roughness_0062,medium_roughness,0.471300,21.234897,45.587248,529.995116,288.384927,147.388528,140.996398,0.000000,19.293802,54.731350
low_roughness_0069,low_roughness,0.361275,13.684690,62.518424,443.358765,166.177854,79.964623,86.213231,0.000000,11.323969,63.962860
low_roughness_0173,low_roughness,0.424107,20.707970,43.951756,439.463943,246.311823,115.332563,130.979260,0.000000,16.265694,49.843757
medium_roughness_0238,medium_roughness,0.530860,16.904923,55.259987,339.686386,151.975733,92.748726,59.227007,0.000000,10.312391,83.622473
high_roughness_0002,high_roughness,0.535378,17.652533,47.974513,415.438764,216.134042,102.662259,113.471783,0.000000,14.093051,41.165914
high_roughness_0097,high_roughness,0.568542,24.798218,32.936481,349.789734,234.581306,114.922219,119.659086,0.000000,16.809848,104.894877
low_roughness_0116,low_roughness,0.398728,25.965700,49.053234,560.024578,285.314412,134.132114,151.182298,0.000000,19.085272,76.644567
low_roughness_0216,low_roughness,0.441304,22.483993,53.761960,698.020808,322.751138,151.900251,170.850887,0.000000,20.801387,39.522138
high_roughness_0062,high_roughness,0.557446,31.272204,43.438489,624.023386,352.957053,164.958379,187.998674,0.000000,23.596320,131.800781
medium_roughness_0147,medium_roughness,0.502283,37.494379,36.142676,723.714647,462.144807,252.032276,210.112530,0.000000,30.912512,81.779817
high_roughness_0000,high_roughness,0.534052,27.780755,45.169832,611.704567,335.398642,187.129416,148.269227,0.000000,22.807476,103.123097
low_roughness_0026,low_roughness,0.299867,44.440756,46.346826,1127.455504,604.915667,279.263966,325.651701,0.000000,39.781588,80.636431
low_roughness_0146,low_roughness,0.413396,22.232143,55.027560,678.015077,304.919923,154.254888,150.665035,0.000000,19.416659,45.458258
high_roughness_0249,high_roughness,0.777463,32.375222,47.563045,861.453229,451.719845,241.273230,210.446615,0.000000,29.131340,60.293463
high_roughness_0093,high_roughness,0.567834,44.122220,35.810681,810.026076,519.950218,279.997148,239.953070,0.000000,33.545088,124.578028
low_roughness_0105,low_roughness,0.388702,52.519252,41.696483,1297.722975,756.618138,363.299231,393.318907,0.000000,50.213294,94.943585
medium_roughness_0019,medium_roughness,0.458670,42.667208,45.450074,1074.653038,586.222440,308.436566,277.785873,0.000000,37.862569,83.395912
medium_roughness_0100,medium_roughness,0.485739,18.963570,52.775145,484.471210,228.790829,102.214557,126.576272,0.000000,15.289479,51.139164
high_roughness_0129,high_roughness,0.581641,26.639223,43.099037,534.051645,303.880530,142.815472,161.065057,0.000000,20.605310,70.424723
high_roughness_0058,high_roughness,0.556108,22.369733,50.054870,525.363997,262.393729,122.497520,139.896208,0.000000,17.452882,55.762854
high_roughness_0050,high_roughness,0.551785,24.238732,38.785076,432.082751,264.499130,124.586910,139.912220,0.000000,17.906333,72.717641
high_roughness_0012,high_roughness,0.540446,32.960321,42.695703,754.323881,432.259999,206.933907,225.326092,0.000000,29.287489,80.486325
high_roughness_0005,high_roughness,0.537143,19.260967,38.364309,348.719952,214.935951,86.799817,128.136134,0.000000,14.265428,78.493136
low_roughness_0134,low_roughness,0.407603,42.832017,44.851699,998.431264,550.617874,303.142791,247.475084,0.000000,37.383277,114.838854
low_roughness_0188,low_roughness,0.430011,45.963164,42.087540,1084.109126,627.834264,352.702133,275.132130,0.000000,41.572533,110.800990
medium_roughness_0094,medium_roughness,0.482677,47.731160,42.891311,1212.782466,692.604163,368.921043,323.683121,0.000000,45.094033,80.025119
medium_roughness_0180,medium_roughness,0.512292,32.159139,45.371322,761.424194,415.955971,208.924160,207.031811,0.000000,27.268397,70.991678
medium_roughness_0222,medium_roughness,0.526865,47.671290,44.106190,1154.056384,645.046081,302.628064,342.418017,0.000000,42.474919,93.762836
low_roughness_0071,low_roughness,0.361608,16.579782,57.202548,241.620041,103.407222,64.152630,39.254592,0.000000,8.003879,102.520571
high_roughness_0044,high_roughness,0.550096,29.199875,47.102600,687.737199,363.795099,174.426435,189.368664,0.000000,23.801658,63.070386
medium_roughness_0185,medium_roughness,0.512936,35.712485,42.561587,701.890880,403.154983,197.457965,205.697018,0.000000,26.710819,101.588472
high_roughness_0133,high_roughness,0.583960,29.832992,43.385755,569.368596,322.343731,169.583625,152.760105,0.000000,21.426215,74.114901
high_roughness_0128,high_roughness,0.581130,28.719378,49.731016,641.791492,322.622065,171.633047,150.989018,0.000000,22.452496,88.338469
high_roughness_0177,high_roughness,0.615550,46.719123,33.902524,906.012817,598.851608,258.545329,340.306280,0.000000,39.915794,132.803618
medium_roughness_0249,medium_roughness,0.533814,50.655370,41.677715,1213.919198,707.985413,379.206741,328.778672,0.000000,46.654412,93.971011
low_roughness_0079,low_roughness,0.368834,36.292025,44.627675,806.060199,446.334273,213.510285,232.823988,0.000000,28.710287,88.252239
medium_roughness_0067,medium_roughness,0.472747,46.451208,41.183061,1054.408413,620.170749,333.550050,286.620699,0.000000,41.900759,111.147196
low_roughness_0244,low_roughness,0.450524,28.341044,41.461712,500.280579,292.855688,142.405421,150.450267,0.000000,21.015853,89.777338
high_roughness_0091,high_roughness,0.566834,23.346635,46.155007,524.278396,282.297668,144.013000,138.284667,0.000000,18.660235,59.514109
low_roughness_0201,low_roughness,0.434380,37.903389,38.609789,791.722362,486.040031,268.078883,217.961148,0.000000,33.440410,98.861239
low_roughness_0027,low_roughness,0.307056,40.794988,37.901824,806.167825,500.615513,272.263116,228.352396,0.000000,34.380976,100.034960
low_roughness_0029,low_roughness,0.309735,40.642240,41.613188,810.024614,472.947546,252.717726,220.229820,0.000000,31.706137,85.942402
medium_roughness_0226,medium_roughness,0.527722,24.317235,47.708193,577.658509,302.068072,151.926150,150.141923,0.000000,19.315560,60.618299
high_roughness_0186,high_roughness,0.620756,46.618791,35.587974,964.403213,621.191648,297.612960,323.578688,0.000000,40.819747,81.625931
medium_roughness_0033,medium_roughness,0.464845,28.928967,45.676612,646.425854,351.160426,182.970930,168.189495,0.000000,24.091615,77.898825
high_roughness_0207,high_roughness,0.649278,32.356042,37.062679,588.566111,370.427744,184.521032,185.906712,0.000000,23.857443,80.899437
medium_roughness_0214,medium_roughness,0.524960,28.924184,44.732511,668.252955,369.326630,166.890252,202.436379,0.000000,24.633446,70.348411
high_roughness_0152,high_roughness,0.592726,34.747348,42.573543,730.731986,419.633491,226.461250,193.172241,0.000000,27.402452,98.198579
medium_roughness_0078,medium_roughness,0.477284,27.713499,42.851900,522.074034,298.355390,123.021677,175.333712,0.000000,20.176501,67.336213
high_roughness_0248,high_roughness,0.764837,30.432144,47.228484,725.768486,382.999035,181.949949,201.049086,0.000000,24.962360,103.166712
medium_roughness_0115,medium_roughness,0.491930,46.392602,37.704206,890.748486,554.898841,299.741047,255.157794,0.000000,37.739229,123.305978
medium_roughness_0079,medium_roughness,0.477377,48.105304,41.143909,1143.864627,673.234011,356.069324,317.164688,0.000000,44.663223,97.416685
high_roughness_0170,high_roughness,0.606413,15.053548,37.509603,254.492226,159.033203,72.698934,86.334270,0.000000,11.220122,72.478271
medium_roughness_0128,medium_roughness,0.497181,42.844542,44.264520,984.376963,548.647223,254.371499,294.275724,0.000000,37.044968,83.707394
medium_roughness_0103,medium_roughness,0.486751,17.513538,45.428194,376.906320,205.684584,84.944077,120.740507,0.000000,13.924058,46.907007
medium_roughness_0224,medium_roughness,0.527170,26.790151,46.565172,677.639601,362.095552,186.633497,175.462055,0.000000,24.024863,83.575461
medium_roughness_0076,medium_roughness,0.476875,44.680265,43.981118,984.048373,551.252896,293.299341,257.953555,0.000000,35.624553,81.189980
low_roughness_0103,low_roughness,0.387735,19.823753,52.889795,386.027709,181.858446,89.980379,91.878067,0.000000,12.987826,89.065846
medium_roughness_0088,medium_roughness,0.479711,45.643419,44.734494,1197.184327,661.629975,333.803823,327.826151,0.000000,43.022807,67.655383
high_roughness_0199,high_roughness,0.633707,39.714895,30.615118,552.434023,383.305696,175.027298,208.278398,0.000000,26.422285,150.155893
medium_roughness_0004,medium_roughness,0.453779,42.230956,40.761237,993.974946,588.818461,323.287243,265.531219,0.000000,38.570212,74.909105
high_roughness_0020,high_roughness,0.543654,38.183829,38.142122,684.254791,423.265494,224.179150,199.086344,0.000000,29.419274,124.102141
high_roughness_0036,high_roughness,0.547433,46.735259,37.253349,1033.801588,648.675872,309.390815,339.285056,0.000000,43.484170,96.139668
high_roughness_0130,high_roughness,0.582729,41.865552,37.221119,804.645696,505.147564,266.911899,238.235665,0.000000,34.451417,114.725385
high_roughness_0217,high_roughness,0.666147,36.808108,33.670882,656.966173,435.759870,216.077887,219.681983,0.000000,29.391224,93.068038
medium_roughness_0059,medium_roughness,0.470910,34.604648,44.912344,847.697761,466.976826,270.568937,196.407888,0.000000,31.938568,103.895211
high_roughness_0184,high_roughness,0.619050,30.389510,35.821203,522.154985,335.112790,157.092346,178.020444,0.000000,22.304069,125.142540
high_roughness_0013,high_roughness,0.540850,48.405814,41.581037,1201.181848,701.717979,358.830669,342.887310,0.000000,45.821229,112.380699
medium_roughness_0150,medium_roughness,0.502464,29.138949,40.925263,601.917172,355.580989,191.411438,164.169551,0.000000,23.421534,89.871133
high_roughness_0080,high_roughness,0.563683,26.419231,44.277700,501.612573,279.510062,138.130317,141.379745,0.000000,18.148995,72.863801
medium_roughness_0179,medium_roughness,0.512163,14.204088,46.918876,339.802861,180.371176,91.044612,89.326564,0.000000,12.009612,52.480496
high_roughness_0034,high_roughness,0.546797,32.555332,46.943090,809.219541,429.346886,217.469643,211.877243,0.000000,28.764954,72.760102
low_roughness_0210,low_roughness,0.439625,22.385375,49.182106,484.419797,246.171940,115.969294,130.202645,0.000000,16.937504,75.382994
medium_roughness_0215,medium_roughness,0.525004,33.233801,46.969525,797.823004,423.089329,210.818991,212.270338,0.000000,28.455571,88.672051
low_roughness_0081,low_roughness,0.370786,25.737576,52.281509,741.322858,353.748078,199.182773,154.565305,0.000000,23.324156,46.452011
high_roughness_0230,high_roughness,0.689123,28.781254,38.564064,543.004635,333.599981,151.930895,181.669085,0.000000,22.716145,78.863751
low_roughness_0113,low_roughness,0.396163,35.553932,47.047948,839.494508,444.529571,212.914950,231.614621,0.000000,28.898761,125.476624
medium_roughness_0042,medium_roughness,0.466163,39.548926,41.290698,781.480993,458.802039,244.352131,214.449908,0.000000,31.028372,94.165427
low_roughness_0109,low_roughness,0.394384,24.114347,48.255932,588.586779,304.558743,146.627526,157.931217,0.000000,19.974180,61.628376
medium_roughness_0183,medium_roughness,0.512749,34.384537,44.593665,773.290001,428.451645,219.379998,209.071648,0.000000,28.045291,69.281304
low_roughness_0136,low_roughness,0.408410,52.143782,42.924923,1230.214547,702.145896,339.130741,363.015155,0.000000,46.777631,119.502052
medium_roughness_0172,medium_roughness,0.510600,34.426831,48.409060,945.856043,487.976020,268.645483,219.330537,0.000000,32.686051,71.870753
medium_roughness_0124,medium_roughness,0.495733,28.384485,40.480102,595.975491,354.724004,184.057852,170.666152,0.000000,24.382312,70.870700
low_roughness_0114,low_roughness,0.398579,29.082971,45.635231,675.158759,367.048500,174.333900,192.714600,0.000000,24.573818,65.017786
medium_roughness_0191,medium_roughness,0.514082,51.664516,38.276744,1114.984636,688.204823,349.469931,338.734893,0.000000,45.606739,124.193907
low_roughness_0162,low_roughness,0.420413,40.981786,30.347811,661.878995,461.013212,200.978061,260.035150,0.000000,31.781013,85.459102
high_roughness_0067,high_roughness,0.558345,33.755337,39.528384,726.620234,439.398995,246.232418,193.166578,0.000000,29.517159,88.771656
low_roughness_0223,low_roughness,0.442991,27.217617,38.342038,477.125828,294.186064,112.433119,181.752944,0.000000,20.741862,87.998632
high_roughness_0094,high_roughness,0.567899,29.598833,34.974425,496.864368,323.088911,165.215750,157.873160,0.000000,22.693597,103.081075
medium_roughness_0047,medium_roughness,0.467057,33.460286,44.855352,745.357011,411.024498,215.662127,195.362371,0.000000,27.355742,75.369031
medium_roughness_0000,medium_roughness,0.451864,22.917467,44.212633,447.731543,249.777640,105.156833,144.620808,0.000000,17.778005,85.900079
low_roughness_0246,low_roughness,0.451040,40.612051,36.224903,742.553996,473.564531,210.044043,263.520487,0.000000,31.183838,96.543490
high_roughness_0163,high_roughness,0.596706,29.576290,37.491975,558.946874,349.386651,196.290162,153.096489,0.000000,24.274283,111.802030
medium_roughness_0197,medium_roughness,0.517807,23.922378,50.702205,527.624500,260.107245,115.782459,144.324786,0.000000,17.150090,69.750485
medium_roughness_0008,medium_roughness,0.454566,33.585323,44.027044,798.138431,446.741669,201.368061,245.373608,0.000000,29.828983,84.060625
low_roughness_0108,low_roughness,0.394302,39.663399,46.810782,1038.923664,552.595377,288.480680,264.114696,0.000000,35.886592,80.327762
high_roughness_0008,high_roughness,0.539831,39.302589,33.922660,679.949904,449.292810,183.082191,266.210618,0.000000,30.662054,97.153443
low_roughness_0095,low_roughness,0.382047,34.671312,47.982645,810.787187,421.750053,200.006309,221.743744,0.000000,28.204241,76.136817
low_roughness_0063,low_roughness,0.354950,40.196261,42.805616,884.076107,505.641882,281.470345,224.171537,0.000000,34.415770,102.861705
medium_roughness_0136,medium_roughness,0.500795,54.124762,41.234731,1265.724350,743.806322,397.420512,346.385810,0.000000,50.293254,95.532227
medium_roughness_0099,medium_roughness,0.485723,49.079138,37.018902,1086.949296,684.572606,360.380651,324.191955,0.000000,46.002858,99.635472
low_roughness_0112,low_roughness,0.395843,43.593308,36.590920,786.198565,498.521273,264.552429,233.968844,0.000000,34.050869,93.704790
medium_roughness_0017,medium_roughness,0.457171,24.360802,38.629433,425.695477,261.251729,138.523308,122.728421,0.000000,17.583624,85.048308
low_roughness_0083,low_roughness,0.372375,27.151925,48.187208,560.243783,290.277948,119.391068,170.886880,0.000000,20.384495,103.574042
high_roughness_0154,high_roughness,0.593820,27.509851,37.687805,525.953141,327.732946,173.830015,153.902931,0.000000,21.188688,95.516655
low_roughness_0018,low_roughness,0.276365,28.707393,34.492226,437.481262,286.584238,152.016598,134.567639,0.000000,20.335211,103.079703
high_roughness_0162,high_roughness,0.596279,17.436302,46.505698,376.213603,201.252839,86.089870,115.162969,0.000000,13.368225,54.673755
medium_roughness_0213,medium_roughness,0.524737,29.322398,45.020831,642.928796,353.476910,184.467168,169.009742,0.000000,23.496518,77.356324
low_roughness_0066,low_roughness,0.358651,44.703411,43.593874,1044.885270,589.379306,323.301680,266.077627,0.000000,40.341397,108.941060
medium_roughness_0198,medium_roughness,0.518020,35.910839,43.333231,811.377572,459.781456,236.834824,222.946633,0.000000,30.218518,73.035091
medium_roughness_0154,medium_roughness,0.502942,47.180390,40.735051,1108.705326,657.073643,361.344647,295.728996,0.000000,42.377951,85.497802
high_roughness_0074,high_roughness,0.562555,38.598994,34.215026,683.666317,449.749709,264.046735,185.702974,0.000000,30.267223,113.781288
medium_roughness_0244,medium_roughness,0.532667,34.611578,40.334300,748.685591,446.708496,210.123405,236.585091,0.000000,29.259243,79.725468
low_roughness_0177,low_roughness,0.425627,32.810089,48.756490,763.766531,391.380780,197.048112,194.332668,0.000000,26.284975,81.643938
low_roughness_0200,low_roughness,0.434253,14.450585,54.070885,314.986055,144.670309,68.826474,75.843835,0.000000,9.297188,52.920599
low_roughness_0006,low_roughness,0.187336,22.624607,42.650595,429.682320,246.420256,126.547667,119.872589,0.000000,17.612262,96.093028
medium_roughness_0095,medium_roughness,0.482913,12.195094,51.727285,334.055652,161.257731,89.833473,71.424258,0.000000,10.465403,26.925386
low_roughness_0107,low_roughness,0.392748,21.431704,31.984848,235.234423,159.995051,44.489417,115.505634,0.000000,11.930026,117.826768
medium_roughness_0049,medium_roughness,0.467977,17.525725,35.020496,288.365430,187.378427,92.604136,94.774291,0.000000,11.980773,42.152893
medium_roughness_0006,medium_roughness,0.454246,32.220201,43.851687,708.243021,397.666508,207.036231,190.630277,0.000000,26.894451,86.203659
medium_roughness_0054,medium_roughness,0.469756,34.675489,45.577411,855.833649,465.766830,257.333819,208.433012,0.000000,31.331979,113.521297
high_roughness_0238,high_roughness,0.703334,38.900558,32.703902,664.883593,447.440717,213.981155,233.459562,0.000000,30.238902,97.326777
medium_roughness_0064,medium_roughness,0.472379,38.617075,42.115292,799.901520,463.020663,232.825053,230.195610,0.000000,32.017408,92.838378
high_roughness_0145,high_roughness,0.589029,34.790819,42.382506,690.105856,397.621700,186.000232,211.621468,0.000000,26.355319,109.884845
medium_roughness_0071,medium_roughness,0.474879,28.419049,51.258413,798.859956,389.377024,187.394512,201.982512,0.000000,25.200779,57.399944
low_roughness_0168,low_roughness,0.422083,25.507389,47.258959,561.374823,296.074923,143.740693,152.334230,0.000000,20.250521,68.105659
low_roughness_0122,low_roughness,0.400558,32.379979,47.522666,787.227623,413.116065,224.582352,188.533713,0.000000,27.650284,88.068822
high_roughness_0183,high_roughness,0.618712,28.781911,52.173716,762.451430,364.652188,181.278903,183.373284,0.000000,24.874859,66.907710
medium_roughness_0106,medium_roughness,0.487600,14.248254,51.219062,367.810559,179.421441,93.238373,86.183068,0.000000,11.566686,34.644139
high_roughness_0113,high_roughness,0.575018,33.663069,44.365686,682.367704,379.630589,198.566681,181.063908,0.000000,25.368256,81.038959
low_roughness_0208,low_roughness,0.438819,32.953342,33.179313,629.651751,420.737626,204.325840,216.411786,0.000000,28.435206,90.856291
medium_roughness_0139,medium_roughness,0.501153,43.607083,36.530469,907.995847,576.300706,317.794014,258.506692,0.000000,38.195504,80.177820
medium_roughness_0227,medium_roughness,0.527902,13.881887,53.987509,373.151781,171.696428,71.106692,100.589736,0.000000,11.373231,30.439484
low_roughness_0017,low_roughness,0.267707,37.811547,47.504340,952.652316,500.101123,283.018653,217.082469,0.000000,32.711605,63.127535
low_roughness_0238,low_roughness,0.448550,24.776847,45.516336,477.932083,260.394908,140.974593,119.420316,0.000000,18.336123,89.130642
low_roughness_0220,low_roughness,0.442533,33.055442,48.027880,918.525266,477.377057,238.505745,238.871312,0.000000,31.653808,67.631951
high_roughness_0213,high_roughness,0.659469,15.121313,45.511347,331.684260,180.730287,83.227224,97.503063,0.000000,11.989426,38.780349
low_roughness_0047,low_roughness,0.339790,35.161922,46.095157,817.055125,440.432282,244.735387,195.696895,0.000000,30.456274,119.098850
medium_roughness_0243,medium_roughness,0.532070,46.991447,41.107850,1031.286608,607.346855,331.881096,275.465760,0.000000,41.065460,112.938711
low_roughness_0145,low_roughness,0.413373,36.268845,46.035291,881.972415,475.953845,260.385385,215.568460,0.000000,31.757180,83.351495
high_roughness_0227,high_roughness,0.677292,21.131268,44.685347,430.320854,238.030489,109.386001,128.644488,0.000000,15.808591,64.632552
high_roughness_0205,high_roughness,0.641447,30.939119,39.981452,569.410618,341.751988,162.560136,179.191852,0.000000,23.087013,76.944143
medium_roughness_0184,medium_roughness,0.512803,29.228600,43.459730,630.995722,356.766684,192.381440,164.385245,0.000000,24.124629,99.020443
high_roughness_0243,high_roughness,0.716723,23.750960,42.077162,448.523587,259.797589,113.256609,146.540980,0.000000,17.692385,91.063618
low_roughness_0050,low_roughness,0.342527,44.063848,43.096842,1089.237655,619.810623,314.611152,305.199471,0.000000,40.714352,77.769886
low_roughness_0182,low_roughness,0.427202,32.313411,49.229099,809.469491,410.974950,214.828209,196.146741,0.000000,27.423067,67.884587
low_roughness_0053,low_roughness,0.345075,24.133448,51.477618,652.494958,316.606096,160.355542,156.250554,0.000000,21.343940,56.281181
low_roughness_0185,low_roughness,0.428881,31.638747,41.487505,629.333628,368.238807,164.809842,203.428965,0.000000,25.358755,76.343719
medium_roughness_0073,medium_roughness,0.475697,33.299978,50.837541,857.963972,421.796182,218.012217,203.783965,0.000000,27.013324,61.926270
high_roughness_0206,high_roughness,0.648139,27.650524,37.941072,497.572950,308.788439,141.831529,166.956910,0.000000,19.895926,77.105408
low_roughness_0021,low_roughness,0.288997,28.481366,43.328591,535.880553,303.691062,132.433400,171.257662,0.000000,20.966433,74.060265
high_roughness_0160,high_roughness,0.595667,32.317430,37.135131,614.835657,386.515629,198.524158,187.991472,0.000000,26.536762,80.184920
low_roughness_0019,low_roughness,0.278141,38.321263,34.191987,613.556876,403.769589,219.427215,184.342374,0.000000,28.709858,121.312624
high_roughness_0024,high_roughness,0.544215,43.902960,29.398589,674.691186,476.341495,210.732376,265.609119,0.000000,31.819557,141.163280
low_roughness_0148,low_roughness,0.414337,27.964785,43.865716,558.334346,313.416990,146.924910,166.492080,0.000000,20.554941,82.405254
low_roughness_0094,low_roughness,0.380561,24.547862,51.130288,516.769384,252.543711,135.910327,116.633384,0.000000,17.966093,109.800063
medium_roughness_0140,medium_roughness,0.501255,30.681187,44.183296,679.457022,379.250514,194.262188,184.988326,0.000000,25.535492,85.719782
medium_roughness_0107,medium_roughness,0.487830,36.598937,46.092201,916.447423,494.036634,257.045367,236.991267,0.000000,31.976210,74.236421
low_roughness_0041,low_roughness,0.334452,55.203874,40.386704,1280.051586,763.080941,438.933299,324.147642,0.000000,51.222930,144.685956
medium_roughness_0120,medium_roughness,0.494008,46.108341,41.031762,1046.540286,617.126363,299.960728,317.165636,0.000000,40.809976,79.359227
high_roughness_0164,high_roughness,0.598597,29.698129,46.736563,658.413948,350.693900,182.834487,167.859413,0.000000,23.081794,66.268918
low_roughness_0167,low_roughness,0.421954,32.222559,46.875535,776.026092,412.259707,199.604499,212.655208,0.000000,27.853836,72.370979
low_roughness_0166,low_roughness,0.421575,37.274665,49.267931,1049.511084,532.438689,278.940145,253.498544,0.000000,34.169966,65.398479
high_roughness_0224,high_roughness,0.670503,34.955630,33.171987,585.218049,391.089592,189.063562,202.026030,0.000000,26.993658,105.011963
high_roughness_0077,high_roughness,0.562899,23.746384,45.060607,517.076302,284.078579,147.049977,137.028602,0.000000,18.579538,70.622040
high_roughness_0149,high_roughness,0.590525,46.045466,40.607096,1017.306841,604.208070,312.513131,291.694939,0.000000,40.714456,109.872735
high_roughness_0155,high_roughness,0.594363,19.508251,43.054892,387.325528,220.562938,115.485796,105.077143,0.000000,14.999614,77.625575
high_roughness_0161,high_roughness,0.596022,31.421548,42.619618,641.166592,367.903840,195.611547,172.292294,0.000000,25.116664,100.790421
high_roughness_0159,high_roughness,0.595546,38.478565,40.162597,722.087373,432.078334,226.408951,205.669383,0.000000,30.454701,119.150843
medium_roughness_0096,medium_roughness,0.483244,42.252741,43.657310,969.278155,546.117385,289.861940,256.255445,0.000000,36.798109,109.288248
low_roughness_0075,low_roughness,0.364803,42.521048,46.949518,1105.491123,586.468365,277.597049,308.871316,0.000000,38.976930,86.297410
high_roughness_0109,high_roughness,0.573414,30.337060,41.044690,624.527486,368.192113,188.614944,179.577169,0.000000,24.106509,61.800585
low_roughness_0241,low_roughness,0.449815,33.541517,37.036727,609.823687,383.964953,182.672417,201.292535,0.000000,26.239015,74.070988
high_roughness_0018,high_roughness,0.543605,28.731822,49.541056,696.278144,351.334599,174.806350,176.528249,0.000000,24.145906,81.410245
low_roughness_0247,low_roughness,0.451312,43.611508,47.178406,1201.891952,634.858484,320.474297,314.384187,0.000000,41.367936,81.478715
low_roughness_0100,low_roughness,0.385817,24.806198,51.406071,685.678420,333.198084,184.954541,148.243544,0.000000,22.220428,45.313180
low_roughness_0140,low_roughness,0.409480,24.104284,47.456427,570.262333,299.636204,139.875256,159.760948,0.000000,19.735252,45.011062
low_roughness_0080,low_roughness,0.370156,33.262054,50.702222,870.285046,429.031188,203.309217,225.721971,0.000000,28.321179,78.421281
high_roughness_0064,high_roughness,0.557877,40.109069,44.046151,993.521664,555.913615,290.813922,265.099693,0.000000,36.017853,76.006762
medium_roughness_0101,medium_roughness,0.486462,12.847505,51.774922,347.259024,167.465935,68.710134,98.755801,0.000000,10.861432,30.695693
medium_roughness_0219,medium_roughness,0.525733,49.963417,36.304996,1108.335353,705.954246,368.438386,337.515860,0.000000,47.161117,78.960174
high_roughness_0084,high_roughness,0.565175,26.509089,44.336192,535.026881,297.816338,162.550772,135.265566,0.000000,20.913306,73.040717
low_roughness_0217,low_roughness,0.441437,47.926212,40.944396,1125.293987,664.549158,339.840975,324.708183,0.000000,44.878434,113.120049
low_roughness_0005,low_roughness,0.185834,25.603645,39.057995,426.447528,259.885672,138.210913,121.674759,0.000000,18.510888,82.493493
low_roughness_0204,low_roughness,0.436507,37.319984,45.734544,891.322519,483.680231,247.193142,236.487089,0.000000,31.134836,87.899054
medium_roughness_0162,medium_roughness,0.505963,36.824195,34.962878,743.545778,483.580776,238.734669,244.846108,0.000000,32.807452,102.391478
medium_roughness_0187,medium_roughness,0.513474,24.499640,41.964169,535.353908,310.697091,124.662086,186.035006,0.000000,20.456425,69.978278
low_roughness_0186,low_roughness,0.428944,28.472988,42.888062,586.326684,334.862532,172.115492,162.747040,0.000000,22.909924,71.267525
low_roughness_0118,low_roughness,0.399270,22.267901,51.620949,576.988274,279.141451,131.511787,147.629664,0.000000,18.030883,64.133717
high_roughness_0120,high_roughness,0.578535,16.266706,41.034086,306.293052,180.608499,103.683279,76.925220,0.000000,12.300792,54.353805
low_roughness_0086,low_roughness,0.372791,17.620537,38.015754,318.772786,197.588908,84.416599,113.172309,0.000000,13.497158,61.405213
medium_roughness_0211,medium_roughness,0.523597,36.521346,39.923196,768.428637,461.647366,223.696338,237.951027,0.000000,30.828996,90.587723
high_roughness_0135,high_roughness,0.584291,28.662390,49.227521,664.511049,337.388730,163.266382,174.122349,0.000000,23.159522,72.704634
low_roughness_0179,low_roughness,0.426097,24.015273,43.547859,466.923906,263.588542,119.982115,143.606427,0.000000,18.571826,66.424133
low_roughness_0003,low_roughness,0.171256,33.000877,48.735198,826.103902,423.500533,195.042730,228.457803,0.000000,28.767402,74.859727
medium_roughness_0024,medium_roughness,0.460954,32.882830,41.710693,616.734994,359.490552,180.122470,179.368082,0.000000,25.145083,86.934003
low_roughness_0123,low_roughness,0.401023,22.251291,45.645483,535.611053,291.128800,143.778612,147.350188,0.000000,18.964978,44.233486
high_roughness_0202,high_roughness,0.636889,29.729882,40.199809,574.330077,343.450485,146.806030,196.644455,0.000000,22.864870,89.828100
high_roughness_0019,high_roughness,0.543627,29.543753,36.711841,548.244998,346.974164,151.051197,195.922967,0.000000,23.258811,99.690861
low_roughness_0174,low_roughness,0.425063,34.557242,46.138224,772.349439,416.001123,203.519091,212.482032,0.000000,28.274529,83.983318
medium_roughness_0206,medium_roughness,0.520729,58.923265,37.459200,1369.562112,856.535106,452.282517,404.252589,0.000000,55.689389,110.337750
high_roughness_0081,high_roughness,0.563757,22.371593,43.813431,479.785264,269.574878,135.650236,133.924641,0.000000,18.053135,68.005325
high_roughness_0168,high_roughness,0.604488,42.328234,25.849091,646.384261,479.299804,242.369566,236.930239,0.000000,32.692507,129.409343
medium_roughness_0175,medium_roughness,0.511258,34.923614,30.283281,578.891904,403.584440,187.708756,215.875684,0.000000,26.175191,91.354439
medium_roughness_0126,medium_roughness,0.495983,19.243716,38.599291,327.336325,200.986825,102.086424,98.900401,0.000000,14.022273,63.732312
high_roughness_0148,high_roughness,0.589831,19.880333,47.892012,475.107188,247.568798,117.514342,130.054457,0.000000,15.907237,51.645327
high_roughness_0032,high_roughness,0.546581,14.651349,46.364322,296.846217,159.215481,61.422759,97.792723,0.000000,10.767689,52.317719
low_roughness_0130,low_roughness,0.406174,44.900670,35.299074,851.219040,550.746597,232.087187,318.659410,0.000000,37.107123,120.516284
low_roughness_0199,low_roughness,0.434147,26.323665,49.840209,614.948094,308.456676,171.508837,136.947839,0.000000,21.162044,86.097767
high_roughness_0229,high_roughness,0.686886,39.910277,29.709201,647.132143,454.874354,223.027208,231.847146,0.000000,31.602852,104.051108
low_roughness_0149,low_roughness,0.415264,36.877932,47.461325,992.145816,521.260268,249.552766,271.707501,0.000000,34.182269,64.833752
medium_roughness_0050,medium_roughness,0.468366,25.827144,49.929583,623.114734,311.996147,153.896621,158.099526,0.000000,19.958477,75.284299
high_roughness_0147,high_roughness,0.589820,35.938342,36.002229,595.897143,381.360887,172.439981,208.920906,0.000000,26.825101,85.345746
medium_roughness_0153,medium_roughness,0.502769,26.426481,50.731669,714.272153,351.909970,185.966225,165.943745,0.000000,22.450046,54.389228
medium_roughness_0111,medium_roughness,0.489234,24.173672,48.579161,648.640391,333.536330,163.397553,170.138777,0.000000,22.389216,54.680460
high_roughness_0211,high_roughness,0.658051,30.179019,44.667962,652.033473,360.783408,186.697406,174.086002,0.000000,23.520396,73.108608
high_roughness_0045,high_roughness,0.550507,34.261775,46.649699,789.121565,420.998732,211.101755,209.896977,0.000000,28.143083,75.788164
high_roughness_0028,high_roughness,0.544685,43.617948,43.667728,1038.837116,585.200545,307.735029,277.465516,0.000000,38.518801,91.599179
high_roughness_0056,high_roughness,0.555283,22.875193,50.489674,535.652789,265.203440,128.404988,136.798451,0.000000,17.046207,66.560726
low_roughness_0203,low_roughness,0.435235,33.552707,46.014868,731.305105,394.796029,174.832126,219.963903,0.000000,26.499160,74.485123
high_roughness_0124,high_roughness,0.579326,39.034692,39.065003,765.026552,466.168904,244.058024,222.110880,0.000000,30.592393,129.636810
high_roughness_0237,high_roughness,0.701523,29.028422,46.046882,719.429821,388.154822,183.323346,204.831476,0.000000,25.256345,59.463570
medium_roughness_0193,medium_roughness,0.515981,46.682528,40.410326,1071.606952,638.567092,315.856071,322.711021,0.000000,41.772128,84.650920
medium_roughness_0209,medium_roughness,0.522237,43.880386,42.473846,931.413277,535.806235,272.874551,262.931684,0.000000,36.534531,107.605914
high_roughness_0076,high_roughness,0.562813,33.259730,43.921014,689.016599,386.393523,184.583901,201.809622,0.000000,26.406366,102.932475
high_roughness_0004,high_roughness,0.536637,24.650971,45.824051,547.601232,296.668163,149.304335,147.363828,0.000000,19.207537,61.691669
medium_roughness_0207,medium_roughness,0.521544,31.242855,40.813832,618.838603,366.266856,166.558416,199.708440,0.000000,24.316303,84.384986
low_roughness_0037,low_roughness,0.328563,28.230319,44.612821,675.876636,374.349005,179.031868,195.317137,0.000000,24.926470,47.446262
high_roughness_0185,high_roughness,0.620530,43.604603,37.512298,847.600277,529.645935,245.801159,283.844776,0.000000,36.347813,89.943393
low_roughness_0169,low_roughness,0.422302,43.380431,25.005120,513.638415,385.202512,143.493325,241.709187,0.000000,25.692519,125.460561
medium_roughness_0002,medium_roughness,0.453083,40.966833,47.705227,1008.651427,527.471969,252.262374,275.209595,0.000000,34.240554,86.896244
low_roughness_0206,low_roughness,0.437756,40.230299,46.446692,999.580417,535.308375,264.665266,270.643109,0.000000,35.924887,100.691587
low_roughness_0042,low_roughness,0.335223,27.690849,50.839229,675.620025,332.140016,184.560136,147.579880,0.000000,22.201352,65.386927
low_roughness_0175,low_roughness,0.425476,24.747425,38.429126,448.809246,276.335777,111.811880,164.523897,0.000000,19.597108,96.438363
medium_roughness_0081,medium_roughness,0.478145,34.955156,41.578251,738.482616,431.434461,208.704976,222.729484,0.000000,28.617730,81.818895
medium_roughness_0245,medium_roughness,0.533366,48.735815,34.532607,897.746720,587.731369,331.063691,256.667678,0.000000,39.960020,93.132379
high_roughness_0117,high_roughness,0.577090,25.742705,45.008366,552.911800,304.055236,165.566045,138.489191,0.000000,20.866727,81.562663
low_roughness_0191,low_roughness,0.430386,41.343460,45.428871,1038.266855,566.593948,305.913413,260.680535,0.000000,38.277660,75.205681
medium_roughness_0082,medium_roughness,0.478353,42.728652,34.783522,757.697377,494.143540,219.447150,274.696390,0.000000,32.258259,121.861613
low_roughness_0084,low_roughness,0.372511,42.223798,40.573898,889.839698,528.797044,281.539736,247.257308,0.000000,35.170415,89.919595
medium_roughness_0032,medium_roughness,0.464766,19.249353,54.769523,574.867426,260.015279,125.799210,134.216069,0.000000,17.076235,37.289632
low_roughness_0111,low_roughness,0.394961,37.376731,45.654861,907.589658,493.230859,216.116728,277.114130,0.000000,33.671058,77.361953
medium_roughness_0145,medium_roughness,0.502089,23.179634,36.672060,358.131858,226.797528,110.303804,116.493724,0.000000,15.822912,75.667535
high_roughness_0222,high_roughness,0.670138,29.351447,39.565835,610.811353,369.138744,170.018523,199.120221,0.000000,23.727461,76.553518
high_roughness_0072,high_roughness,0.561714,16.376955,50.008619,419.177755,209.552749,107.982899,101.569850,0.000000,13.980752,36.110702
high_roughness_0208,high_roughness,0.650133,33.077932,49.527480,894.801258,451.628740,250.903114,200.725626,0.000000,29.363672,65.310948
low_roughness_0001,low_roughness,0.155963,44.678302,42.268805,883.498693,510.054351,217.358817,292.695534,0.000000,35.323124,102.528266
medium_roughness_0072,medium_roughness,0.475444,17.073448,48.650839,386.009777,198.212781,70.134657,128.078124,0.000000,13.279575,59.874525
medium_roughness_0247,medium_roughness,0.533593,47.263677,44.853368,1224.677176,675.368219,352.120076,323.248143,0.000000,43.828344,83.003738
high_roughness_0196,high_roughness,0.631471,29.402783,32.971854,492.789454,330.307635,151.970486,178.337149,0.000000,23.000014,93.016682
low_roughness_0228,low_roughness,0.444227,42.526396,32.012457,728.919483,495.574447,287.507926,208.066521,0.000000,34.515256,110.300401
low_roughness_0057,low_roughness,0.348685,19.399806,56.978369,586.149743,252.171177,125.660971,126.510206,0.000000,16.752425,49.270246
low_roughness_0221,low_roughness,0.442760,24.915243,45.213138,567.539384,310.937016,151.759312,159.177704,0.000000,20.772118,55.298048
high_roughness_0073,high_roughness,0.561987,32.935894,32.432592,582.542033,393.608552,200.918874,192.689678,0.000000,26.262462,99.967724
low_roughness_0038,low_roughness,0.328599,52.811195,35.120782,1157.081301,750.705298,416.050916,334.654382,0.000000,49.784955,88.444772
high_roughness_0231,high_roughness,0.689767,18.453907,37.442878,265.377918,166.012787,66.585958,99.426830,0.000000,11.829233,75.233220
medium_roughness_0123,medium_roughness,0.495466,30.626652,43.236808,571.726404,324.530157,142.648748,181.881409,0.000000,20.713956,113.632840
high_roughness_0171,high_roughness,0.607114,34.524197,45.356582,858.652158,469.196890,262.046992,207.149898,0.000000,31.029374,77.593772
high_roughness_0101,high_roughness,0.570100,31.600282,46.050997,704.535343,380.089791,210.829623,169.260168,0.000000,25.665446,89.413593
low_roughness_0193,low_roughness,0.430665,24.276423,42.466912,549.477590,316.131426,157.200608,158.930818,0.000000,21.346337,70.532529
low_roughness_0144,low_roughness,0.412654,17.432784,47.030084,377.667273,200.050037,96.819880,103.230157,0.000000,13.931248,72.306584
high_roughness_0136,high_roughness,0.585485,36.935970,41.816374,761.113142,442.843227,235.789832,207.053394,0.000000,30.108793,103.519479
low_roughness_0070,low_roughness,0.361366,50.780537,43.084028,1257.053222,715.464063,363.695314,351.768749,0.000000,46.938497,85.658719
low_roughness_0196,low_roughness,0.432965,53.499075,41.072822,1291.548776,761.073242,388.799663,372.273580,0.000000,50.518576,124.333573
low_roughness_0127,low_roughness,0.402950,42.811236,40.061485,972.336414,582.804005,274.579344,308.224661,0.000000,38.149773,81.701211
medium_roughness_0170,medium_roughness,0.508356,33.743244,40.349307,608.325318,362.870265,205.395694,157.474571,0.000000,25.988470,108.093736
low_roughness_0219,low_roughness,0.441551,30.301640,50.227926,759.161372,377.850357,181.165247,196.685109,0.000000,25.923363,90.335133
high_roughness_0007,high_roughness,0.538854,29.671709,37.824881,461.906405,287.190857,155.014096,132.176760,0.000000,18.851143,107.228872
medium_roughness_0105,medium_roughness,0.487545,15.203360,44.589071,324.091166,179.581926,73.204909,106.377017,0.000000,12.347868,63.243697
high_roughness_0110,high_roughness,0.574459,31.508932,36.988428,544.156040,342.881278,151.990960,190.890318,0.000000,23.229061,111.908472
high_roughness_0182,high_roughness,0.618306,36.861858,29.046965,563.958500,400.145673,204.790947,195.354726,0.000000,28.142094,146.240845
medium_roughness_0156,medium_roughness,0.503807,27.994756,40.132114,505.241562,302.477442,181.703868,120.773574,0.000000,20.728530,85.127782
low_roughness_0183,low_roughness,0.428498,40.004777,34.610499,754.529275,493.382926,228.372644,265.010282,0.000000,34.070417,93.493224
low_roughness_0051,low_roughness,0.342874,39.456183,40.872030,908.991697,537.468342,293.011145,244.457197,0.000000,36.323783,109.125574
low_roughness_0099,low_roughness,0.385687,3.732419,77.408520,201.482250,45.517822,18.728421,26.789401,0.000000,3.000120,8.120590
low_roughness_0164,low_roughness,0.420664,19.127310,54.583866,451.668437,205.130345,91.111617,114.018727,0.000000,14.095630,52.076937
high_roughness_0100,high_roughness,0.569871,26.105876,47.344626,613.529260,323.056127,145.626421,177.429706,0.000000,21.500412,55.821400
high_roughness_0048,high_roughness,0.551346,37.182552,28.648344,543.822305,388.026222,180.911949,207.114273,0.000000,27.524941,107.257129
low_roughness_0249,low_roughness,0.451583,34.115710,46.938947,909.701657,482.697275,272.170741,210.526534,0.000000,31.747172,51.577260
medium_roughness_0117,medium_roughness,0.492348,26.198781,32.674900,441.470908,297.220728,144.793816,152.426912,0.000000,20.940803,79.974758
low_roughness_0233,low_roughness,0.446388,38.311176,28.243578,505.302042,362.586665,150.421493,212.165172,0.000000,23.674849,120.822639
low_roughness_0209,low_roughness,0.439082,36.504778,37.551044,690.672456,431.317738,216.197097,215.120641,0.000000,30.177238,116.284161
low_roughness_0137,low_roughness,0.408892,20.352391,43.906447,380.111117,213.217830,106.590772,106.627058,0.000000,14.583280,58.067384
low_roughness_0138,low_roughness,0.408912,34.917706,50.640017,951.546342,469.683116,230.276926,239.406191,0.000000,30.933278,64.401831
medium_roughness_0205,medium_roughness,0.520613,36.977091,37.765561,750.034955,466.780043,209.410123,257.369921,0.000000,30.794577,75.563284
high_roughness_0098,high_roughness,0.568855,20.435239,50.130717,491.508317,245.111672,105.624423,139.487249,0.000000,16.297926,50.198014
low_roughness_0205,low_roughness,0.436528,35.139586,50.632786,920.008483,454.182558,236.441191,217.741367,0.000000,29.739942,67.678983
high_roughness_0144,high_roughness,0.588904,39.207316,45.757255,1047.469854,568.176405,294.564040,273.612365,0.000000,37.851498,66.838394
high_roughness_0178,high_roughness,0.615966,27.532341,46.834479,566.642653,301.258517,136.053562,165.204955,0.000000,21.344511,103.544031
high_roughness_0221,high_roughness,0.669975,35.982021,41.643099,684.339311,399.359216,204.890284,194.468932,0.000000,26.387208,86.165171
medium_roughness_0018,medium_roughness,0.458505,21.284197,47.530158,519.396184,272.526355,130.563323,141.963032,0.000000,18.119390,55.563001
medium_roughness_0201,medium_roughness,0.518219,19.885735,48.352458,459.793493,237.472037,98.885613,138.586425,0.000000,16.122625,52.960231
high_roughness_0212,high_roughness,0.658925,27.406765,42.362393,523.963739,302.000158,160.874294,141.125865,0.000000,20.146412,68.586175
medium_roughness_0178,medium_roughness,0.512028,49.754874,43.489253,1304.655596,737.270622,363.736670,373.533952,0.000000,48.209035,100.228948
high_roughness_0226,high_roughness,0.672860,38.094534,33.327975,689.124889,459.453515,247.452681,212.000834,0.000000,30.249746,115.327677
low_roughness_0181,low_roughness,0.427121,38.194580,46.663507,923.242428,492.425135,216.654646,275.770490,0.000000,33.516653,87.513630
medium_roughness_0114,medium_roughness,0.491637,30.523431,39.865358,573.466022,344.851739,130.118663,214.733076,0.000000,23.909592,95.738488
medium_roughness_0025,medium_roughness,0.461457,30.158847,45.635477,587.584839,319.437694,174.198308,145.239386,0.000000,22.454799,119.456174
high_roughness_0096,high_roughness,0.568399,24.821059,40.125497,531.738475,318.375770,152.709326,165.666444,0.000000,21.603936,62.599590
medium_roughness_0014,medium_roughness,0.455635,30.297253,46.523861,660.379882,353.145660,162.621993,190.523668,0.000000,24.017472,88.862052
high_roughness_0017,high_roughness,0.543565,13.194490,58.977198,441.680115,181.189557,91.858141,89.331416,0.000000,12.022867,42.275402
high_roughness_0137,high_roughness,0.586006,29.205112,33.856543,500.377934,330.967264,146.929687,184.037577,0.000000,22.501727,91.310868
low_roughness_0088,low_roughness,0.377249,46.055801,43.939446,1165.296944,653.271928,310.467938,342.803990,0.000000,42.797145,75.370523
high_roughness_0239,high_roughness,0.705536,24.289105,41.342118,505.977151,296.795479,143.053425,153.742054,0.000000,20.171768,54.983262
medium_roughness_0234,medium_roughness,0.530204,48.660982,38.163282,1030.127864,636.997266,302.457401,334.539865,0.000000,42.564630,121.799794
high_roughness_0046,high_roughness,0.550703,19.645171,49.366917,465.980981,235.940536,142.015250,93.925286,0.000000,16.064784,66.742945
low_roughness_0135,low_roughness,0.408268,28.645306,47.891948,632.414473,329.538862,176.981739,152.557123,0.000000,23.157409,115.761331
high_roughness_0156,high_roughness,0.594365,39.949589,39.364093,762.429625,462.306116,201.165146,261.140971,0.000000,31.804603,116.906899
low_roughness_0064,low_roughness,0.356960,41.943408,42.942356,978.765445,558.460500,257.969317,300.491184,0.000000,36.536477,85.346057
low_roughness_0062,low_roughness,0.354343,16.785565,49.355779,371.412098,188.098766,94.243106,93.855660,0.000000,12.447942,50.968081
low_roughness_0030,low_roughness,0.310500,39.041197,48.860712,1029.726760,526.594935,254.259928,272.335007,0.000000,34.602960,75.704457
medium_roughness_0220,medium_roughness,0.526159,24.914293,48.010991,516.001770,268.264207,126.115133,142.149074,0.000000,17.321888,110.917884
medium_roughness_0091,medium_roughness,0.481668,16.020310,46.147636,292.554093,157.547295,80.583320,76.963975,0.000000,11.001401,65.886368
high_roughness_0197,high_roughness,0.633055,29.330493,37.508175,552.182411,345.068868,194.399206,150.669662,0.000000,22.966323,81.579410
low_roughness_0237,low_roughness,0.448367,36.208477,35.178157,650.901923,421.926621,199.064393,222.862228,0.000000,29.224049,104.496012
medium_roughness_0044,medium_roughness,0.466698,23.114572,26.831216,350.471374,256.435641,137.963169,118.472472,0.000000,17.513214,57.815915
high_roughness_0123,high_roughness,0.579268,36.375923,47.471477,828.139067,435.009223,230.318855,204.690368,0.000000,29.110755,118.074651
medium_roughness_0045,medium_roughness,0.466774,35.704789,41.772536,708.981725,412.822079,199.040016,213.782062,0.000000,26.683979,88.904045
medium_roughness_0097,medium_roughness,0.483306,42.890543,43.973730,1032.855452,578.670383,318.148401,260.521982,0.000000,38.273310,89.862543
medium_roughness_0212,medium_roughness,0.524589,26.772321,54.249522,734.201593,335.900742,163.029168,172.871574,0.000000,22.238424,65.804172
low_roughness_0165,low_roughness,0.420667,32.442692,48.636784,904.173599,464.412635,242.517707,221.894928,0.000000,30.002838,76.095195
high_roughness_0043,high_roughness,0.550095,46.219871,43.138474,1139.697986,648.049661,330.141732,317.907929,0.000000,42.371620,105.120319
low_roughness_0192,low_roughness,0.430506,21.727197,38.265765,347.312024,214.410421,88.105546,126.304876,0.000000,15.479897,88.486287
low_roughness_0161,low_roughness,0.420250,53.698284,39.162271,1192.830285,725.690857,409.564749,316.126109,0.000000,49.091661,119.116439
low_roughness_0129,low_roughness,0.404829,34.775038,44.894118,822.012418,452.977196,221.343913,231.633283,0.000000,29.171669,85.495081
high_roughness_0060,high_roughness,0.556909,21.904492,54.424375,656.178603,299.057500,152.560150,146.497350,0.000000,19.754769,54.388959
medium_roughness_0051,medium_roughness,0.468467,41.131513,40.048541,874.883735,524.505568,283.491159,241.014409,0.000000,35.102592,79.491501
medium_roughness_0013,medium_roughness,0.455515,54.439233,40.802665,1315.371057,778.664616,413.520730,365.143886,0.000000,50.678510,118.827921
low_roughness_0121,low_roughness,0.400426,36.245255,37.939016,640.392557,397.433920,163.246199,234.187721,0.000000,26.729001,79.324343
medium_roughness_0053,medium_roughness,0.469029,46.523755,45.941153,1188.073297,642.258725,342.186628,300.072097,0.000000,41.132163,87.578213
medium_roughness_0119,medium_roughness,0.493344,38.416219,39.954512,838.159976,503.277245,257.082545,246.194700,0.000000,32.729494,74.712096
high_roughness_0107,high_roughness,0.572598,16.265937,37.603953,293.175668,182.930027,84.597604,98.332423,0.000000,12.904424,67.790180
high_roughness_0166,high_roughness,0.600706,29.852248,42.619022,586.975415,336.812236,175.282605,161.529631,0.000000,23.440223,95.440114
medium_roughness_0171,medium_roughness,0.508688,38.468857,33.106636,605.669613,405.152777,224.932489,180.220288,0.000000,28.099058,129.747972
low_roughness_0143,low_roughness,0.412093,35.513269,47.499357,897.993609,471.452416,217.081308,254.371108,0.000000,31.882825,80.080534
medium_roughness_0052,medium_roughness,0.468921,27.929304,48.150785,640.111869,331.892977,171.132951,160.760026,0.000000,21.911856,67.949412
high_roughness_0021,high_roughness,0.543694,31.793305,50.533962,747.646094,369.830902,213.106685,156.724216,0.000000,24.740243,100.895046
high_roughness_0209,high_roughness,0.652709,38.380429,40.574381,763.910259,453.958401,225.391874,228.566527,0.000000,30.023450,83.671616
high_roughness_0210,high_roughness,0.653562,28.142897,36.579200,535.079417,339.351647,159.529842,179.821805,0.000000,22.781828,71.309421
high_roughness_0187,high_roughness,0.620824,30.538248,42.193885,656.588988,379.548586,203.794115,175.754471,0.000000,25.409316,63.352756
high_roughness_0165,high_roughness,0.599232,23.037858,50.078802,579.249433,289.168258,154.607198,134.561060,0.000000,19.119308,54.556065
low_roughness_0153,low_roughness,0.416767,36.704279,41.379334,874.396242,512.576904,277.465229,235.111676,0.000000,33.834358,82.892558
medium_roughness_0031,medium_roughness,0.464120,30.812615,35.519942,504.478104,325.287775,173.038280,152.249495,0.000000,22.861959,105.730606
high_roughness_0225,high_roughness,0.672753,31.575985,27.042427,468.257589,341.629373,165.719421,175.909952,0.000000,22.547982,105.959007
high_roughness_0049,high_roughness,0.551370,38.584711,42.764175,804.910380,460.697093,258.810015,201.887078,0.000000,31.712739,142.519105
medium_roughness_0026,medium_roughness,0.462305,28.987268,50.524796,779.996980,385.905095,189.172506,196.732589,0.000000,25.718043,74.468906
medium_roughness_0093,medium_roughness,0.481704,54.170239,40.388391,1270.003356,757.069431,403.866599,353.202832,0.000000,49.211235,97.996703
medium_roughness_0122,medium_roughness,0.494427,21.437228,41.451178,457.762418,268.014506,121.066973,146.947533,0.000000,17.855236,58.249866
high_roughness_0235,high_roughness,0.698997,28.816012,43.286668,594.915392,337.396343,183.957016,153.439327,0.000000,22.141986,104.236660
low_roughness_0197,low_roughness,0.433295,33.072483,43.438380,676.389947,382.577110,207.232032,175.345078,0.000000,26.419902,97.035690
medium_roughness_0075,medium_roughness,0.476404,29.097280,40.226736,552.857865,330.461194,171.241528,159.219666,0.000000,23.015815,94.401538
medium_roughness_0158,medium_roughness,0.505623,47.102809,41.645798,1053.067308,614.509028,318.465226,296.043802,0.000000,41.821875,109.518482
medium_roughness_0001,medium_roughness,0.452239,25.956043,38.447308,467.344864,287.663345,131.692644,155.970702,0.000000,20.154262,83.344102
high_roughness_0180,high_roughness,0.617023,25.374603,39.761589,506.715865,305.237584,151.315961,153.921624,0.000000,20.359106,53.248746
low_roughness_0190,low_roughness,0.430185,45.638257,39.098732,961.610788,585.633160,269.752393,315.880767,0.000000,39.879776,97.913289
high_roughness_0014,high_roughness,0.541086,28.281610,41.320914,558.843297,327.924139,196.861853,131.062286,0.000000,22.265788,93.635225
low_roughness_0046,low_roughness,0.339007,40.694927,40.574058,868.433148,516.074579,228.365161,287.709418,0.000000,34.584137,90.306407
medium_roughness_0016,medium_roughness,0.456664,23.712595,48.930042,570.428345,291.317517,153.341054,137.976464,0.000000,19.583908,63.445538
high_roughness_0223,high_roughness,0.670265,22.426940,37.514544,434.956164,271.784341,110.191261,161.593080,0.000000,18.485817,49.181677
low_roughness_0020,low_roughness,0.287351,34.785119,44.924722,764.781394,421.205481,228.854913,192.350568,0.000000,29.357447,107.228298
medium_roughness_0130,medium_roughness,0.498283,27.775951,46.857595,677.881432,360.242495,189.918872,170.323623,0.000000,23.685586,54.448560
low_roughness_0245,low_roughness,0.450702,40.559132,46.488996,1032.892435,552.711114,279.472593,273.238521,0.000000,37.162899,100.311181
high_roughness_0179,high_roughness,0.616598,31.202329,29.019650,453.416272,321.836459,168.464821,153.371638,0.000000,20.709008,116.042711
high_roughness_0216,high_roughness,0.665726,28.493796,39.047037,556.202153,339.021690,176.893555,162.128135,0.000000,22.049448,80.926056
low_roughness_0224,low_roughness,0.443171,38.169938,41.926073,882.377486,512.431253,245.540258,266.890995,0.000000,33.840638,87.034862
high_roughness_0193,high_roughness,0.624512,22.810596,36.204499,374.034091,238.616924,114.860809,123.756115,0.000000,16.702953,68.822970
high_roughness_0068,high_roughness,0.558830,23.356266,48.851782,510.036218,260.874437,107.561144,153.313293,0.000000,18.027550,92.760931
medium_roughness_0166,medium_roughness,0.506738,25.091583,51.312786,716.594617,348.889953,164.885669,184.004283,0.000000,23.203158,48.313480
low_roughness_0236,low_roughness,0.448001,25.188083,45.762840,454.839110,246.691815,145.178966,101.512849,0.000000,17.741991,113.192817
low_roughness_0222,low_roughness,0.442873,12.028863,54.988505,193.869445,87.263536,48.361723,38.901813,0.000000,6.649574,77.849849
low_roughness_0225,low_roughness,0.443236,20.880880,52.662641,514.991734,243.783486,111.168830,132.614656,0.000000,16.166992,52.481207
low_roughness_0090,low_roughness,0.379624,15.840545,51.777644,430.728388,207.707379,104.058609,103.648769,0.000000,13.429841,37.097517
medium_roughness_0161,medium_roughness,0.505897,25.604485,45.251991,537.530331,294.287155,153.128682,141.158474,0.000000,19.914991,54.751704
high_roughness_0201,high_roughness,0.636606,43.184533,35.547329,927.753258,597.961756,341.357539,256.604217,0.000000,39.510445,75.945216
low_roughness_0172,low_roughness,0.423856,28.300097,41.969206,553.398047,321.141283,167.256556,153.884727,0.000000,22.778424,117.267436
low_roughness_0033,low_roughness,0.322674,47.590369,38.443190,1083.884393,667.204654,377.703342,289.501311,0.000000,44.529783,84.331547
medium_roughness_0246,medium_roughness,0.533549,34.085689,46.315254,796.887997,427.807297,224.844896,202.962402,0.000000,28.534730,83.248708
high_roughness_0150,high_roughness,0.592126,42.521694,41.128434,879.596868,517.832449,275.781698,242.050751,0.000000,34.341670,96.065488
medium_roughness_0069,medium_roughness,0.472826,40.816153,37.905652,889.446614,552.296075,263.481193,288.814883,0.000000,37.169570,96.122572
medium_roughness_0165,medium_roughness,0.506537,27.522705,35.490114,436.027041,281.280547,133.848393,147.432154,0.000000,19.636416,86.823479
low_roughness_0189,low_roughness,0.430180,28.565742,50.650773,702.115508,346.488578,166.313482,180.175096,0.000000,23.556309,93.436642
medium_roughness_0040,medium_roughness,0.465876,36.436462,41.417611,850.791278,498.413860,246.505984,251.907875,0.000000,33.733420,126.856438
medium_roughness_0092,medium_roughness,0.481684,48.466669,34.203376,944.760483,621.620504,326.094301,295.526203,0.000000,41.946816,90.700547
medium_roughness_0112,medium_roughness,0.490177,24.888094,48.780583,686.245458,351.490924,181.326699,170.164225,0.000000,22.856028,49.399145
medium_roughness_0232,medium_roughness,0.529283,44.798284,44.070530,1085.897697,607.336825,329.913609,277.423216,0.000000,40.057213,71.846358
high_roughness_0105,high_roughness,0.572185,39.369510,38.579957,745.258362,457.738008,248.548310,209.189698,0.000000,31.274045,124.784022
low_roughness_0048,low_roughness,0.340630,33.841913,42.142006,673.488886,389.667161,204.698860,184.968301,0.000000,26.727971,101.887348
high_roughness_0025,high_roughness,0.544227,30.326580,40.618703,567.236597,336.832449,163.617755,173.214694,0.000000,23.873414,88.536706
low_roughness_0085,low_roughness,0.372551,24.586844,52.586090,643.938941,305.316628,146.069691,159.246937,0.000000,20.378303,63.711217
medium_roughness_0108,medium_roughness,0.488097,31.413023,41.356371,614.856466,360.574145,173.302915,187.271230,0.000000,23.428543,108.997223
low_roughness_0091,low_roughness,0.379826,32.403982,45.606447,805.784999,438.295088,207.012724,231.282364,0.000000,28.888226,69.667093
medium_roughness_0087,medium_roughness,0.479605,21.286696,43.636382,357.323006,201.400174,123.904267,77.495908,0.000000,14.566430,99.183685
medium_roughness_0074,medium_roughness,0.475888,19.988785,50.117732,427.309006,213.151422,115.859988,97.291433,0.000000,15.132551,94.088299
medium_roughness_0127,medium_roughness,0.496477,47.450734,43.268210,1188.640671,674.337124,353.619992,320.717132,0.000000,43.753606,99.374792
high_roughness_0116,high_roughness,0.576693,40.712577,35.987039,776.003709,496.742953,237.835581,258.907372,0.000000,31.698233,119.612617
medium_roughness_0043,medium_roughness,0.466643,37.115053,46.337905,867.733799,465.644133,256.171322,209.472811,0.000000,31.426870,82.290555
medium_roughness_0169,medium_roughness,0.508245,35.019516,34.423596,645.893464,423.553709,232.820462,190.733247,0.000000,29.430777,111.407936
high_roughness_0181,high_roughness,0.618054,25.228760,45.861272,501.190426,271.338120,153.090619,118.247500,0.000000,18.784677,95.699313
low_roughness_0170,low_roughness,0.423237,49.718302,43.737077,1277.469102,718.741452,369.181097,349.560355,0.000000,46.669028,84.321477
high_roughness_0089,high_roughness,0.566367,21.813479,44.524963,480.020549,266.291576,113.200742,153.090834,0.000000,18.335619,67.176980
low_roughness_0211,low_roughness,0.439819,39.114320,41.526790,835.415940,488.494517,261.829959,226.664558,0.000000,33.770758,98.844933
high_roughness_0153,high_roughness,0.593467,23.755374,39.751664,476.588112,287.136408,145.327542,141.808866,0.000000,19.181655,65.959718
low_roughness_0074,low_roughness,0.363945,24.910366,37.550337,434.618426,271.417741,135.830744,135.586997,0.000000,18.302690,66.343788
medium_roughness_0104,medium_roughness,0.486962,40.209316,34.356846,733.206737,481.300028,242.828989,238.471039,0.000000,33.277297,112.375387
high_roughness_0220,high_roughness,0.667782,33.837287,42.386949,754.623272,434.761488,219.314750,215.446738,0.000000,30.024465,99.625880
high_roughness_0085,high_roughness,0.565538,28.784665,45.318266,669.771262,366.242542,201.442327,164.800215,0.000000,24.507032,58.419729
medium_roughness_0148,medium_roughness,0.502338,30.717006,46.948765,736.342613,390.638849,178.349555,212.289294,0.000000,25.705752,58.357615
medium_roughness_0202,medium_roughness,0.518272,17.301905,50.065885,414.559863,207.006800,91.297314,115.709486,0.000000,13.986368,40.250763
medium_roughness_0155,medium_roughness,0.503506,36.053035,42.782471,875.019555,500.664565,235.127429,265.537136,0.000000,32.917804,62.616701
high_roughness_0138,high_roughness,0.586915,34.964301,34.031460,620.269923,409.183009,189.641594,219.541415,0.000000,27.960865,99.955886
high_roughness_0125,high_roughness,0.579499,23.691158,49.747567,605.810003,304.434264,145.118320,159.315944,0.000000,19.700244,58.876608
high_roughness_0142,high_roughness,0.588681,16.766102,53.711914,418.543579,193.735813,87.732630,106.003183,0.000000,13.139234,61.981077
medium_roughness_0189,medium_roughness,0.513774,35.851068,41.526320,718.022960,419.854450,211.965056,207.889394,0.000000,28.665912,90.583566
high_roughness_0228,high_roughness,0.685254,22.166467,33.957841,366.389004,241.971207,134.904936,107.066271,0.000000,16.077842,83.180919
medium_roughness_0164,medium_roughness,0.506387,38.536588,35.670147,756.608424,486.725087,240.233311,246.491776,0.000000,33.021523,78.129197
high_roughness_0038,high_roughness,0.548489,31.685828,42.735918,719.177228,411.830238,210.135447,201.694791,0.000000,26.765507,74.137854
high_roughness_0103,high_roughness,0.570829,31.979075,41.478845,662.136617,387.489999,197.230744,190.259255,0.000000,26.010428,89.239228
medium_roughness_0141,medium_roughness,0.501377,32.242428,45.755838,761.272089,412.945664,214.344162,198.601502,0.000000,26.796062,74.328568
high_roughness_0070,high_roughness,0.560195,31.537532,47.265017,740.449425,390.475878,187.490395,202.985482,0.000000,25.005746,67.697987
high_roughness_0083,high_roughness,0.565041,26.074264,51.762092,669.567860,322.985527,162.992607,159.992920,0.000000,21.507764,62.038027
high_roughness_0031,high_roughness,0.546353,23.791487,48.134928,550.100451,285.309993,135.482820,149.827174,0.000000,19.430572,53.490652
medium_roughness_0228,medium_roughness,0.528002,32.956129,40.842808,655.899108,388.011497,179.121746,208.889751,0.000000,25.769820,81.444460
medium_roughness_0142,medium_roughness,0.501389,23.796146,44.951489,520.314800,286.425548,140.363640,146.061908,0.000000,19.244767,62.225185
high_roughness_0092,high_roughness,0.567077,41.915537,44.753543,969.411472,535.565489,267.249681,268.315808,0.000000,36.618210,138.189356
high_roughness_0071,high_roughness,0.561358,19.126018,36.538040,331.257213,210.222320,101.247370,108.974950,0.000000,13.924326,82.827327
medium_roughness_0192,medium_roughness,0.515185,10.220870,44.190365,216.650712,120.911972,48.530732,72.381240,0.000000,8.011854,40.096931
high_roughness_0189,high_roughness,0.622571,19.345761,32.588963,240.520332,162.137249,69.409099,92.728150,0.000000,10.482843,81.172640
medium_roughness_0012,medium_roughness,0.454767,41.991981,37.538717,828.320754,517.379767,264.088543,253.291223,0.000000,34.570198,84.844337
medium_roughness_0121,medium_roughness,0.494065,44.177281,40.327075,1063.407743,634.566504,298.692964,335.873540,0.000000,41.324227,84.037495
medium_roughness_0173,medium_roughness,0.510823,44.002575,35.090949,789.348356,512.358523,266.961413,245.397110,0.000000,35.596133,128.459243
low_roughness_0096,low_roughness,0.383287,36.147683,44.235097,799.735795,445.971886,192.817270,253.154617,0.000000,30.847678,96.719886
low_roughness_0035,low_roughness,0.326743,47.657163,38.576090,1039.101066,638.256505,351.014759,287.241746,0.000000,42.961565,81.992764
medium_roughness_0190,medium_roughness,0.513891,31.853764,41.820388,675.985610,393.285808,215.436757,177.849051,0.000000,26.448084,123.272294
low_roughness_0093,low_roughness,0.380515,27.049022,47.015916,615.525544,326.130571,165.264725,160.865847,0.000000,21.980612,76.124454
medium_roughness_0058,medium_roughness,0.470762,20.585192,46.816777,464.249031,246.902599,125.308637,121.593962,0.000000,17.019495,86.606263
low_roughness_0243,low_roughness,0.450363,44.731641,39.799320,1019.413171,613.693661,338.517857,275.175804,0.000000,40.089274,75.311222
low_roughness_0076,low_roughness,0.365953,26.076430,49.459049,650.874357,328.958087,160.999353,167.958735,0.000000,21.560408,52.947879
high_roughness_0066,high_roughness,0.558315,40.676268,36.566749,823.566125,522.414763,248.646056,273.768708,0.000000,34.965008,102.620407
medium_roughness_0036,medium_roughness,0.465498,35.520860,41.963641,720.355581,418.068148,216.359652,201.708496,0.000000,28.983937,116.029848
high_roughness_0055,high_roughness,0.554237,32.871954,45.101213,771.351434,423.462577,224.143595,199.318982,0.000000,28.276057,94.859505
high_roughness_0035,high_roughness,0.546877,39.482897,38.097460,795.717024,492.569052,250.004566,242.564485,0.000000,32.636154,79.334465
low_roughness_0065,low_roughness,0.357541,38.128292,43.006309,825.310514,470.374925,219.755405,250.619520,0.000000,31.540978,85.317685
low_roughness_0139,low_roughness,0.409179,40.251700,45.713503,1060.954893,575.955247,319.056884,256.898363,0.000000,37.317164,63.721830
high_roughness_0246,high_roughness,0.735857,38.591508,32.693284,684.735211,460.872785,213.555000,247.317785,0.000000,30.680677,116.101783
medium_roughness_0233,medium_roughness,0.529824,31.420347,45.448441,658.886257,359.432724,165.689260,193.743464,0.000000,24.050469,110.441477
medium_roughness_0210,medium_roughness,0.523434,36.748446,44.354626,891.815431,496.254031,263.003701,233.250330,0.000000,32.504315,65.802506
medium_roughness_0194,medium_roughness,0.517223,27.907851,38.689206,524.454262,321.547074,150.513057,171.034018,0.000000,21.889194,81.880425
high_roughness_0069,high_roughness,0.559292,39.093174,40.539219,784.876765,466.693857,221.862297,244.831561,0.000000,30.130583,118.873610
medium_roughness_0188,medium_roughness,0.513585,41.196665,43.757740,936.953367,526.963752,278.039135,248.924617,0.000000,34.902459,83.710543
high_roughness_0115,high_roughness,0.576424,40.098648,35.435193,726.738479,469.217294,230.831825,238.385469,0.000000,31.617874,117.280550
low_roughness_0097,low_roughness,0.384408,34.093491,49.932082,891.819380,446.515397,221.499276,225.016121,0.000000,29.856147,69.202933
low_roughness_0007,low_roughness,0.189707,43.477949,39.672491,798.795321,481.893323,263.171134,218.722189,0.000000,33.028594,123.943442
medium_roughness_0235,medium_roughness,0.530401,30.125774,39.571686,588.196491,355.437223,144.522939,210.914284,0.000000,24.330581,74.512682
high_roughness_0052,high_roughness,0.552817,32.687712,43.526745,715.342332,403.977096,207.299328,196.677768,0.000000,26.992099,72.132190
high_roughness_0011,high_roughness,0.540125,31.430834,38.713852,609.208203,373.360243,179.057100,194.303143,0.000000,24.637154,101.335139
low_roughness_0131,low_roughness,0.407308,34.855848,49.504609,860.390410,434.457500,208.693080,225.764420,0.000000,29.428194,94.329482
low_roughness_0011,low_roughness,0.210542,46.722566,44.362745,1100.700159,612.399353,276.204787,336.194566,0.000000,41.288227,82.515347
high_roughness_0114,high_roughness,0.576016,26.173942,41.573306,520.594305,304.166042,166.321555,137.844487,0.000000,21.270017,93.570378
low_roughness_0068,low_roughness,0.360556,39.806466,42.421661,924.746387,532.453609,244.064002,288.389607,0.000000,36.065291,102.259291
low_roughness_0073,low_roughness,0.363142,40.177413,42.645013,833.402137,477.997683,257.530481,220.467203,0.000000,32.587096,121.767614
low_roughness_0092,low_roughness,0.380310,34.084462,50.700881,855.915000,421.958554,232.635236,189.323318,0.000000,26.760507,74.393993
low_roughness_0195,low_roughness,0.432955,29.774404,38.742580,501.101441,306.961815,149.303556,157.658259,0.000000,21.841361,104.932536
medium_roughness_0039,medium_roughness,0.465743,21.350295,40.210863,422.733056,252.748447,98.858137,153.890310,0.000000,17.538593,67.725000
high_roughness_0219,high_roughness,0.666868,24.195304,29.472093,349.243207,246.313926,99.260946,147.052980,0.000000,16.606568,79.850363
medium_roughness_0236,medium_roughness,0.530450,61.043118,30.728265,1183.929934,820.128804,386.452821,433.675984,0.000000,55.239995,97.195269
low_roughness_0214,low_roughness,0.440732,39.756279,47.293631,1026.261559,540.905206,263.890063,277.015142,0.000000,35.706270,82.916204
medium_roughness_0077,medium_roughness,0.477041,26.339114,47.268515,604.041395,318.520000,156.241010,162.278990,0.000000,20.771336,73.626469
low_roughness_0117,low_roughness,0.399147,34.248042,44.079479,762.358905,426.315074,225.144987,201.170087,0.000000,28.075951,73.464607
high_roughness_0192,high_roughness,0.623848,45.034787,39.828250,1044.809358,628.680077,316.158917,312.521160,0.000000,40.759202,103.618706
high_roughness_0063,high_roughness,0.557722,25.559372,50.768788,656.604002,323.254111,161.260869,161.993242,0.000000,22.472593,75.885061
low_roughness_0229,low_roughness,0.444518,50.055254,39.812271,1074.955317,646.991188,297.244236,349.746953,0.000000,41.876673,153.629206
low_roughness_0248,low_roughness,0.451513,45.505011,45.129918,1126.099993,617.891988,335.520211,282.371777,0.000000,40.362321,88.915560
medium_roughness_0138,medium_roughness,0.501050,48.496172,40.147637,1107.195180,662.682483,381.595460,281.087022,0.000000,44.669459,100.752814
low_roughness_0044,low_roughness,0.335857,27.838530,51.739623,661.374468,319.181814,128.148688,191.033126,0.000000,22.265074,95.323198
medium_roughness_0160,medium_roughness,0.505805,31.138676,41.181740,679.561476,399.706233,192.953252,206.752980,0.000000,27.032550,75.111712
medium_roughness_0055,medium_roughness,0.470177,21.151945,45.278510,365.502757,200.008555,115.176118,84.832438,0.000000,14.381545,107.562198
low_roughness_0126,low_roughness,0.402687,44.222122,41.933708,1072.634207,622.838915,285.520308,337.318607,0.000000,41.289766,80.652989
low_roughness_0078,low_roughness,0.368740,14.780422,59.220606,451.722338,184.209633,98.529662,85.679972,0.000000,12.104484,48.838778
high_roughness_0233,high_roughness,0.693040,29.122040,32.865457,530.029348,355.832781,167.576322,188.256459,0.000000,23.991479,71.332733
high_roughness_0127,high_roughness,0.580963,37.566268,24.332710,537.503807,406.714566,221.837830,184.876736,0.000000,27.301173,93.963188
high_roughness_0023,high_roughness,0.544020,32.422873,37.936635,619.606979,384.548941,174.736311,209.812630,0.000000,26.323859,81.808460
low_roughness_0156,low_roughness,0.417733,41.924218,42.817623,819.001503,468.324529,258.194395,210.130134,0.000000,31.982870,121.295722
medium_roughness_0157,medium_roughness,0.504043,21.532201,48.161493,547.735323,283.937813,133.963413,149.974400,0.000000,18.699262,43.090180
high_roughness_0041,high_roughness,0.549752,18.329088,34.275632,224.967035,147.858162,79.757420,68.100742,0.000000,10.153812,80.496626
low_roughness_0157,low_roughness,0.418145,28.676663,47.113652,706.927412,373.868094,182.035050,191.833044,0.000000,24.397909,53.405731
medium_roughness_0159,medium_roughness,0.505719,34.307008,43.908525,787.569843,441.759542,224.168593,217.590949,0.000000,29.068835,76.787522
medium_roughness_0176,medium_roughness,0.511518,49.807931,32.952941,927.817986,622.074674,300.895841,321.178833,0.000000,41.792072,114.976535
low_roughness_0125,low_roughness,0.401796,34.389072,41.996294,763.733726,442.993864,244.982623,198.011241,0.000000,30.186292,90.115311
high_roughness_0195,high_roughness,0.626624,36.751992,42.802880,812.794782,464.895206,218.853103,246.042102,0.000000,31.325411,81.553597
medium_roughness_0168,medium_roughness,0.507952,33.671632,43.543810,747.276619,421.883910,208.613651,213.270259,0.000000,28.959851,78.622894
medium_roughness_0005,medium_roughness,0.454137,15.053083,48.087078,342.298355,177.697078,84.343305,93.353773,0.000000,12.422950,47.313276
medium_roughness_0182,medium_roughness,0.512427,25.470866,42.226153,462.883944,267.425862,135.946738,131.479123,0.000000,18.498940,73.368772
medium_roughness_0048,medium_roughness,0.467915,36.077066,45.378302,836.778962,457.062876,225.410535,231.652341,0.000000,30.976979,90.136320
low_roughness_0049,low_roughness,0.341271,35.734494,46.708560,931.891114,496.618194,227.575542,269.042652,0.000000,33.435721,66.901344
high_roughness_0054,high_roughness,0.553837,33.561281,46.982995,838.173360,444.374409,234.322652,210.051757,0.000000,30.459179,120.956082
medium_roughness_0083,medium_roughness,0.478512,46.090727,38.528315,990.897613,609.121457,283.874850,325.246608,0.000000,40.448502,86.618945
medium_roughness_0167,medium_roughness,0.506782,23.807386,49.506046,568.054450,286.833151,145.120693,141.712458,0.000000,18.539495,62.800486
medium_roughness_0084,medium_roughness,0.478631,22.656989,44.095500,448.655409,250.818561,120.680225,130.138336,0.000000,17.039217,59.828643
high_roughness_0111,high_roughness,0.574750,37.991652,43.272191,759.378038,430.778523,230.643557,200.134966,0.000000,29.236903,111.674101
high_roughness_0240,high_roughness,0.706607,32.150114,42.278966,650.882706,375.696225,183.756506,191.939719,0.000000,25.241145,79.553885
low_roughness_0023,low_roughness,0.296527,42.822544,44.702778,1038.823611,574.440595,283.670079,290.770515,0.000000,37.991597,81.306423
medium_roughness_0248,medium_roughness,0.533713,34.185004,42.846343,790.541688,451.823487,231.785627,220.037860,0.000000,30.352070,71.733665
high_roughness_0234,high_roughness,0.697428,26.055480,47.009810,592.256235,313.837705,148.454142,165.383563,0.000000,20.716512,67.165668
medium_roughness_0240,medium_roughness,0.531116,29.393523,40.179971,541.832035,324.124081,149.913403,174.210678,0.000000,21.345429,100.939857
high_roughness_0001,high_roughness,0.535316,43.306009,39.458468,975.192022,590.396186,323.754807,266.641379,0.000000,39.536306,98.959216
high_roughness_0232,high_roughness,0.691869,38.129835,28.916522,591.768846,420.649880,218.134657,202.515223,0.000000,29.128056,117.555070
medium_roughness_0037,medium_roughness,0.465615,32.095222,43.212586,674.324573,382.931484,186.315496,196.615989,0.000000,24.967573,83.562522
high_roughness_0065,high_roughness,0.558098,30.963474,44.694748,705.681528,390.278951,187.949940,202.329011,0.000000,25.518120,80.209993
low_roughness_0061,low_roughness,0.353420,37.356093,48.621948,946.218804,486.148793,241.295493,244.853300,0.000000,31.385414,87.364326
high_roughness_0244,high_roughness,0.723042,50.933356,42.649130,1220.831155,700.157293,376.908531,323.248762,0.000000,45.868179,110.731462
high_roughness_0247,high_roughness,0.747827,35.656170,33.751840,604.655734,400.573298,181.599304,218.973994,0.000000,26.734565,128.603699
low_roughness_0106,low_roughness,0.392450,39.069135,33.205881,643.152567,429.588089,244.899558,184.688531,0.000000,28.605015,103.870330
low_roughness_0184,low_roughness,0.428668,39.157151,41.231896,917.250971,539.051004,286.303769,252.747235,0.000000,35.146142,57.429576
low_roughness_0087,low_roughness,0.377139,37.181912,38.550664,763.738928,469.312497,228.425898,240.886600,0.000000,31.689618,90.105646
low_roughness_0235,low_roughness,0.447831,27.508438,43.952171,437.811224,245.383685,139.140918,106.242767,0.000000,17.854192,121.025106
high_roughness_0078,high_roughness,0.563233,25.661502,29.143468,366.545799,259.721641,133.265629,126.456012,0.000000,18.214287,100.890240
low_roughness_0163,low_roughness,0.420426,29.904774,49.217127,592.482859,300.879817,148.735832,152.143985,0.000000,19.641575,78.502947
high_roughness_0194,high_roughness,0.625933,32.462237,46.903443,761.803461,404.491408,204.025379,200.466029,0.000000,27.964404,107.971655
low_roughness_0036,low_roughness,0.327936,38.949210,48.907449,1051.649808,537.314711,260.665473,276.649238,0.000000,35.267653,69.396032
medium_roughness_0102,medium_roughness,0.486693,44.690997,31.795598,770.270414,525.358332,291.218543,234.139789,0.000000,36.258647,96.581973
high_roughness_0146,high_roughness,0.589112,31.064082,45.280389,661.650593,362.052629,184.096411,177.956217,0.000000,24.696369,79.686899
high_roughness_0059,high_roughness,0.556877,41.231883,45.279987,1054.643062,577.100822,309.154727,267.946095,0.000000,37.881116,80.662269
high_roughness_0198,high_roughness,0.633411,31.957931,43.639164,718.377344,404.883473,204.048183,200.835290,0.000000,26.069393,72.208913
low_roughness_0004,low_roughness,0.179088,32.808779,29.481099,426.643965,300.864634,167.081162,133.783472,0.000000,21.650811,92.799748
low_roughness_0176,low_roughness,0.425544,18.365967,45.855781,359.980305,194.908523,98.158252,96.750272,0.000000,13.798350,62.113137
medium_roughness_0021,medium_roughness,0.459448,37.207332,38.186668,701.209975,433.441253,197.646261,235.794993,0.000000,28.567708,70.538567
high_roughness_0053,high_roughness,0.553808,43.095909,37.583562,917.750768,572.827337,300.308798,272.518538,0.000000,38.477814,88.014234
low_roughness_0039,low_roughness,0.331109,47.753833,46.222458,1223.068600,657.736231,315.430651,342.305580,0.000000,43.244567,82.562651
high_roughness_0140,high_roughness,0.587700,30.864503,40.113231,581.213224,348.069821,170.297949,177.771871,0.000000,23.748740,87.148512
low_roughness_0025,low_roughness,0.296849,42.528983,41.074442,914.626204,538.948597,235.645370,303.303227,0.000000,36.572800,79.940195
low_roughness_0212,low_roughness,0.440248,32.194193,42.143235,698.917110,404.370833,203.170822,201.200011,0.000000,26.434363,105.053890
medium_roughness_0070,medium_roughness,0.473908,43.441020,41.400058,1011.088609,592.497340,277.298164,315.199176,0.000000,39.359001,91.229947
high_roughness_0131,high_roughness,0.582873,27.248239,40.767589,508.380501,301.126026,147.893541,153.232485,0.000000,21.012524,83.724132
low_roughness_0207,low_roughness,0.438279,37.058935,42.244396,777.424984,449.006494,231.368556,217.637939,0.000000,30.535989,106.327125
high_roughness_0037,high_roughness,0.547791,31.706531,41.591842,694.182349,405.459126,204.028788,201.430338,0.000000,27.513887,88.340731
high_roughness_0009,high_roughness,0.539962,30.026282,46.676291,609.989504,325.269028,178.163932,147.105096,0.000000,21.449712,72.020273
low_roughness_0124,low_roughness,0.401725,30.623802,43.302055,677.584999,384.176768,184.596182,199.580586,0.000000,25.394592,87.310337
low_roughness_0158,low_roughness,0.419464,39.036591,39.619629,812.056254,490.322580,212.429412,277.893167,0.000000,33.446310,93.016043
high_roughness_0204,high_roughness,0.641088,39.078185,40.952668,870.852100,514.214929,266.249379,247.965550,0.000000,35.119640,96.946919
low_roughness_0226,low_roughness,0.443885,21.031954,34.899546,327.772787,213.381572,86.931991,126.449581,0.000000,15.288516,80.888109
high_roughness_0079,high_roughness,0.563506,21.813953,42.824908,462.044107,264.174144,133.011576,131.162567,0.000000,17.325247,58.914993
medium_roughness_0046,medium_roughness,0.466883,24.426101,51.114676,657.390302,321.367377,142.387813,178.979564,0.000000,21.537266,57.165754
high_roughness_0088,high_roughness,0.565966,39.753899,42.379089,919.238351,529.673515,279.258331,250.415184,0.000000,35.435363,78.659104
high_roughness_0047,high_roughness,0.551071,24.103628,41.125174,362.035776,213.147932,94.136347,119.011585,0.000000,14.302795,89.833393
low_roughness_0010,low_roughness,0.210363,37.416752,41.652299,839.065944,489.575685,219.164352,270.411333,0.000000,32.994904,74.854356
low_roughness_0230,low_roughness,0.445049,52.880358,30.308235,986.281348,687.356876,299.959697,387.397179,0.000000,46.359317,122.503982
high_roughness_0030,high_roughness,0.546188,39.039930,46.451132,921.664012,493.540643,261.456870,232.083773,0.000000,32.074812,98.023933
low_roughness_0077,low_roughness,0.366729,26.172667,45.918903,655.594448,354.552671,188.666586,165.886085,0.000000,23.354827,48.115759
medium_roughness_0203,medium_roughness,0.518387,28.946358,47.152730,711.081198,375.787002,184.480511,191.306491,0.000000,24.044000,60.276044
medium_roughness_0223,medium_roughness,0.526998,31.896368,41.286924,634.704847,372.654740,171.454871,201.199869,0.000000,25.467826,71.379994
high_roughness_0061,high_roughness,0.557226,29.932167,43.392230,667.432558,377.818689,192.889607,184.929082,0.000000,25.604067,91.244915
low_roughness_0147,low_roughness,0.413882,20.341804,44.463735,375.236746,208.392474,89.967581,118.424893,0.000000,14.190096,60.045067
medium_roughness_0009,medium_roughness,0.454633,23.179857,43.614673,549.622283,309.906319,150.301293,159.605026,0.000000,20.880532,56.263295
low_roughness_0198,low_roughness,0.433647,32.065741,48.962696,835.873885,426.607493,207.970630,218.636863,0.000000,27.929928,64.903715
medium_roughness_0035,medium_roughness,0.465219,50.776964,33.196106,1060.690858,708.582796,354.211702,354.371095,0.000000,47.130193,119.618053
low_roughness_0141,low_roughness,0.410426,41.539174,37.668062,845.279104,526.878845,277.780922,249.097923,0.000000,34.907845,88.365475
low_roughness_0218,low_roughness,0.441509,30.692575,35.283706,490.406930,317.373190,191.684303,125.688887,0.000000,22.709261,113.219693
medium_roughness_0200,medium_roughness,0.518208,34.136096,43.798023,799.565756,449.371766,221.583630,227.788136,0.000000,29.485041,103.789363
low_roughness_0008,low_roughness,0.197938,35.408752,32.841856,482.070289,323.749461,179.107755,144.641706,0.000000,23.309276,122.715493
medium_roughness_0010,medium_roughness,0.454683,20.088816,50.978569,533.531249,261.544651,121.889832,139.654819,0.000000,17.223329,44.295809
medium_roughness_0027,medium_roughness,0.462397,32.963078,37.630528,653.182411,407.386419,213.236776,194.149643,0.000000,27.656797,72.180019
medium_roughness_0063,medium_roughness,0.472198,35.816394,47.070794,880.187862,465.876444,244.883458,220.992986,0.000000,29.964669,81.745443
medium_roughness_0065,medium_roughness,0.472393,33.012693,35.512726,605.089365,390.205636,160.782878,229.422757,0.000000,25.553547,113.357203
high_roughness_0033,high_roughness,0.546750,19.805969,35.061397,352.361619,228.818714,109.159497,119.659217,0.000000,15.681727,59.080762
medium_roughness_0129,medium_roughness,0.497265,55.368639,37.932454,1241.571230,770.612789,399.661334,370.951455,0.000000,50.089379,93.858116
medium_roughness_0221,medium_roughness,0.526694,16.202885,38.982348,213.860390,130.492588,81.279141,49.213447,0.000000,9.545885,87.403152
low_roughness_0024,low_roughness,0.296540,50.063428,37.629814,1155.954594,720.971028,315.339044,405.631984,0.000000,48.004098,101.036176
medium_roughness_0196,medium_roughness,0.517759,30.104563,40.216908,643.766301,384.863403,171.534495,213.328908,0.000000,25.525125,58.547512
medium_roughness_0181,medium_roughness,0.512392,39.093338,34.166758,682.441651,449.273466,215.261072,234.012394,0.000000,30.867138,131.551657
low_roughness_0242,low_roughness,0.450317,28.079233,45.211443,576.075694,315.623561,175.729056,139.894505,0.000000,21.311078,85.898860
medium_roughness_0149,medium_roughness,0.502378,26.190116,40.193373,496.912672,297.186710,155.741912,141.444798,0.000000,19.402909,95.581422
medium_roughness_0151,medium_roughness,0.502514,33.707455,42.442548,744.288282,428.393371,223.187814,205.205558,0.000000,29.251285,98.786994
low_roughness_0015,low_roughness,0.253423,52.419975,33.034854,958.347876,641.759059,357.398770,284.360289,0.000000,43.741517,99.752651
high_roughness_0057,high_roughness,0.555556,37.320909,39.662273,858.908173,518.245665,272.969469,245.276197,0.000000,33.654381,80.919856
medium_roughness_0229,medium_roughness,0.528704,52.262342,34.603462,1025.755564,670.808627,326.909577,343.899051,0.000000,45.204887,139.450477
high_roughness_0158,high_roughness,0.595392,39.482797,41.914192,860.913813,500.068746,257.795000,242.273746,0.000000,33.362220,118.768218
low_roughness_0034,low_roughness,0.326043,46.942070,44.724328,1222.850702,675.938939,320.674247,355.264692,0.000000,44.997267,96.979883
low_roughness_0133,low_roughness,0.407430,31.656925,48.640771,619.942566,318.397725,169.793458,148.604267,0.000000,22.475632,123.867160
medium_roughness_0230,medium_roughness,0.529116,40.546990,42.747903,876.730051,501.946340,278.750437,223.195903,0.000000,33.849260,91.707963
high_roughness_0042,high_roughness,0.549898,35.053207,37.615111,693.626019,432.717822,225.574260,207.143562,0.000000,28.741982,81.560242
low_roughness_0231,low_roughness,0.445256,34.494671,38.641284,676.273170,414.952530,181.862491,233.090039,0.000000,28.404738,84.298172
low_roughness_0040,low_roughness,0.331110,16.581827,60.990099,571.677348,223.010765,110.553523,112.457242,0.000000,14.869139,40.345483
high_roughness_0134,high_roughness,0.584198,46.051218,43.797251,1207.135622,678.443401,349.370672,329.072730,0.000000,44.702636,69.718499
high_roughness_0143,high_roughness,0.588815,24.346830,54.459493,676.431962,308.050544,151.880359,156.170185,0.000000,20.219923,51.769530
high_roughness_0132,high_roughness,0.583929,32.070726,39.584106,628.972530,379.999377,195.990388,184.008989,0.000000,24.922735,109.064162
high_roughness_0087,high_roughness,0.565881,36.068789,25.397879,474.989297,354.352092,195.860502,158.491590,0.000000,24.510375,94.315647
medium_roughness_0125,medium_roughness,0.495876,41.803175,42.506319,834.772883,479.941655,260.713029,219.228626,0.000000,32.966598,124.502721
low_roughness_0000,low_roughness,0.154113,33.402842,30.392120,474.317673,330.162476,180.538033,149.624443,0.000000,23.837805,104.369320
low_roughness_0213,low_roughness,0.440526,57.699718,34.243046,1173.078868,771.380929,412.983879,358.397049,0.000000,51.806491,123.387646
high_roughness_0118,high_roughness,0.577623,32.467329,39.206425,600.275725,364.929075,180.573717,184.355358,0.000000,25.342677,95.731981
medium_roughness_0204,medium_roughness,0.518654,27.324259,46.357241,686.299343,368.149901,190.672180,177.477721,0.000000,24.653035,49.818359
medium_roughness_0134,medium_roughness,0.500420,36.195653,48.170838,880.978189,456.603613,259.715803,196.887810,0.000000,30.103333,82.581419
high_roughness_0006,high_roughness,0.538539,15.324505,45.894669,329.229185,178.130541,99.029508,79.101033,0.000000,11.890311,65.609944
low_roughness_0022,low_roughness,0.291679,41.625359,43.006940,900.126597,513.009691,280.699389,232.310302,0.000000,34.960835,102.859722
medium_roughness_0029,medium_roughness,0.463134,53.838889,42.473434,1373.765976,790.280390,407.952370,382.328020,0.000000,52.511012,96.489739
low_roughness_0054,low_roughness,0.345127,16.457397,45.578141,314.824046,171.333099,76.589256,94.743843,0.000000,12.182597,70.299833
medium_roughness_0217,medium_roughness,0.525426,28.836844,40.634321,523.545277,310.806210,147.773508,163.032702,0.000000,21.946325,96.198205
low_roughness_0032,low_roughness,0.319938,29.191779,51.036403,842.171786,412.357599,207.518162,204.839437,0.000000,27.001958,59.560516
low_roughness_0142,low_roughness,0.411898,30.276679,47.214335,636.729120,336.101700,171.184982,164.916718,0.000000,22.745489,86.831668
medium_roughness_0225,medium_roughness,0.527695,30.069241,49.422238,636.774621,322.066354,180.094953,141.971401,0.000000,22.642334,122.989055
high_roughness_0200,high_roughness,0.634605,30.738170,48.382518,762.205956,393.431519,204.495284,188.936235,0.000000,25.223232,75.477340
low_roughness_0045,low_roughness,0.336822,40.063639,44.915413,926.023145,510.096028,216.641467,293.454561,0.000000,35.149530,100.336691
low_roughness_0067,low_roughness,0.360160,26.456145,41.882066,461.266063,268.078306,137.267315,130.810991,0.000000,18.900070,108.871243
low_roughness_0155,low_roughness,0.417467,25.398043,49.688441,671.240838,337.711732,174.772374,162.939358,0.000000,22.260159,77.194115
medium_roughness_0109,medium_roughness,0.488344,35.070669,47.123571,813.047856,429.910672,209.206443,220.704229,0.000000,28.025920,84.756221
medium_roughness_0208,medium_roughness,0.521672,49.074887,43.977303,1295.068678,725.532403,371.384194,354.148209,0.000000,48.125360,81.605910
high_roughness_0141,high_roughness,0.588272,43.969331,42.541520,1050.133844,603.390948,310.247861,293.143087,0.000000,39.961356,87.024936
medium_roughness_0131,medium_roughness,0.498954,31.357841,47.884087,796.114665,414.902428,225.675800,189.226629,0.000000,27.588563,111.130534
low_roughness_0058,low_roughness,0.348760,37.408546,43.024489,911.625645,519.403368,232.272314,287.131054,0.000000,34.286807,62.600842
medium_roughness_0144,medium_roughness,0.501917,32.888782,39.550527,603.987966,365.107545,184.959397,180.148147,0.000000,25.262988,75.248342
high_roughness_0027,high_roughness,0.544387,46.215675,42.367108,1124.944200,648.337872,360.186832,288.151040,0.000000,42.225788,112.527026
high_roughness_0051,high_roughness,0.552380,33.199396,44.580342,668.129747,370.275223,186.209839,184.065385,0.000000,25.842404,95.537183
medium_roughness_0086,medium_roughness,0.479457,31.425202,47.130638,822.095818,434.636814,215.486189,219.150625,0.000000,28.002595,69.401002
high_roughness_0139,high_roughness,0.587375,38.494995,39.013933,778.647399,474.866422,205.657075,269.209347,0.000000,32.210661,77.596020
medium_roughness_0034,medium_roughness,0.464924,27.848409,50.970390,736.487955,361.097173,194.011907,167.085266,0.000000,24.602441,97.545681
medium_roughness_0060,medium_roughness,0.470923,56.205247,34.965285,1161.766686,755.551654,413.016394,342.535260,0.000000,50.246511,115.051424
low_roughness_0187,low_roughness,0.429917,53.569817,30.513195,958.332979,665.914970,361.470681,304.444289,0.000000,45.119274,132.298561
medium_roughness_0146,medium_roughness,0.502232,35.797170,43.323629,704.296039,399.169439,182.618709,216.550730,0.000000,27.326926,98.188331
medium_roughness_0241,medium_roughness,0.531167,40.798351,38.426463,734.748661,452.410736,246.398575,206.012161,0.000000,30.632547,133.937649
low_roughness_0056,low_roughness,0.348637,27.473769,42.210619,542.799146,313.680269,158.647447,155.032822,0.000000,20.779810,67.613609
low_roughness_0028,low_roughness,0.308116,18.536379,44.371503,406.064068,225.887337,108.389540,117.497797,0.000000,15.301974,40.682858
low_roughness_0202,low_roughness,0.434814,23.553134,48.941229,581.546329,296.930407,129.200904,167.729503,0.000000,19.750977,54.009326
medium_roughness_0163,medium_roughness,0.506059,40.297509,35.107440,692.428643,449.334669,219.306104,230.028565,0.000000,31.183489,93.541150
high_roughness_0095,high_roughness,0.568351,33.473427,43.794359,773.372964,434.679233,221.823312,212.855921,0.000000,28.927242,76.772796
high_roughness_0026,high_roughness,0.544264,13.849376,50.464351,325.861538,161.417627,78.896460,82.521166,0.000000,10.448096,36.222847
low_roughness_0115,low_roughness,0.398670,11.454708,41.836290,252.615249,146.930401,60.889682,86.040719,0.000000,9.715491,22.485033
high_roughness_0104,high_roughness,0.571062,47.740707,37.635491,1005.622865,627.151765,319.861856,307.289909,0.000000,42.036987,90.075125
low_roughness_0227,low_roughness,0.443976,25.842087,42.691431,521.460381,298.841480,136.945246,161.896234,0.000000,19.615979,71.320679
low_roughness_0239,low_roughness,0.448796,51.743664,39.117928,1118.132943,680.742506,380.528274,300.214233,0.000000,46.083140,127.109732
medium_roughness_0239,medium_roughness,0.530952,39.663370,35.700466,732.438357,470.954453,241.938530,229.015922,0.000000,31.621712,97.422205
high_roughness_0174,high_roughness,0.610270,39.740623,34.300659,692.555751,455.004566,224.740748,230.263817,0.000000,31.341004,102.555656
low_roughness_0098,low_roughness,0.385130,52.456228,41.935148,1319.299536,766.049321,371.808981,394.240340,0.000000,49.874226,99.711528
medium_roughness_0038,medium_roughness,0.465704,37.603672,39.304746,759.147568,460.766544,245.000052,215.766492,0.000000,31.081293,79.113791
high_roughness_0215,high_roughness,0.665161,34.620770,40.817766,702.053966,415.491224,191.469499,224.021724,0.000000,28.206358,98.796022
medium_roughness_0089,medium_roughness,0.479777,40.633013,38.463143,804.191053,494.873899,251.846914,243.026985,0.000000,33.264096,83.758251
low_roughness_0089,low_roughness,0.377809,26.225073,40.999564,523.044451,308.598507,126.487853,182.110654,0.000000,21.188568,76.953067
low_roughness_0150,low_roughness,0.415896,31.053996,38.614820,592.055717,363.434466,182.533900,180.900566,0.000000,23.746558,70.090963
high_roughness_0003,high_roughness,0.536185,43.849102,31.866843,703.312750,479.189181,262.479173,216.710008,0.000000,33.633214,123.331155
medium_roughness_0068,medium_roughness,0.472760,33.569997,35.750297,568.815399,365.462205,193.400998,172.061208,0.000000,25.678645,90.063513
high_roughness_0016,high_roughness,0.543441,31.131896,45.750394,811.262926,440.106944,219.456319,220.650625,0.000000,28.986278,75.701106
low_roughness_0013,low_roughness,0.219198,49.424855,31.998540,778.467135,529.369015,293.431739,235.937276,0.000000,37.235410,122.414837
medium_roughness_0132,medium_roughness,0.499483,42.083853,41.338366,879.332471,515.830796,252.212571,263.618225,0.000000,33.084162,91.239167
high_roughness_0119,high_roughness,0.577830,30.862476,41.686757,544.746423,317.659307,183.328830,134.330477,0.000000,22.423408,120.787123
low_roughness_0082,low_roughness,0.371260,14.243154,34.161859,222.460334,146.463747,72.450490,74.013258,0.000000,9.978783,67.248731
low_roughness_0060,low_roughness,0.351152,35.687402,45.099753,872.210073,478.845485,229.188718,249.656767,0.000000,31.501300,88.484295
low_roughness_0055,low_roughness,0.347096,57.319519,34.411381,1165.819480,764.644898,422.733438,341.911460,0.000000,51.516796,97.547954
high_roughness_0082,high_roughness,0.563792,30.224584,39.791121,601.681951,362.265958,166.965750,195.300208,0.000000,24.604037,83.302680
low_roughness_0128,low_roughness,0.404382,50.227267,41.332474,1157.221208,678.913049,348.688003,330.225045,0.000000,45.039797,91.867204
high_roughness_0029,high_roughness,0.545766,33.798670,39.792886,718.773726,432.752918,201.863583,230.889335,0.000000,28.399131,71.963687
low_roughness_0154,low_roughness,0.416937,52.646966,42.120372,1291.838902,747.711556,402.220115,345.491442,0.000000,48.991997,121.934337
high_roughness_0010,high_roughness,0.540068,25.887474,41.656660,515.413375,300.709379,150.610781,150.098598,0.000000,20.223660,66.900806
high_roughness_0040,high_roughness,0.549061,17.439040,41.037516,315.397005,185.965907,67.912339,118.053568,0.000000,12.796107,66.184209
high_roughness_0214,high_roughness,0.662871,25.109765,52.676610,579.456922,274.218661,159.149535,115.069126,0.000000,18.033463,101.321500
medium_roughness_0133,medium_roughness,0.499759,34.632225,47.937463,842.371750,438.560101,232.870734,205.689367,0.000000,28.031222,78.965048
high_roughness_0106,high_roughness,0.572399,40.390435,46.232325,1023.992390,550.576896,292.011961,258.564935,0.000000,36.306710,74.657707
high_roughness_0173,high_roughness,0.607896,29.440614,48.259490,636.415140,329.284440,163.981520,165.302920,0.000000,22.407935,132.899498
low_roughness_0215,low_roughness,0.441171,31.409802,45.716928,724.975228,393.538824,208.492675,185.046149,0.000000,26.685744,73.664837
high_roughness_0102,high_roughness,0.570444,27.418580,41.921836,435.994134,253.217390,115.920271,137.297119,0.000000,18.342361,86.166938
medium_roughness_0174,medium_roughness,0.510834,40.566847,38.315437,851.929193,525.508798,268.634766,256.874032,0.000000,34.316661,90.217679
medium_roughness_0186,medium_roughness,0.513208,20.025359,51.691783,437.287742,211.245909,100.908603,110.337306,0.000000,14.105708,80.906507
low_roughness_0240,low_roughness,0.448967,32.075102,39.473441,646.632955,391.384679,205.846158,185.538521,0.000000,26.636099,79.841328
low_roughness_0104,low_roughness,0.388296,30.359292,48.533045,708.734763,364.764199,181.536157,183.228042,0.000000,23.939156,66.473215
medium_roughness_0137,medium_roughness,0.500818,44.968126,43.835981,994.656431,558.639023,284.741894,273.897129,0.000000,38.231363,93.970828
medium_roughness_0237,medium_roughness,0.530645,43.371369,34.885641,769.462331,501.030462,195.858132,305.172330,0.000000,34.496372,103.802877
low_roughness_0110,low_roughness,0.394660,48.563787,43.031346,1186.215754,675.771149,322.896704,352.874445,0.000000,44.943367,103.390538
low_roughness_0178,low_roughness,0.426094,30.988203,41.696255,599.242098,349.380585,197.884698,151.495887,0.000000,23.245359,69.287082
low_roughness_0120,low_roughness,0.400173,38.825228,46.456179,880.831206,471.630687,266.629879,205.000808,0.000000,30.981291,67.531237
high_roughness_0242,high_roughness,0.716443,29.033165,40.932487,576.308474,340.411081,170.369264,170.041817,0.000000,23.294647,71.292262
medium_roughness_0061,medium_roughness,0.471069,40.679513,35.055524,713.855924,463.609988,250.377914,213.232074,0.000000,31.045285,99.944510
high_roughness_0241,high_roughness,0.711187,31.581825,43.655029,597.815501,336.838968,185.509759,151.329209,0.000000,23.887410,108.725805
high_roughness_0236,high_roughness,0.699764,21.676580,39.302397,450.093392,273.195900,134.639535,138.556364,0.000000,17.456661,47.540057
medium_roughness_0195,medium_roughness,0.517235,32.633466,45.183135,718.939987,394.100359,195.314898,198.785461,0.000000,26.913158,65.051545
low_roughness_0119,low_roughness,0.399694,29.049960,52.404705,713.909369,339.787268,172.277377,167.509891,0.000000,22.455266,63.275361
medium_roughness_0056,medium_roughness,0.470219,35.060450,42.329398,737.418062,425.273436,223.385164,201.888272,0.000000,27.777443,62.551517
medium_roughness_0118,medium_roughness,0.492837,33.101626,36.292326,497.286602,316.809726,143.831465,172.978261,0.000000,23.131873,101.885143
low_roughness_0159,low_roughness,0.419926,26.847970,50.197590,782.043866,389.476691,208.069510,181.407180,0.000000,25.418803,49.270063
high_roughness_0108,high_roughness,0.572932,51.107020,34.090842,924.354735,609.234424,327.966987,281.267437,0.000000,40.142676,97.510588
high_roughness_0126,high_roughness,0.580074,41.788939,42.876846,897.414177,512.631283,253.329574,259.301709,0.000000,34.171283,131.673901
high_roughness_0151,high_roughness,0.592552,21.617753,49.022878,500.783459,255.284995,129.800005,125.484989,0.000000,16.918538,56.590586
medium_roughness_0216,medium_roughness,0.525004,19.492917,49.121326,523.598645,266.400050,119.531863,146.868187,0.000000,17.347013,42.013206
medium_roughness_0152,medium_roughness,0.502542,29.823967,45.566289,604.958022,329.301102,187.467395,141.833707,0.000000,22.901009,93.433227
medium_roughness_0143,medium_roughness,0.501826,31.690832,35.426883,570.134412,368.153559,178.477633,189.675926,0.000000,25.185886,85.473784
high_roughness_0218,high_roughness,0.666627,32.712084,46.082355,689.403968,371.710383,186.048158,185.662225,0.000000,25.051844,100.720168
medium_roughness_0030,medium_roughness,0.464014,35.739669,33.211396,644.081663,430.173150,245.591505,184.581645,0.000000,28.014536,137.544888
medium_roughness_0022,medium_roughness,0.459482,49.719272,40.746287,1086.259897,643.649327,316.393724,327.255603,0.000000,43.366697,127.164916
low_roughness_0234,low_roughness,0.446907,22.479579,44.391147,484.896895,269.645601,120.552620,149.092981,0.000000,18.213547,61.384760
low_roughness_0072,low_roughness,0.362730,33.303648,45.076795,830.851269,456.330145,209.643142,246.687003,0.000000,30.699125,69.521084
medium_roughness_0218,medium_roughness,0.525494,30.478170,42.632627,656.914678,376.854695,160.227767,216.626928,0.000000,25.323514,69.895836
medium_roughness_0007,medium_roughness,0.454261,33.798913,42.786256,723.169785,413.752510,207.805960,205.946551,0.000000,28.520346,86.510113
medium_roughness_0003,medium_roughness,0.453509,11.100255,45.349329,239.699574,130.997425,51.128849,79.868576,0.000000,8.685620,32.492820
high_roughness_0075,high_roughness,0.562658,42.236047,38.541810,820.992488,504.567126,225.971087,278.596039,0.000000,32.680757,97.209207
low_roughness_0012,low_roughness,0.215703,36.727651,47.937312,987.251538,513.989688,248.352708,265.636980,0.000000,34.101659,78.622019
medium_roughness_0098,medium_roughness,0.484888,14.372762,46.494548,328.816599,175.934809,88.102420,87.832388,0.000000,11.998350,59.282361
medium_roughness_0020,medium_roughness,0.458777,43.416706,45.241002,1047.435599,573.565237,311.257750,262.307488,0.000000,38.180341,102.423862
high_roughness_0121,high_roughness,0.578560,28.388339,40.408762,502.442489,299.411702,128.068301,171.343401,0.000000,20.237901,107.855242
medium_roughness_0066,medium_roughness,0.472404,18.593342,39.860005,336.757711,202.526072,92.839326,109.686746,0.000000,13.612623,97.142338
medium_roughness_0110,medium_roughness,0.488368,51.638658,41.876548,1201.342804,698.261911,348.943948,349.317963,0.000000,46.061208,95.923782
low_roughness_0180,low_roughness,0.426774,22.505653,54.621386,655.658777,297.528862,156.927733,140.601129,0.000000,18.935300,47.663576
low_roughness_0014,low_roughness,0.221555,49.125236,37.062659,986.809264,621.071514,351.397413,269.674101,0.000000,42.755480,114.015722
low_roughness_0016,low_roughness,0.264789,43.874506,45.210346,1004.061424,550.121784,244.986081,305.135703,0.000000,36.229693,84.731977
high_roughness_0122,high_roughness,0.578586,37.146978,44.384428,818.911076,455.442076,253.245892,202.196184,0.000000,30.060608,87.951644
medium_roughness_0057,medium_roughness,0.470684,43.267968,38.557616,810.838561,498.198545,266.702530,231.496015,0.000000,34.064938,118.422859
low_roughness_0151,low_roughness,0.416076,40.603398,40.537094,918.221599,546.001243,294.734360,251.266883,0.000000,35.641067,112.274639
high_roughness_0176,high_roughness,0.615100,27.296261,45.962716,496.423597,268.253829,130.842475,137.411354,0.000000,17.563720,73.442804
medium_roughness_0116,medium_roughness,0.492003,22.216574,38.318874,369.331648,227.807918,90.280201,137.527717,0.000000,16.064233,83.497054
high_roughness_0175,high_roughness,0.611900,18.039151,20.509809,252.098196,200.393339,103.673109,96.720230,0.000000,13.372618,57.606936
medium_roughness_0041,medium_roughness,0.465889,29.217404,49.556380,801.424751,404.267653,207.383641,196.884011,0.000000,26.356325,63.982472
high_roughness_0190,high_roughness,0.623415,40.606701,37.251241,726.186126,455.672779,233.673870,221.998909,0.000000,32.077231,121.632384
high_roughness_0169,high_roughness,0.604876,32.340290,46.307221,747.738393,401.481525,215.080983,186.400542,0.000000,27.130006,98.921153
medium_roughness_0023,medium_roughness,0.459974,27.961644,53.248309,752.279774,351.703518,176.279254,175.424264,0.000000,22.553805,57.619497
medium_roughness_0113,medium_roughness,0.491411,24.491234,39.995264,297.203636,178.336257,77.541845,100.794412,0.000000,12.632589,107.054283
low_roughness_0102,low_roughness,0.386625,42.444197,46.431750,1172.390408,628.029023,318.067913,309.961110,0.000000,40.527672,74.332096
low_roughness_0160,low_roughness,0.419957,41.479593,42.742535,941.707215,539.197682,250.556920,288.640761,0.000000,34.904191,87.736147
medium_roughness_0135,medium_roughness,0.500535,22.237524,46.237762,446.899566,240.263210,118.187187,122.076023,0.000000,16.650508,88.522878
high_roughness_0203,high_roughness,0.639784,21.166002,51.648791,539.054002,260.639126,125.272919,135.366207,0.000000,16.713604,49.188111
low_roughness_0031,low_roughness,0.318605,52.602474,36.278667,1092.299392,696.027734,394.169915,301.857819,0.000000,47.626974,118.824165
medium_roughness_0199,medium_roughness,0.518204,31.764996,39.891825,647.343764,389.106522,195.752087,193.354435,0.000000,26.543840,90.516795
high_roughness_0245,high_roughness,0.729063,34.833965,31.659056,578.864451,395.601430,174.662648,220.938782,0.000000,27.696096,96.912145
high_roughness_0188,high_roughness,0.621475,34.460532,44.331286,821.279259,457.195605,238.073929,219.121676,0.000000,30.277715,67.580044
high_roughness_0090,high_roughness,0.566637,33.165504,43.539935,696.949371,393.498067,213.342036,180.156031,0.000000,26.793879,84.997219
medium_roughness_0028,medium_roughness,0.462487,23.678941,44.577628,498.176938,276.101478,148.460437,127.641041,0.000000,18.819111,75.167867
low_roughness_0009,low_roughness,0.198324,38.826489,43.316325,781.986362,443.258606,258.428559,184.830047,0.000000,31.062576,113.006063
high_roughness_0099,high_roughness,0.569230,40.829287,39.275610,872.205687,529.641580,255.887696,273.753883,0.000000,35.378685,97.368844
low_roughness_0194,low_roughness,0.431194,39.227105,46.049461,933.601926,503.683275,285.977766,217.705510,0.000000,33.769260,102.241045
high_roughness_0191,high_roughness,0.623491,27.779825,39.371307,523.187709,317.201871,152.163700,165.038170,0.000000,22.253817,84.331220
high_roughness_0167,high_roughness,0.604066,43.656356,37.182853,799.731962,502.368806,256.373322,245.995484,0.000000,34.654270,118.745391
high_roughness_0086,high_roughness,0.565839,33.631220,35.855768,644.668600,413.517724,230.672322,182.845402,0.000000,26.542953,78.290894
low_roughness_0059,low_roughness,0.348874,40.181673,29.373872,715.189503,505.110655,277.411537,227.699118,0.000000,33.463021,105.540603
low_roughness_0171,low_roughness,0.423239,37.021490,42.355610,911.932181,525.677747,288.485065,237.192682,0.000000,34.592834,64.782414
high_roughness_0157,high_roughness,0.594983,31.953174,39.489896,602.410642,364.519306,176.699668,187.819637,0.000000,24.412489,101.693873
low_roughness_0232,low_roughness,0.445824,32.159359,42.580023,699.768711,401.807034,205.575266,196.231768,0.000000,27.091699,69.451168
medium_roughness_0231,medium_roughness,0.529203,31.031922,43.605295,711.847063,401.444048,192.616946,208.827102,0.000000,26.804999,108.951379
medium_roughness_0085,medium_roughness,0.479031,32.997443,46.051476,802.573018,432.976299,179.302980,253.673318,0.000000,29.517570,89.227482
high_roughness_0022,high_roughness,0.543941,29.882681,40.259969,609.019554,363.828472,167.947797,195.880675,0.000000,24.231774,70.191464
high_roughness_0112,high_roughness,0.574976,23.587161,49.091725,529.518510,269.568737,127.344659,142.224078,0.000000,19.010085,73.866289
medium_roughness_0242,medium_roughness,0.531485,37.551375,42.318504,813.114036,469.016340,236.158771,232.857568,0.000000,31.161475,113.055728
low_roughness_0002,low_roughness,0.158328,43.704257,41.673607,897.260217,523.339521,287.069257,236.270264,0.000000,36.171843,118.306467
medium_roughness_0177,medium_roughness,0.511591,26.187730,45.389320,523.807708,286.054951,129.666440,156.388511,0.000000,18.402643,100.151849
high_roughness_0039,high_roughness,0.549010,21.832666,52.126419,582.081798,278.663399,145.155229,133.508170,0.000000,18.247382,47.640767
low_roughness_0132,low_roughness,0.407425,17.429252,55.589221,393.272607,174.655427,91.594202,83.061225,0.000000,12.355951,81.549009
low_roughness_0101,low_roughness,0.386069,44.897187,44.179936,1123.161059,626.949218,300.147758,326.801460,0.000000,41.636492,123.934384
medium_roughness_0080,medium_roughness,0.478127,46.287746,40.905922,1108.006867,654.766443,334.511327,320.255115,0.000000,43.085734,90.133024
low_roughness_0052,low_roughness,0.343413,32.485205,41.287452,669.290715,392.957635,205.870205,187.087430,0.000000,26.606679,91.923203
high_roughness_0172,high_roughness,0.607576,35.862637,42.094971,769.635181,445.657475,226.280802,219.376674,0.000000,29.531186,126.353471
high_roughness_0015,high_roughness,0.543261,36.715386,44.112705,784.445177,438.405188,233.548210,204.856979,0.000000,30.044594,112.029924
medium_roughness_0011,medium_roughness,0.454723,40.141813,46.126422,995.542127,536.334160,254.899662,281.434498,0.000000,35.455347,99.653296
