profile,family,residual_rmse_nm,peak_abs_residual_nm,mean_abs_residual_nm,offload_pct,baseline_energy_burden_j,assisted_energy_burden_j,mean_stiffness_n_per_m
low_roughness_0367,low_roughness,10.64706939387558,45.76756859688757,6.476134690692627,95.56472516009238,799.3502237260168,35.4533793556653,88.65517693781173
medium_roughness_0070,medium_roughness,11.194106215846586,28.614060145255888,8.893262259476725,73.39423220673287,429.3238576037386,114.22490863514753,100.14671807826016
low_roughness_0116,low_roughness,2.93958457887476,12.266430080838134,2.1171706307144227,97.49310269478619,500.5958867496615,12.54942479493843,74.43147973071366
high_roughness_0145,high_roughness,22.049071758300947,66.0980132004668,16.649359185785883,68.22046837280136,391.7803668158118,124.50596558138574,181.69530516610635
low_roughness_0148,low_roughness,0.45762880916851056,1.7550702104298963,0.2987741411589429,83.82262797458152,6.174989557866441,0.9989510333067981,79.39523328231978
medium_roughness_0300,medium_roughness,7.264426405306898,18.768392779969673,6.22930413001743,92.95943741738442,328.64917366765735,23.13875074932038,130.04451848713506
high_roughness_0175,high_roughness,9.792216688221062,24.69730077047771,8.06577327424257,52.13355199946935,76.15150421192557,36.45102016522326,283.74356694430145
low_roughness_0328,low_roughness,1.3390368743009626,3.8060209439935377,1.107356505065098,98.50635432038841,290.1253766089789,4.333445153176838,76.94952117338319
medium_roughness_0231,medium_roughness,15.049456948588338,32.46960554263916,12.423317911003105,61.70127407181363,299.63316488275774,114.75568460839816,123.91563084020454
low_roughness_0094,low_roughness,2.0295003016241497,7.752757549449967,1.4251232225813557,96.5788775469268,325.0294381134085,11.119655086395493,88.79679186909682
low_roughness_0081,low_roughness,3.7866329899842928,12.574342660395537,2.474308655352414,96.86844619253826,593.4425960061462,18.58397421033034,80.29942095227034
medium_roughness_0210,medium_roughness,16.367469377946556,54.35041803016291,10.322994531749128,80.6137274407485,375.77545331272717,72.84885358996814,139.10082115519495
low_roughness_0109,low_roughness,0.4949482151140532,0.866410175996986,0.4394933659416392,98.69394431423581,138.25006820457986,1.8056228763588047,73.45484384359104
medium_roughness_0331,medium_roughness,4.727822328281511,14.913577478936745,3.305358246277224,94.43927784135607,512.3978567674717,28.49302116168529,86.00196429078399
medium_roughness_0095,medium_roughness,5.298907851982676,22.8616910830237,3.1463802843572273,85.0494825773085,83.36527325323598,12.46353970219942,75.96258973952717
high_roughness_0194,high_roughness,2.5234689087182334,8.15787792511901,1.7857599304824094,98.31746448751792,925.9347062627851,15.579180255267895,86.99001689465452
medium_roughness_0061,medium_roughness,0.6431501476328835,1.5377694980349048,0.5039888817306251,98.74047347006031,496.02625272581713,6.247582248547335,70.31602181580335
high_roughness_0209,high_roughness,7.059855269417081,45.12523635989143,4.180326691549918,95.13733425736736,381.85136635831384,18.568155579680415,85.02280187028857
high_roughness_0178,high_roughness,3.812540152914147,14.873913890553279,2.9235567952298522,93.97431169103737,368.3134270532675,22.1934191142883,78.79109678105063
medium_roughness_0173,medium_roughness,15.140026595136954,42.77362867698553,11.96113693740831,37.023266721647175,280.53236391902396,176.67011858474183,43.54605493292737
low_roughness_0127,low_roughness,3.361191617493532,7.572595132532285,2.8433629135736305,96.66282449168887,253.62641349831623,8.46395855387371,108.77722754725255
low_roughness_0249,low_roughness,1.7568158207713822,6.470369887706454,1.3289274655541754,95.13186947872516,229.8129070805328,11.18759227141641,61.6125508722865
medium_roughness_0053,medium_roughness,25.021172259986535,56.28157687998434,19.321865208832243,83.3624923736926,747.6647327835034,124.39277693606614,134.3574250510259
high_roughness_0251,high_roughness,48.647348623480354,104.57321211142606,42.24162176522544,13.55532684875105,732.5629062329298,633.2616099203465,158.80793115873783
medium_roughness_0339,medium_roughness,14.05659863279534,43.301133746242364,10.781690948164997,61.23860829103607,206.65353700465823,80.1017869588043,105.60475697364927
high_roughness_0260,high_roughness,29.594242252668508,79.25905101677193,22.61604676179678,57.49033069860433,286.5381303743991,121.80641164455902,306.804457493067
high_roughness_0036,high_roughness,10.668099363113503,15.405706084382132,9.758727717733485,86.37439075890161,373.24880092388594,50.857423110973905,99.2838567434798
low_roughness_0124,low_roughness,3.4661719920118528,8.591470257310547,2.811091090185994,96.52121476885615,381.9887036221234,13.288566606244274,90.23406333498436
high_roughness_0263,high_roughness,11.692240384157465,30.066749373733522,8.992023674183335,85.8148711802154,556.8072289953409,78.98382271086209,80.57634384737048
high_roughness_0174,high_roughness,9.24731674559591,31.20628294951417,5.937848036155637,81.46843652063612,210.25322087434535,38.96320909373648,79.41480569624302
high_roughness_0041,high_roughness,1.575954020884713,5.026030267863408,1.252384640514785,92.2153473016776,144.4763772166009,11.246984197430589,65.51220556382214
medium_roughness_0083,medium_roughness,27.366067064034894,79.75862314330479,18.175714334957593,74.32226446588679,856.8579190321069,220.02171035217026,114.49853622382234
low_roughness_0150,low_roughness,9.60254935824176,31.24266021899798,4.940596939228922,90.42829225069259,121.4951276380557,11.62915854716272,76.89083153201825
medium_roughness_0043,medium_roughness,4.983188367419854,15.088647109391161,3.543464672063945,95.17978097474877,618.3868981048646,29.807602912111655,130.73801894007133
medium_roughness_0091,medium_roughness,21.381609250333476,61.58567907723291,15.30836495887427,66.65746855442337,282.512959118062,94.19697223176885,202.82307322062843
medium_roughness_0276,medium_roughness,27.59437229710979,83.84943110086849,16.267596365968284,74.53521601061016,602.5773802874952,153.4450282591348,101.66481974353123
medium_roughness_0127,medium_roughness,1.862650359221023,7.598085420645965,1.2149660544712375,97.1139678135406,253.0857079199256,7.304134989897703,58.77077130843585
medium_roughness_0314,medium_roughness,7.641236069613299,23.514587206102412,6.2927964182000355,90.12332008777514,683.1885090342776,67.47634223441698,99.9135466745144
medium_roughness_0289,medium_roughness,1.2386843480806577,5.044727368679364,0.937695959459532,97.75541795021464,218.78920240427243,4.910903164034865,69.34078873583401
low_roughness_0092,low_roughness,0.5153679949356682,1.1138643014652878,0.4441853333562403,98.88657710530164,141.4328624786341,1.5747458714643687,72.35680532451867
high_roughness_0388,high_roughness,40.868634962210734,123.22381070551603,28.665913527875908,17.261544990539335,376.87130827750514,311.8174978427494,178.32205580151677
low_roughness_0206,low_roughness,4.9479918165419186,13.23721306919225,3.8857813426229413,92.75910984298618,378.12827959369395,27.379853377985427,88.96077527954185
medium_roughness_0176,medium_roughness,13.040646751814247,31.68480773046877,10.20830368232737,89.65821681604831,474.97646778890464,49.12103647352069,129.67200212918883
low_roughness_0169,low_roughness,3.3383551485814325,11.139778275580042,2.003044915023043,97.76525820355195,961.8956085417501,21.495883202280773,87.68109725413767
high_roughness_0051,high_roughness,10.003232453257832,23.21263646806635,8.050634961615932,84.89362484891802,188.42856254507984,28.464725549850897,126.34035664364137
medium_roughness_0240,medium_roughness,8.179957434264411,27.235436619405206,5.400375002668958,88.72280306337287,360.56368629419376,40.66147698535866,109.34534015094141
medium_roughness_0149,medium_roughness,0.9710829746893038,2.540299909963551,0.7076155137634516,97.74799262356171,67.43638398129892,1.5186723416620969,77.74413011652359
low_roughness_0238,low_roughness,2.6516205077830572,4.980738684082759,2.2894937718490214,96.20018268864729,394.5535247218231,14.992313134932143,90.88984109533128
high_roughness_0323,high_roughness,5.345119582736528,22.78598683415511,2.4177318895023174,95.72884730838409,138.01851320216758,5.8949814415626465,74.91790833957859
medium_roughness_0387,medium_roughness,31.28332604077907,82.9028351298195,20.11358320412861,54.91393705930789,367.31682944276736,165.60869691432077,90.06552522169225
medium_roughness_0015,medium_roughness,5.610128626778589,18.255607271186364,3.5977269158584955,91.56888111910409,218.00251633508336,18.380051315555413,95.49898676704227
low_roughness_0274,low_roughness,10.752691669816246,38.68811114776827,7.1783305557906925,89.03496327088087,640.5964736231633,70.2416386182218,66.65979995268633
high_roughness_0064,high_roughness,1.7899433375076543,5.286746746748651,1.2035543696214512,87.53100336470725,46.99208026194124,5.859440906715516,87.99366759811528
low_roughness_0095,low_roughness,3.073088573563929,7.736255278618685,2.442199489269341,95.12434977107449,362.25224750190483,17.662152534614414,78.97011514107362
high_roughness_0184,high_roughness,27.419348843565082,105.13146251754223,14.01107439420818,67.65026753334347,411.0226685882654,132.9647336656162,127.42231097924225
medium_roughness_0035,medium_roughness,8.717705530382743,26.255008149156055,7.107681409355521,83.62612659689589,282.491236268712,46.25475740150264,135.38005385629063
high_roughness_0281,high_roughness,19.677177061919192,72.3589577934008,11.502879065612458,88.26964815903418,436.57279679868776,51.21152510643084,177.45808713931305
low_roughness_0352,low_roughness,17.581516849408185,37.921479690389006,15.245609933485088,62.00680237883765,306.5755930032751,116.4778709079847,88.48383091317434
low_roughness_0005,low_roughness,5.619335873786202,10.697359209364027,4.037042630304429,94.78455175492395,611.2219437318872,31.877964137884376,82.69896415693559
high_roughness_0050,high_roughness,8.198754277723944,17.08431251243688,6.842677987356498,86.18820638831876,231.8065199902961,32.01663811948032,123.68501061185422
medium_roughness_0274,medium_roughness,4.034833341860524,8.358358371514655,3.487809234245932,90.14887023885301,155.70174652336436,15.338381090388792,105.58078427806034
high_roughness_0223,high_roughness,65.13112650460886,256.54601763531355,40.42259643737665,38.06611767974245,366.7831640916483,227.1630532190386,164.46414040809245
high_roughness_0104,high_roughness,0.830480326058197,1.5342521334868664,0.7061108815683176,98.26901256949488,210.15101257641604,3.637687612777018,80.59771551700639
high_roughness_0277,high_roughness,2.5634281450672454,7.798744600344733,1.8226957061550828,98.16735979776907,770.1681720962871,14.114411546623678,88.73386387052597
high_roughness_0330,high_roughness,20.803140215445026,62.13612946255009,13.945206017175497,67.88244350944635,199.53904019186757,64.08706395433163,124.84036813600824
medium_roughness_0211,medium_roughness,7.836389510636128,13.353140665802997,7.22900185101634,87.40331789328619,230.59603407073618,29.04744936258013,184.23989738624974
high_roughness_0340,high_roughness,13.529713724149602,46.65587603703928,8.271658269933736,85.59877004390695,151.85946204714003,21.869630339494474,204.79335516942228
high_roughness_0228,high_roughness,2.208568534915154,4.513579394541765,1.8799464322651047,96.37828473718733,138.6767497156742,5.022477010425079,96.30173532165402
medium_roughness_0203,medium_roughness,29.83425006306305,84.0074128867999,23.034334933691014,59.42308284508707,699.269672676121,283.7420757712204,108.59536763017798
low_roughness_0106,low_roughness,22.65992732738676,64.16790782553232,16.985554614126688,73.05085686930413,769.5465806710704,207.38620948242271,140.18327394622005
low_roughness_0168,low_roughness,0.2938959897946418,1.1482532474031526,0.1870974263812021,97.7247829671667,14.366123325975163,0.3268604848704224,74.42577667113194
low_roughness_0028,low_roughness,0.54566873735456,1.3254938002395562,0.47341333287145454,98.83203423496663,107.42035311265685,1.254632949033793,72.29120881975753
low_roughness_0183,low_roughness,11.492965643462199,29.877647466183674,8.939251861508303,92.02957716844756,766.5693663784832,61.09881979751737,105.05854529505389
high_roughness_0127,high_roughness,7.349653085233034,22.908566401805274,5.724072831521783,86.4139984335423,231.21998031146646,31.413550147079,183.1744973138011
low_roughness_0198,low_roughness,13.402967958941367,48.779575683588405,10.035607814749223,83.11442127560944,524.9884166309936,88.64733238415792,122.81613186101531
medium_roughness_0194,medium_roughness,1.2288513900148348,3.8646803845569266,0.9380408992899234,98.67664613495943,274.02214250805287,3.626282613947316,74.20415488860242
low_roughness_0265,low_roughness,5.773443243128771,15.75918034379508,4.5177439924951575,83.11152108307529,236.3690563065334,39.91913824046277,112.64047044349718
medium_roughness_0380,medium_roughness,22.567973206366773,127.28444716310872,15.898751767152095,73.68171980012494,527.4114748778773,138.8056297646534,157.4352824832587
low_roughness_0031,low_roughness,3.5455680188349157,7.41054619071609,2.8964702722300215,96.89019754568525,257.4219542969464,8.00531425267145,100.83324150386943
high_roughness_0110,high_roughness,15.967507079513316,48.5982402724965,11.554974864773566,47.46607386692871,175.29735817426217,92.0905846564923,173.2601037825707
high_roughness_0350,high_roughness,10.712112305608203,21.24405876916586,9.172878955183014,67.44450230732585,131.75681718548432,42.894087578761244,177.9347503151436
high_roughness_0090,high_roughness,3.5951045588693846,11.451214304909342,2.53111172056475,95.22967490133527,422.3228541644786,20.146173109605336,131.08291633882558
low_roughness_0062,low_roughness,2.2975356791362698,5.832233186287482,1.6048024207544156,98.04230774532135,597.3590179352309,11.694451226742487,110.73507282233732
low_roughness_0382,low_roughness,6.389686201520724,14.815384459687948,5.085767890505418,84.90325181251282,163.150445808992,24.63041197054626,60.88584186763054
medium_roughness_0108,medium_roughness,1.0202283241089019,6.487195471423583,0.6302394965289546,98.40244552015358,478.2036139727805,7.639563257809602,63.2977881334009
low_roughness_0187,low_roughness,3.172784684099693,9.411765702896162,2.1926031892588704,97.79251087987869,398.2031570414116,8.790291367668765,88.38681549916085
low_roughness_0055,low_roughness,13.731446971675561,35.85202800283243,11.301002490485143,83.54787308165128,791.6071706317448,130.23621640708402,99.84843702050148
low_roughness_0107,low_roughness,12.426983892167849,34.465679714346166,8.033198004568558,82.4186089351639,454.77611383473493,79.95596704274897,76.20778175370172
high_roughness_0071,high_roughness,26.91527895844096,75.26376953037875,20.41139420526148,60.888167212722394,372.59632993737125,145.72925353663783,232.48334636724107
high_roughness_0095,high_roughness,7.147246765436758,21.454246329969365,5.505403465947667,85.18811763772999,363.14397198853317,53.78845793661631,132.8414556077014
medium_roughness_0388,medium_roughness,6.942630189387423,18.996941152621325,5.294928543663654,71.98397617103093,327.50363086958635,91.7534952651622,50.17944926894537
low_roughness_0115,low_roughness,1.0429824009693822,2.672422343364474,0.8400900921229741,97.44841683194346,126.33564317051591,3.2235590063948454,76.07209556733142
low_roughness_0217,low_roughness,4.530148327047,11.829275087957413,3.5044444783071227,96.11337057083038,475.6822113399892,18.48800481526478,95.28114226686678
high_roughness_0189,high_roughness,37.15673696501435,130.05864539127293,20.32192542836392,70.15155415987645,248.4154370647616,74.14814719078154,93.93907734530596
medium_roughness_0171,medium_roughness,33.53471013473352,135.2647322298312,16.563765498099915,79.47384319394615,439.41460165504293,90.19493016441098,93.27289017630228
medium_roughness_0028,medium_roughness,14.192045944073945,45.63890788499454,10.682511405191493,70.63789864858802,213.6436174035232,62.73025547284534,72.0997105819511
low_roughness_0039,low_roughness,2.0816579092617036,8.834232317835706,1.2841936569321923,97.49110007732801,590.7702725447261,14.82183491104378,73.4526277904394
low_roughness_0049,low_roughness,0.3163453638584641,0.5657479614858474,0.2698701069953696,99.10428557426712,156.41365230563218,1.401019647517229,67.02537668402086
medium_roughness_0118,medium_roughness,20.161968185923236,43.353023150704985,17.42907746575066,73.22207372531982,879.4594410977238,235.50100075286284,97.9962805608496
medium_roughness_0086,medium_roughness,21.451837118357048,58.879426016182386,13.846074637274086,87.63030306308576,392.02113828604126,48.491826734624794,153.09458690521328
low_roughness_0017,low_roughness,5.7607574183532355,13.583894064131002,4.68102330890998,89.97503441787921,452.7311527943714,45.38614224717434,112.31313956437225
low_roughness_0010,low_roughness,0.8926775240099918,2.2797696217586108,0.7085209079802942,98.69293997924154,168.07936378882948,2.1968981672289427,81.72912335954607
low_roughness_0098,low_roughness,5.66742564787792,11.755075257788661,4.736378413133375,90.3259346163435,373.6173686513828,36.14398852803166,131.8881634957288
low_roughness_0242,low_roughness,10.02204375877854,28.933230811657978,7.305387472395876,86.76490725114441,264.4381190821841,34.99863032385625,111.43230846239385
medium_roughness_0239,medium_roughness,12.530201724345037,32.701824530328096,9.045445825478343,84.2092258051873,558.7890909054229,88.23712357012198,107.59693931563136
high_roughness_0158,high_roughness,5.539742430811306,14.126185851047769,4.539727328204622,84.13771076879885,240.1059844299116,38.08630571169533,183.80811457282834
low_roughness_0308,low_roughness,12.08096935980593,37.36791705723951,7.798342868868346,78.3022056776781,265.48790886339884,57.60502041581368,83.5358652553241
low_roughness_0317,low_roughness,9.214846689206826,28.08760644627148,5.884435983817859,94.10448887087777,535.7297911560808,31.584009459629996,106.41251034005745
high_roughness_0165,high_roughness,45.92632921586001,135.05928945170277,34.179077353483706,36.449398249512825,470.8321707795034,299.21667776525584,180.2374256090869
high_roughness_0250,high_roughness,2.221889138946993,6.432186191760849,1.7794415736185212,98.30367720071672,707.0163258586283,11.99327913019486,106.88058393760973
medium_roughness_0305,medium_roughness,1.3996223592382233,4.115355068624794,1.0593777020615263,97.75439024145957,328.8999540973812,7.385809465045764,77.34296998901118
high_roughness_0356,high_roughness,37.98135426247762,89.82748147887516,29.951697056792597,52.15791564092732,305.16758717140806,145.9985344910917,89.43149837185457
low_roughness_0176,low_roughness,2.00390169041589,4.757944557949813,1.4917793739818852,98.06883630095159,520.314221042885,10.048119357766709,88.96580319632267
medium_roughness_0358,medium_roughness,13.679105789421824,50.73647243690529,8.571354874466918,82.58121539867047,375.23027316910293,65.36055304230652,104.64071448738672
medium_roughness_0256,medium_roughness,8.263382384523302,17.806204854516025,7.507423242644269,87.20967545001332,276.71176905364155,35.39233332997036,166.97568030588323
low_roughness_0131,low_roughness,8.260648652607493,48.12648875814902,5.121297980519749,95.13194952712168,789.8688128269806,38.45121247794226,102.26721599544726
medium_roughness_0280,medium_roughness,2.345129988914746,5.977951999348377,2.0018343009126287,96.37662733634212,344.3801154799026,12.478174963372247,98.7434970482985
high_roughness_0317,high_roughness,25.65127851206078,42.01712706634373,22.873715307022735,15.974297883522656,208.21138312324064,174.95107655573156,124.471999138562
low_roughness_0121,low_roughness,22.928396219323876,73.40998478472417,16.982507659852786,80.61901003095166,625.536660869049,121.23519749575028,128.38149226086475
high_roughness_0351,high_roughness,20.48254841133148,107.18375389799252,10.747280395888398,90.29764769819647,529.9741112693595,51.4199553837055,115.2102593978246
high_roughness_0324,high_roughness,31.697032524595198,106.93856864016107,18.670549533400198,42.12712148488377,484.8053721701007,280.5708240707595,53.815141765238536
high_roughness_0206,high_roughness,16.777553278960408,44.864497287568085,12.636719472676612,82.92378304735925,508.9307501834872,86.90611904003443,222.21783654761506
high_roughness_0168,high_roughness,37.847459205035484,108.54663144553258,27.733940495173233,55.84952235525581,669.9501556629655,295.7861937069065,183.9210704617552
high_roughness_0329,high_roughness,4.824512306970612,18.304404213065652,2.6112192142548323,96.23488803281093,129.44492886418317,4.8737465075847375,78.82573170128738
high_roughness_0300,high_roughness,15.641310948412139,42.91785936830515,12.651939406308477,67.35979754211446,242.9443137035277,79.297515852752,139.21626899321322
high_roughness_0153,high_roughness,1.548342772930291,3.8142614144748848,1.3301082067618073,98.6476329893961,557.1796780055791,7.535114155136459,93.89428815159833
high_roughness_0198,high_roughness,26.643182947741177,72.55290053646837,20.524132510979577,23.312714570907715,198.596787127882,152.29848499776568,125.19601335708312
medium_roughness_0133,medium_roughness,4.093284036016975,9.29790385273833,3.6324654514121955,94.62612789139575,303.9605677966471,16.334452173979095,166.4013787079166
medium_roughness_0039,medium_roughness,0.6639600294571719,1.8493021149247255,0.45394174005849486,98.11019116029254,85.83789473839624,1.6221721225849968,63.52486979116353
high_roughness_0280,high_roughness,10.132868966662697,23.58791684431685,7.629393283653492,82.34579275947786,410.7684579362726,72.51791484276654,88.53018419181353
high_roughness_0307,high_roughness,10.690166786369943,31.86959349120643,8.437535397412313,88.23972719620562,303.1774648108675,35.65449694138574,117.52717622932171
medium_roughness_0370,medium_roughness,3.952635644255818,11.496880890517602,3.0975708398006296,96.21150284172269,573.417105190189,21.723890735206282,115.56292701684288
low_roughness_0027,low_roughness,0.9484110992103707,2.3090672608996528,0.8085739924671816,98.48096603688805,276.9746280697273,4.207338669582133,73.2296380185265
low_roughness_0275,low_roughness,14.946938493472743,37.10847833013975,10.894039164078503,71.18233539739792,179.542132167342,51.73984946834517,188.11091240673036
medium_roughness_0119,medium_roughness,0.6512982913576773,1.7859934029142934,0.5099303275912092,97.30935940870187,89.77895431174178,2.4156289871547365,67.13563612363214
high_roughness_0371,high_roughness,18.759581969032382,100.35818141107578,13.337156363460053,56.33182144574881,454.2159206657144,198.34781925814013,150.17725951731245
medium_roughness_0273,medium_roughness,3.1734801850551904,7.077349416879045,2.622498160304353,94.08283710113298,337.0245927374274,19.942294161516692,89.19161557917793
low_roughness_0060,low_roughness,11.007523395871594,26.55682124004239,8.833880226888642,87.98062422375897,691.778163555,83.1474170156547,105.72842452543689
high_roughness_0309,high_roughness,29.17964913294608,60.44202897630969,24.960420880411025,7.774647299677133,233.92192015919164,215.73531591018215,96.8233912404573
low_roughness_0070,low_roughness,5.253519366262815,19.056463192501152,3.168416909455233,91.88625384057833,256.51682409430134,20.813123963221805,53.28665274045852
low_roughness_0103,low_roughness,2.016875190550892,6.716234082113353,1.6388597319376366,96.06632128712418,98.161867775746,3.8613724968558416,74.45584087851846
medium_roughness_0285,medium_roughness,14.287173245487015,33.22667379162543,10.591286452560084,83.16383458790779,449.2488616037971,75.63628145155648,133.09756735148162
low_roughness_0076,low_roughness,7.911401748087509,18.53479088225113,6.895849664213299,78.58644881505832,173.67988442430266,37.19103094914562,121.8037978326726
medium_roughness_0142,medium_roughness,7.706567427190462,26.708362864371907,5.051464701339715,80.31982454758464,210.60432440608298,41.447300553491154,99.32593888171807
low_roughness_0102,low_roughness,11.07964007931733,41.05173730267904,7.337269071604746,77.26184733116533,247.9272315257491,56.37407241194008,47.54985365468838
high_roughness_0063,high_roughness,3.6611914103642142,11.830533380703457,2.570088794417385,97.08000605622325,817.2764008569843,23.864421408940373,104.15138332391264
high_roughness_0049,high_roughness,21.50258227284753,80.65052243331507,13.693871238605059,68.46084560612546,397.6587835594373,125.41821770761433,70.37005387060981
low_roughness_0263,low_roughness,11.420641169846101,25.864516010820115,8.89233433956873,90.65806199526234,433.92081902773543,40.53661390322096,128.5608316625197
low_roughness_0358,low_roughness,7.769148979542336,11.915979900488466,6.711610175488843,92.88016493606831,807.3872090868911,57.48463761426795,96.99116931195992
medium_roughness_0156,medium_roughness,0.6728163747252166,1.9715134911614882,0.561257761044361,98.88990409383092,385.8675083638881,4.283499413584182,70.93526540911989
high_roughness_0003,high_roughness,27.660476393209876,161.68363720444864,10.449955815584499,82.9873375414842,217.21426672206326,36.953930009164814,97.84268867104386
medium_roughness_0395,medium_roughness,14.618843375254764,36.677138288884,11.916822080147053,52.61729587948335,157.84342940379884,74.79048512807859,109.1988774920582
medium_roughness_0253,medium_roughness,20.437405288795517,62.574160280625776,17.279939507795966,69.11815301586333,271.7388796366018,83.91798500578267,194.63738054223222
medium_roughness_0261,medium_roughness,9.579568413976343,44.72109213667976,4.594886583758346,90.80820600696958,512.5975976506745,47.11691518927296,78.41044571446643
low_roughness_0327,low_roughness,9.753868801892763,29.06456706513419,6.070059214250338,90.62678690220002,537.4431294394227,50.37568980184203,118.85410243848067
low_roughness_0363,low_roughness,16.7479170090518,38.89316050805958,14.15407840333294,54.02482369168699,155.5485615619201,71.51372542313757,77.1350436107297
low_roughness_0289,low_roughness,1.7647817460006188,4.296564180895331,1.3473239954235297,80.04682574408561,104.70565788245617,20.89210237308804,58.39773194192094
low_roughness_0299,low_roughness,3.775219571284948,11.55737455758674,2.6862609255817023,94.25523566091245,527.9669710205914,30.330458273351667,109.3994856572778
low_roughness_0222,low_roughness,1.2011285664299516,2.7908798202875715,1.0355373539456196,97.02834631733202,197.46476823312463,5.867969057171436,79.72482462319749
high_roughness_0244,high_roughness,12.595017920830706,32.35761291053409,9.048064825217137,79.3907570700876,204.71427558306158,42.19006236712349,107.51987548030327
high_roughness_0304,high_roughness,18.049496416728907,46.98015867324827,14.264844333633869,77.8369993291479,420.399258821704,93.1730905529115,187.26799139193463
medium_roughness_0224,medium_roughness,5.491170311067458,13.602359250631494,4.275560934720896,96.55005874512034,547.1839581855231,18.877525113525895,123.03165586354832
high_roughness_0246,high_roughness,21.544772941173353,59.81009127855356,16.066801440759953,77.72314931674424,268.66444395052804,59.84997701785846,153.89209629949983
low_roughness_0395,low_roughness,10.836468286883612,24.620610863671317,8.819012033489807,46.11265217298412,76.37837951478572,41.15828303377083,57.61397748883898
high_roughness_0173,high_roughness,13.608738288917989,32.65607422726174,9.11888073248067,88.08654871603149,402.49455536646184,47.95099277420911,115.55520762421753
low_roughness_0162,low_roughness,0.6096756610481462,1.5257038022935703,0.5342501329409217,98.77552361115961,233.80440827342954,2.862879775376124,74.04745738109948
low_roughness_0100,low_roughness,3.0524433162179343,7.020230942720673,2.3433685298610007,95.94929316170983,468.33096686604017,18.970714500673147,110.3731577759075
medium_roughness_0236,medium_roughness,4.680213637368401,17.867668114211682,2.7055764800252566,91.41567742807318,128.2094791887326,11.005915261348193,70.40996774899683
medium_roughness_0195,medium_roughness,15.454652853036912,34.479275315746214,12.729332540639625,75.91927861236401,491.65523972236895,118.39412846525745,105.19328175973783
medium_roughness_0371,medium_roughness,30.793104749656106,86.63925247558835,20.77069349488874,59.88879550696158,192.07048554638828,77.0417852282836,124.02469298272403
high_roughness_0113,high_roughness,0.40175086758289913,1.0301505597478986,0.3396696463309718,98.82023398712744,116.42168932351763,1.373503522250946,72.0118057829568
high_roughness_0177,high_roughness,10.431618213084262,27.059688286901547,8.237489162833644,68.91934112442188,213.64636922413598,66.40269921861182,138.39681917873108
medium_roughness_0071,medium_roughness,2.1537683168782924,10.15098960057837,1.40876721216727,94.92287253958379,295.00944047723937,14.97800531329011,72.39541769753426
medium_roughness_0216,medium_roughness,13.034291383713175,43.930899581093485,7.6675537470353445,89.23206364800588,802.2647901456387,86.38736197734175,87.53024515782636
low_roughness_0156,low_roughness,0.4832025719459157,1.2014682104814334,0.3810375998823524,99.17965932946628,315.52053395701023,2.588343263934492,70.4452186291616
low_roughness_0186,low_roughness,3.835000652023496,10.195386814983166,3.0820254052601483,92.80154443298842,284.84122945403476,20.504169338778212,103.82301852379878
medium_roughness_0007,medium_roughness,2.596195179306905,6.757521747441473,1.8793502329789653,97.58641940195868,442.0939388972079,10.670293534339697,103.44739536779343
medium_roughness_0134,medium_roughness,16.679551617769516,48.402627815308364,12.044929817202936,77.00040032460632,446.00948863085915,102.58039689936807,172.5245415110112
high_roughness_0367,high_roughness,31.969553842509413,67.19849846469756,24.23954296244308,74.23684281830316,453.31784460541985,116.78898883837454,208.0255770157261
medium_roughness_0051,medium_roughness,26.551142664705868,100.19208395187813,12.852442936167089,91.81362072628653,315.44348258616543,25.823399878713808,86.40057902458535
high_roughness_0288,high_roughness,29.55550452534495,82.57449722338481,19.397570743128938,28.352343013572643,320.5006606412052,229.63121397544427,137.4903696648071
medium_roughness_0089,medium_roughness,5.059835994858189,17.73779833385983,2.1604970053999994,57.977312876249364,6.558217055984263,2.7559390343327173,73.01525879747003
medium_roughness_0372,medium_roughness,17.886289758183793,42.39910077080298,13.351803149105109,79.95067781544107,258.8977290549863,51.907239826740636,132.54511932075062
low_roughness_0033,low_roughness,2.3922458887513733,6.415194867125194,2.0190342864549526,90.26332385020784,129.43275144420235,12.602447839887404,91.03648507262251
medium_roughness_0398,medium_roughness,25.25325631746932,67.63219760668716,17.944292846342798,74.56127911540263,738.7478745990283,187.92800986014225,191.98088691722623
high_roughness_0160,high_roughness,27.828216148213773,65.61173224536421,21.467894093225535,57.07010927984287,610.3295004701199,262.0137875847034,174.6871360711476
high_roughness_0391,high_roughness,19.038569269692715,37.11467396647144,16.322478754152243,58.5202274405454,278.8305687685722,115.6582857514374,60.98799310077023
medium_roughness_0284,medium_roughness,35.440130993121166,111.66941162315305,20.078285373690154,68.52996678113234,301.05505988717346,94.74212735357537,75.32194470754196
medium_roughness_0047,medium_roughness,2.8862973526899722,8.55117472663979,2.298797440115289,81.07399855307094,73.34903920799329,13.882040221813384,80.2389019060065
medium_roughness_0032,medium_roughness,4.221904889989348,12.495598418116629,3.3801236267287877,92.66311666411237,380.76661886651823,27.936402608240364,103.12146592895806
low_roughness_0219,low_roughness,17.973989150799767,48.634228689073566,12.676055726216504,64.01659176663159,476.9502844501154,171.62296792389685,90.32262854597143
low_roughness_0330,low_roughness,2.373310613706479,5.509625760745509,2.0623751723457886,90.80952233263466,88.16282639093261,8.102584870376731,117.12116236947622
low_roughness_0086,low_roughness,0.6758735575953652,1.459193033453575,0.5441871003289316,97.03846144727804,77.22791302063641,2.287134417568738,67.73894559044372
high_roughness_0392,high_roughness,6.138494255708591,13.348649776280439,5.174755870693713,87.4352582264742,174.65011039696137,21.94433537855594,115.08556069054846
low_roughness_0084,low_roughness,10.291317300733189,26.95335757468355,7.796454806146696,82.02315801521164,466.4435020745286,83.85181131625112,102.02221174946801
high_roughness_0020,high_roughness,8.037839554829368,19.2596278015871,6.166990146203576,80.13232760045726,201.14125605508832,39.96208581335037,120.35915943502914
high_roughness_0061,high_roughness,12.027584986506106,45.450981902955824,5.415628272325461,81.63758135311409,144.82970129786793,26.59423607734887,55.94349018145075
low_roughness_0313,low_roughness,2.554833895720179,8.936964950450317,1.7004175359123708,94.95361531985337,191.6655740532935,9.67218216614052,101.93084290774762
high_roughness_0332,high_roughness,0.2569639641773264,0.4843514822635555,0.2164110369367417,98.90093490005526,83.26265351013217,0.915110766017772,60.28019154495754
medium_roughness_0012,medium_roughness,6.853258694363013,36.65633702061359,2.2493587504199732,91.6690920853274,61.64297226994958,5.1354192556766645,51.532888711502814
low_roughness_0262,low_roughness,4.6972534257796665,13.874267996559375,3.8788168799655507,85.11888490680806,248.9870014069259,37.05204224645206,93.86922695708442
low_roughness_0165,low_roughness,0.2998031229896928,0.8237284275701384,0.26379180548484105,98.72712867540045,120.21262018243587,1.530151970851997,73.30588971547452
high_roughness_0004,high_roughness,5.892844123792879,16.04260909339827,4.512736570945911,93.9464405011944,456.10195781895266,27.610403391787457,92.89338363361458
low_roughness_0314,low_roughness,3.9505290038099004,18.111117132806356,3.075724022862369,95.07795301537489,759.6173010590642,37.38872046146828,102.93693430201772
high_roughness_0364,high_roughness,31.17554280440103,97.03399370534245,20.582176835904864,58.33508695261354,587.0270918527972,244.58432738506937,102.34844861244676
low_roughness_0185,low_roughness,6.346854084049298,20.966719375732566,4.552731748788432,94.5183026719614,569.2127397807069,31.20251954741429,99.43711464550233
high_roughness_0346,high_roughness,17.474196134808352,41.620500937684994,13.723335132093961,55.97918811450961,86.53651525150889,38.09407659112543,149.43345386236157
low_roughness_0315,low_roughness,23.416907727252443,48.44344533624296,19.55522914309543,73.07792876224093,508.3434121628893,136.85657555494822,178.36265602390026
medium_roughness_0117,medium_roughness,5.379741011598429,22.809701301996895,3.8128682112349153,96.11425467468727,539.2339929316664,20.953259672839437,84.21384350229225
medium_roughness_0112,medium_roughness,4.321142835778846,12.552750539248095,3.090719612071396,96.04166510045879,465.1835226370543,18.413521723457716,116.89282326873581
medium_roughness_0238,medium_roughness,12.139484289056806,31.486908727703547,9.053021941609178,74.65160488133353,149.96760907786665,38.01438209907476,181.77672318215022
medium_roughness_0241,medium_roughness,15.958858015530863,59.07998222817119,11.918572185630783,61.11675333078712,287.29590445290944,111.70997519897094,106.48533657168439
low_roughness_0025,low_roughness,3.1033992367142287,9.920343842073265,2.0088385006760507,97.08979868668057,365.5050319301889,10.636932239480938,85.47021034320642
low_roughness_0332,low_roughness,3.231420412327264,10.511492687343164,2.7737353793361232,91.49095117830731,249.83678947739867,21.25873439118142,102.42649155525032
high_roughness_0094,high_roughness,22.449163666004434,81.0432460762672,18.64327951474966,54.35011310039936,198.6458913451762,90.68162472977652,218.2024338400487
high_roughness_0226,high_roughness,5.4156929562821725,13.825987444307685,4.236120106009061,88.24658432476625,253.57714018772342,29.80397534363333,159.21132171331556
low_roughness_0269,low_roughness,4.814709247816149,13.363802898740133,3.546759609672891,96.04293257426212,511.69574750098343,20.248145743247278,124.1028416705667
low_roughness_0364,low_roughness,15.270682865800696,53.77510984537247,7.8679714876582025,58.32032494522125,65.65015702051406,27.362772119102274,75.75659972137537
medium_roughness_0343,medium_roughness,3.610454764844168,12.39784751147782,2.4139914086603866,97.4936151235777,261.6564612308922,6.558117972472867,92.99597664588573
low_roughness_0386,low_roughness,33.83142789677447,82.09723103486424,22.60787996242734,66.07381902093827,535.8419805925441,181.79072009761535,147.85586211410956
high_roughness_0241,high_roughness,18.42505342361479,39.069739855785684,14.756223010195999,70.97218288286396,343.15539092299866,99.61051930472127,108.48316418472434
low_roughness_0355,low_roughness,20.016608228221774,40.89371921315433,17.199326214762586,21.84270206422304,205.51563248275568,160.62546518414376,92.10735215439354
medium_roughness_0126,medium_roughness,3.1275208270042643,7.618066054235086,2.4071176334220596,75.77175619440898,43.76290207057965,10.602982610062075,68.6874241199298
low_roughness_0048,low_roughness,2.9891348225813323,7.121627009629364,2.3999882915311717,96.32867803140921,398.67985229538806,14.636821001665929,80.15447693192012
medium_roughness_0234,medium_roughness,14.394335384542572,36.791227849766045,11.117523995911073,72.41369008122452,340.2888620526743,93.87314010492511,127.66532429313611
high_roughness_0005,high_roughness,6.89320724975706,48.37482445381326,4.119778151646756,84.62554641402886,142.22744530024454,21.866692564198594,163.60896127827587
high_roughness_0032,high_roughness,15.33199062029255,44.869137791728164,11.015905121917221,74.09909376508061,399.1993305594891,103.39624429863922,105.046435502302
low_roughness_0341,low_roughness,4.223534379759409,9.116998063441827,3.7349537292948254,79.19001044970967,54.00811421703275,11.239082924873376,120.91375839125249
low_roughness_0012,low_roughness,0.5437813383778078,2.7702421165664637,0.43222245778253143,98.92232338700917,331.63814496300216,3.573986728022878,66.33971371467881
medium_roughness_0180,medium_roughness,1.0161037233926131,3.6938401625490296,0.7281110528135397,81.8792046891527,33.87485515150283,6.138393163849843,72.90928121543645
high_roughness_0275,high_roughness,8.48962062717291,23.014259261550094,6.61304253011925,90.78770327409157,448.14804114897436,41.28472732198972,170.7447859528987
medium_roughness_0122,medium_roughness,14.329167593612013,38.22930169858393,11.638153690137003,79.00713812223441,285.8606514771351,60.01033172747585,139.87837353433747
low_roughness_0139,low_roughness,2.3593406028979813,5.907981089221039,1.768245495443315,89.75729961353028,88.10141294030069,9.023963763721465,78.38191745706233
low_roughness_0147,low_roughness,3.7904100970264016,8.424587238973942,2.906716076320374,96.56624647419237,550.1763329662022,18.89169923138612,102.23322883201509
medium_roughness_0168,medium_roughness,10.696119869490206,26.813054790644145,7.969567757076606,88.65140089439576,417.4273311619493,47.37215437079268,123.6593019962226
high_roughness_0272,high_roughness,20.87827418647468,55.90500076459065,14.680327890085163,85.65975461539601,357.079639932836,51.2060965848291,112.55260274214488
medium_roughness_0183,medium_roughness,16.968476543277703,39.6018393008878,13.680182854059694,71.93154826178025,683.2086584581384,191.76609257066113,96.95366021765221
high_roughness_0085,high_roughness,23.145745761542777,64.54691461166513,17.402199227218397,73.24262143676212,177.0476034824673,47.37329750094411,212.76473679016362
high_roughness_0363,high_roughness,1.0463579456737542,6.778118066511055,0.6642255601574278,97.64104353843112,96.53702419378932,2.2772663700257176,88.31046229166289
low_roughness_0158,low_roughness,7.472932310548227,18.68516873308741,5.626923171395407,94.08407156329649,418.92105697608207,24.78306993698699,104.91863983375136
low_roughness_0011,low_roughness,1.2827906485534935,3.195498641879979,1.1082308719587615,98.75069130361021,561.1866817133584,7.010954017626348,89.57898831206451
high_roughness_0337,high_roughness,48.12400968470376,165.0713259869484,28.028606067872488,48.24625865879395,294.2800333537883,152.3009272807345,86.78728683667971
high_roughness_0227,high_roughness,27.307454452401235,71.49294802287015,21.627103766788885,38.78198471422012,196.0122871338755,119.99483189962265,215.17938677256612
medium_roughness_0055,medium_roughness,14.412543602883888,41.16139595305879,10.39569217899301,76.66129403435617,149.64667388037037,34.925597204305554,69.8924291691766
low_roughness_0356,low_roughness,11.186035064277176,29.804375551119975,9.312438410604184,70.88813135349793,151.6388443880593,44.144901195325495,140.80645429101364
medium_roughness_0200,medium_roughness,12.026175283378276,31.339914506855344,8.577118677542895,80.52182770061442,466.0655164062232,90.78104431362536,92.62754369296805
medium_roughness_0113,medium_roughness,1.5186792673891254,4.330211164642435,1.1815022734841925,98.7329459175881,565.9190564920425,7.170500508429306,91.24379736095034
low_roughness_0001,low_roughness,0.6211158557642993,2.873434497188377,0.46659542456207886,98.31864564726563,163.22137735871647,2.74432973281377,71.76857790032712
low_roughness_0213,low_roughness,1.7408711174473572,4.7954010678238035,1.4548981220216,96.80867366757036,262.3051077826509,8.371011975975696,95.43753337618061
medium_roughness_0267,medium_roughness,26.489056105417415,57.32410670791212,21.293479743162756,66.81465286031715,337.98794885053513,112.16247411634379,200.36179782026161
low_roughness_0125,low_roughness,40.73045886608407,107.35776595452481,19.491435140735867,89.1742241014148,845.0697628801657,91.48535871611219,97.05863505547747
medium_roughness_0268,medium_roughness,7.019101353467994,14.842774740614743,5.650513655127672,82.62046825382,261.57578617805933,45.460646799135745,110.56014030715596
high_roughness_0144,high_roughness,25.669356763929187,73.19158085594566,16.99470679939899,70.07396528786391,415.91425985272963,124.46664577625177,104.88687103312611
low_roughness_0015,low_roughness,0.7205649123590079,1.8700128424236837,0.6131352456932097,98.6345712759829,289.276591877822,3.949865677357455,69.76518199705122
low_roughness_0226,low_roughness,17.190016372037032,39.84942481325664,13.608082736416026,84.77927100030824,459.5126758561632,69.94117911129857,195.27529492725685
low_roughness_0223,low_roughness,2.9957685315327836,6.666088998581031,2.4990031538934034,94.4973866520155,483.42155316681567,26.600818911591134,68.99863414848369
medium_roughness_0251,medium_roughness,16.19358640684428,43.63526925757914,12.861029040659947,76.42100364796516,204.27162677618725,48.165199425799415,129.0455404157917
high_roughness_0360,high_roughness,29.025005858346187,71.89837395096785,19.8819512859909,77.1528353844193,383.4836011391204,87.61512962601174,155.2682247350555
high_roughness_0219,high_roughness,3.836915734618715,11.772373618201968,3.012138398820204,95.06318541087501,437.0292490920915,21.57532372792185,93.74599136256923
medium_roughness_0263,medium_roughness,19.196224643476427,36.52029186106272,16.68706206693295,67.43773246159316,211.75392376340716,68.95187917891468,84.83895619885321
low_roughness_0006,low_roughness,14.431830801983393,37.61609532500588,11.151635127940484,85.82219807720654,748.0944408334244,106.06334801679225,78.11845783917215
high_roughness_0220,high_roughness,16.218815776771667,38.86287437582464,10.620557798511644,76.5346893530575,201.12127488550522,47.19373192897494,84.9210942835219
medium_roughness_0049,medium_roughness,35.41746912069543,69.22863065319187,31.098796185558303,49.1037188586589,646.0841196023648,328.8327899223781,138.20466502510544
high_roughness_0076,high_roughness,4.908751486509616,14.492807907696573,3.3275537455590842,97.06469814418587,1026.599992290106,30.13380862547932,94.07035189590533
medium_roughness_0291,medium_roughness,10.557601268077345,21.400112970434293,8.240188053207246,82.6964917498573,334.31947602105106,57.84899811513637,100.66406204749364
medium_roughness_0158,medium_roughness,23.261253665210656,60.81384420859195,16.999369886909626,62.41415298756707,550.3818168578068,206.86566766842407,103.01321077437707
low_roughness_0256,low_roughness,2.780878882751618,21.018922004514522,0.7727285811721393,98.6766653087989,82.82127108716313,1.0960026119901278,80.84636452596654
low_roughness_0096,low_roughness,2.9889232373781938,7.639164557452801,2.5189182578399256,94.86995116874235,345.3182230635398,17.714993466390816,87.48990657003414
high_roughness_0395,high_roughness,14.252795159685075,49.592792023745595,9.575538664369905,56.7082019756259,275.0439547706877,119.07147337757698,67.65200059889177
medium_roughness_0026,medium_roughness,7.922530409611029,37.52752692680716,3.996811177721318,94.99188581141256,354.6544153283222,17.76149809450956,106.25830335541589
medium_roughness_0111,medium_roughness,5.654133939861397,16.275434293469587,3.988294377881097,92.69796297921722,424.7831038223467,31.017819499137858,97.92131925962167
low_roughness_0383,low_roughness,28.743092098800787,65.3648631753006,22.432332787069605,49.24906584207637,278.720091421737,141.45305008235027,123.17620646797427
low_roughness_0326,low_roughness,1.9095102456532376,6.898453355033478,1.4069994395743577,98.22389702666126,241.65260684677662,4.291999135356175,95.321110650703
medium_roughness_0050,medium_roughness,0.7080539096057205,2.49578111479957,0.5922326572169594,98.15723219964556,209.34809372410456,3.8577992618036365,71.08411852320326
high_roughness_0001,high_roughness,8.652599287317749,18.25529701706544,7.57279975755255,83.56756586815366,383.71338524323676,63.05344928517265,104.21272888120136
high_roughness_0322,high_roughness,36.53095445071305,69.59468194499763,29.794514389432322,55.6540959390399,318.3300313325491,141.16633029195646,88.44467848829277
low_roughness_0281,low_roughness,14.161751328331862,46.807173152512206,10.063435553907784,78.410473304798,245.07069637780376,52.90960341660339,119.5651105737925
medium_roughness_0213,medium_roughness,37.0964345008683,130.5714733465043,23.845752014768447,73.94374752408557,612.394662839373,159.56709949845197,139.95101279622247
low_roughness_0244,low_roughness,0.8698212288546269,4.863501751528593,0.4483880664359405,99.15382080967315,149.20092811274986,1.2625072054645887,66.13120825051344
low_roughness_0135,low_roughness,20.529619179296162,51.702905377269786,14.961659571601464,45.39245655050225,184.48769602700395,100.74419876692352,102.24432174613457
low_roughness_0390,low_roughness,12.228652806877825,29.570728090867476,8.894055378312197,91.14104218124966,303.6383350777752,26.899192026095914,74.77541453597611
low_roughness_0298,low_roughness,12.963173185883647,24.652975822822214,10.690595676840621,63.23080859129962,198.6154949214528,73.02931149500657,147.5267772724037
high_roughness_0270,high_roughness,7.169387113395305,20.19996540335189,4.922181848407453,92.55355861288508,401.10899539660414,29.868346240653636,155.09624285803625
high_roughness_0259,high_roughness,39.671460369008855,94.53279915143752,29.758561365935936,58.1405547066132,387.214318989199,162.085766025444,107.0212198792273
medium_roughness_0218,medium_roughness,5.681620071033325,19.546442429134657,2.9780307861351876,93.67740718820389,119.76182056548515,7.572052258349518,66.82959753956948
low_roughness_0324,low_roughness,4.570731955361763,19.025640770686294,3.1560669246968063,93.80073742603048,137.55081235863156,8.52713603073969,110.47317819161312
medium_roughness_0297,medium_roughness,5.6543979033664415,16.772169050452703,3.9242039309227805,91.7598406968633,315.58948277141246,26.005076124309547,138.30168623582935
high_roughness_0092,high_roughness,24.974309670695202,66.38381410836821,19.159550850165328,61.03948343377504,621.4298890379736,242.11229486611305,180.7391836334194
low_roughness_0235,low_roughness,12.658103648058397,28.486063577099827,9.235114294842216,80.72044841072008,769.1075112765444,148.2804794135882,112.79473888744752
high_roughness_0016,high_roughness,1.4889642979036617,4.213963311208786,1.0674248689604238,97.90730651363353,278.24920614671913,5.822903012898806,87.71124425922123
high_roughness_0302,high_roughness,2.417239821629194,3.912072223481289,2.2018290284495308,95.33823786107544,232.47258652880504,10.837319022178473,113.16524422310128
low_roughness_0197,low_roughness,8.062890711857914,25.699921774644594,6.305490703082624,86.20713586374345,480.50382265047915,66.2752394276997,101.94590287723501
high_roughness_0385,high_roughness,16.267074690637287,33.42682024910643,13.762922575415397,72.98105374954403,181.15643044468322,48.94655857109362,262.8491118055851
high_roughness_0238,high_roughness,34.52369130436366,81.82697971939132,28.394226694189047,4.318352654941228,385.51650043759696,368.8685384057135,52.101804605236715
low_roughness_0294,low_roughness,10.871467643054967,27.234639024315186,7.564578098086625,79.27392888892005,370.4915310304174,76.7883381818931,121.87194506667704
low_roughness_0397,low_roughness,16.810859845023966,52.08473074741735,12.884315366230783,68.17143787685954,355.23726013027465,113.06691202510652,136.2470553202213
medium_roughness_0353,medium_roughness,45.24327370538597,109.0278403665756,33.727357124185104,42.13305709454985,474.12084176036905,274.35923680431245,182.94444802157264
low_roughness_0101,low_roughness,3.9997331204396502,9.690148267908214,3.1231476768875353,90.13508483156909,219.53717020595957,21.657155603991658,84.4135871035008
medium_roughness_0293,medium_roughness,44.799121333291154,155.72281678732477,30.53662545406478,51.475085607730016,999.835263213666,485.1692055381587,141.30853977773458
medium_roughness_0157,medium_roughness,16.587022709697596,35.3187730405012,14.583007593983904,67.92384113165491,384.32017332832845,123.27514935989379,198.89061433419798
high_roughness_0352,high_roughness,0.2485184882582724,0.3995848565851752,0.2071482487433852,98.68831526924878,47.01711485410135,0.6167163163810131,61.7186007894749
medium_roughness_0161,medium_roughness,2.6923301159049537,9.029857345233884,1.7398344765132154,91.89924937110027,73.47012646594933,5.951631731743818,48.74343433234147
high_roughness_0217,high_roughness,9.192918570606391,21.897656741748065,7.671088733491662,88.22228570131396,429.20158602938716,50.5501365679704,129.88827990477367
medium_roughness_0073,medium_roughness,10.755553789507394,35.84257225485583,6.325881002431666,82.87020752682,254.4798890768214,43.59187688483817,51.24334825956536
low_roughness_0104,low_roughness,3.649782142881059,18.97028872199595,1.9820206845751343,97.45364940561895,217.02887188028126,5.526315969102015,86.85143117476643
high_roughness_0089,high_roughness,20.29260268134965,69.09989560876112,12.366668159012336,72.05373930225454,374.9183493943782,104.77565932543712,83.60797403684303
medium_roughness_0099,medium_roughness,12.182028551723105,35.78797509404809,9.444517936701764,79.68314970708965,269.4242035677755,54.73851209173097,146.17199391732296
high_roughness_0232,high_roughness,15.035245686806675,63.95150697595092,7.1839613471393875,83.01765089130608,494.993818357921,84.06157829999643,95.32770887717834
low_roughness_0246,low_roughness,11.759152147536614,48.77604712971321,7.1849760457836,86.83033864669207,346.97432954706153,45.69534418425867,161.7597240817695
medium_roughness_0076,medium_roughness,22.962743256537248,70.84487365616783,14.453482990651295,62.77502518384065,384.6630880348272,143.1907376480253,69.2015647692261
medium_roughness_0377,medium_roughness,9.573818157179257,33.56576909601259,7.074422723745315,91.96593801486591,904.9273256949105,72.70242226674529,121.78335081264231
low_roughness_0388,low_roughness,8.428875100179948,20.043854311033513,6.652904524505516,90.7105389486408,750.5401978406404,69.72113935320041,95.89485264352697
high_roughness_0285,high_roughness,6.084549923516835,17.834965295119133,4.494481089951666,82.69975973448915,215.16847783254184,37.224663640672176,108.30150911649496
medium_roughness_0344,medium_roughness,25.869682097151507,80.79934061598173,17.99698297098358,81.08989657513666,434.77229030004116,82.2158897583848,188.23090454816216
medium_roughness_0124,medium_roughness,10.187244678493613,32.791414887674236,8.677925983719437,80.75541441452744,395.42443866937504,76.09779452560234,196.7616160015914
high_roughness_0147,high_roughness,16.793246176667257,44.940645662414965,13.786780580054417,71.41389842687906,240.4732590877229,68.74193009901074,144.61771499855368
medium_roughness_0384,medium_roughness,6.9043795336556535,14.493832606263993,5.907831148038848,88.10394681285392,403.8990347696329,48.04804399856522,110.59405394560115
high_roughness_0039,high_roughness,0.9116620105027818,2.789284562666623,0.7182294656107098,97.81747827384315,281.8926206317252,6.152367689720318,72.57375864071462
low_roughness_0194,low_roughness,7.3508000684356745,15.212773483307814,6.402684942615852,89.52078490558914,877.8647437351436,91.99333473400443,101.17475959638371
medium_roughness_0394,medium_roughness,10.885453354747133,30.020444153923734,7.544375297675162,87.35912490986358,218.11390929711905,27.57150682846226,101.29094844745846
high_roughness_0399,high_roughness,18.975645752267823,45.22339389675351,15.353950363360202,78.39578596872933,377.2688723268744,81.50597465085922,230.08388182960962
high_roughness_0099,high_roughness,30.036531995817505,80.43532803636973,23.025373356612103,53.95662667741147,586.0007850125426,269.8145291166244,86.81114688732693
high_roughness_0169,high_roughness,15.587505287657915,60.493479113765034,7.301885372388666,86.79563267978733,652.2443091231646,86.124734401806,70.50976336940191
low_roughness_0080,low_roughness,20.118390742114983,53.39039790030087,14.928603419281677,57.58879563276001,282.3606384586981,119.75254742936207,54.36318899202513
medium_roughness_0340,medium_roughness,28.52355445505905,151.1309981969692,14.780246994193215,77.05894691927871,454.156242670507,104.18822470045038,175.9056282760345
low_roughness_0063,low_roughness,4.445506033757153,13.41358039583092,2.5626147803837034,96.70608651412259,277.77540618099624,9.149681564646565,91.38561220820945
medium_roughness_0137,medium_roughness,2.419680074618502,8.498648923117202,1.7166263322221096,94.9640641831026,199.44443974432625,10.043893975894878,112.51335923563845
low_roughness_0207,low_roughness,2.780823091100945,7.946626773794241,1.737313419584833,94.72091406709208,200.0728241722183,10.562016316447156,57.81767377683931
medium_roughness_0023,medium_roughness,0.6030110049899057,1.6089608189369926,0.5173162183973761,98.60047622720963,154.73204647995328,2.1655117746119807,69.45591988987599
low_roughness_0199,low_roughness,14.85554840615015,34.28844011968745,12.354336208479985,78.33404252429393,267.1574724233037,57.88222436840415,166.36022787645808
high_roughness_0079,high_roughness,32.128233794938055,114.35895309521916,13.476071266956069,83.04409672624786,254.25103478167281,43.11055953009434,99.31958860594261
low_roughness_0243,low_roughness,8.337850151805013,21.68495045709284,6.410229826351963,93.25129306372061,531.483424007399,35.86825870116251,123.88035768616767
low_roughness_0261,low_roughness,2.2941358899902924,9.653381851776182,1.6484092426775832,98.03537509647614,871.9647249525831,17.13083613636183,87.29198268733187
low_roughness_0047,low_roughness,6.519316533753801,19.492930478250543,4.01132803958318,90.05129855687964,294.1657427574345,29.26567149487461,56.23107686482672
medium_roughness_0198,medium_roughness,9.70142255203676,30.251380502071484,7.212497698034225,90.63288775332938,338.72710998754553,31.72894860243685,120.4818794384496
medium_roughness_0361,medium_roughness,22.385228477301567,51.589144456722124,18.30200269127867,50.209042700146185,244.0866829598646,121.53309608717575,98.82343655313525
medium_roughness_0363,medium_roughness,7.157698808091797,16.478418829146413,5.063473971858723,74.3154396009503,62.93806927693154,16.165366417429226,120.9472835764415
high_roughness_0201,high_roughness,12.072552109172655,34.85535710361266,7.82686108100412,85.43957522751204,194.01847280843407,28.249913778002067,90.48070942323046
medium_roughness_0077,medium_roughness,7.9815974215788925,22.214166424591127,5.764463572390106,81.63334092209934,115.2889619169289,21.174730589733066,108.66023281193657
low_roughness_0192,low_roughness,23.245174526860005,73.76353306390763,10.694437889697804,79.27757811088796,160.81820509988387,33.32542693529543,54.47020582236177
medium_roughness_0057,medium_roughness,1.2669307903052793,4.658005516185838,0.7814261995715269,98.33831032325851,235.10306072065623,3.9066832896984485,80.87609026550747
medium_roughness_0052,medium_roughness,1.9686032623394312,3.8879206273308142,1.6592772845818586,96.85750555639761,295.7704148714375,9.294568853154649,81.70612543157677
low_roughness_0082,low_roughness,2.443321674546934,7.895615753388725,1.7905092724837472,98.05696619590412,1177.1993979478939,22.873382243740775,86.41694869719989
medium_roughness_0334,medium_roughness,19.805755370155868,49.69338841585973,14.654335889451,81.39269257738101,443.145813649474,82.45750387622391,173.2564107140861
high_roughness_0348,high_roughness,44.380911273960834,153.11639854277882,21.27835051488995,68.66425093250463,506.2839799267812,158.6478775187848,99.72554709189694
medium_roughness_0309,medium_roughness,14.704558214586013,38.11062214086414,10.121531827125128,79.83329842585589,270.18552454750375,54.487508432030985,156.59004427589025
high_roughness_0084,high_roughness,28.6784048031649,60.15902468104201,24.324901364227664,17.51031805466322,326.3474227896239,269.2029510959643,123.24735780831868
low_roughness_0251,low_roughness,7.020038704886068,19.387635026434936,4.25298382602116,94.65518225139705,633.6525191246094,33.867572306641804,96.1389704602522
low_roughness_0145,low_roughness,0.7170399504035955,1.5619461664286085,0.6278849348014031,90.04525787470769,32.08401959201974,3.193881413813828,77.67966143288261
medium_roughness_0116,medium_roughness,29.174536116641903,60.65362129296055,22.70478515725016,72.69805363750945,499.53953590369485,136.38401615186103,176.8033815261285
low_roughness_0319,low_roughness,22.289213146043558,50.568117835882944,16.51404437691933,85.20230333393053,278.81392889906317,41.25803946123395,199.72951424346925
low_roughness_0371,low_roughness,18.353475019113546,45.20543287599108,12.65909481931896,79.17952856606314,425.90704086159633,88.67585377771448,119.98043512634224
low_roughness_0026,low_roughness,5.916013975824719,13.852142872013275,4.8246930306912335,93.20398509521415,440.9600310575871,29.967709434821952,137.99540493833425
high_roughness_0133,high_roughness,0.47897896272202906,1.147958158934344,0.41957466709156355,98.94142194495348,202.7926379738169,2.1467183628407773,73.96528163937425
high_roughness_0215,high_roughness,3.001571328839797,6.239919951591247,2.6971736315817894,94.69018667265169,310.67416924628515,16.49621844326787,127.18946299397794
high_roughness_0097,high_roughness,19.320346753382065,59.453917348380884,15.168975529822001,77.73945058576011,448.38975557307145,99.81402310773302,158.2647368053871
low_roughness_0282,low_roughness,24.43450013413414,94.31651744265211,14.985929418087716,33.901124097516636,248.1813396190005,164.04507568788392,112.20008123315597
low_roughness_0310,low_roughness,0.6773047114522758,1.462598409080556,0.6046463082230364,98.41317935562583,229.27992952261735,3.638261255071459,70.86782589769427
medium_roughness_0391,medium_roughness,9.648656623974205,30.59357054343863,6.663908418463419,93.24329701075563,574.7848967688842,38.83650830170831,112.08805149212179
medium_roughness_0169,medium_roughness,6.893948406414331,16.136765638893408,5.413462192930629,71.96810569813653,55.97537590360032,15.690958208367995,101.0760891071756
low_roughness_0316,low_roughness,12.713880441361743,59.82783702007521,6.290119388784701,89.04662978103822,251.39112511521512,27.535800631482946,189.970066567912
low_roughness_0305,low_roughness,5.730988108677915,12.325211936709906,4.7431484335004175,94.0019355641242,497.2061707039036,29.82274649797074,102.75728997985061
medium_roughness_0163,medium_roughness,25.02310589585276,62.113025562693885,20.53796395445523,30.05208874371819,308.06824890946984,215.48730535597733,141.9634505360634
medium_roughness_0182,medium_roughness,32.2793679387581,93.07036209425385,24.26813890439152,44.2853140271612,275.68946167944256,153.59951783491118,197.1246035735412
medium_roughness_0323,medium_roughness,10.883725203311991,47.234946225415925,5.49732158581888,95.96609562015219,391.73637816378573,15.802270916206181,74.81830456348023
medium_roughness_0114,medium_roughness,27.4465409300401,88.07821753263342,17.488021700593194,67.68990340753246,270.359081446991,87.3532803620308,92.88359012886637
high_roughness_0074,high_roughness,7.201490771289257,27.307405654229072,4.684229226139072,90.72698826158461,413.36118771507495,38.33103145887216,157.671172828104
high_roughness_0361,high_roughness,1.197381378447562,2.7581474182519514,0.8942197581209497,97.71796913940082,219.62188319013563,5.011839151027967,86.10578087966617
medium_roughness_0147,medium_roughness,3.566756563142527,13.15380958111271,2.473201590036449,87.02873390332253,242.07174755060572,31.399770519666394,103.3274389491562
high_roughness_0048,high_roughness,22.279636400096717,88.91553159374186,13.693572887026312,77.44191934685983,150.2532717737639,33.894254230707546,165.03903407875217
medium_roughness_0336,medium_roughness,13.668930164719725,45.13363084778638,7.314780687987849,60.84227708875499,73.25135559253224,28.68356285165455,58.96179210959375
high_roughness_0380,high_roughness,33.94074994582313,113.83949165344248,20.94239609363097,59.50062600998788,498.25429152968525,201.78986894789247,90.11739071997165
high_roughness_0365,high_roughness,27.562796099352315,86.53341825725664,16.47754581988098,75.40843707936787,269.0895090094835,66.17331592088719,106.65644332604047
high_roughness_0019,high_roughness,33.03392921419964,83.70311521340258,25.21813879098486,66.49566163507046,666.93067285266,223.45070929205647,131.14661968996157
medium_roughness_0244,medium_roughness,6.085456573984545,19.974799870193962,4.355375241052842,90.0520174532194,428.6730997037282,42.64432514127027,146.59976472184977
low_roughness_0366,low_roughness,24.00540179980395,68.13244085913159,14.507409537957807,76.04349942526812,431.51089895443783,103.37491098805054,92.80842661478725
high_roughness_0007,high_roughness,30.296820881922525,102.7417254689501,17.50549932664698,72.79104246739965,327.3215482624523,89.0607810617806,114.7404730026335
medium_roughness_0120,medium_roughness,16.933414607522348,46.58555200907966,12.51545944663234,57.307089451470844,206.49246914304612,88.15764514068985,138.4885737430092
high_roughness_0176,high_roughness,0.7470664843916,2.899559787212077,0.517404484516346,97.43503832193738,78.63433447149359,2.0169405449933917,73.57921337476485
medium_roughness_0292,medium_roughness,50.88138606513942,135.09190614791675,37.68434920182059,42.57226151469388,704.1231208431102,404.3619844523573,184.31179155157983
medium_roughness_0399,medium_roughness,0.5627896464839605,2.528010120983229,0.4521098470875213,98.8484558688038,186.30662421181168,2.1454029971408852,75.93987112463007
high_roughness_0107,high_roughness,37.011793232323186,116.10262357095573,23.897868345762923,32.13197531810618,237.79015089592593,161.38347830115958,100.96284080865662
high_roughness_0150,high_roughness,7.744064534404334,25.084746335552907,6.0274298230910786,86.08006497825376,142.51950361382094,19.838622296359166,184.8478084057915
low_roughness_0007,low_roughness,0.7304538492850617,2.4560576935537313,0.4428334388357138,98.2449476406016,198.65480104496766,3.4864957727979267,60.63048193106442
low_roughness_0349,low_roughness,8.623184261220633,36.58375367293294,6.368477283601457,73.03353234703266,75.71722830539082,20.41826187869664,125.92686822996741
medium_roughness_0092,medium_roughness,22.66341387786793,61.21663914910957,15.528970097228704,39.103541017292024,139.26798625800336,84.8092721276484,284.3278662596246
high_roughness_0358,high_roughness,12.982664364954783,52.21490712481865,9.201496244540262,76.88148552368182,425.78175088802516,98.4344157165691,191.13130969873905
high_roughness_0043,high_roughness,27.018402575486103,120.73849792306291,15.904852970620274,72.33300747505412,389.2103333548579,107.68279383560551,188.04835363856805
low_roughness_0021,low_roughness,14.362711396595543,68.44010711526482,8.070468026228578,91.5679268573821,921.606761952609,77.71055625515645,107.73564345502625
medium_roughness_0097,medium_roughness,22.95734020015613,71.5739573403194,15.327604671749222,55.99258342433734,299.08129175508066,131.61794996253136,135.3302003266867
medium_roughness_0368,medium_roughness,19.928791037867654,50.174674690784414,15.785610489946635,61.572551946552075,213.98588360839494,82.2293142653275,61.50030816228849
medium_roughness_0354,medium_roughness,15.05969789033668,57.62781874095839,9.895303354236757,70.63871712460579,163.70460488050577,48.06577211901168,97.20229766316895
high_roughness_0342,high_roughness,36.29828645786798,83.31568765664323,29.488779445414128,34.1778365969098,323.2898146613794,212.7963500719606,73.38432491771452
high_roughness_0171,high_roughness,16.71502742489124,42.80369324486749,13.802867799817369,72.38593138854627,303.80872735864386,83.89395042040032,128.72813187338087
low_roughness_0337,low_roughness,9.085830082821204,24.51898861387278,7.364412044277695,76.9776809234743,282.55897432650806,65.05162864880703,96.62400659609693
low_roughness_0044,low_roughness,4.911579090664599,10.5721285866059,4.033898678514454,95.1057889432634,238.69962808760425,11.682463590252674,98.4487298285115
medium_roughness_0271,medium_roughness,14.52345204351689,29.543879516602402,12.208318457455926,68.25824249791351,319.222524929947,101.32683975530136,127.08253108894557
medium_roughness_0205,medium_roughness,4.773239682750353,14.423911590486284,3.3052381974325202,95.24289100526336,556.6257599320422,26.47929409274832,124.29288919863775
medium_roughness_0010,medium_roughness,18.52106884071817,33.90275561553368,16.296961128573646,81.39411672872274,505.5016141564447,94.05304026437052,202.89651572913863
high_roughness_0398,high_roughness,15.025889249673474,33.26197774008864,11.65382121203559,78.94000549378708,447.9498891604378,94.33822204777506,181.71810922587846
high_roughness_0327,high_roughness,21.794161333459485,67.75501763219926,16.216392954364576,60.09467057885399,433.4602108635031,172.973725054675,130.64883207568587
low_roughness_0117,low_roughness,19.21783601473923,70.43521089941163,12.654093024864874,82.83493517188478,439.92403002871833,75.51324494888657,118.03337353913139
high_roughness_0269,high_roughness,6.148914922467853,16.719247454615356,4.992901441353821,84.5147935283971,237.4368641407402,36.767588651892844,164.93841836822926
medium_roughness_0115,medium_roughness,22.268387430179125,69.7072813727759,13.734771326369152,77.43961964182891,370.5373028451681,83.59462489077825,88.91360826517591
low_roughness_0273,low_roughness,11.627227236047291,34.90534865805084,9.193117195018276,81.3069704283681,465.5926733210446,87.03337610725436,101.43634142708864
medium_roughness_0212,medium_roughness,19.916680439345587,50.631765728626355,13.10827143322572,85.30879533877984,373.35022286327444,54.84964534396525,134.561785936472
medium_roughness_0272,medium_roughness,9.447232077628549,24.185533219555623,7.956225901047316,87.57528531857032,494.45757406745884,61.43494279860059,144.40289725608446
low_roughness_0303,low_roughness,1.8219558203768353,6.72514815679871,1.2777228543747288,97.05067971681048,312.08367495230607,9.204347125891625,76.91737147230135
low_roughness_0245,low_roughness,7.977090055546023,20.776573078945454,5.2821083416234575,91.2218857173053,274.7381577388385,24.116829464485306,89.48486167362323
high_roughness_0191,high_roughness,26.659272179942054,95.35785053682467,14.814154609521603,70.36711198098021,252.1986687422087,74.73374909383737,119.63839375292461
medium_roughness_0328,medium_roughness,6.2696762820571434,22.88877755236934,4.101445666461727,95.14778760302079,845.2712776278881,41.01435772116495,114.25471048656618
low_roughness_0177,low_roughness,19.132587602303502,59.208771171388975,14.127810639155616,71.72552781932472,624.2954020974654,176.51622979128268,127.58315691855812
high_roughness_0252,high_roughness,2.1728583248803015,5.5301297724835194,1.5800349937404674,97.57541322316071,148.58223549656307,3.602505234581895,106.21293680803501
medium_roughness_0125,medium_roughness,39.67491191724846,119.6599920267478,20.29556137028674,82.39833655755876,387.9072623633326,68.27813078998136,130.38654905509802
low_roughness_0230,low_roughness,10.274900495697828,45.95211368300875,7.240073663680846,91.75219653113105,840.6238416476631,69.33300237155534,119.20736869768878
high_roughness_0382,high_roughness,36.973383874474905,95.86818619234826,26.731564374823186,56.76781075743704,333.20096767078917,144.0500729014866,263.71005361341594
low_roughness_0285,low_roughness,11.514327941864973,44.6377565225484,6.019836620147859,93.45668977413686,287.164824706663,18.790085340113016,110.64731657110435
medium_roughness_0356,medium_roughness,9.028385610791444,22.51195628368228,7.334063375624305,88.35683878718186,359.93234963669147,41.90750372528424,82.76227116472485
high_roughness_0059,high_roughness,4.597246843547021,10.301468737118341,3.737874610396033,95.53129581704005,426.825010126702,19.073547081451146,119.22709160745755
medium_roughness_0375,medium_roughness,14.51216974434437,37.280222762600914,10.504802247097725,65.49071725538968,131.8068011757752,45.48558169437462,163.45917363595458
high_roughness_0012,high_roughness,11.313515649951068,25.13576003185932,8.923106825246,85.87921176135384,163.56343494787424,23.096446284845086,133.67165951398871
medium_roughness_0104,medium_roughness,7.256269454077224,30.458292309570624,5.3640344940868925,95.85831827456353,710.8136040643608,29.439637141450078,110.13110501369556
high_roughness_0190,high_roughness,13.375122809341544,39.33965959976039,10.104751702861662,84.39258653881487,325.1474048520646,50.74709983357526,115.80188490191146
low_roughness_0041,low_roughness,8.184364120001037,21.48412968068898,5.862546321398869,90.1287293107224,383.555054798738,37.86175770159045,100.13927773400094
high_roughness_0225,high_roughness,45.52085734367577,116.83192418890876,30.152042391170177,53.92218707516796,241.76379092725665,111.39946730344337,168.7870948069309
low_roughness_0043,low_roughness,11.625314565797222,26.836444559527017,9.444267701819488,89.26778047502276,992.5256303563116,106.52002949150344,101.37052153790773
low_roughness_0036,low_roughness,1.138779929735174,2.4526247000961945,1.0084256287484257,97.94375942072858,195.42792651656285,4.018468328262284,76.5925420961042
low_roughness_0155,low_roughness,1.4111619074503887,2.9731791368971017,1.1802221292446078,98.56541334870711,409.9030711335398,5.880414741721397,80.0705391018467
high_roughness_0265,high_roughness,63.347597835731406,134.16210212909746,42.62601418926324,43.00752052993803,423.5205449592454,241.37485963739252,104.37896102735107
medium_roughness_0033,medium_roughness,16.703672443554492,38.70829960208458,11.569120252818035,77.09981793120701,422.2612642498476,96.69859831920218,128.68125371739006
low_roughness_0318,low_roughness,10.800218494518843,30.550832556710006,7.965708945167114,87.68576678926702,443.75799719216764,54.64539466552141,108.43858902471091
medium_roughness_0139,medium_roughness,13.205741344289684,35.535913940046896,10.093774179957066,74.40352974779661,304.0850041214016,77.83502762134599,134.58632938736022
high_roughness_0087,high_roughness,1.7840581109843339,6.031592419291847,1.255559393665938,96.73110251660715,204.7002337613353,6.691440789923556,93.63126422410521
high_roughness_0152,high_roughness,19.040174149836794,45.99676076444333,16.17293113737286,66.86006316974922,476.71212284879454,157.98209637423798,95.93125931374693
medium_roughness_0000,medium_roughness,0.4923256746913715,1.2441968705878659,0.35348906409333636,97.87065049110868,36.6164764516986,0.7796927614975482,77.41329093376407
high_roughness_0344,high_roughness,29.315741281022326,60.946157883562606,24.278225181241897,38.47947804354482,177.31839010464032,109.0871991171581,85.11721177560128
high_roughness_0335,high_roughness,21.67088008509026,62.8417147150394,15.417784956854684,68.14594668217649,374.6517440307138,119.34176629969923,127.5009774651359
high_roughness_0098,high_roughness,8.548780227921947,26.93711634936801,6.555441050611989,80.34913361834789,175.3484781475988,34.457495143045094,192.09652988173215
high_roughness_0132,high_roughness,28.078065099910066,50.05726268653409,23.635166714088534,75.01080197559524,429.33390833999096,107.28710054099676,243.70876644461046
low_roughness_0153,low_roughness,2.8441874468365422,7.901611705397897,2.156640344740348,98.03623834017598,604.4690857419052,11.870332151288293,119.47477564691992
high_roughness_0086,high_roughness,37.290758555403656,80.15555160170035,30.759161360395467,57.88453524188402,530.6736557662759,223.4956764748516,97.56338851237854
high_roughness_0359,high_roughness,3.755695454260655,23.39016373472979,1.6671083222264198,95.82254743137901,153.25590758572784,6.402192848003416,63.06919862029099
medium_roughness_0109,medium_roughness,0.7634068768475379,2.1687032218837956,0.6023369692989426,97.76454352384405,84.25642187512888,1.883515639384854,72.55433412144582
medium_roughness_0098,medium_roughness,0.9044330688725328,2.1837100428638294,0.6494373794360313,98.28086760980872,169.70500777349167,2.917453756410705,80.74883354411577
high_roughness_0235,high_roughness,25.457834004247132,69.26865174072367,19.624560404032188,45.3272341911817,447.95071702070015,244.90704645564978,129.7965036876212
medium_roughness_0230,medium_roughness,10.407279804503384,35.58356566322675,6.131541254235223,59.93812545617933,52.687490969444156,21.107596532465564,63.83979719483327
high_roughness_0088,high_roughness,6.286774666607123,21.270860510055055,4.462652491781482,94.3643869578269,448.7867071651325,25.29188220053735,122.08673265661673
medium_roughness_0165,medium_roughness,8.651010513494102,40.1845469181936,4.971832550853484,93.36916221627126,431.58342358752145,28.617596719551415,94.45416559559722
low_roughness_0071,low_roughness,1.0895551533389465,2.6545197745598372,0.9228109193007092,97.44566611782564,97.33638975561686,2.486296383213011,75.75472107488652
medium_roughness_0207,medium_roughness,5.481536275513484,19.61045771033828,3.349754948889962,88.94556977495064,182.2538573261067,20.147125490575462,81.46846805038997
medium_roughness_0330,medium_roughness,0.36240424340688077,0.9966438564627964,0.31359959808687576,99.07828330765815,155.48070561162302,1.4330916169932062,63.48998606066319
medium_roughness_0250,medium_roughness,3.937686558092649,18.442165757891587,1.9727491574588931,93.33450031312734,250.70757982887963,16.71091294846001,59.00534987596499
high_roughness_0046,high_roughness,6.07692423184185,17.0414864120878,4.536807108435434,92.99479109632267,429.66401009282174,30.0988614909194,100.13570907929204
medium_roughness_0075,medium_roughness,9.397470764516015,41.263762103581456,6.13761538042179,82.63183621834392,462.66314510598653,80.35609279936878,120.42729039519539
medium_roughness_0277,medium_roughness,1.1027468996094107,2.752124216309248,0.978222253091445,97.98317942403114,335.10248607457066,6.758415889735151,74.60499368794262
low_roughness_0323,low_roughness,1.3049515507683174,4.360514595222128,0.950823348107107,98.47205951031953,489.3157631485234,7.476453667535268,83.79926705853238
medium_roughness_0081,medium_roughness,7.166351645339507,17.815532318455585,5.472831240436451,81.57499239510503,299.2096051492109,55.129392503318314,87.13815715812962
low_roughness_0342,low_roughness,1.0388212054859014,2.673932578824896,0.8132710126488684,98.22336925096407,302.6295990486916,5.3766105123831895,72.6826189395991
high_roughness_0010,high_roughness,16.03243528899873,53.63849948589257,12.14352046260519,77.92608979874068,231.40645027101664,51.080452032746024,140.7463300697869
high_roughness_0072,high_roughness,8.329306370022303,24.45637467417346,6.860051581219105,86.26047090826204,207.00722375597712,28.441817729951566,225.19622471124708
low_roughness_0351,low_roughness,3.012671054271449,7.984042198891743,2.2898140999028813,96.66219475903392,206.3892564661526,6.888871419118167,95.15525616620046
high_roughness_0109,high_roughness,18.224287999986363,68.03793803094575,11.253154179638708,40.75099824338049,127.65712320938853,75.63557117278054,139.9915220078548
medium_roughness_0396,medium_roughness,0.8824524462901586,1.764814739701336,0.7139704767713028,98.75604958597725,386.655552423284,4.809803345211391,72.5750294993971
high_roughness_0155,high_roughness,6.334551828707298,25.996765178585605,3.741356861779347,89.37520324475024,158.86232475120204,16.87879912548005,75.9952090798882
low_roughness_0064,low_roughness,3.251043252530323,8.63644677315132,2.388166727167492,93.10900216716233,309.5712693875234,21.33254946458231,68.71866476130162
high_roughness_0023,high_roughness,15.00730427703366,43.51630746782048,10.79268050531089,80.09764693200457,499.79277087401937,99.47052186766473,119.50729282420434
low_roughness_0083,low_roughness,2.6628833089910873,9.87785792914947,1.8543155831830103,97.87047582327251,662.1319896289117,14.10026080099443,83.28726938449411
low_roughness_0003,low_roughness,0.6144666678322006,1.4769344876576973,0.49852201272890523,98.24220986105463,187.6713218022954,3.2988679882691896,71.88924818306744
medium_roughness_0262,medium_roughness,9.022319364454173,51.037651266543,4.522560746166629,88.01526774286613,203.1328053662681,24.344922849552102,82.99310452387151
medium_roughness_0045,medium_roughness,20.949223855501643,60.46919133993495,12.427936899456835,70.5930591176514,148.97506724983054,43.809009955596736,114.24657049591094
medium_roughness_0288,medium_roughness,15.18011932183998,30.335799371507235,13.079880162309658,56.76931340465662,291.8875770037595,126.18500362523686,86.39732694714549
low_roughness_0304,low_roughness,12.62442797275058,64.89072412362702,5.382537251219379,79.4411777491942,111.8295190982765,22.990832055345614,52.14702489223479
medium_roughness_0327,medium_roughness,5.1609073986146194,16.368893245084266,3.800066794932468,93.35418718820183,464.0545719981662,30.840198199589267,102.55542788387295
low_roughness_0237,low_roughness,1.9661292566142092,5.483973468409474,1.471190984602252,98.56665286452058,570.8463445842008,8.182209728086612,89.88031461229063
high_roughness_0278,high_roughness,3.8518994996118128,12.378685433743378,2.723269494478096,94.53673728396454,175.81811421218248,9.605405481790788,104.23013253874767
high_roughness_0057,high_roughness,11.62249190817899,32.83503296113176,8.006981639681365,86.53598775309632,142.5465268068018,19.192481826803622,92.64044638172716
low_roughness_0173,low_roughness,7.223276134000243,22.421803501679733,5.558448704188578,83.10513797453633,165.50782299428317,27.96231833623275,104.11461437928999
medium_roughness_0063,medium_roughness,15.897705978883181,56.68350558428185,8.515643512672042,72.19074612250932,188.93996801045444,52.542795380076925,55.13133798065604
low_roughness_0014,low_roughness,1.2352868144562261,4.43336425213748,0.8662755013660537,98.8586876249818,469.1419283429051,5.354374884576627,77.31274594311071
high_roughness_0291,high_roughness,15.324927071949196,36.99245024834555,12.202136814868673,81.40078110511965,421.32878103324026,78.36386225150352,138.68288648827198
medium_roughness_0066,medium_roughness,10.54825589855466,35.034983354631294,7.072858460021702,60.03033218520853,195.27842288771288,78.05213694218256,105.5822232944929
medium_roughness_0034,medium_roughness,43.83161412739872,75.48757170390729,33.65334614100466,40.51003012342264,395.3395082692529,235.18735437958762,127.6734063452847
high_roughness_0140,high_roughness,8.540825733598288,23.731868191032827,6.379412273665539,76.03169909849385,149.33781226998218,35.79373620459571,79.67592297606946
high_roughness_0341,high_roughness,4.497672948482777,19.721321208296494,2.90516970448733,92.4541041895289,353.29404563384645,26.65920058812827,64.72635521547636
high_roughness_0121,high_roughness,34.41522670424061,102.92701350083223,25.572014953093653,51.96578277897289,362.29033627876146,174.02332709892988,154.3360774372862
low_roughness_0120,low_roughness,2.53332540009424,6.5447876578053155,2.011942623318325,98.30462700743561,807.2111514059527,13.6852398539045,98.99295225064391
low_roughness_0091,low_roughness,0.9984374586448364,2.6005151884401947,0.827598677600989,87.43919236179414,31.467568942119577,3.9525808032394494,70.72160671961562
high_roughness_0336,high_roughness,13.773979212814842,48.08573436358959,9.132684365533677,78.04130027183628,440.9261963312856,96.82165947520065,102.61226158092025
low_roughness_0218,low_roughness,24.234407749401957,82.92552185229226,16.39210438671031,69.85074996896742,257.2253370784596,77.55151001895116,134.11937389762974
low_roughness_0322,low_roughness,22.980302079475216,39.38128945255677,17.913070246190507,57.71309676151774,382.7291221111251,161.8442935326241,109.7869982413334
high_roughness_0081,high_roughness,28.31204876512104,58.51043704019729,24.12534441080901,39.24777431007227,283.43379056609115,172.19233612622878,120.44544003454507
high_roughness_0378,high_roughness,36.74973483739689,91.82893954069259,29.765124796543837,58.328715983543105,222.8393746293819,92.86002870230612,147.2363149622185
medium_roughness_0215,medium_roughness,18.916523783383358,51.33090525123586,14.178022092726854,85.88929733845035,642.8916737289278,90.71653251574892,155.9698535129537
low_roughness_0248,low_roughness,2.9779808852035976,8.818478702980599,2.1001741147660775,96.90321619598313,365.01994425937204,11.303878515255626,92.50547979295273
high_roughness_0249,high_roughness,9.137358247224189,61.25985907348072,3.962346005183343,94.75663092349362,538.6176250220475,28.241709991019164,80.5922047001415
low_roughness_0373,low_roughness,4.453097855194108,16.443938607527485,2.6415237017000015,94.94116964675396,236.0550541458474,11.941624729501514,153.87634787380284
high_roughness_0129,high_roughness,13.87586179962819,33.43098989550384,11.249961925827407,73.22728994693564,170.3933616865765,45.618920674016394,251.95390322863523
low_roughness_0134,low_roughness,4.9702090811177175,14.065929316398353,3.8727792773798213,86.15549828909985,231.41867023092834,32.03876175946322,97.43225985638612
medium_roughness_0186,medium_roughness,15.008308999469108,69.91865724563593,5.946748429213352,95.1164793143323,348.5585242362354,17.02192763273464,70.66122475206537
high_roughness_0131,high_roughness,24.03137268169758,56.184530314315964,19.444838492814352,71.20707397348362,556.8683135251746,160.33868157841283,127.19533930036134
low_roughness_0057,low_roughness,7.5356980961259925,16.580043991048726,6.037348044045,91.26763876202529,270.6976492559468,23.638296595735053,94.01748168486422
medium_roughness_0303,medium_roughness,0.4569360271237037,0.8003384784370695,0.3835757655108588,99.05839413764888,232.91000463127781,2.1930942576104107,66.23854608072543
low_roughness_0302,low_roughness,8.076150596773235,26.019078890153125,6.243252074327037,93.42513261154998,511.97364267194325,33.661588069497256,82.4097916619221
low_roughness_0144,low_roughness,3.2763417300624,10.398277612475077,2.5125585264343324,96.09980181018733,314.5098994354136,12.266509404561644,106.4744741014462
low_roughness_0385,low_roughness,12.771204377043972,39.87647552217081,6.7196227273882245,90.91591442367127,802.5044671643241,72.90019255106803,91.195879339319
medium_roughness_0365,medium_roughness,2.617752096721551,6.313235705768161,2.159683309114989,89.19611538743544,154.0855218188872,16.647221981980554,78.20215026778472
medium_roughness_0018,medium_roughness,0.976376869338776,3.0764409848897287,0.6909202304427701,98.51166086519191,368.5494295242536,5.485265390721379,75.94427089202145
high_roughness_0044,high_roughness,13.932545832079006,32.090203037912616,11.614929663986118,81.96833009654353,645.2597002735474,116.35109917335863,138.94083417174747
medium_roughness_0100,medium_roughness,2.021938796140094,4.562109694484917,1.6841506129076826,98.33116661163277,534.5239857211611,8.92031474254605,89.53169509922736
high_roughness_0394,high_roughness,3.5696061737048557,17.162532689447957,2.6634858973408155,93.19976599173215,214.13348838620243,14.56157830032881,87.15487482541191
low_roughness_0288,low_roughness,2.152084957612002,5.892946261342701,1.604421422209748,97.31179841593762,432.3720259773179,11.623031651364862,78.8317086788229
medium_roughness_0102,medium_roughness,4.443682111911342,12.911296949291625,3.2949026311954626,90.32285514598499,265.2851564969883,25.67202887041399,66.20527518464526
medium_roughness_0132,medium_roughness,17.62663819598455,36.754166122410865,15.373482317316254,46.32205510788421,189.02762819017775,101.46614609079714,120.47413015535248
low_roughness_0172,low_roughness,14.973040786979167,40.58817729400393,11.64268265058673,75.2211581257984,208.44650519696987,51.650629915056584,150.06817869586635
medium_roughness_0040,medium_roughness,14.365613270244797,36.232569335774016,9.876670625224245,81.94548744174594,491.5871671855474,88.75366683427998,91.80849699872617
medium_roughness_0301,medium_roughness,6.585030489215196,19.52705817838202,4.527507865259219,76.18223344589431,69.64801250027656,16.588601026890213,148.47498506867973
low_roughness_0180,low_roughness,9.753575396286935,20.625083482631794,8.17317266009942,82.80509265714436,422.4598197457168,72.641574566071,115.81569924003027
medium_roughness_0209,medium_roughness,10.124547591813467,22.99077170775095,8.169675425382469,73.38088299353014,109.27726004992961,29.088641714155116,122.29719090294839
high_roughness_0029,high_roughness,13.3460624645647,39.032462584640186,10.367065169864043,79.23651498735998,184.18618581029966,38.24347108607485,125.38197086223097
high_roughness_0349,high_roughness,16.09337956581887,46.10240862575,12.561111037300817,50.82324711424394,201.27782632168208,98.98189926403487,106.28257834945816
high_roughness_0290,high_roughness,8.069752176679684,21.776908867655486,5.86920291861388,84.89139080144912,308.467463279069,46.60514353151794,190.62898541479248
low_roughness_0320,low_roughness,17.658455537173673,57.08877587391472,9.389640711470568,70.05870063874136,117.28015710029675,35.115202928754286,53.68251923608931
medium_roughness_0143,medium_roughness,6.2859212784848975,12.922206435990418,5.336012974447241,77.80646265660057,136.7551467554025,30.35080456418093,114.02235183726155
high_roughness_0292,high_roughness,0.42221941026626214,1.133938246857788,0.3717594120350548,98.35297604975246,100.83464158126442,1.6607706969896823,63.33626030694965
high_roughness_0294,high_roughness,10.674216404358718,29.24329919881353,8.942561631665791,84.24605102995939,673.8913990908072,106.16450712625856,137.211656170152
high_roughness_0180,high_roughness,33.60692662987349,110.23822186140254,23.167959229007753,31.564546029852984,188.0470926961098,128.6908815642459,199.34532383767805
high_roughness_0373,high_roughness,10.659085522037627,52.18989274155339,4.619047995425984,92.4821911030862,303.64484269145197,22.827438998877927,75.60418679451463
medium_roughness_0025,medium_roughness,6.824518612893299,21.635292152918012,4.210744810517307,96.81059085017672,1528.2968442751185,48.743639387771,106.2920760816766
low_roughness_0240,low_roughness,1.5964063865330966,5.150902047565232,1.2121621412962962,97.25457929461177,240.18496348021725,6.594087718615045,69.43696010037092
low_roughness_0077,low_roughness,3.0604486012187984,8.482932126213555,2.483661894310549,97.16615409827784,391.28987571553796,11.08855210681848,85.93711162550244
low_roughness_0329,low_roughness,1.478513152734489,3.7048337519194376,1.1971226869084441,97.27825496845261,355.678238809827,9.680654793101716,81.94604248286244
low_roughness_0216,low_roughness,4.153820986496933,16.06570539786177,2.489633598938125,92.69296823962051,197.39621719224908,14.423804284025303,74.14230559808978
high_roughness_0103,high_roughness,22.996311552909365,52.56599343989642,16.82257131521232,78.3208198639319,389.9036378283346,84.52791200188719,145.72353876909264
medium_roughness_0191,medium_roughness,6.364784777875921,18.93589463854748,4.168535330066922,95.83285551815075,547.6357336353601,22.820772254820525,121.69148626042927
medium_roughness_0103,medium_roughness,2.4367937143549514,10.865931075272826,1.140725433588688,97.28267923654899,108.64624375514538,2.952266940268168,68.33884470181614
high_roughness_0040,high_roughness,3.930869892226602,12.515531739816069,2.4258269725654173,97.52369876831102,1070.2521642308977,26.502667525027604,94.26266685444291
low_roughness_0257,low_roughness,3.968914584681895,13.52009896657696,2.9634213434859342,88.36935447225825,271.89224921752816,31.622823723894864,92.67845158451625
high_roughness_0073,high_roughness,17.78404576171216,51.343455271613905,13.437402551847294,78.10894921547869,380.53189584769893,83.30243057132152,142.31946821761855
low_roughness_0210,low_roughness,3.5530615530480034,8.892673988139698,2.6872261083124935,83.57797768184261,91.21769706181405,14.979790569600292,75.81740585787945
low_roughness_0331,low_roughness,12.90924767747342,31.49384541662667,10.001557976225826,86.17015334826657,779.7980524724651,107.84487485014571,105.32737819193092
low_roughness_0389,low_roughness,16.415414054449393,51.35076131340273,10.11297821992326,86.84835758893566,393.794160727042,51.790399854472604,150.44949379455406
low_roughness_0108,low_roughness,13.169334610957625,28.234960803794543,9.776970884435972,68.11444270646237,226.69408535998664,72.28267246851965,113.62953956056056
high_roughness_0293,high_roughness,14.78893413750698,37.277995690053345,11.098223070519927,61.69338858642677,127.584374803562,48.87325068043732,120.63279549708825
high_roughness_0208,high_roughness,1.5431883000842856,4.253257607554403,1.0991572985989098,97.23090889927451,244.16673212717433,6.76119925026583,76.76745745646622
medium_roughness_0346,medium_roughness,5.248459157489312,19.117743641007188,2.878573334324661,92.11272276203556,123.42979007075053,9.735249737117616,64.42885356823588
high_roughness_0325,high_roughness,13.323538198733797,29.701552849386204,10.134127448449007,74.00064741526785,321.3586626638407,83.55117176755192,194.03130640140444
high_roughness_0240,high_roughness,6.4883585517284565,30.078298883422946,4.441079300571834,88.03491889774658,408.55011325735944,48.88335239459121,95.88717236127165
medium_roughness_0138,medium_roughness,16.933451975378855,59.574569961308995,11.009126670486335,89.3892699232916,451.58854288578755,47.916841342951535,130.70491363997417
low_roughness_0377,low_roughness,4.703675780405465,14.146343153970818,3.845884616960766,93.87010876301291,321.9945811555749,19.73791761382886,130.52457487191228
low_roughness_0166,low_roughness,9.543801787751608,17.895752833244334,7.296720671443675,80.35063262211848,254.27579203435653,49.9635845298487,123.19573317446581
medium_roughness_0255,medium_roughness,40.34020324683128,116.94106503870715,19.039002168226254,56.73414422583501,288.827703350568,124.96377756748987,64.0906576355232
high_roughness_0170,high_roughness,4.099168886275026,13.044201028307839,3.43816997438271,93.18551061154041,240.8322603091591,16.411488822755008,115.28681407421557
high_roughness_0167,high_roughness,28.523062870056926,76.87000376476189,22.00593198076856,47.61591126279124,347.5437439468931,182.05762322975806,159.4017721820688
low_roughness_0000,low_roughness,2.381056513118709,7.169892300238305,1.8387535901257088,91.90979429499684,269.2153503306954,21.780075631198137,77.47686162592193
high_roughness_0347,high_roughness,20.7709010861439,144.09078585758704,5.8956194068251335,87.38771098213743,250.73694995727837,31.62366880318538,81.48403851077244
medium_roughness_0064,medium_roughness,3.919739570536392,9.895681125632407,2.9804904860049417,94.39731272364764,184.97080356674462,10.363335676400716,127.2378998453496
low_roughness_0129,low_roughness,13.148292040598095,37.90069664050057,9.323713068293067,76.47569503724952,276.5511574497236,65.05673765648922,89.90015708809808
high_roughness_0197,high_roughness,17.979512970873213,52.26702679310233,11.535184409893827,84.25857249055974,459.68721909527676,72.36133036404473,153.90572975504742
medium_roughness_0030,medium_roughness,8.83997033596478,16.974233842059306,7.252447228564871,92.05480745854462,337.5942537093292,26.8225134660956,85.56776983772973
medium_roughness_0067,medium_roughness,27.488215884795817,80.35460301806299,17.330921801477093,81.81255731588132,605.1562208033146,110.06244080798155,150.72275511674843
high_roughness_0276,high_roughness,37.151749193530776,79.1530100982998,30.518598830736607,17.92877055435943,552.6036448935785,453.5286053255816,96.99723683489901
low_roughness_0114,low_roughness,0.5061914205759886,1.799436332240738,0.4413625089663693,98.87342010374546,190.11345253429658,2.141779936326805,65.93526192465895
low_roughness_0035,low_roughness,5.656987929632128,12.274048898355382,4.8217764144285225,85.89938162267697,146.6373232199956,20.67676934597327,65.44680076373213
high_roughness_0054,high_roughness,2.4410704346611993,13.15338978895933,1.051957865720635,97.51822032101146,105.7942865316308,2.6255811046729343,53.669768227707664
medium_roughness_0188,medium_roughness,0.28783621899958856,0.5969556618086713,0.23213517324051658,99.25663185742373,199.2781747594904,1.481370466269535,62.09058597803596
low_roughness_0306,low_roughness,21.56768429363007,115.27158841999606,7.494169758804645,96.45682060149059,432.50711714189526,15.324503071658643,109.37025780661634
low_roughness_0201,low_roughness,13.022490895186783,34.919248432127226,10.730809910500408,71.84259059557773,183.6241026498672,51.70379034831972,93.25558507266366
high_roughness_0331,high_roughness,28.238735391151703,60.276309654251506,24.236664129097825,28.963396792036466,269.98045080307463,191.78494157605132,94.13784234697941
high_roughness_0396,high_roughness,37.65720524144947,84.88559885290648,31.543759795587402,27.838490872603984,504.4794240189542,364.0399656092725,72.28386238497266
high_roughness_0151,high_roughness,4.207611984481016,11.164929801570779,3.3469862125882117,93.05181025173954,445.1116906831447,30.927204860355126,75.10405765919859
high_roughness_0266,high_roughness,0.25801473176708484,0.6407377693573579,0.2256770248497845,98.77642306723209,72.13631905253112,0.882643360074636,67.80101125465019
medium_roughness_0373,medium_roughness,15.602369786902244,56.974655158146874,9.309948973179146,81.48555472978369,242.791861793904,44.95156637237159,113.21005849470414
low_roughness_0250,low_roughness,21.248898850149548,44.51625842028807,16.032700616130068,68.69433875939987,337.0403853954662,105.51272129591777,175.68482399179288
medium_roughness_0335,medium_roughness,5.434315358235977,17.54113521971975,3.618074848366713,92.24042111658457,562.9826234916162,43.68508076975364,80.8093702434732
medium_roughness_0219,medium_roughness,0.8838082587531092,2.387227566445521,0.7195269658923651,96.44801250535397,140.61073167489525,4.994475605222567,63.71529523405661
medium_roughness_0105,medium_roughness,1.9662753117747103,4.02946018146848,1.7849800036036885,98.23885859602113,366.7774144135693,6.459468905680517,97.6749353665388
low_roughness_0022,low_roughness,1.0002392278844416,2.3114277321370054,0.8115772104463215,98.94674822794452,298.1793591381762,3.1405793840264673,88.89506205556943
high_roughness_0101,high_roughness,6.020958455512633,17.692285682535484,4.687080583854254,90.08149122556242,289.99728876424155,28.763406531712384,130.03638697172573
medium_roughness_0167,medium_roughness,28.210367051475426,55.51217621840736,21.753684938747405,75.33343639518867,570.4565131441078,140.71201865248025,159.69536274622078
low_roughness_0065,low_roughness,8.189446143528938,16.025073893959075,6.941128958263571,93.72258487784165,780.8666707906989,49.018242476109805,125.42407692797133
medium_roughness_0347,medium_roughness,2.4786725537368133,7.776507968500056,1.843610014311547,93.46180494990196,194.7629422310505,12.733981048375812,62.97971769870734
medium_roughness_0381,medium_roughness,25.56241964191851,98.28732364142846,16.232925186346755,76.27391021834684,479.4015478842898,113.74324166566153,120.53025036091928
high_roughness_0254,high_roughness,0.30237097166321075,0.6002674590823744,0.25457239645348795,99.2453304381935,128.02985408368244,0.966202338794823,63.77697899190889
low_roughness_0300,low_roughness,35.44303732188268,91.31875389535459,25.034664328132074,65.89859699323478,587.220949357725,200.2505824806305,219.8768808352257
high_roughness_0008,high_roughness,2.9095319946059934,9.828988168872229,1.8197507834660125,97.1781330590682,447.11239540738126,12.616916874809197,80.4297836497426
low_roughness_0241,low_roughness,1.246743404012309,4.593091213010602,0.9132908180845858,98.79096572918746,456.9253354334676,5.52438389741576,76.6534211900477
medium_roughness_0153,medium_roughness,23.603521586687695,103.4371931290517,13.074612565108268,78.51765410725167,280.31338865080994,60.21789173365093,73.81591223256082
low_roughness_0074,low_roughness,1.7725537864945364,3.08133704654108,1.5957459366694793,98.3289210190057,584.5685655785686,9.768602428883412,91.33893992817805
high_roughness_0393,high_roughness,0.33344134662706826,0.7287292522416777,0.271609766547535,99.33737624796285,178.43688985976087,1.1823652146071464,71.4542447966334
medium_roughness_0003,medium_roughness,7.845755459732185,16.1094785649386,6.256949586053922,87.84583352512047,441.48570788052825,53.65890789859972,135.40984899099536
low_roughness_0105,low_roughness,6.075865801299965,14.222867264145862,4.323865027108042,93.03992222513554,588.4067407152193,40.95356678632428,97.12860195327085
low_roughness_0211,low_roughness,2.6875058955819475,9.14347466532083,1.8250504683194209,94.87062804399275,202.87872298133152,10.406404321310053,95.92426613202981
low_roughness_0126,low_roughness,2.952385752532303,9.213849818083617,2.172579182706675,94.51506565545968,285.89218317560164,15.680998543354717,82.83034244039057
high_roughness_0312,high_roughness,16.933866106234188,46.88948375328994,13.630908778265313,78.37762080120378,674.4778577207052,145.83816000828807,100.84427764559162
medium_roughness_0174,medium_roughness,30.40679927143652,89.89012256622708,16.825868005872206,61.08712441054875,403.2710191847631,156.92434998367892,79.08865151468234
medium_roughness_0294,medium_roughness,26.715406043805935,58.00300251110515,16.570639812377447,34.54644768188758,107.86416515783372,70.60092777407789,89.30481204629909
medium_roughness_0135,medium_roughness,15.702918239765493,47.94319307546671,9.218867866922064,69.95425229252322,128.23277353767713,38.528495615430515,53.79809007738314
high_roughness_0383,high_roughness,23.04484687037294,65.39125432697955,17.699462718836692,40.950605840654546,248.70473840314682,146.85864127264315,218.62797383430976
high_roughness_0211,high_roughness,34.39660041644353,128.1283147972075,23.03029260840796,36.16343664748868,294.01145053807215,187.68680588637392,125.20488567674373
low_roughness_0018,low_roughness,13.996280850532056,42.579907108258666,9.83910289916442,78.72643849289106,347.1674714671395,73.85488557523675,149.61249997694298
low_roughness_0013,low_roughness,3.5469180568673178,10.33891651624127,2.804946542276241,90.9371117627342,119.49290839156421,10.829508738985867,133.4366758698743
high_roughness_0370,high_roughness,16.811444665519755,71.71838821739723,9.755688508004258,62.66454291573623,302.7146447224426,113.01989626812909,124.36578577130997
high_roughness_0283,high_roughness,28.34808087551676,127.30393716166353,17.60110606981276,30.85516753404537,167.8958246921279,116.09128670070471,82.09261825422071
low_roughness_0053,low_roughness,0.7093493023595243,2.161691044471823,0.46100724267052334,98.39604369649238,127.62327682752854,2.047021593418113,60.18909679741167
low_roughness_0024,low_roughness,17.332770360455562,48.79326402384498,14.044156538334093,82.68664026818547,571.6790041396732,98.97684249795645,163.61208461314314
low_roughness_0023,low_roughness,3.1493102757964873,8.34601329521901,2.3586823102417527,91.07130521436709,301.02775165677605,26.877849165486566,81.38851149399609
high_roughness_0123,high_roughness,16.360973713743824,45.35364366698384,10.798721068338011,75.86030972561792,297.6595997172235,71.85410544370322,86.55569680588705
high_roughness_0306,high_roughness,1.1441160288022294,3.3254326278776603,0.9423965629327415,98.87780550511711,385.50797575339004,4.326149281239036,83.7798944732458
low_roughness_0087,low_roughness,0.9269229118330232,2.222799692601644,0.8152513790699187,97.70597581987353,140.912537727848,3.2325676883066454,72.72338676546981
high_roughness_0096,high_roughness,9.791100415650666,24.200922600332206,7.3360183843914655,78.58748026726617,209.18385232817718,44.791533657463724,102.41839457181293
medium_roughness_0247,medium_roughness,22.355415322609602,53.37205121398736,17.53258739985831,79.0570394704492,907.0814863093051,189.96971764862047,144.2894971522055
medium_roughness_0014,medium_roughness,23.746925672874273,49.23672127301549,20.962398993320512,50.65567731628422,253.50739959316826,125.09150928234973,102.67686430336221
high_roughness_0313,high_roughness,9.329666250843086,18.93420306752791,7.389361446008268,85.870611768525,326.04567226241073,46.06825884587864,157.39290820842385
medium_roughness_0326,medium_roughness,28.939317056219316,77.01111526310157,20.774538558165794,62.44790924152451,596.2185691175937,223.8925381939227,298.555070950087
low_roughness_0277,low_roughness,26.3007934988749,95.28775691526988,13.908130693619896,43.613173920308796,201.8979234645726,113.84383096247663,48.8423953673661
high_roughness_0053,high_roughness,0.49300525569036735,1.0504326373738344,0.4128477320429308,98.19658784482684,186.25706251249107,3.3589825052187496,71.48243175465662
low_roughness_0179,low_roughness,1.3017557622031455,3.8596854802146225,1.0386219808201385,98.84378064677033,556.0864704825289,6.4295793924108455,85.98386331745549
medium_roughness_0013,medium_roughness,16.28758479021551,48.851379423315905,12.327470175625226,77.17993079819405,588.6978062279228,134.3412467707255,84.54607983327332
high_roughness_0255,high_roughness,51.15489391726872,118.12939079537541,36.6004815060516,43.27388870338837,585.052053312601,331.8772789052176,134.8425312143212
low_roughness_0111,low_roughness,2.2185458549343045,12.572570156697722,1.6658732453669949,98.33740240027512,689.4612398549591,11.462966024861991,83.77100155570558
medium_roughness_0172,medium_roughness,6.455574049331985,45.30655471039784,1.6437369560005664,98.15770100615293,482.6398216015183,8.891668577270055,72.06005605501059
low_roughness_0239,low_roughness,8.942574575289731,23.670948320640917,6.788073405607349,84.84220165229922,257.21335749102906,38.9878820518409,106.36736766938323
medium_roughness_0011,medium_roughness,7.2770098474438125,16.044569580245984,6.287866872850366,82.91540893015333,173.83753988523245,29.69943281527355,93.34310081440678
high_roughness_0067,high_roughness,32.863608855106435,60.03393641085527,26.78320390607505,62.015290419638795,491.8504140349662,186.82795134098603,205.74102539107358
medium_roughness_0001,medium_roughness,18.796883130335544,47.47510088663566,14.295640108333998,82.0384704463414,1066.7541179344553,191.60535615766725,112.03618113728514
high_roughness_0368,high_roughness,28.201052294357414,61.74276449511247,22.776015901808613,37.74480265609332,325.2287628579418,202.47180813635794,183.46144731576956
low_roughness_0380,low_roughness,17.82166943474792,36.19895605503685,15.05168420850065,72.53450756141322,571.2315436733406,156.89155643442388,93.97796772463987
low_roughness_0347,low_roughness,6.066643060424756,15.533331871117255,4.964556480225129,90.86812379757788,616.1774455144881,56.26856151163011,130.04472634525155
low_roughness_0149,low_roughness,1.519873674685369,3.9192414932084603,1.1311761524725337,98.45300484611515,333.374464492827,5.157286809993581,81.40667019821801
medium_roughness_0235,medium_roughness,26.995786084627746,74.390583274285,19.131395372679066,52.642108073255045,393.5239238903435,186.36463458187495,141.1383772024739
medium_roughness_0123,medium_roughness,15.676635865259534,30.3851676750634,13.134557310334989,77.00552798816983,555.8522412272744,127.81528803613634,133.02259178840418
high_roughness_0179,high_roughness,0.894463074216845,2.7907161580618975,0.688787120477704,98.99274762942447,544.5609046637687,5.485102621453374,79.10157478018209
low_roughness_0259,low_roughness,5.978699557711097,17.318161999916114,4.334036692256315,93.43718261577595,704.4397828156269,46.231096528014014,106.55076680404697
high_roughness_0042,high_roughness,8.557133597736776,24.587844944608634,7.163620673130225,86.63931783854191,470.36107110867545,62.84344772206,211.37003302475932
high_roughness_0203,high_roughness,10.805026857336834,33.191835137965185,6.537615997645437,91.22649301796937,343.52419583405833,30.139119306465645,113.01683866970295
low_roughness_0394,low_roughness,27.455334337356387,46.8812987817695,22.68195507804865,56.36824309879723,214.07626838861142,93.40523700648534,106.84686929373224
medium_roughness_0110,medium_roughness,2.2382955467993666,6.423756500791313,1.6550616648665986,97.66508458921167,372.6447082041649,8.700938719346272,85.57042488646645
high_roughness_0195,high_roughness,12.818984477374068,33.28257963032937,10.032486421619566,59.34912497092589,115.99235497919256,47.151907265871586,117.2948998672661
low_roughness_0032,low_roughness,3.7307806098402274,7.9899253421877034,3.297095223904931,89.91474266964157,218.80405086323975,22.06695157880609,160.9121600637227
high_roughness_0353,high_roughness,27.518539493314332,97.64299528076569,18.53694753509269,66.2453628214547,389.15288844106806,131.35714556311166,126.16125968107387
medium_roughness_0252,medium_roughness,18.628583220496903,53.790855450592574,15.084654600726745,60.780105878361546,423.04618178292685,165.91826458089804,191.34837580292756
medium_roughness_0245,medium_roughness,4.7179995120006,12.335175250217176,3.6423279412476077,91.19551741900132,190.33992994629682,16.758445976806787,104.9129135402909
medium_roughness_0249,medium_roughness,0.7292146500723351,2.4295896825535834,0.5948851229984287,98.82698019205647,281.31894084076396,3.299926899559132,68.11200025736616
medium_roughness_0283,medium_roughness,29.23611124074385,114.14366911598077,15.482038786956556,85.14506562089525,504.7372799337199,74.9783917210323,149.2234709715366
low_roughness_0292,low_roughness,22.595211464212337,49.07189578837642,17.02215948368498,67.56796270667141,325.1531794318105,105.45380041376839,189.66459231638632
low_roughness_0392,low_roughness,24.617902095091388,59.30325334606576,16.484099751407268,67.63496171836157,209.89804740744,67.93358339582954,64.90184670074373
low_roughness_0128,low_roughness,24.09066641065787,97.83074355066324,13.71757420873627,86.87815562642298,912.2261603957148,119.70089710218278,87.45568264727665
high_roughness_0321,high_roughness,25.67967850520242,74.67590913474555,17.318696736419692,56.71241364651664,287.30667609542434,124.36812551412956,156.14605112982426
low_roughness_0236,low_roughness,1.3080772430495307,2.49896973157135,1.1712337907511414,97.95566266303612,386.3046479522229,7.897370152514182,79.17091248706856
low_roughness_0009,low_roughness,1.169142175741444,3.907811542659804,0.84380008842239,95.8030737822163,199.83693480724622,8.387008709740615,52.93422344840898
medium_roughness_0290,medium_roughness,68.47390378065593,184.54970048341255,28.186287752955536,84.3547881461482,532.8499003033023,83.3654957654898,90.43177883931764
high_roughness_0298,high_roughness,8.649410634315597,23.767732490573962,5.64956255033971,86.62617263128469,84.09025700453941,11.246085805696145,99.87875851364237
medium_roughness_0008,medium_roughness,19.470027391860132,52.23507048812165,12.07336561233356,71.78428326759294,163.10847536362834,46.02222537514933,73.46841910145554
low_roughness_0370,low_roughness,9.353403923899,19.767820289938676,8.041387252598232,63.83666578488331,222.4561205351851,80.44755035112183,106.82258165805183
medium_roughness_0074,medium_roughness,10.349182601877791,25.888729344920975,8.403102218707929,89.16653715670309,619.4528843149674,67.10819805399302,127.98040907317393
low_roughness_0229,low_roughness,0.30457387008704234,0.490249476697997,0.2602240709436204,99.00181620614016,136.01683745946562,1.3576980284410634,65.31376813088293
medium_roughness_0385,medium_roughness,0.3690862126586273,0.6122808103498656,0.30990034214514794,98.84920715494135,228.06900997485195,2.624601848586674,63.43163097146802
high_roughness_0115,high_roughness,1.6443363868209953,5.965870618575437,1.113709186690023,97.83790714256625,323.6904378062958,6.9984878360059515,92.6153099394481
low_roughness_0283,low_roughness,11.8306815487808,31.67955511179953,8.269915326022154,76.26504858736148,352.12271183933217,83.57615456793063,75.70314192821961
low_roughness_0164,low_roughness,19.841081094823597,53.831328762323636,14.443395735670293,58.069452420272604,161.32260138935794,67.6434501324187,117.14691303540592
medium_roughness_0325,medium_roughness,2.5517414517235597,12.927934503508766,1.6412599350267718,98.7628921486211,401.50827640922137,4.967090411394588,84.69006974005681
high_roughness_0111,high_roughness,20.459930692157034,82.75802986533941,11.046978128979314,87.67596600758218,247.2281721848286,30.468483978891555,90.6752229468298
low_roughness_0372,low_roughness,17.841366227853918,50.65406241727467,12.987842831347976,60.83380847609262,201.0153282189123,78.73004844263022,121.00678872820872
low_roughness_0396,low_roughness,18.78577220125874,48.326134114564184,16.407200428611297,69.34739481918581,358.12318553328066,109.77408612247123,216.4545516587932
low_roughness_0284,low_roughness,6.325311604341839,13.146046155055757,5.473573831296798,91.54310629955945,476.3038114943265,40.280507029221894,114.4953664182658
low_roughness_0067,low_roughness,11.517379924664201,32.33111245947402,8.262005819982914,71.75379764905104,276.79292338874916,78.18348923349322,85.03710637423804
low_roughness_0234,low_roughness,18.277307458079466,52.532981198513426,11.672446679566475,68.84945327925475,299.11869044021614,93.17710741606088,72.83304387034362
medium_roughness_0202,medium_roughness,1.0725054190535162,3.4650609363212226,0.7738631233978189,96.49399953053265,107.70290430662874,3.776064330620377,82.26099122230274
high_roughness_0157,high_roughness,9.349616952969912,21.277325901619236,8.126907145071682,87.67724826527117,703.5502186181063,86.69674676945112,119.0803127084311
high_roughness_0025,high_roughness,4.6380400151441314,12.645539271617466,3.5817025453309936,92.65938217997596,400.4173250749062,29.39310551891218,133.32027537680474
high_roughness_0154,high_roughness,13.752445867725218,39.72498056233725,9.944507622146649,61.16377145119609,116.36661063658683,45.192402861321625,131.95160670686042
medium_roughness_0329,medium_roughness,12.661580790547351,27.55191173111774,10.0724490869291,78.56154584463785,147.01014015438338,31.516701500731138,331.3487643079255
high_roughness_0130,high_roughness,8.145609684102496,20.638845037448334,6.371998917174628,89.67764843658053,519.189572471991,53.59257295117342,86.19664249709984
low_roughness_0181,low_roughness,0.08359469916156763,0.18809200885189625,0.07201844127204457,99.79420556866441,521.3142185428499,1.0728356315218432,72.03942001663502
medium_roughness_0282,medium_roughness,21.52140619305929,47.23456085326414,16.93745028925412,79.33657805696147,329.21321910931397,68.02671655681749,154.32525783874766
low_roughness_0042,low_roughness,2.0664966501985704,5.1624714668988645,1.750293946900235,96.62953168881353,217.02394421739768,7.314723267534401,92.73372091322865
medium_roughness_0392,medium_roughness,6.960996078040411,19.873885213368226,5.473694881028466,80.95694476614894,190.27520541246145,36.23421246301858,228.18516791951333
high_roughness_0002,high_roughness,0.41634041057885807,1.3199889345354237,0.3219407008559696,96.9368268693503,65.13558367050337,1.9952156974867097,70.91642654319487
medium_roughness_0204,medium_roughness,2.117475241053517,6.883196524395586,1.5913385727946696,96.73169864576141,182.1247232623066,5.952384796785241,85.42983771447325
low_roughness_0260,low_roughness,8.06805716001395,21.927444126001234,6.9730631899752185,81.60965669017962,340.100951285874,62.54573254143717,121.68810527036219
medium_roughness_0020,medium_roughness,6.532687091111988,16.939000724346485,5.205767422888746,85.7988566329685,163.56104326320718,23.227538246420494,137.1173383341179
low_roughness_0188,low_roughness,16.81660690637728,59.50658195044784,9.90322046609165,74.36885662615603,611.8852173608869,156.83317734512585,108.13563516746945
low_roughness_0203,low_roughness,0.9169082616134324,1.9680315901731085,0.7954935842579324,91.79833237537362,38.00957794364683,3.117419248461208,63.114744895196054
high_roughness_0100,high_roughness,13.144353323316041,31.011613083636092,10.133528993892513,74.08091927763077,222.2390360968281,57.60231516255217,132.7060586512495
medium_roughness_0266,medium_roughness,9.554538332623647,40.8550740426644,7.774322300888838,90.68440918352172,600.1486329208597,55.90739093359551,116.69073857635856
low_roughness_0132,low_roughness,7.454502876822439,19.483194157365617,5.863093563073123,92.81412335847924,437.23349041972097,31.41905925697666,79.73972598714015
high_roughness_0000,high_roughness,9.481983094288264,39.7810720476691,4.851336065828949,93.9660397287561,236.42777064601987,14.26595775096851,77.37215159048817
medium_roughness_0155,medium_roughness,26.667344855582108,57.49551247288134,20.78926827966047,75.94328643386626,391.6259089132294,94.21232315802342,126.83543404734955
low_roughness_0267,low_roughness,0.7839751442130248,2.875045357440399,0.6323814974277118,98.81583804392601,476.6642261340123,5.644476424093462,71.84162966201711
medium_roughness_0298,medium_roughness,13.243758150474768,30.191214039278016,10.531852805643926,74.18044097141217,169.22473584061214,43.69308056133869,194.11540420185096
medium_roughness_0088,medium_roughness,1.2047596372379723,2.752461802309014,1.0522726803903877,96.66364071640245,153.24153424398497,5.112688154076503,81.27689003066432
low_roughness_0279,low_roughness,1.2023195701389855,6.212182018886935,0.8017249871677496,98.8503092409821,334.42096675240987,3.844806950970817,77.16434042860521
high_roughness_0390,high_roughness,15.953215670918167,47.24195307572228,10.581060946318015,81.13028473697257,368.2150170749662,69.48112527775395,119.16045317360447
low_roughness_0387,low_roughness,1.273092210252428,3.2994049246623405,0.921156392777155,96.60540331242146,85.77001934003266,2.9115462354522137,82.73331906401047
medium_roughness_0031,medium_roughness,0.9472678725003456,3.3725246057772296,0.6578110212430509,98.95612408591256,336.63406374617887,3.5140419100601057,71.57242995427866
high_roughness_0242,high_roughness,8.825398584527232,26.957419676602836,6.453961119401233,70.29950913340464,195.63956036919186,58.10590975889914,105.69924785088035
low_roughness_0072,low_roughness,3.9219530502405244,11.150409417912272,3.1146628357353796,93.48690844349899,467.7414859802211,30.464431229630108,97.77319982828521
high_roughness_0320,high_roughness,12.721988776328322,60.93429161841088,6.994981442258608,70.40427330794199,334.7860480775581,99.08236379217604,110.62393651030106
low_roughness_0381,low_roughness,14.109126496766493,47.069641412154425,9.954274041859042,68.75897876420069,460.84129673157383,143.97152737524394,102.31512524749435
medium_roughness_0352,medium_roughness,7.0874711965441985,16.459185811193322,5.586473101698962,93.00676380011875,672.2003852304945,47.00856067568016,114.48096101827105
high_roughness_0318,high_roughness,21.067468070440736,79.19692852903901,12.115925190820928,88.5033238313254,1311.428278722733,150.77066238917584,113.27285395941483
low_roughness_0293,low_roughness,19.593533979216076,50.36140009856162,13.415523252603279,81.72805149818788,653.0121259752068,119.31803936877824,119.24030199078652
medium_roughness_0229,medium_roughness,47.04409117376131,130.18731690346874,19.147054512511602,72.04366614966959,216.65625602060683,60.56914624074743,83.4197213477725
low_roughness_0346,low_roughness,1.5778699300521384,3.4951743727480995,1.2640054914537344,89.70443186542381,47.92070264120357,4.933708590992763,78.4925492235925
medium_roughness_0350,medium_roughness,7.435769919419996,17.336947950772185,6.1374560255258555,93.34920895078376,887.9238399232086,59.05395926946991,89.03206399048683
high_roughness_0006,high_roughness,11.163562313598979,34.6263714220327,8.822788522490585,78.59146464698274,449.94901732439314,96.32749444444639,168.21014065328927
low_roughness_0297,low_roughness,6.366681784818525,18.64704441688037,4.9062204334490085,93.71998986253287,722.9883028266121,45.40373871021279,90.60848611870506
medium_roughness_0197,medium_roughness,11.272436079289868,30.3346486997835,8.9355112390098,84.86666687705586,316.37139146193437,47.87753657562818,156.60068404148538
medium_roughness_0004,medium_roughness,10.180986411027847,25.05810185004607,8.308909759201343,75.15609839237491,132.43438252408748,32.901867688950134,182.56657774766185
medium_roughness_0058,medium_roughness,8.409589626436508,22.563712982748857,6.856769228474216,86.89194478611032,442.0656477749717,57.946209191982376,85.01550142186024
medium_roughness_0348,medium_roughness,1.8796432654836162,6.08524580070889,1.3089591248480974,97.91130377343345,393.59829043190086,8.221072640081598,77.35155023585442
medium_roughness_0260,medium_roughness,19.453827104421528,54.61747196226176,11.201459493199442,82.19923907096936,404.63791907268865,72.02862860233384,75.26015747622318
high_roughness_0055,high_roughness,5.119735729607347,17.68524038996702,2.828657466166174,97.85643192279852,741.0949293370204,15.88587432702721,99.63446932283084
medium_roughness_0130,medium_roughness,3.9400994438455643,14.08905363095677,3.0884353486211573,86.34716699763243,305.90606259343997,41.76484387000038,90.68539171683976
medium_roughness_0341,medium_roughness,13.64179078063594,40.54044635645002,10.287105983817066,78.66949582189964,113.11255954943152,24.127479240647737,121.2624335516306
low_roughness_0375,low_roughness,1.642956030897979,4.436116129509713,1.2476264808783677,98.36495422704306,277.07912181179336,4.530370468929979,75.75468044120741
low_roughness_0384,low_roughness,5.7200548769577955,21.682073562890636,4.592802099623617,84.84257091379048,172.85971839081566,26.201089233709347,95.01216927450241
low_roughness_0097,low_roughness,4.539529249184278,12.472562820602711,3.7972922662800004,86.61717347803929,206.46398263752923,27.63071662671163,99.19241947489452
medium_roughness_0233,medium_roughness,4.86581387758776,14.867174409860482,3.690275344477643,83.18288334404188,136.75799046996036,22.998750793677303,102.4464606991581
low_roughness_0189,low_roughness,7.615512889152906,25.839019150160613,6.148379200786902,80.81390248792977,462.2360095393058,88.68505152611343,73.2772515752046
high_roughness_0162,high_roughness,35.77196168149123,123.26228469565815,22.367470212925348,74.59419526743481,1017.2308118784323,258.435673745322,99.26381173872043
medium_roughness_0106,medium_roughness,1.965641114346444,7.270756347376225,1.384707072122125,75.66730983225735,25.379774844385413,6.175581978154992,79.62872108795273
medium_roughness_0107,medium_roughness,15.645216226183209,41.25766725324689,9.72781552163529,89.31655366881324,308.0441851846898,32.90973520054788,111.2963536323241
low_roughness_0085,low_roughness,47.32402889276434,124.71496273103043,26.974090935417376,82.21557521975546,685.5800328866937,121.92646525710981,90.73403223613109
low_roughness_0182,low_roughness,18.13991474080769,52.302772955481956,8.929468230649901,61.4545223164301,113.14118011888436,43.6108083336522,58.00695577951782
low_roughness_0339,low_roughness,19.23004469556485,52.12865326052577,14.001054683072429,73.60706721557277,258.90400357603596,68.33235964001423,218.14331695159368
high_roughness_0065,high_roughness,22.274563545770295,51.89906465551398,18.030945725980438,70.92467535432567,265.76007757190985,77.27060533262872,201.8669937293174
low_roughness_0046,low_roughness,13.561726015906853,27.707628926556026,11.597938028275886,82.52977723707919,597.0137931784532,104.29963959363906,116.93530378001257
low_roughness_0146,low_roughness,5.9474777225922875,16.035924099953306,4.747937187464469,93.44851438196596,783.9948251149533,51.36330821353725,107.24805197652495
medium_roughness_0306,medium_roughness,11.285741538753939,28.595714454571883,8.958725939329799,69.14157771808638,222.81526914333037,68.75727666083125,102.15593308088184
low_roughness_0159,low_roughness,15.81403082043573,50.04635740969803,9.900029809526039,89.52668746405284,679.0790206419248,71.12206819787785,76.9521619665308
medium_roughness_0333,medium_roughness,4.7213205692486815,15.490057414194979,3.736164217878268,87.50655658543656,234.78922616494296,29.333259114408563,134.0290738335522
high_roughness_0193,high_roughness,9.614437756189316,27.45029292243906,7.496963158507112,70.74175263911802,189.17630183575852,55.349670339274965,172.31556438015954
high_roughness_0047,high_roughness,8.126341575622028,21.82799978472735,5.762772136781013,86.93526952413697,164.81753340473068,21.532966516293577,75.29141739910361
medium_roughness_0136,medium_roughness,24.934919493319754,77.77228387617151,18.814518443886506,72.2783262884059,616.3654744019447,170.86682568462615,163.34057577193016
high_roughness_0114,high_roughness,0.5415622211250235,1.319235391826954,0.4776614197867282,98.89913414373224,250.18049175027778,2.7541516127216257,73.35430920111928
medium_roughness_0243,medium_roughness,26.40806791695727,102.45438220066818,14.433963385638554,39.202342299969665,382.4943924697063,232.54763145554267,139.65047589454298
medium_roughness_0060,medium_roughness,5.534901869440716,13.11563973635515,4.6388434300174115,90.2200341228661,302.36901749806424,29.57158673433569,80.45045195299046
high_roughness_0009,high_roughness,5.745076891695968,15.445883601148864,4.7561267202994895,84.98993933751376,125.20443360610699,18.79326143639896,84.50724851035102
high_roughness_0384,high_roughness,44.023264448289126,121.49354431262051,28.84140857599481,35.65124707052856,196.36677314657186,126.3595696876632,163.01948907614656
low_roughness_0228,low_roughness,0.6891983991483053,2.7049935362836237,0.4962563071709504,97.47354515930094,112.25088097924342,2.835967816227434,80.91616721222574
high_roughness_0139,high_roughness,0.3968570096141489,1.4155520608458314,0.29352453103833953,97.4928419208356,49.43482378456691,1.2394091784354582,69.31455416594933
low_roughness_0344,low_roughness,9.957977945879204,22.04698345299272,8.17097676465824,73.8631178665706,294.8941681679074,77.07614115240301,143.68977338173377
low_roughness_0205,low_roughness,5.711074741316925,14.9778244587296,4.414105752196007,78.00260176533773,313.6282635536063,68.99005811034293,93.23380021213961
medium_roughness_0374,medium_roughness,1.555262397078369,4.501616614770036,1.0504823723551842,97.61034300667866,128.4500022806258,3.0695144624203823,85.36716675603384
medium_roughness_0337,medium_roughness,3.3538062796627903,10.281323999127238,2.3167873417808984,97.59851671415771,456.7377418674218,10.968480531079638,88.13187451870665
low_roughness_0296,low_roughness,11.272220565151155,41.76503225236753,6.878828375177731,89.62554250978644,806.1037895040133,83.62889496909456,89.25022928696143
medium_roughness_0038,medium_roughness,20.335307818520672,84.09569168497531,11.670858838633766,68.9674331755571,332.1692668584123,103.08064970809885,134.4275349922376
high_roughness_0273,high_roughness,15.53391098642305,133.54288036237057,5.565028728986683,94.95747003426169,581.010086360943,29.297607708712597,85.53413164979474
low_roughness_0379,low_roughness,25.41027005472918,171.13207678119397,12.78832685882126,83.30378300941761,430.04095409321314,71.80057084377367,134.22144451380473
low_roughness_0391,low_roughness,5.037141339846974,19.883344541966096,3.544190121385948,95.49457506930358,425.8677641721067,19.187152418809497,114.39742301791102
low_roughness_0350,low_roughness,12.698350142386708,35.839627884811826,8.69443245830419,58.85990042794374,218.57826461930352,89.92331570725409,99.21720244685639
low_roughness_0233,low_roughness,15.456594279973347,41.66081956083352,10.09958740702022,83.9825891418766,296.18420816088377,47.44104151800819,107.76204512965553
high_roughness_0369,high_roughness,9.683007775432548,53.990926335213764,6.822985677040563,82.3621259145532,505.24729012067013,89.11488085161588,93.365639113889
high_roughness_0075,high_roughness,16.685677569270613,47.642614865133126,12.788674460707467,51.86879568709572,420.06373989695487,202.18173689423017,125.73653421934675
low_roughness_0376,low_roughness,42.30883957368601,110.31388423972098,18.402169993142117,76.59320440676927,276.6953062888128,64.7655047590861,55.92397973786982
low_roughness_0030,low_roughness,3.7569689664141244,13.738072033050514,3.032458854148387,89.8068944123793,358.95989836323645,36.58916145738066,77.65757986303167
medium_roughness_0279,medium_roughness,7.860217893877547,29.260198803580167,5.19041842147759,87.4888019499313,212.10751268568845,26.537190991181088,90.08613154277494
low_roughness_0247,low_roughness,14.089006549030099,55.45346217993543,6.835558900584881,74.3294256739382,164.93089445693948,42.33870784820718,82.96909760007507
low_roughness_0141,low_roughness,2.595920254719527,7.828264206982375,1.9624592800506637,97.56944624288147,903.1787565044724,21.952245199715748,105.09354397206941
low_roughness_0099,low_roughness,13.652383773181601,44.66281727971151,8.411303882260833,84.12259731859073,650.1213698880169,103.2223878150146,126.65333703835252
high_roughness_0295,high_roughness,43.14124681830116,111.94808425152326,34.98376410283379,42.633029601402384,445.9047801989958,255.80206326268967,230.421653015473
low_roughness_0224,low_roughness,1.1067629249518902,3.2628853352070593,0.8421044186910306,98.92846521557749,540.2565452617316,5.789036807598794,79.6246392077813
high_roughness_0070,high_roughness,8.107160943200016,38.23537422685011,3.982405759677845,95.44978506422491,287.0165315775982,13.059869087987495,86.59064580402833
low_roughness_0264,low_roughness,5.454231966643353,25.42239219106549,2.4292929374609775,88.68634031535086,103.3839117706558,11.696503946409917,56.30699612758266
high_roughness_0229,high_roughness,9.624935156408744,23.213015529441478,7.616120687884053,91.10755359130621,373.0781350368238,33.17577322070378,128.53148694845308
high_roughness_0314,high_roughness,30.757365828662465,81.52948983347538,21.822804972221473,71.6209604784433,325.51763711510944,92.37877888653446,198.60481097956472
low_roughness_0058,low_roughness,6.622985367071807,23.17812656878229,4.844012698672794,85.5560249590822,320.1985286971171,46.24939556639764,82.09840313569778
medium_roughness_0378,medium_roughness,15.356512832514209,34.097778349370635,12.290985151223918,77.21922110256914,262.6844724559848,59.84156886808056,196.6166483434378
medium_roughness_0085,medium_roughness,1.9856254984036765,5.27783342698207,1.5415565536777371,98.61284008438444,384.84813828457266,5.338459110276334,90.90183689860471
medium_roughness_0383,medium_roughness,1.8564417270929183,4.4562939575245935,1.6366479424185862,97.17256254418572,335.6721636402783,9.490920483507395,79.31306558329379
medium_roughness_0002,medium_roughness,5.921854070035525,21.338689645527097,3.794622590386149,94.31715691541169,498.0944183756357,28.30592420938019,91.96723130232446
medium_roughness_0320,medium_roughness,12.00433356397531,27.84040467364207,9.212738894767847,85.64030620635019,579.1464109733217,83.16365123268164,141.39053806328897
high_roughness_0058,high_roughness,6.618717642351454,17.795634436601624,5.548478203097582,74.03950085560862,97.235317236232,25.24277369915825,161.18407684769772
medium_roughness_0248,medium_roughness,11.441302679703378,36.66139258337402,7.809247790609819,77.60817120245662,105.33494730089278,23.586421063598443,102.05504465968647
high_roughness_0196,high_roughness,1.0324162293259724,2.51786341993909,0.9027401163702325,97.82573569305771,338.003839509043,7.349096838539656,75.40351994270652
high_roughness_0146,high_roughness,4.683875973732003,12.133101233881845,3.938427046751002,90.79844802899866,279.02199147363194,25.674353555969162,112.9796824138608
low_roughness_0193,low_roughness,33.86700055345921,97.06856817533188,22.396036410052496,58.9178792049444,476.1785412396454,195.62424351220477,103.8952191824942
high_roughness_0362,high_roughness,36.686080551383434,87.61400179293203,24.16045297745807,45.45145765649127,518.0462796242214,282.58669419979003,89.97257759381034
medium_roughness_0369,medium_roughness,3.8972913904328577,13.287058876504943,2.736257975337516,93.9832207634509,292.3007189783536,17.58708896777331,137.08218591651166
low_roughness_0399,low_roughness,10.213811387501924,26.263680068009336,7.732377550373461,88.59377858647801,212.3447551386122,24.2205129311112,199.94990474674918
high_roughness_0216,high_roughness,18.236080647277927,63.124027010749856,10.565806586424467,81.75347768917258,829.7607445216784,151.40247937563558,87.65234742186537
high_roughness_0141,high_roughness,21.093517877747704,65.74749390424809,15.090749581651774,54.03600505994655,289.26373736749804,132.9571696070063,98.37486781877855
medium_roughness_0128,medium_roughness,0.26654045013831146,0.9172849502469962,0.20650438927904932,97.4338447823191,48.223952403762524,1.237501470781111,71.866578903544
high_roughness_0316,high_roughness,28.14781283447071,73.73310591127297,22.976246123248966,60.06769985438013,547.1232120552469,218.47888320425744,71.17373509779254
low_roughness_0136,low_roughness,14.54466901868893,66.06058540646605,9.298029750347066,86.08693030376487,365.06974056727483,50.79240744498969,102.66001284752868
high_roughness_0183,high_roughness,24.405009168451958,105.65219409206907,8.028290184977964,89.84421081167422,179.6707348763497,18.246981067157805,62.24261571484991
low_roughness_0227,low_roughness,5.27250296864896,13.242199639309263,4.136813440748882,95.16390533824978,280.4896938470881,13.564747110898566,119.97776311583281
medium_roughness_0009,medium_roughness,1.042849799413033,2.1732730357683323,0.8387358409949816,97.94508716880307,120.41743345804343,2.4744732911273744,72.87903277844937
medium_roughness_0242,medium_roughness,0.6292777518877122,2.015425300114501,0.5340654968802196,98.77848487015551,241.11671823666458,2.9452771938453988,82.62815501970545
high_roughness_0297,high_roughness,4.624566409301423,14.271884457423457,3.46489832272421,84.06714067505992,98.56680655919959,15.704510630163096,128.09994163425048
medium_roughness_0177,medium_roughness,2.4984861950135384,12.782532336912055,1.5479101428973001,97.01478181340266,293.4740123756958,8.760839590376197,74.60765018064603
low_roughness_0345,low_roughness,16.962909450719067,51.20191787632014,13.079484519850464,68.22078786978888,323.32800802975044,102.75109354816044,132.57444192798843
high_roughness_0045,high_roughness,42.065978759396714,101.85142358908209,30.85726858456585,24.75528696672237,414.6553057881363,312.006194917543,148.05385519179657
medium_roughness_0090,medium_roughness,7.712587726670873,16.515869124693502,6.753590573141703,76.24985585517588,206.66690929953182,49.08368885829174,131.33838206169276
high_roughness_0120,high_roughness,23.513081937081267,70.3748185418321,16.61035846574208,74.14416066744162,546.1730715374432,141.21763185442043,152.3212396874748
low_roughness_0029,low_roughness,3.606081166457519,7.87067515492825,3.2078765819992654,92.953792551081,568.5967358381099,40.06450555493513,70.3692068953945
low_roughness_0110,low_roughness,1.8434718997607313,4.080530940681967,1.6106353720480073,97.60235166996509,393.08445286384494,9.424782819716896,86.31205916981828
low_roughness_0037,low_roughness,7.790594449780785,25.383404824417994,4.650252358195665,89.51429996658175,571.278905370312,59.902592371326264,84.17181626769464
low_roughness_0052,low_roughness,3.1281304584991108,7.635970843252963,2.481136424620906,93.40854658384086,234.73126208549246,15.472201793527653,80.99924865540136
medium_roughness_0152,medium_roughness,18.30785746337273,63.39880531610021,11.822679492175112,90.28544848572356,428.34732192627456,41.612021248551514,152.79483966595822
low_roughness_0202,low_roughness,0.5790665742123561,1.5219843558652926,0.47792110115924763,98.3118273786194,181.61509071625204,3.0659762377672974,67.9780049003369
medium_roughness_0017,medium_roughness,16.641247335073896,41.11355730508832,13.258200868927162,78.91777664857445,281.4411293868885,59.334047500118416,187.56209021299583
high_roughness_0376,high_roughness,7.234964205681348,23.195386413584544,5.553753631319223,83.43310451544113,284.64535273528173,47.156898089308044,162.148058377079
low_roughness_0161,low_roughness,3.5442849017351694,11.360115700862082,2.3776039086478558,96.63991512071254,381.1480865150354,12.806899222685152,105.33847696878608
medium_roughness_0351,medium_roughness,1.4658705937664906,9.25750880603563,0.8189703820293772,98.73918415448009,296.23535119757173,3.7349822479305432,69.94485874134291
low_roughness_0170,low_roughness,19.35397593296876,109.38911456114155,6.193441689994954,97.18992559468381,203.43229514525876,5.716598858024196,80.50633578624583
high_roughness_0052,high_roughness,23.693427138358008,109.00285691572383,10.168957957470491,77.52960283192323,257.2519031675113,57.80552436417608,77.39729297367734
low_roughness_0362,low_roughness,3.8897737588894103,10.481105810286486,3.089148362930166,94.74394795807174,494.67106572609197,26.000168650924543,99.7411849235529
high_roughness_0221,high_roughness,20.03789538238602,70.68930708368438,14.623644873195591,67.69768141271426,572.9293119026017,185.06945161072247,87.20615058026426
medium_roughness_0082,medium_roughness,0.3394625257474478,0.675495881075193,0.276298291358513,99.10076282427514,283.55975265105633,2.5498747112317623,63.26013191296564
low_roughness_0020,low_roughness,12.177008790788642,27.540707878758937,10.052565620368018,65.7080483248507,181.15689658433826,62.12223543290147,104.4675151896334
medium_roughness_0315,medium_roughness,7.775173791238673,28.35362594376548,5.173161656360657,92.14892965820971,521.2135829278564,40.920845026631454,81.57825265518795
high_roughness_0172,high_roughness,14.889221892966441,75.0630844132516,5.537819471171176,58.53777504721864,126.06642330492164,52.2699440206122,42.36662935060057
low_roughness_0068,low_roughness,9.26979339127932,20.41977949754147,7.488866724865714,91.99324842151353,801.1859640605945,64.14896982403364,92.88804338313791
high_roughness_0159,high_roughness,2.654413244122312,11.633504525492306,1.2370205129640208,97.10866794049413,145.79415124560325,4.215393035848631,67.98854848736335
high_roughness_0286,high_roughness,6.4253032156553465,18.398392520722126,5.380427836756658,90.59736835366719,333.4554108442658,31.35358398645203,131.07182591254
medium_roughness_0359,medium_roughness,19.96917637221318,61.75744065237008,14.961764834304333,79.74214769413148,676.3571774227105,137.01543806243382,154.64197510915014
medium_roughness_0312,medium_roughness,28.888238393051562,88.84779045993666,12.629543163176328,60.89184802448645,174.16827918473615,68.11399531670335,42.37882873344076
medium_roughness_0269,medium_roughness,6.804547763135256,18.322233198489755,5.471972173255709,93.7683898017678,547.8876469530671,34.14222248238178,132.56637860872766
low_roughness_0290,low_roughness,1.96417983848949,5.504234030661777,1.5463172280743682,98.44776238020061,800.014609154174,12.418127727182046,87.38122264496876
low_roughness_0232,low_roughness,2.3205557833075487,8.414679842311273,1.607091533615226,97.74838195546198,403.70823589478715,9.089967486693148,80.12709746212931
high_roughness_0248,high_roughness,30.600242038236726,67.43391144200307,24.783292836287124,54.93232775152752,241.74726122470742,108.94986335840976,178.73903133710493
medium_roughness_0201,medium_roughness,12.517378745548546,50.88557862222722,6.668312445426618,83.01944597094355,152.07319892331606,25.822871706888165,54.845931480907105
medium_roughness_0287,medium_roughness,21.409383843010367,55.139422922234914,16.296800996001412,67.83661615538682,319.925930399519,102.89900501284731,139.5199245801829
medium_roughness_0145,medium_roughness,19.868855666825215,54.467345568940466,13.928869887237235,63.534752866916,176.88786771362714,64.50259811021684,130.24542990780927
medium_roughness_0281,medium_roughness,1.6010701065820332,3.754486192366784,1.2189437830877559,97.32853677355857,188.1925181126102,5.027493916292522,79.8218855076193
medium_roughness_0131,medium_roughness,3.6041705064315614,7.084979252854987,3.219521338795218,88.48420964227918,95.89623658613019,11.043209566202721,104.25745016158423
high_roughness_0218,high_roughness,2.171215291027329,7.95976606620961,1.4890201690521399,96.84189918034913,385.3262334186716,12.16899093592485,91.18999562427537
high_roughness_0253,high_roughness,21.032414496989652,49.86257475648996,17.508800962363797,38.75458071585745,271.2060610135886,166.1012891917798,160.50976880546702
high_roughness_0117,high_roughness,1.404484154889046,4.106332416579751,1.1370224031335874,95.05065511072799,186.91780585961484,9.251206871452212,61.742818251691155
high_roughness_0035,high_roughness,3.2312702772791204,10.240274864069008,2.153165592642003,87.88785446672915,132.53962449505786,16.053392208092124,104.06588543413334
low_roughness_0008,low_roughness,0.9681449298731193,2.977491481963078,0.762290210500327,89.86495395870777,61.28078234407696,6.2108355050362825,64.91300698281702
low_roughness_0171,low_roughness,9.519110155338081,21.69669342323928,8.02925202489931,83.52788909544469,516.3851488708265,85.05953441665551,76.30112356995089
medium_roughness_0367,medium_roughness,15.907475128789981,115.20670661585406,4.678168869411767,96.03846005564856,474.07930211384473,18.7808409211425,95.68375000066514
medium_roughness_0257,medium_roughness,46.569442165446596,141.16213739926866,28.069641984641965,46.643893852811026,565.1270060568654,301.5297652181322,87.68243991400107
high_roughness_0024,high_roughness,27.392572934221764,66.14155809445572,22.208486265507844,71.35670624943224,913.8855039835778,261.7669094498729,135.60525055857872
high_roughness_0214,high_roughness,5.494699529142035,21.38586604440417,2.5664304031552563,88.43899855086482,36.15810789263074,4.180239377446904,83.21295052186815
medium_roughness_0162,medium_roughness,25.291613429763796,56.942635167689446,21.853155210211604,60.50374860678243,369.74231059279504,146.03435249882165,102.37230610773152
high_roughness_0102,high_roughness,32.620977320386515,79.10075357457038,27.188306829434758,55.01151752194938,578.1124959638839,260.084038950133,89.8296427953613
medium_roughness_0006,medium_roughness,3.4548997720983827,10.804276605808909,2.4473090571143175,91.28294540271247,212.01692657093076,18.48163124467905,107.18871173273267
medium_roughness_0129,medium_roughness,3.4140869965604446,11.909964680777634,1.9550950927055983,97.18522138581282,475.252240868146,13.377298439401905,99.2399127002878
low_roughness_0200,low_roughness,0.9668132440320016,2.3303532599717016,0.8019737299862747,98.05193102064122,224.64970761628695,4.376331266293121,73.93497991421707
medium_roughness_0217,medium_roughness,27.579069269494614,88.71709199055788,15.16494643214504,69.76559290877071,529.1167876872227,159.97532357739027,101.03643207686692
low_roughness_0059,low_roughness,13.927927199646016,27.540048679397202,12.415255233935458,69.45467834940338,440.13781414366525,134.44151103608772,149.4480510744852
medium_roughness_0148,medium_roughness,27.73190798029943,84.76809924444072,18.277565398866,69.17140140004561,597.12397410977,184.0849531223966,125.87587508318815
medium_roughness_0187,medium_roughness,19.946224514942024,55.569902430896136,14.473959751110494,66.07604340710046,228.71007449911974,77.58750639666961,258.32736487925166
low_roughness_0040,low_roughness,1.8748695539357259,3.9177493496201095,1.692525722223386,97.92260481947837,329.72779604866565,6.849749343955203,84.7725967302061
high_roughness_0185,high_roughness,45.755695658241464,79.90166936320547,40.11231489665454,21.312549096503258,801.7112230165429,630.8461249989655,111.34745737399375
high_roughness_0091,high_roughness,27.49610397511374,81.20956739587442,17.27968324667777,58.17210796910568,585.742377809048,245.0036893691616,85.94671839618388
high_roughness_0202,high_roughness,8.338654422985972,44.32142774721199,4.008246104105093,95.7643037011378,533.0517838246855,22.578454678481087,79.65892595662383
high_roughness_0013,high_roughness,4.9203509424784055,44.28349403223528,1.4388574617279968,97.18127877535606,99.3013053837389,2.7990269711999334,83.6198250706778
medium_roughness_0087,medium_roughness,0.7733753186326947,2.8725982833049244,0.5683104390399718,98.9852452201567,228.17767673807816,2.3154438812350486,80.43633127728147
low_roughness_0276,low_roughness,1.8422859469193356,4.509919393703939,1.567144564425675,97.5391738027069,623.9570161397961,15.354497713016453,83.41191274578644
high_roughness_0319,high_roughness,15.041111491851606,44.918927240723356,10.801217691269851,50.9455944235474,252.1916752562665,123.71112721025924,131.1525980466763
high_roughness_0093,high_roughness,14.853234570114454,52.11255433821731,10.087657076079214,59.36689670380428,186.40162357735184,75.74076425397129,141.49132604797342
medium_roughness_0237,medium_roughness,10.163170053939496,29.41625204467283,8.118842194731332,77.81731954622212,447.5341295279335,99.27506587477784,156.61017521771888
low_roughness_0019,low_roughness,1.4901377027232694,3.6596961847038685,1.2197243072800514,94.67017634191173,175.78585313492437,9.369075987957514,61.940659795326305
low_roughness_0321,low_roughness,20.357478134459917,72.24512719480288,13.26281041941537,78.0300584839,645.8178099875095,141.8857951548136,100.2497906106643
low_roughness_0231,low_roughness,9.750695947483562,38.27342905907784,4.295775710916174,88.74036459113456,224.94748664751552,25.328266857916496,59.59701184341581
medium_roughness_0019,medium_roughness,7.532443897862879,29.30369468652205,4.2079749447147226,93.79518127600446,173.8947147782298,10.789851822598244,76.28664103281153
medium_roughness_0226,medium_roughness,2.8766502761115404,8.14497068511443,2.412428694382567,90.66619658748176,289.38561995492853,27.010684870690174,69.36197363095319
high_roughness_0310,high_roughness,9.198303701169346,57.33479530463056,2.420816765983495,96.96333550553139,149.1926707481623,4.530480860958896,64.45841818310585
high_roughness_0060,high_roughness,4.109399811472476,10.633940628490947,3.341042257338595,94.49978214389778,361.26344671318463,19.870276603688914,119.96748537258948
low_roughness_0056,low_roughness,4.620637101499253,14.412541491867941,3.1977912035680807,96.43245512513818,518.5241352436354,18.498581211805895,93.31372249066078
high_roughness_0258,high_roughness,27.320119911081456,77.38162058571262,18.30078676954087,34.67166498315225,244.83885845566294,159.94914970334116,160.98947401580713
medium_roughness_0228,medium_roughness,21.702449613188026,66.5694047191348,13.476855335486926,70.94786992136872,529.251276392257,153.75876926029486,159.39450236849734
high_roughness_0124,high_roughness,19.016450560832183,43.81863040311271,15.793706363150232,76.01873525229723,918.9553572642044,220.3771171387266,199.32774815713006
high_roughness_0357,high_roughness,6.35147561581433,31.291218508923706,3.0169698982063813,93.32827407399792,320.13376650496093,21.358447497798466,73.3428988824893
low_roughness_0212,low_roughness,3.375168388562242,8.294080662335915,2.800424941633986,96.51624522194021,394.49238755177157,13.74314740041692,111.64930991537403
medium_roughness_0349,medium_roughness,39.93336070348853,126.11828605707821,20.049026263042826,41.676363747459526,261.86408246464737,152.72865493273355,61.77101008903829
high_roughness_0031,high_roughness,8.720916188555737,19.30403522290186,7.60113380107928,82.8928285782088,506.06357345828064,86.5731630147503,124.55122274127764
medium_roughness_0275,medium_roughness,23.192866042423958,42.597968632597514,20.067961757772782,61.13435543964211,464.011441407643,180.34103753688788,189.17429940255656
medium_roughness_0308,medium_roughness,29.680176423580413,73.72056881837717,23.31239794815616,48.468801550511586,244.45496572623856,125.97057350801688,164.00824728577737
low_roughness_0286,low_roughness,1.0817171043561475,2.5775975755440825,0.8729468709878816,96.7872762861736,78.0413466723522,2.50725285113214,89.05295331411374
medium_roughness_0304,medium_roughness,24.189516328486455,72.00951769349776,17.95562326957892,59.69578961559249,506.96266381234443,204.32729859332386,112.29543479972926
medium_roughness_0397,medium_roughness,12.0579506349113,33.67137874845059,7.747313775918744,64.34720215749968,147.01432514946458,52.414720145054716,135.06304147349024
medium_roughness_0164,medium_roughness,12.454444294838266,43.53001730210664,8.341477166945955,93.45164909241062,766.6867660312862,50.20533980177743,102.36796688302168
medium_roughness_0144,medium_roughness,9.342461067853886,30.932684245442005,7.272018092211485,85.8746907576785,271.69909635886245,38.37833756928242,104.44550305821394
low_roughness_0050,low_roughness,5.157105633936172,11.494609026529474,4.316057571089326,88.81343391755699,522.366608566856,58.434885859947784,82.81503482356827
low_roughness_0301,low_roughness,6.089027060867983,15.971430389618988,5.152778111364482,86.43154112409488,230.8087738534823,31.317193562290598,86.20455310499285
medium_roughness_0278,medium_roughness,31.188144744803083,67.68975264366064,23.840718070036523,66.53397266467893,718.1992614725775,240.35276116648683,206.8846996506521
low_roughness_0348,low_roughness,21.091692960012725,59.79116937721279,13.358772742551366,42.4249685506387,248.98510497517103,143.35325249367997,82.4356314131998
high_roughness_0274,high_roughness,12.688742824073415,65.04145078280318,7.96862769135525,89.17049052020636,390.68569273083585,42.309344130483346,108.82668632780253
high_roughness_0028,high_roughness,7.744552042510766,31.768274276398472,5.117868641861177,90.08605644960964,412.2392495524265,40.869166493180416,67.14190485450884
high_roughness_0210,high_roughness,18.081075637545847,86.02808081699462,10.414860281436322,73.34512559197513,487.0011669612562,129.8095494191383,68.04434827517798
high_roughness_0164,high_roughness,47.49585572714644,134.3162485344618,34.91040752733993,42.27929596692344,411.3311067204012,237.423210706061,186.26840597772915
high_roughness_0374,high_roughness,2.9989339363604515,24.935896901460424,0.7922113580519423,97.58318713801135,135.9003174667264,3.2844563520192525,58.5835531816546
medium_roughness_0379,medium_roughness,9.438375431119786,34.23530746389838,6.246626942926494,90.39673782759648,229.7966405650458,22.06797385683712,117.53406381119142
high_roughness_0239,high_roughness,32.35080148285294,141.75147516663407,13.539527145019713,73.64313643292664,330.91002156496745,87.21750291365149,62.96659441421465
medium_roughness_0185,medium_roughness,19.756407194243245,156.17958725113786,9.61635292922361,93.69388257007637,667.5017617154658,42.09344494058627,109.56375793566599
high_roughness_0268,high_roughness,7.948097590467039,29.183519891260094,4.974030725212126,31.06856019962806,31.9899775886158,22.051152143649176,77.7331715416082
low_roughness_0163,low_roughness,12.056438161738479,28.170029992648338,8.983270726494753,80.00610092008398,464.16236493831553,92.80415481271828,104.8787725286973
medium_roughness_0227,medium_roughness,2.8295535719716973,21.238862066565034,1.3335515104412248,97.88875920088108,251.25098062797306,5.304513211204125,71.7647055246154
medium_roughness_0265,medium_roughness,16.588880169149387,40.15011925238897,11.657878589215521,77.22802128662066,193.0564301265256,43.96276917322248,129.95427401381366
high_roughness_0134,high_roughness,5.113021539437675,25.735707529264175,2.0113441182501943,97.27401447699174,271.7273777062825,7.407248978323233,78.92504365478669
high_roughness_0011,high_roughness,2.762342466968219,10.393285039753593,2.041803358641421,96.77538299981865,679.036950804094,21.89634095314196,84.65758340954926
low_roughness_0252,low_roughness,1.9833792842012539,6.549376471731506,1.4026247247966583,95.03832190816127,190.04141735232554,9.429243370190168,95.66271377991264
low_roughness_0089,low_roughness,6.565582899650763,15.880494355766665,5.599008731051784,83.41094303669577,92.94974130780277,15.419485532795324,62.81109711492305
high_roughness_0271,high_roughness,34.345429372596705,92.88031039437894,23.22409139988494,65.29674882091429,564.5933836956779,195.93226008441022,147.4063185991004
medium_roughness_0079,medium_roughness,12.484347740400064,35.23896083286701,9.406245991134782,74.91432557571105,293.46883028618083,73.61863530236045,117.66827451803532
low_roughness_0335,low_roughness,7.1963303437977455,35.57924295234234,3.696066734046821,92.21007820520006,257.16019228463267,20.032577866329998,62.13533071475225
high_roughness_0156,high_roughness,8.310231376744065,16.756181844973355,7.497569271829858,65.96480853702865,167.14634211951636,56.88857756373052,136.65638351805123
high_roughness_0106,high_roughness,24.695225614226054,70.96845273388524,16.991247827864544,63.281368005963024,521.2136865105825,191.38253545237436,142.08053731407395
high_roughness_0137,high_roughness,14.223460210410924,32.470972171653386,12.645877272378721,69.69304152561084,379.81722166164786,115.11104764757427,103.01097378916226
high_roughness_0187,high_roughness,5.4668176434875235,18.49714800227028,3.7282062760448746,81.25053005944974,100.93905745449692,18.925538235705666,154.68877124816086
medium_roughness_0232,medium_roughness,7.175285138250443,27.672529673750198,4.606061914080608,95.93460351141829,397.7106729774775,16.168515733941057,82.54447757960224
low_roughness_0184,low_roughness,8.555543428458108,33.69612578323726,4.713541327218988,94.39856430386416,559.1177590186785,31.31862173710708,114.41370429275169
medium_roughness_0302,medium_roughness,3.6294480462168206,11.818080597728212,2.417025426891196,96.87115311074795,622.2619694219945,19.469624273258546,83.87459656626743
high_roughness_0245,high_roughness,1.8719552625351583,4.800183219047682,1.4282618189830771,97.86111086821727,501.5948515381357,10.728557765130862,80.90435798247684
medium_roughness_0286,medium_roughness,13.505690757597941,30.637904133575034,11.160874954950401,74.11736892118522,505.5007527364389,130.83689493140426,151.27171903721077
low_roughness_0061,low_roughness,2.1092333912769416,7.226323342392277,1.3397298453506845,98.02909357929683,536.9942241107813,10.583653641804602,98.82003295855368
high_roughness_0296,high_roughness,26.44110920846616,115.17198908974264,12.405326556950532,16.074952621796587,221.5465683935906,185.93306248910474,109.41388617718349
medium_roughness_0065,medium_roughness,28.74078292662517,91.2848899999885,17.010989876853778,77.76292416601774,318.4990945788642,70.8248851920489,91.06755322426368
low_roughness_0334,low_roughness,18.79527870180493,40.19119815663862,14.869148402027776,52.64499407233433,342.0597587884996,161.9824190504529,134.94478913863836
low_roughness_0190,low_roughness,12.140596368219702,37.557246332404986,9.13361401824315,65.3599178946259,254.41219362533195,88.12859275789832,112.65849869393969
medium_roughness_0390,medium_roughness,12.08865596375508,53.1922571101303,5.27694916940457,81.04923113907266,370.16604191366724,70.14931100470253,54.1903600502701
medium_roughness_0270,medium_roughness,33.827176404800696,106.77392631603709,20.322701361783864,65.57651325886506,528.1652095036316,181.8128808647702,95.81206971289969
high_roughness_0182,high_roughness,13.041461444260406,37.29559289017377,10.010684398738881,70.36758933846012,406.2276614040028,120.37504884800384,107.66821161463668
medium_roughness_0355,medium_roughness,36.64596990696853,100.1205482720502,25.511929354931777,74.14233302854603,360.7143123129126,93.27230559624329,232.7077228879789
high_roughness_0305,high_roughness,2.8601760706682295,7.978758641517317,2.001791486913821,97.59312541437805,189.8548850775922,4.569568978494357,120.8476226073617
high_roughness_0128,high_roughness,32.83770848415414,77.75043462068602,25.73224364690804,47.77900115229853,240.4999440841302,125.59147302889632,178.699349295586
low_roughness_0209,low_roughness,4.713029988846576,13.057609949691638,3.5437079487201677,92.7747127025126,132.43140778935847,9.568549684888257,124.25579265950364
high_roughness_0163,high_roughness,5.486115540334032,15.338741967004168,3.941783589303724,95.30555924319088,308.83188170341214,14.497929724705521,102.93954978034931
high_roughness_0018,high_roughness,2.101300814193012,6.645829422223741,1.5331412129244864,98.42407303591119,788.6460447789264,12.42848567089101,85.04486133986332
low_roughness_0278,low_roughness,12.424566890735234,26.43055489160531,9.824055133957987,86.89291894049174,409.79468378481374,53.71212138123109,123.19984446077638
low_roughness_0255,low_roughness,0.2990606559527153,0.543407851905684,0.2567183385913803,98.89331904879748,83.33507058485594,0.9222533518337948,65.3015764990264
medium_roughness_0190,medium_roughness,9.415798206453685,28.60822851889141,6.958018584189153,83.02251539376533,413.63045095114217,70.22404613692918,124.54292492297948
high_roughness_0339,high_roughness,5.303996838586569,22.842518829686604,3.5852458279806037,96.17469484127193,308.53066630480487,11.802239494415815,107.53245462207512
low_roughness_0123,low_roughness,12.951316116973421,30.26539447705725,10.304566161275787,63.936869713665786,273.25187844764406,98.5431809344295,84.7174346216904
high_roughness_0068,high_roughness,26.24087641172059,70.05930092577057,19.551739003046023,75.47412619895482,592.3204819221388,145.27177389396635,100.26386858881158
high_roughness_0230,high_roughness,0.12246098210636865,0.2338122718679827,0.10922417918107437,99.65123021830824,237.28611459593975,0.8275822638611051,66.20166212095621
medium_roughness_0342,medium_roughness,32.377420606503165,89.82681521731587,25.136842043686908,28.166870050151225,203.27512556578924,146.01888510339165,157.78334993630776
high_roughness_0119,high_roughness,4.491346124044418,16.471404253743984,3.412601432753641,82.80460474287034,195.95324343551138,33.69493472790165,100.90984086093279
high_roughness_0116,high_roughness,21.462509327654583,62.211442469423616,13.7918834490826,65.40290779742476,358.6521944717183,124.0832304079399,123.63744533895006
medium_roughness_0393,medium_roughness,12.55906944077324,28.858136774102096,9.801520837472307,85.94736958928374,382.3683860045761,53.73281609264397,144.54904740634083
medium_roughness_0080,medium_roughness,21.85811089185286,59.88871550331345,17.407150207490606,42.863849326227445,406.6728120763644,232.35719065721946,118.37224624848811
high_roughness_0026,high_roughness,29.34199289620187,123.608819326527,15.430996505361055,70.33780842814215,197.928124871071,58.70981957384308,145.73378473360765
medium_roughness_0313,medium_roughness,16.397967170317962,51.810389234989174,8.6927076913732,71.83338402324854,242.56712934853442,68.32295180943169,62.94983186445658
high_roughness_0200,high_roughness,23.964891165678743,74.39486334985952,18.30239457067342,71.26229991814803,314.1538974510862,90.28060484494196,74.7591152318605
high_roughness_0289,high_roughness,3.2285748829046113,12.53697802638014,2.318548170784232,98.10643135536641,462.43360236770286,8.756497696684406,111.70783314247576
medium_roughness_0360,medium_roughness,23.1741712735898,103.57843024802241,17.362940588510774,80.87837172848144,872.6536409595864,166.86558532216426,71.2100544762978
medium_roughness_0318,medium_roughness,10.720785606725954,27.774095008027828,7.288511718260892,88.92171642184799,210.33256412942518,23.30123791145613,111.41595602746929
medium_roughness_0078,medium_roughness,1.9219004403774358,5.288481509210062,1.4723292409644078,94.75207010405458,204.82270088975702,10.74895175367643,91.57427994418443
high_roughness_0080,high_roughness,12.960167030549167,26.16395812755256,11.201248937260186,75.93993759678168,235.66574262673123,56.70132473899943,216.73341379292106
high_roughness_0033,high_roughness,8.18646930229189,21.314566680656995,6.5845610610302545,84.24456911796563,320.88822225784946,50.55732206642431,185.9737404154997
high_roughness_0112,high_roughness,20.33409019570969,64.23970464700639,12.743551596320703,80.78083249292374,391.8414897187386,75.30867227126735,86.70257990153785
medium_roughness_0042,medium_roughness,3.814534612834804,11.718965559567437,2.8093411934544,95.01720124592974,318.843597135158,15.887334785483484,87.47986422177928
high_roughness_0126,high_roughness,20.455037611818543,55.68212340354887,14.128720472696477,77.89662340061885,490.13640304812,108.3366950163867,221.43206615387194
medium_roughness_0259,medium_roughness,1.5567301990947942,9.077084935365008,0.7429184793727044,98.69383760531615,252.47663998746833,3.2977549268776354,76.51979815528375
medium_roughness_0005,medium_roughness,51.99221938595816,149.41136316507624,29.05718760609185,69.0889257360619,359.21621306652037,111.03759038909823,115.0316132372695
medium_roughness_0208,medium_roughness,0.522755668594715,1.4406845107935453,0.45463403645552364,98.44290655423825,102.75143162310367,1.5999358072297176,71.51874941343704
high_roughness_0204,high_roughness,76.23305408566016,211.76715841701957,41.916892674572836,18.332837413504002,206.50776634404872,168.64903329393553,144.4420783190427
medium_roughness_0376,medium_roughness,8.865312805427171,17.221039023949217,7.067835228455337,73.15268550193551,214.4541926956315,57.57519156728145,134.16101978695465
high_roughness_0386,high_roughness,9.87490299986176,29.36187693717372,7.0274309415319625,87.62167490058928,379.9819962279792,47.035406812329896,193.13474526086188
low_roughness_0045,low_roughness,5.230691200210971,11.838292203969687,4.430241834958309,95.04198211115326,750.8491025492724,37.227232822638115,114.0312320898147
low_roughness_0154,low_roughness,31.012259838106964,72.1279550881692,23.172667834688816,54.17122948281693,463.4406806997966,212.38916604118089,153.63609790407645
low_roughness_0191,low_roughness,14.513931194884966,36.92252011136863,10.708450561998143,88.90665718651967,877.5692391711991,97.35176412691229,162.87716837653397
medium_roughness_0296,medium_roughness,28.505868206846504,81.77110956843732,19.25742551060363,48.0827215725714,242.89736016438093,126.10569876941568,99.06089369636675
medium_roughness_0140,medium_roughness,3.364876775906932,10.96587168590969,2.6569166087788867,81.23152590293515,140.30439056892442,26.332993200973284,111.76670426071117
medium_roughness_0362,medium_roughness,2.750441191358313,6.04157132669873,2.054918598998743,96.25319045384302,368.5138023928951,13.807510326963019,75.36096190666528
low_roughness_0354,low_roughness,10.168010810521649,23.687821291282347,8.306092855455637,84.33671596509856,336.7856647178131,52.75169525358194,140.2857453565742
medium_roughness_0214,medium_roughness,21.904501771677378,66.46906584572493,13.884457295251654,56.88374982906365,227.79993078035307,98.21878804447687,71.5270797788649
medium_roughness_0324,medium_roughness,31.45808592733668,62.55769613978833,24.658550105497675,64.33684914088786,569.4831545594266,203.09563652775896,156.27917698186744
low_roughness_0073,low_roughness,24.788021468630998,68.12212103827927,16.704142984546284,77.23441293235771,449.83263266514734,102.40703964805157,139.09501573131743
low_roughness_0002,low_roughness,4.878659370107885,9.968466530601383,4.126214289671101,88.49279182557324,157.175353086476,18.086495078551085,90.14594206297322
medium_roughness_0221,medium_roughness,1.8123653173977001,4.809777021160244,1.3206495004819625,97.4323478544807,214.16956009076512,5.499129304719787,82.17294775495004
high_roughness_0345,high_roughness,28.451820463776684,72.68163525629615,21.59323296662709,71.56898717701182,364.3415414235641,103.5859903616063,203.26815366719288
high_roughness_0056,high_roughness,19.37945158517034,53.83971439730191,14.146079956147128,66.0218694038174,181.2186148337962,61.574697612820394,123.17581253233296
low_roughness_0137,low_roughness,12.316825618972041,30.393400459812753,10.258910182017093,66.01975768882484,171.22127399702936,58.18140379247173,60.52443417493972
medium_roughness_0096,medium_roughness,1.9172282785493406,5.7026697918743,1.47112601737845,98.6178062602603,896.4605425464583,12.390821498313853,92.56363613074275
low_roughness_0178,low_roughness,8.728167900515905,24.85728601994743,6.097444676625598,93.86666583321328,445.4042290399071,27.318129760017655,91.22214625207683
high_roughness_0375,high_roughness,23.292361088065043,57.18647608048354,16.58900781813293,53.531947519553086,399.46678875513885,185.62443704069392,127.67194853986719
low_roughness_0280,low_roughness,4.28991963758911,9.619609790294746,3.523731717472863,96.66966826909734,825.8975517925494,27.505128232095515,103.17739795404334
medium_roughness_0056,medium_roughness,4.199369801930348,20.77489397473098,2.07500967333361,93.99369915540464,133.05352238820032,7.991594838966355,66.56652304252081
low_roughness_0398,low_roughness,15.45673614896203,31.05337349537035,13.376136775312464,80.80684970230125,523.0051307028457,100.38116080047297,93.87406434708161
low_roughness_0174,low_roughness,20.819808079269542,67.55328416119293,12.782410741281426,77.12895576054024,415.22918328288097,94.96725020377515,78.41686203885435
medium_roughness_0024,medium_roughness,1.145827684909341,3.3512969706832436,0.8636605668398921,97.39306769136286,163.4304928247326,4.260522319612834,76.97718229125076
low_roughness_0309,low_roughness,19.772317961366237,40.003048633814274,16.860329677045446,62.9656865122563,408.5432286168772,151.30118001892373,156.34274259962504
medium_roughness_0220,medium_roughness,13.179027043656676,27.843218348358675,10.547680359469467,66.21453608375019,345.9547916951326,116.88243131469625,116.1897149351524
high_roughness_0166,high_roughness,62.95444320068995,169.78675223347918,25.78167886313596,65.84304426710305,231.86408889699655,79.19771420503193,69.16309737854793
high_roughness_0328,high_roughness,38.934465560159275,154.39997760087408,17.201956585672463,42.74293284998554,218.74932587124906,125.24944840430501,118.40639579840384
high_roughness_0236,high_roughness,0.8023209393046918,2.228838935187575,0.6742238078632881,98.597975610017,165.44991660511994,2.3196481840103083,69.19169004771054
low_roughness_0340,low_roughness,5.105278428506012,18.934732565377658,3.1923349674463473,80.7926614700717,100.09773399025937,19.226110628296215,65.90880395234187
medium_roughness_0084,medium_roughness,11.277648813798514,25.642839278868237,9.51411171816651,81.58376981792105,431.62905593579427,79.48980047387019,135.62570374560764
medium_roughness_0222,medium_roughness,19.85550867785894,46.08432115971674,17.003342196640244,47.90420987747737,163.8471342123068,85.35745916101132,119.49024384253205
medium_roughness_0160,medium_roughness,0.3809722311684082,1.1040173563786073,0.28959432210600033,97.13066805960264,43.59649905860754,1.2509282723836608,74.67176041110118
low_roughness_0138,low_roughness,6.838417760445782,21.15107450954322,5.3822437865652715,67.64606101008502,86.28726231616012,27.917328205838345,180.94370879629787
medium_roughness_0146,medium_roughness,15.985611346532657,40.246206014889594,13.241303126081187,84.47845770033386,1071.0438858095595,166.24252978391857,121.71985912866239
high_roughness_0301,high_roughness,5.471722841810076,36.40683930442384,2.875068923231498,96.66140191016851,888.2275154042061,29.654346862642576,111.55210252113223
high_roughness_0279,high_roughness,9.718243829293296,25.512919287725705,7.183498472407808,61.082688429190895,203.73956680966216,79.28996200833299,163.0773820908568
high_roughness_0284,high_roughness,22.516064347666322,41.83819757854958,18.413342911226692,52.6104587553524,238.5995034388429,113.07121009167483,133.70656386963492
high_roughness_0261,high_roughness,12.875605686418094,75.21798606805473,6.981165528554319,71.51136940669276,189.0037431806181,53.84457820224941,107.889351787966
low_roughness_0152,low_roughness,8.466333458034235,16.240181073082184,7.098265077537067,88.90443190059088,385.6628984408086,42.791489530655014,131.57039947659982
high_roughness_0082,high_roughness,0.1347564980756405,0.30102904787785434,0.1118203932512146,99.04071210523531,98.1501834542272,0.9415428285657482,71.79694771949289
high_roughness_0282,high_roughness,2.7630682205365433,6.807505863790766,2.3201250974477703,92.44246140255726,248.85169344967977,18.80706278284943,139.50130515301134
high_roughness_0181,high_roughness,17.885955897056615,57.21104407770501,12.998409479387869,77.03148963416614,517.5376336967429,118.8706850427277,59.18055188943981
low_roughness_0038,low_roughness,12.648943413590944,25.360531857904277,10.946419273149226,66.93703260741107,343.701635001202,113.63795950824245,82.51292370927119
medium_roughness_0037,medium_roughness,0.8565973002783095,1.6900094044228808,0.7621543575049815,98.8344158367024,308.72596669498694,3.5984609757841817,77.44853690580082
low_roughness_0151,low_roughness,22.348500637692425,73.5963461668804,13.862952000252466,21.887558135946687,103.06371120734369,80.50558149977213,44.841872027396846
high_roughness_0014,high_roughness,20.36939942429547,55.00529077781101,16.592677110256556,62.304151080632835,350.39955020807037,132.0860850605763,151.44009676238343
low_roughness_0078,low_roughness,12.431286780356242,22.40378418973934,10.686120999759389,70.4192811884781,172.82620805366662,51.123234636970935,94.53715585438174
low_roughness_0270,low_roughness,7.2685656602968605,17.600112922588714,5.240665195299224,91.29398449559537,604.8072515690328,52.654613093363494,94.99130685553412
medium_roughness_0206,medium_roughness,24.89587808083461,61.633111506439846,19.5329549344793,51.692200338935386,301.4840408169829,145.64030644795037,172.13258483415618
medium_roughness_0189,medium_roughness,4.742754377594422,14.092346610422126,3.624052986434016,94.51235218302679,563.0171352010126,30.896397529043526,104.33703392176055
high_roughness_0343,high_roughness,12.915885888035627,100.57136767435557,5.508419358354493,93.24386501440218,454.3354875060858,30.695518823385115,108.00007079037823
low_roughness_0272,low_roughness,2.7985872317053873,6.497136935486992,2.3804633744915122,97.23088473974909,357.8412495693328,9.909036649296986,93.51167920485993
high_roughness_0148,high_roughness,8.571496750496939,22.814698566792686,6.86330248383554,89.68574348190701,709.4722141987901,73.17678409705744,98.43926910004423
low_roughness_0258,low_roughness,2.4818677203822235,7.1884987057532825,2.0742408837923434,73.44015202644572,73.72875714366174,19.582245810147604,96.01823361900945
low_roughness_0034,low_roughness,2.0546877344841192,9.137200457691108,1.4298214112015954,96.43246917915855,227.92580021347112,8.131323171265098,78.40998208334622
medium_roughness_0141,medium_roughness,2.3950739846983304,6.327121675806858,1.8576170256916833,92.89843704572394,125.34986471083302,8.90179955553969,100.76567633265707
low_roughness_0167,low_roughness,10.763016044214393,25.654925468384704,8.980214315459587,84.00356679911452,434.5461124116439,69.51187859897334,168.6274830946289
medium_roughness_0332,medium_roughness,2.3209846948018846,6.309481107351544,1.6003626928488068,93.00288865597744,168.7353096156914,11.806597490491136,107.30901036762346
high_roughness_0233,high_roughness,38.58569869340657,89.14100747530378,31.083070509399242,13.635269499673209,527.2007779994275,455.3155311148317,135.58221897128072
low_roughness_0119,low_roughness,0.6480891250178202,2.5322860730994137,0.3978255803533943,99.18339219766183,247.2513975253003,2.0190742035817544,63.47334535005939
high_roughness_0038,high_roughness,31.918309885861053,112.60540579646732,13.883025250077035,91.9503600933836,379.31976153872563,30.53387489850347,92.32850475790356
medium_roughness_0254,medium_roughness,3.5041812868119955,16.411708847780154,2.2142572455218357,93.27048980190004,239.65119878389623,16.127351862031105,76.78776647999136
high_roughness_0122,high_roughness,31.734304885577703,74.45243257247014,25.48899670828844,37.336331771022,490.85922316258257,307.5903950739395,110.54876109812567
high_roughness_0308,high_roughness,0.3082863249374702,0.4985151803114931,0.280710148577564,98.8981351768836,183.52048658110834,2.0221476848493047,65.90028972407588
low_roughness_0118,low_roughness,2.1138259740687633,5.21052746195636,1.8297546833319143,97.09995498313302,307.00520775693207,8.903289229076993,89.50201062049261
medium_roughness_0307,medium_roughness,15.971427693926525,43.079225475703204,9.775406538304296,61.331376237152355,150.15744389986264,58.06381703354692,72.64463340770038
low_roughness_0361,low_roughness,0.9551582935202156,2.7569042394327568,0.6998513031894129,97.89467001162477,108.7835183190112,2.2902520335798195,85.68332466375432
medium_roughness_0322,medium_roughness,2.6816230274357187,7.9695382678566205,2.0042336670531347,93.8839013770636,398.2288199570679,24.35606737353011,81.42674447003542
medium_roughness_0199,medium_roughness,8.561690338502537,28.59895397234901,5.9966383566216885,86.82359093037934,641.5412209838014,84.53209562706473,104.31530442401254
low_roughness_0130,low_roughness,7.878762710050215,19.692408345359837,5.704360249644143,94.5371861268853,739.4125532486385,40.39273153841819,111.35117351612764
medium_roughness_0093,medium_roughness,5.688459843362846,18.68107766427427,4.0458830427233226,93.59854783321236,581.822844863965,37.24511110940978,126.30015422285214
low_roughness_0054,low_roughness,9.602965613147939,24.440922746324446,6.128447524138271,79.35150021709794,115.31347066143535,23.81050173918331,74.41046711526921
medium_roughness_0357,medium_roughness,25.045023108019162,186.241197342875,8.270018738498154,86.83861656192177,451.81553013880585,59.465174354354204,67.52762932159828
high_roughness_0354,high_roughness,57.46172345169367,158.91506227072722,37.40226488453501,46.68011112489754,596.1035630971103,317.84175742390545,148.6159320484902
high_roughness_0188,high_roughness,14.59138276585312,28.922974822100826,12.237447818673177,84.26321656865792,590.3689179529629,92.90507806421533,114.76989818104737
high_roughness_0387,high_roughness,30.487376529386204,83.58928652649661,19.892646194850254,68.10340538216045,722.0274379623384,230.30216491642005,148.22663602607676
low_roughness_0307,low_roughness,18.191886593431775,40.30199506369307,16.18944033591196,55.4611153386477,291.46022904211645,129.81313524678148,152.99251514077665
low_roughness_0338,low_roughness,1.653646759332391,4.077643971645784,1.4299617163367322,98.60848555683886,365.6985730898954,5.088748462980099,93.26200995919014
high_roughness_0299,high_roughness,31.184742834975534,70.400632868069,26.764715218888703,7.07294940887749,266.95562823072635,248.073991701816,94.78454348372539
low_roughness_0142,low_roughness,28.770706947296333,64.698112134343,24.481781007274357,66.60240110140325,1109.8859362478572,370.6752532199947,143.3637107356602
high_roughness_0078,high_roughness,9.721956711334714,44.091744213277636,5.5894819961589235,89.7570647423541,195.79678771864891,20.05533820257156,127.83520633069695
high_roughness_0034,high_roughness,6.4142567127177275,13.06121082737532,5.158112465236511,94.74524150780141,1155.7189678825298,60.73024061075711,103.63959788406403
low_roughness_0365,low_roughness,8.260160056010875,20.107385355900263,5.5763872340193625,92.44678700285958,251.32354237090152,18.983002467232627,121.85309189765849
medium_roughness_0041,medium_roughness,6.294871692394544,26.882398860388676,4.221610612130403,96.64544156867306,731.9585476468528,24.553977173905764,92.87289478461064
high_roughness_0326,high_roughness,43.81116489918885,167.43790824342105,29.47755268450848,41.24558793420516,639.3058652289117,375.62040241738976,160.58106093355033
low_roughness_0004,low_roughness,3.609992181731451,21.79863417636198,1.5986314402197888,97.52851786953869,348.5861817711441,8.615245191731205,73.88046018463017
high_roughness_0015,high_roughness,0.7928054014832236,4.010991916348829,0.4907789764512839,99.01221741610324,91.33357957333037,0.9021771922748452,70.49885220507683
high_roughness_0262,high_roughness,13.7978493821972,47.68161197875757,8.617760588862208,90.08515339371412,591.7994496716599,58.67600765178905,98.4903764341907
high_roughness_0149,high_roughness,23.672381177159618,55.214726449998984,16.35878533977446,64.41361180499617,110.94433822875686,39.48108288246346,126.50586366336738
low_roughness_0359,low_roughness,34.53956010193394,77.8868660111956,28.940351343527215,52.50932542855445,803.3304454297456,381.5070475723845,96.62110853662587
medium_roughness_0386,medium_roughness,35.16562918435374,121.02893481093506,23.11556044320532,70.86243423171125,521.7827234100814,152.0347842011806,148.7804083938115
medium_roughness_0192,medium_roughness,5.3288566992638176,14.309463245715591,4.329432320573621,93.8181299547151,617.9075402775319,38.1982411399735,90.95137365006667
high_roughness_0105,high_roughness,0.32267445181855975,0.6536134879672915,0.27526182324251974,99.29043008818873,321.4919740741029,2.2812103169179245,66.54685499074064
low_roughness_0157,low_roughness,26.057392727344787,93.41170378972501,12.516960881100795,86.79238828309524,368.3041402716248,48.644180784360486,93.73741256884936
low_roughness_0295,low_roughness,18.437060809262874,49.10579360846762,14.674103448865376,54.3754197422692,439.9957466969011,200.74621258232958,88.01223794089823
medium_roughness_0184,medium_roughness,29.146778981323763,58.04618463162873,22.563069578651728,59.837674891154556,521.0591197262543,209.26945767374644,119.52258535921628
low_roughness_0016,low_roughness,2.3596207537232,5.13371073022374,1.821250627056724,98.29289514620551,522.8795140859174,8.926101564457785,105.8265990013906
medium_roughness_0319,medium_roughness,30.786158080165823,58.36299337364841,22.948817271941458,58.81131149535536,405.65949511848737,167.0858258338679,71.04930052659863
high_roughness_0143,high_roughness,0.2031126849442715,0.37051792864280486,0.17276277759762956,99.06346118664764,87.98578869073324,0.824021061322907,67.41692002714747
low_roughness_0271,low_roughness,11.932445282893948,25.45512299115976,9.539441444827748,86.13862676571404,619.6271645094337,85.8888339336757,132.26491976316416
low_roughness_0214,low_roughness,23.044168970526492,55.3736618985111,17.126016925880954,53.71682326280636,301.0048744110035,139.31461801121253,124.89079253308758
medium_roughness_0223,medium_roughness,7.1917202494244545,49.83221033771032,3.814927937446741,97.03551090958773,266.2822193534667,7.893907342441203,95.15442024942361
medium_roughness_0121,medium_roughness,10.177109621329803,31.763688164666277,7.296833391028306,77.54176644213648,221.53276640912594,49.75234608735772,112.7248910258968
low_roughness_0287,low_roughness,11.774890068023195,35.28293782286947,7.61508450427922,77.622731927347,410.2438956027441,91.80137627072074,60.813569940511705
low_roughness_0208,low_roughness,11.756638157437225,51.03953104876142,9.267929951985682,64.59795190146694,221.88311933282444,78.551168628732,107.70210850879873
low_roughness_0122,low_roughness,6.22089475173624,19.569880856823303,4.417199424956468,92.05368435877074,223.64658667109381,17.77166369772049,87.07035831759616
high_roughness_0135,high_roughness,19.07606153463489,55.42500930636792,13.063710781656672,54.08989456913885,209.1975204509563,96.04280219778134,98.17859899500475
high_roughness_0077,high_roughness,8.461510960970239,23.46482371469888,6.786963596512649,89.88752533969694,312.85805555619436,31.637691590837072,240.69881710787436
medium_roughness_0321,medium_roughness,3.485099142557352,9.420648576211804,2.7650123053087468,95.74576101418768,516.6475181899567,21.97942013806891,84.16773153888546
high_roughness_0192,high_roughness,10.512657033189525,53.01436358912318,5.5776562710690785,94.86530704907292,495.31013589782873,25.432654633173097,106.08513307659268
low_roughness_0357,low_roughness,4.218856180581315,9.605269455653541,3.3499101380204017,94.65448779547269,325.9319547213717,17.422732418085346,105.8448908864954
medium_roughness_0181,medium_roughness,5.26460793443168,19.49220356942091,3.465004779485601,95.00612643397112,353.56463333730926,17.656570763058802,127.25150068798455
high_roughness_0267,high_roughness,13.157451047140023,45.000096710591265,8.724096893001066,84.70337182829796,391.19458088333545,59.83958046557199,153.5130191625333
high_roughness_0355,high_roughness,9.417358607047674,18.91593060558867,8.06298227952027,73.41990626614073,192.75142577235653,51.23350964364254,206.40172028041948
medium_roughness_0022,medium_roughness,2.7235590695140015,9.131148412901375,1.9752024756437028,92.58473128669533,236.31334977068462,17.523269890907812,79.45978893404026
medium_roughness_0150,medium_roughness,1.5102734549625139,4.647430837395884,1.2317697274782577,92.36350379895089,53.07078678887521,4.052748616999328,84.35118690912593
high_roughness_0303,high_roughness,16.458602492892247,83.32157254377853,10.13132659906991,73.70046501382312,264.4330670135655,69.5446669742532,121.92055101250253
high_roughness_0224,high_roughness,16.963451303624243,43.126750384746344,13.928842257121975,58.95955244287806,154.01185632781682,63.20715512796765,165.62546454118362
high_roughness_0256,high_roughness,33.998040772519424,112.72885773512081,23.05739680141979,57.36325986508298,538.2711015576276,229.50125079248093,113.64231512672067
low_roughness_0088,low_roughness,8.428749195657177,32.545152894891146,4.738377926815568,84.21814457766574,232.57055308217383,36.70394844235181,73.95804290376388
medium_roughness_0175,medium_roughness,0.6091257198715421,1.8070252434708092,0.43267568800093426,96.84697528446509,113.29818116765092,3.5723196544675555,61.05243902204287
medium_roughness_0295,medium_roughness,2.7537984134885507,7.107245832186781,2.26149445306474,94.62615276858283,183.14628901658176,9.842001781760887,96.6341721007193
medium_roughness_0264,medium_roughness,38.033170972518974,107.72947809626542,18.019461260434074,61.747716555685386,142.83381060607837,54.63719408735261,60.46785903465661
medium_roughness_0059,medium_roughness,11.254761674607439,39.05673197701168,6.425098927850226,95.77456293807695,725.4719435597146,30.654360377025665,114.67507207026756
high_roughness_0161,high_roughness,8.979350285528108,19.54922319599835,7.2203135016365305,89.20480034673274,317.36811636339826,34.26052179724241,103.39260068060685
low_roughness_0368,low_roughness,1.3774271654392796,3.289686005214641,1.166963685523119,96.0425207003482,86.49801929111257,3.4231412080546053,90.20376383606344
high_roughness_0243,high_roughness,5.245416496591344,18.37218556879678,3.267423207312304,95.96928925856092,618.2792955201633,24.92104997662515,83.43123253668698
medium_roughness_0345,medium_roughness,32.91997251907618,87.61131717157194,24.819680423128357,59.67323967337099,396.1333070282138,159.7477292992172,199.21341220129815
high_roughness_0222,high_roughness,23.36702487401355,50.52311980547232,18.635128844648307,72.46749162315199,400.8324777595865,110.35923551628562,114.50762969939395
low_roughness_0069,low_roughness,18.05169185323063,41.17679667281139,15.167848365338244,82.02616139681867,533.9055403513694,95.96332011619836,135.79052915226225
medium_roughness_0036,medium_roughness,0.43219926636452727,1.1071378060255768,0.37905911324060326,97.88447454402538,91.63667231389371,1.9385971298084768,74.20681274495412
low_roughness_0196,low_roughness,6.861870311997503,21.715649178278493,4.637331949717109,49.69464506650888,50.52467350799514,25.416616337184514,63.181927446086924
high_roughness_0264,high_roughness,7.195710558445274,22.501843240474372,5.360805283228314,93.60257254555796,602.7337967796003,38.559457392379024,122.53791830766022
low_roughness_0312,low_roughness,28.463890298308,76.54544771572165,19.848591337861908,68.70593939517549,730.1287971805705,228.4869482829639,206.4210778937504
low_roughness_0225,low_roughness,0.4528240543435869,1.1831359576773757,0.411866963753472,98.78136117222766,258.03176563738134,3.1444752840436436,65.86238397669149
medium_roughness_0048,medium_roughness,8.739641138917028,30.92696295465356,6.023945094864361,92.26163459918689,609.4666583048759,47.16275701575634,106.32849663178786
high_roughness_0118,high_roughness,3.7085102252974393,8.789075245058484,3.1987646393751703,93.93708257013486,238.80909364582294,14.478798162755549,86.1994717427054
low_roughness_0336,low_roughness,11.660193636500145,44.09885029966935,7.037427187798565,89.40938142971662,396.69304519776745,42.012247311737354,74.96726305145792
medium_roughness_0027,medium_roughness,21.17666029921456,65.1490984866687,15.46081057317917,84.46950954173947,633.4502319162333,98.37792782557977,188.35082175160036
medium_roughness_0311,medium_roughness,10.036476700841886,33.071589059206794,6.87092635496375,78.11006073844422,272.648383975024,59.682565649746124,68.45165104804103
low_roughness_0113,low_roughness,17.50356314233149,46.511380483127596,11.550360620962163,42.37166056175275,72.10244131982701,41.55143962705295,106.69239217148099
low_roughness_0112,low_roughness,4.508677281335292,15.640959189332165,3.3126842886449444,96.62295286762851,451.8829270143933,15.26029942841592,106.28769850668141
medium_roughness_0338,medium_roughness,29.894938417727367,79.48586518661395,20.597796789700407,52.98814439539656,247.2027646202252,116.21460675384799,86.92692023250451
low_roughness_0140,low_roughness,0.3565777085360343,0.8108329980780447,0.3299189681003313,98.80761655167417,118.56792652947428,1.4137843309605853,66.12165517544902
medium_roughness_0062,medium_roughness,29.40082680915852,69.87058753635604,21.940706054961876,25.05207564935105,143.75477680021055,107.74122136666605,75.40166053146267
high_roughness_0213,high_roughness,0.8613976341394549,2.845585464056242,0.6423173692939306,98.89309741333676,217.04138825643628,2.402436740740278,70.45772508002149
low_roughness_0378,low_roughness,2.6167501017902692,8.164258972423195,1.939878770344753,95.84147630599604,370.3900547079694,15.402758185265112,77.84399124004752
medium_roughness_0072,medium_roughness,47.60743244753182,152.91970426650238,24.427579448626652,77.23736942188198,686.6413349565651,156.2976304728208,100.08476609442005
medium_roughness_0299,medium_roughness,2.436745524889308,6.885636407406302,1.7790224190469117,94.35488561227747,130.19192177516902,7.349482907782521,97.46058077950754
high_roughness_0199,high_roughness,16.015923963289765,36.195533455207254,12.891672570757711,76.72816545134262,168.9735325262539,39.32324092053156,72.74202957589578
high_roughness_0083,high_roughness,0.7124915779910567,1.6683537406851343,0.6126820157784924,99.03884228743468,373.4281528378316,3.589233491891048,78.96390778013999
low_roughness_0333,low_roughness,12.628195762597718,48.7055634273885,8.716080089480656,84.44190133393352,317.5623682416478,49.406666577332956,135.4040647526317
low_roughness_0343,low_roughness,16.971443383192774,53.68282387550995,9.601676463207658,86.98791333556802,539.6440748092307,70.2189546936493,126.82522296663956
high_roughness_0125,high_roughness,30.69368394707753,93.85212908855686,18.484112455409406,66.44072247965879,483.9417782928608,162.40736441417556,213.71541299567494
low_roughness_0195,low_roughness,16.283500828904454,35.02978934438525,13.627954106387545,69.95820278903405,367.5827580952628,110.42846676945439,142.10995012542222
medium_roughness_0316,medium_roughness,7.33899869538476,23.806112605280802,4.982877283212366,91.03363019639409,304.37573213538803,27.29145373569186,101.59610349312668
high_roughness_0186,high_roughness,18.478041224247615,52.84246645256753,13.135989283726564,33.895568254764186,207.35953882043867,137.07384480679264,81.90169726504102
medium_roughness_0366,medium_roughness,12.152452677629707,31.894560814857407,9.173848319810718,76.93365078913789,292.5778777999067,67.48703500705591,111.67180340276302
high_roughness_0338,high_roughness,0.8093973717797455,2.1734773443336337,0.5755663301752277,98.10727370720554,135.27579547807565,2.5604005488004105,86.83775727981265
high_roughness_0334,high_roughness,33.26764805159018,81.92331907260336,27.137313723686656,55.11145757909873,279.3751514490501,125.40743337166403,152.6972058573401
medium_roughness_0225,medium_roughness,24.25443159088955,67.22484106386136,17.29818247072937,34.254806226742424,213.89480388280288,140.62555328367802,121.12244356765753
high_roughness_0027,high_roughness,3.2037250533988146,14.267107459399455,2.449372596174322,97.29133219237855,434.94053762060435,11.781094324825006,85.14523196004939
high_roughness_0066,high_roughness,0.259488247882165,0.7799309167153758,0.21981776811875386,98.58619773315972,81.5172028509187,1.152492061771064,72.45098391681677
high_roughness_0379,high_roughness,18.24546151890712,68.92301766424015,11.811899206182098,86.43012928652156,334.4386882528174,45.382897611760555,109.83206029928546
high_roughness_0234,high_roughness,22.075810497481942,41.10793651378785,19.101310302595557,18.819636732639164,180.8018106483726,146.77556667831476,106.19041748693796
high_roughness_0333,high_roughness,32.87952210745656,84.40261310259393,24.026393377656085,32.73247784724377,211.30519991930433,142.13977216564388,92.19002295024643
medium_roughness_0101,medium_roughness,9.070432752152525,26.070125165264493,6.550567792834127,82.09677268379502,282.36573692334093,50.552579744463046,86.27610875714095
medium_roughness_0021,medium_roughness,25.334696039407532,67.32596129264016,19.948269784276583,45.54567172481935,616.5276573207948,335.72599442474643,78.73640572252005
high_roughness_0247,high_roughness,19.822270403763387,53.62474279211416,13.360799935698097,54.064849911907096,264.1765828704604,121.3499098391411,70.67726232267205
low_roughness_0253,low_roughness,12.010781244389745,39.16443247764154,8.391667562109136,82.63775737487262,370.7160948566096,64.36462783940192,104.15798169420911
low_roughness_0175,low_roughness,1.8441567198184137,5.36008467712422,1.4452211143383438,98.65187412976877,494.6426071517558,6.668404952199017,92.318790598067
medium_roughness_0258,medium_roughness,27.407424799347293,54.478716290084044,21.807536958909374,68.52860142449403,710.5837531802661,223.63064517615112,116.34998629090019
low_roughness_0066,low_roughness,3.857985266547366,16.925810424373452,1.801121966566169,94.22973553643835,165.3068086245678,9.538640033911285,66.38361603173689
medium_roughness_0382,medium_roughness,3.4526971264447206,8.715810574587099,2.879319241276705,86.48636915448066,73.4552956973659,9.926477497026678,86.02988129979173
high_roughness_0108,high_roughness,12.431781454549242,30.896820984233408,8.941357084350306,82.99992479166843,324.0373821937711,55.0865986760499,183.29034532923865
high_roughness_0021,high_roughness,50.89387588512295,87.21086136939343,42.530652046607734,54.410577092920875,1210.281911574773,551.7605390357047,211.82512140887624
high_roughness_0207,high_roughness,10.717005848234189,21.628884731687528,9.450789559939139,79.95797309514798,227.79377702416153,45.65449007876106,226.38483186234467
medium_roughness_0389,medium_roughness,9.284564160446864,22.59358625706129,7.6003170734616985,73.7632213064908,309.17381194957704,81.11724881949684,92.81737823910316
high_roughness_0017,high_roughness,6.090658269570208,22.7353164025918,4.145458130253285,95.84643797320552,578.7894646514915,24.0403794188515,83.98539899644675
medium_roughness_0154,medium_roughness,37.62365951230456,160.0325621232161,21.78232020936914,82.16330429586097,950.4777920616547,169.53383150545667,118.18205337500596
medium_roughness_0310,medium_roughness,17.273204909176947,64.09167393396508,7.295915332473646,92.6667993173055,215.14884872476287,15.777296843493648,81.46540382844252
low_roughness_0133,low_roughness,2.7108291433005793,8.306634117661474,1.9686914114479308,95.94730725151325,267.04020632703373,10.822319077359733,96.90589721246458
medium_roughness_0159,medium_roughness,20.895996684290125,53.5781648767103,16.854082815924215,64.66461283762372,238.160685120066,84.15500015574318,141.78091649459552
medium_roughness_0166,medium_roughness,28.169811781861014,76.80470863979411,19.692064688145287,56.12484996201894,287.2688220758881,126.03962669813677,103.58024961407462
low_roughness_0143,low_roughness,3.0904735207999576,8.461388213574764,2.3923437035392316,95.61776340006283,412.4501836810273,18.074542905778088,111.27869971002413
medium_roughness_0178,medium_roughness,3.9007179349642445,15.537297858486092,2.100629201700601,94.86064567352473,82.3579039678402,4.232664500765536,62.3110100746419
medium_roughness_0317,medium_roughness,11.426772989548732,49.036277210134784,5.7231409931477355,94.25563471689615,668.5041717303344,38.40132155697822,88.42885736672906
low_roughness_0374,low_roughness,22.110162497843515,77.6860864269681,13.181301280579712,66.88002680188387,324.28165371508896,107.40199679684522,73.7700621105826
medium_roughness_0193,medium_roughness,11.608594866906914,29.923298324592295,9.667792513731548,82.16200927578733,662.6444070380467,118.20244786196085,119.569034361597
medium_roughness_0364,medium_roughness,1.7533713859639242,5.8360356500041455,1.356690308634294,96.84000097177423,267.7138253396988,8.459754279160508,87.13744423829485
low_roughness_0160,low_roughness,4.249529401907274,10.515923499271679,3.4897193454509767,95.07003622497537,586.65025922615,28.921645265937293,115.07793855028369
high_roughness_0212,high_roughness,0.18286662906719736,0.47711899811951497,0.14276182737039916,98.5164311313041,20.593407532953528,0.30551738316257404,73.45781511092294
high_roughness_0142,high_roughness,7.762064414065093,41.0444988396702,5.1485646212164635,93.00207226442915,733.7172320372995,51.345001681401,139.48606747558338
low_roughness_0220,low_roughness,1.1037773487188847,3.3995383072868464,0.8260126085664368,98.81993393567905,291.0455008751792,3.4345291875609445,87.0971895942348
low_roughness_0215,low_roughness,0.9656355174651964,2.1453970208631574,0.8246138184847231,98.96861575009466,275.77016341093986,2.844250031358694,81.90102154153101
medium_roughness_0068,medium_roughness,0.8427448546687033,2.3781257540370504,0.5988804934675634,97.38987602626754,73.62690205744488,1.9217534217178747,83.79811233552512
low_roughness_0291,low_roughness,24.687619839900062,88.915240051485,14.882615289270683,54.0491498143256,93.99708597407977,43.19246015484895,142.87273166334845
medium_roughness_0170,medium_roughness,27.20518832579454,70.47444519687704,20.00370108027668,44.62922916133351,463.1843132763994,256.4687246649262,167.6389444242527
low_roughness_0079,low_roughness,21.37481640987219,59.44274878402861,16.050752040117153,58.496657268774776,433.89984170394206,180.08293841263077,88.20033446818347
high_roughness_0381,high_roughness,11.661899798336101,27.477526422829534,9.553033783261807,53.289252705019805,232.4077336544027,108.5593891612987,93.41091928653987
low_roughness_0204,low_roughness,6.4692622518411005,21.863564162536967,4.368523804908952,81.13259139816627,234.38612551792275,44.22258800747337,66.04460107034295
medium_roughness_0246,medium_roughness,32.40096137285296,78.0400480212938,26.937365179916487,40.371929565747145,540.9446722613432,322.554870186332,82.44722930718493
low_roughness_0221,low_roughness,16.291465964588433,51.47391311236416,8.84533790760283,81.56526887874502,523.3012875853597,96.46918532042635,72.20787718278332
high_roughness_0257,high_roughness,32.387981177017764,88.40068166636894,22.47246596834527,43.35367640570115,370.23604692722535,209.72510920513622,117.97760175017554
high_roughness_0287,high_roughness,21.14701448044157,52.68768366113153,16.283401822862384,59.14248593500314,290.49685219452346,118.68979224375056,258.50865224481214
medium_roughness_0069,medium_roughness,13.051237125435213,36.08886093611248,10.052644882419852,76.75514096068328,173.31752358658454,40.2874140481361,184.45249000705493
low_roughness_0325,low_roughness,0.3534831374503504,0.7430469044165378,0.31480419689874306,98.77311389180451,144.694422088335,1.775235763935508,66.61255766787023
low_roughness_0093,low_roughness,8.253431155124577,48.995022152599404,4.5647919560863155,97.04078562588987,1054.8398504563097,31.214972478545068,93.33547469974353
low_roughness_0360,low_roughness,4.72853645817161,11.780192297659667,3.5207781424987745,91.30026519788503,123.21095016265656,10.719025911317178,125.02531942904413
low_roughness_0254,low_roughness,2.59861869299409,5.488720729946564,2.2134507330148345,97.59108776050032,642.6927438928014,15.481904170009994,111.68015612718955
medium_roughness_0151,medium_roughness,0.7637819686885242,1.977689057664854,0.6651392393658877,97.84057658771093,137.01031985471266,2.9586329241948013,75.57341351752984
low_roughness_0311,low_roughness,4.385993342241785,9.652758000256284,3.594247858517771,96.0918741964178,599.4603706233438,23.427665426580397,106.49096129453999
high_roughness_0205,high_roughness,25.2336815693553,59.86595430068575,19.017434654306726,57.35469944053067,218.60774741530707,93.22593093154325,149.4368837454525
medium_roughness_0044,medium_roughness,0.5066483033041016,1.516690942409399,0.4213337006122032,97.62906179805435,135.53935516687238,3.213554350322159,73.16489487726965
high_roughness_0231,high_roughness,10.289523713303197,23.521367239967944,8.921951539963834,79.3857701481892,414.30513520287843,85.40581285857691,94.69685999152716
high_roughness_0062,high_roughness,9.233667865764113,48.978681809163405,5.439073365573991,93.08073822402797,570.7647764420446,39.49270900706665,114.19799370105439
medium_roughness_0029,medium_roughness,2.04735676574175,7.528028253762768,1.369238130801153,87.2871954832525,127.73555889504539,16.23877190070199,44.85841917858064
high_roughness_0037,high_roughness,24.619703763572677,94.88962851401642,16.227230410795194,56.72433061001149,466.5623316123592,201.90797212678638,131.52610437466424
high_roughness_0377,high_roughness,14.491855627066217,49.58399205661661,9.779045317687292,80.99930657931351,178.7265151834274,33.95927721147974,113.66242576158857
high_roughness_0366,high_roughness,29.06316223114932,137.30034686829515,12.123781989236889,67.4814292113761,532.9929749419093,173.32169785487724,105.70636029336055
medium_roughness_0094,medium_roughness,21.174588397674942,56.25696526070579,14.250364440299512,71.31666161298527,440.0804310397366,126.22975921016061,139.71161748403028
medium_roughness_0196,medium_roughness,7.977404740366097,26.63504618883863,5.3284113079106366,84.23244139552465,264.49482018498645,41.704375778469434,101.48694143680534
low_roughness_0051,low_roughness,1.9546906214335125,3.269795610670613,1.7667719704501739,98.01623774829723,422.2088194271155,8.37561918315503,88.863114681546
medium_roughness_0179,medium_roughness,2.310200793342173,6.525957196704837,1.731856874489567,94.65556040368413,283.32683714607595,15.142231671424298,95.03850086012001
low_roughness_0393,low_roughness,6.263831411422908,17.384749693597392,5.045142609087958,82.72887315609813,186.019390994854,32.127644972974984,97.65490903084985
low_roughness_0075,low_roughness,7.863995000496768,40.261158716742415,3.8108666840742758,94.92610255665022,416.1032847735826,21.112653927821277,64.03689809769996
medium_roughness_0016,medium_roughness,9.009763849362471,22.46622583536095,6.886160989232678,52.832207927772636,113.77576613734607,53.66551680024707,66.51486585124694
medium_roughness_0054,medium_roughness,5.662219501717973,18.1921650519035,4.211140486703908,90.48026371732676,539.1036079577888,51.321241767958114,90.90524159877289
high_roughness_0136,high_roughness,7.56735201504761,17.978583870308086,6.375461054104621,86.21837255644711,172.07822424051375,23.715179776309142,129.4730393395611
high_roughness_0022,high_roughness,16.01284348171134,55.86386621563193,11.913963422429743,67.11424854304849,461.3895384011645,151.73141684698282,177.11729307935215
high_roughness_0138,high_roughness,25.518135579582818,68.9474673981727,17.598289233500147,71.74411924731955,274.3707096110295,77.52586052797565,162.57653344189873
low_roughness_0266,low_roughness,26.89274541007263,66.081738349933,19.316693390539868,63.06264378048209,331.9102058069953,122.59885504786487,164.6794700331302
high_roughness_0030,high_roughness,8.754244071651799,24.774003875279334,6.572012088198957,88.16294205240513,210.39707162660372,24.904823288483776,97.25913341051394
high_roughness_0389,high_roughness,30.00025685838337,58.34625003051525,25.927597264742303,20.033965465808617,210.77166642191742,168.54574355924115,97.96337987354279
low_roughness_0268,low_roughness,2.521340669444616,6.745648947708531,2.0521538677270463,97.75481770303814,455.74473032203366,10.232300004526861,87.95612759480112
high_roughness_0311,high_roughness,0.24160322329799455,0.5163580506077068,0.19100795366046144,98.83760276244523,85.70708480638409,0.9962567861781344,67.0516470370482
high_roughness_0315,high_roughness,1.792168919567677,3.488683566805733,1.588451791182663,96.30617454522478,134.39375928993383,4.964270890280902,90.44291073228669
high_roughness_0237,high_roughness,4.209324663401537,13.226210741627582,3.1433839201708866,94.02539971382186,586.3637127151516,35.032888057924254,112.00887400546587
low_roughness_0369,low_roughness,0.725519814991169,1.7105450882737214,0.6087836953654269,95.0673636604891,71.26142083753265,3.5150667402839284,83.65846092643142
low_roughness_0090,low_roughness,3.316392905710345,10.309656044136162,2.5327572694150158,94.04061375891077,494.8840641890098,29.49205283062306,94.41155814995363
low_roughness_0353,low_roughness,13.903905280396332,41.552307954240646,12.002338092641335,65.96967166252911,292.19644279827844,99.43540887466446,162.05837025401888
high_roughness_0069,high_roughness,20.96622383162177,55.99374732635374,16.21842217900748,61.573343006468704,665.784034565585,255.83854728021117,142.0832479101979
medium_roughness_0046,medium_roughness,30.330047658857914,94.55347205262844,20.408593064512246,77.70440441060455,389.49494739506497,86.84021831233217,103.16656427879313
high_roughness_0372,high_roughness,42.35278286406577,116.4822544759358,29.173456260022135,42.61857030362746,333.8590454029154,191.57309342285438,148.34830944258474
high_roughness_0397,high_roughness,12.739445630192513,35.392312998689704,9.345738345310505,84.30827308604132,165.18493460931057,25.92036884189424,116.35486421248088
