iteration,residual_rmse_nm,loss,energy_ratio
1,89.9805908203125,374655.40625,1.5091238021850586
2,89.20597076416016,365366.53125,1.497118353843689
3,88.31402587890625,354882.125,1.48337984085083
4,87.21802520751953,342305.375,1.466627836227417
5,85.8995132446289,327605.15625,1.4466201066970825
6,84.35628509521484,310975.40625,1.4233659505844116
7,82.59352111816406,292715.0,1.396981954574585
8,80.62252807617188,273196.0,1.3676735162734985
9,78.4610824584961,252850.453125,1.335762619972229
10,76.13372802734375,232146.5625,1.3016836643218994
11,73.67256927490234,211565.4375,1.2659739255905151
12,71.11764526367188,191580.0,1.2292909622192383
13,68.5173110961914,172619.9375,1.1923240423202515
14,65.92671203613281,155053.640625,1.1558201313018799
15,63.406070709228516,139165.6875,1.1205164194107056
16,61.018394470214844,125161.3515625,1.0872069597244263
17,58.8251838684082,113151.53125,1.0566316843032837
18,56.88129806518555,103145.2890625,1.0293139219284058
19,55.229854583740234,95074.0390625,1.0056124925613403
20,53.897308349609375,88815.1796875,0.9858018755912781
21,52.89084243774414,84181.6640625,0.9697461128234863
22,52.197261810302734,80956.1328125,0.9571179151535034
23,51.78590393066406,78918.078125,0.9475834369659424
24,51.61223220825195,77843.5,0.9407494068145752
25,51.62285232543945,77509.4921875,0.936170756816864
26,51.76060104370117,77692.125,0.9332897663116455
27,51.96898651123047,78181.265625,0.9315903782844543
28,52.195831298828125,78776.3203125,0.9305019378662109
29,52.3967170715332,79298.6171875,0.9294669032096863
30,52.53650665283203,79606.96875,0.9280741214752197
31,52.59025955200195,79597.53125,0.925995945930481
32,52.54334259033203,79208.8671875,0.9230173826217651
33,52.3904914855957,78419.9375,0.9190247654914856
34,52.13473129272461,77246.2265625,0.9139976501464844
35,51.78579330444336,75731.8828125,0.9079843759536743
36,51.35820388793945,73942.46875,0.9011101126670837
37,50.869991302490234,71956.7109375,0.893553614616394
38,50.3409309387207,69859.9453125,0.8855586647987366
39,49.790611267089844,67728.4453125,0.8773239254951477
40,49.23672866821289,65628.4609375,0.869053065776825
41,48.69426727294922,63611.2109375,0.8609120845794678
42,48.174747467041016,61711.34765625,0.8530159592628479
43,47.685794830322266,59951.8515625,0.8454934358596802
44,47.231483459472656,58340.83203125,0.8384091258049011
45,46.812225341796875,56868.26171875,0.8316946625709534
46,46.42530822753906,55517.578125,0.8252840638160706
47,46.06649398803711,54272.94140625,0.819161593914032
48,45.7304573059082,53114.9609375,0.8132789134979248
49,45.4112663269043,52019.28515625,0.807511568069458
50,45.102996826171875,50967.0234375,0.8018026947975159
51,44.8004035949707,49939.6875,0.7960602641105652
52,44.49930191040039,48925.23828125,0.790245771408081
53,44.19658279418945,47914.4453125,0.7843173742294312
54,43.890411376953125,46902.56640625,0.7782554626464844
55,43.580108642578125,45889.21484375,0.7720687985420227
56,43.266056060791016,44877.00390625,0.7657792568206787
57,42.949588775634766,43870.85546875,0.759417712688446
58,42.63262939453125,42876.1015625,0.7530055642127991
59,42.31751251220703,41900.203125,0.7465947270393372
60,42.0069580078125,40951.28515625,0.7402440905570984
61,41.703521728515625,40034.8671875,0.7339780926704407
62,41.40962600708008,39157.0,0.7278434634208679
63,41.127410888671875,38322.265625,0.7218757271766663
64,40.858726501464844,37534.140625,0.7161045074462891
65,40.605018615722656,36794.5390625,0.7105463743209839
66,40.36726379394531,36105.19140625,0.7052334547042847
67,40.14612579345703,35466.890625,0.700191080570221
68,39.941810607910156,34878.24609375,0.6954154968261719
69,39.754207611083984,34337.6015625,0.6909065842628479
70,39.582889556884766,33843.08203125,0.6866685748100281
71,39.42727279663086,33392.9296875,0.6827108263969421
72,39.286712646484375,32985.32421875,0.6790406703948975
73,39.16043472290039,32616.73828125,0.6756307482719421
74,39.047508239746094,32283.73828125,0.6724573969841003
75,38.94700622558594,31983.568359375,0.6695083379745483
76,38.85801696777344,31713.76953125,0.6667751669883728
77,38.77972412109375,31472.041015625,0.6642470359802246
78,38.71135711669922,31256.330078125,0.6619150042533875
79,38.652164459228516,31064.740234375,0.6597713232040405
80,38.60142135620117,30895.099609375,0.6577998995780945
81,38.55836486816406,30745.806640625,0.6559970378875732
82,38.522239685058594,30614.994140625,0.6543521881103516
83,38.49227523803711,30500.703125,0.652851939201355
84,38.46768569946289,30401.2265625,0.6514886617660522
85,38.44767379760742,30314.552734375,0.6502473950386047
86,38.43143081665039,30239.234375,0.6491255164146423
87,38.4180908203125,30173.451171875,0.6481138467788696
88,38.40679168701172,30115.125,0.6471967697143555
89,38.39668655395508,30062.21875,0.6463587880134583
90,38.38691329956055,30013.07421875,0.6455932855606079
91,38.376651763916016,29965.673828125,0.6448835730552673
92,38.36520767211914,29918.0390625,0.6442095041275024
93,38.351993560791016,29868.62109375,0.643556535243988
94,38.3365364074707,29816.287109375,0.6429156064987183
95,38.3184700012207,29760.1484375,0.6422789096832275
96,38.2974967956543,29699.525390625,0.64164137840271
97,38.27344512939453,29633.873046875,0.640995979309082
98,38.24628829956055,29562.947265625,0.6403377652168274
99,38.2160530090332,29486.744140625,0.6396648287773132
100,38.18286895751953,29405.46484375,0.6389768719673157
101,38.14688491821289,29319.373046875,0.6382737159729004
102,38.10832214355469,29228.853515625,0.6375559568405151
103,38.06743621826172,29134.46484375,0.636826753616333
104,38.02448654174805,29036.689453125,0.6360873579978943
105,37.97978591918945,28936.119140625,0.6353399753570557
106,37.93364715576172,28833.3671875,0.6345873475074768
107,37.886348724365234,28728.94140625,0.6338310241699219
108,37.83816909790039,28623.3359375,0.6330724954605103
109,37.789344787597656,28517.02734375,0.6323140859603882
110,37.740108489990234,28410.46875,0.6315582394599915
111,37.690673828125,28304.126953125,0.6308082342147827
112,37.641239166259766,28198.30078125,0.6300641894340515
113,37.59195327758789,28093.17578125,0.6293252110481262
114,37.54293441772461,27988.859375,0.6285897493362427
115,37.4942512512207,27885.46484375,0.6278581023216248
116,37.44598388671875,27783.091796875,0.6271302103996277
117,37.39814758300781,27681.71875,0.6264048218727112
118,37.35078048706055,27581.357421875,0.6256812214851379
119,37.30389404296875,27481.9765625,0.624958336353302
120,37.25748062133789,27383.58203125,0.6242366433143616
121,37.21152877807617,27286.115234375,0.6235154271125793
122,37.16603469848633,27189.580078125,0.6227949857711792
123,37.1209831237793,27093.875,0.6220734119415283
124,37.07636260986328,26999.03125,0.6213520765304565
125,37.03217315673828,26905.009765625,0.6206302046775818
126,36.98839569091797,26811.865234375,0.6199096441268921
127,36.94501876831055,26719.53515625,0.6191896796226501
128,36.90203094482422,26627.982421875,0.6184698939323425
129,36.859405517578125,26537.119140625,0.6177489757537842
130,36.817134857177734,26446.955078125,0.6170276403427124
131,36.77519607543945,26357.474609375,0.6163063049316406
132,36.73361587524414,26268.73046875,0.6155855655670166
133,36.69237518310547,26180.6875,0.6148653030395508
134,36.65145492553711,26093.30078125,0.6141451001167297
135,36.61085510253906,26006.58984375,0.6134255528450012
136,36.57059860229492,25920.578125,0.6127064228057861
137,36.53071212768555,25835.26171875,0.6119870543479919
138,36.491188049316406,25750.693359375,0.6112686395645142
139,36.4520263671875,25666.853515625,0.6105512976646423
140,36.4132080078125,25583.748046875,0.6098356246948242
141,36.37474060058594,25501.373046875,0.6091213226318359
142,36.33662414550781,25419.71484375,0.6084083318710327
143,36.29887008666992,25338.814453125,0.6076973676681519
144,36.261497497558594,25258.669921875,0.6069876551628113
145,36.22452926635742,25179.298828125,0.6062790751457214
146,36.18795394897461,25100.724609375,0.6055726408958435
147,36.15178680419922,25022.947265625,0.6048679351806641
148,36.116024017333984,24945.916015625,0.6041640043258667
149,36.080665588378906,24869.662109375,0.6034615635871887
150,36.04572677612305,24794.17578125,0.6027599573135376
151,36.01120376586914,24719.4375,0.6020591259002686
152,35.97708511352539,24645.44921875,0.601359486579895
153,35.9433708190918,24572.2265625,0.6006613969802856
154,35.9100456237793,24499.72265625,0.599964439868927
155,35.877105712890625,24427.908203125,0.5992681980133057
156,35.84453201293945,24356.771484375,0.598572850227356
157,35.812313079833984,24286.26953125,0.5978779792785645
158,35.78044128417969,24216.404296875,0.5971840620040894
159,35.74889373779297,24147.181640625,0.5964917540550232
160,35.71764373779297,24078.546875,0.5958009958267212
161,35.686668395996094,24010.421875,0.5951106548309326
162,35.65593338012695,23942.7734375,0.5944207906723022
163,35.62543869018555,23875.6015625,0.5937318205833435
164,35.59513854980469,23808.822265625,0.5930429100990295
165,35.565032958984375,23742.4140625,0.5923538208007812
166,35.53507614135742,23676.326171875,0.5916646122932434
167,35.505245208740234,23610.521484375,0.5909752249717712
168,35.47555160522461,23545.05078125,0.5902867913246155
169,35.445953369140625,23479.849609375,0.5895988345146179
170,35.41641616821289,23414.875,0.5889115929603577
171,35.386932373046875,23350.095703125,0.5882245302200317
172,35.357479095458984,23285.48828125,0.5875378847122192
173,35.328060150146484,23221.044921875,0.586851179599762
174,35.29866027832031,23156.73828125,0.5861642956733704
175,35.26927185058594,23092.5546875,0.5854772329330444
176,35.239864349365234,23028.47265625,0.5847904086112976
177,35.210426330566406,22964.470703125,0.5841035842895508
178,35.18095016479492,22900.517578125,0.5834163427352905
179,35.15141296386719,22836.615234375,0.5827293395996094
180,35.1218147277832,22772.75,0.582042396068573
181,35.092140197753906,22708.9140625,0.5813555717468262
182,35.062408447265625,22645.10546875,0.5806683897972107
183,35.03263854980469,22581.375,0.5799813866615295
184,35.002864837646484,22517.751953125,0.5792943239212036
185,34.97309875488281,22454.25390625,0.5786071419715881
186,34.94335174560547,22390.91015625,0.577920138835907
187,34.913639068603516,22327.73046875,0.5772333741188049
188,34.88395309448242,22264.728515625,0.5765472054481506
189,34.85429763793945,22201.947265625,0.5758627653121948
190,34.82468032836914,22139.400390625,0.5751802921295166
191,34.795101165771484,22077.0703125,0.5744993090629578
192,34.76557159423828,22014.96875,0.5738195180892944
193,34.73611068725586,21953.16015625,0.573142409324646
194,34.70671081542969,21891.59765625,0.5724667310714722
195,34.677391052246094,21830.279296875,0.5717918872833252
196,34.64817428588867,21769.24609375,0.571118175983429
197,34.619083404541016,21708.52734375,0.5704456567764282
198,34.59010696411133,21648.123046875,0.5697748064994812
199,34.56126022338867,21588.037109375,0.5691051483154297
200,34.53257369995117,21528.31640625,0.5684372186660767
201,34.50403594970703,21468.94140625,0.5677706599235535
202,34.475608825683594,21409.8828125,0.5671060681343079
203,34.4472770690918,21351.140625,0.566443920135498
204,34.419029235839844,21292.689453125,0.565784215927124
205,34.390865325927734,21234.52734375,0.5651266574859619
206,34.362762451171875,21176.61328125,0.5644710659980774
207,34.33475112915039,21118.9765625,0.5638171434402466
208,34.306827545166016,21061.6171875,0.5631651878356934
209,34.27898406982422,21004.5390625,0.562515377998352
210,34.25123977661133,20947.7734375,0.5618681907653809
211,34.223594665527344,20891.326171875,0.5612236857414246
212,34.19605255126953,20835.19140625,0.560581624507904
213,34.16864013671875,20779.388671875,0.559941828250885
214,34.1413688659668,20723.966796875,0.5593050718307495
215,34.11427307128906,20668.96484375,0.5586714744567871
216,34.08737564086914,20614.408203125,0.5580410361289978
217,34.06073760986328,20560.376953125,0.5574138760566711
218,34.034366607666016,20506.83984375,0.5567891001701355
219,34.00828552246094,20453.83203125,0.5561668276786804
220,33.98247146606445,20401.32421875,0.5555471181869507
221,33.95689392089844,20349.296875,0.5549306273460388
222,33.93156814575195,20297.744140625,0.5543166399002075
223,33.906455993652344,20246.625,0.5537051558494568
224,33.88153839111328,20195.919921875,0.5530965924263
225,33.85680389404297,20145.611328125,0.5524908900260925
226,33.83226776123047,20095.712890625,0.5518876910209656
227,33.80792236328125,20046.17578125,0.5512861609458923
228,33.78373336791992,19997.001953125,0.5506874918937683
229,33.759708404541016,19948.21484375,0.5500921010971069
230,33.73586654663086,19899.82421875,0.5494998097419739
231,33.71220779418945,19851.810546875,0.5489099025726318
232,33.688720703125,19804.162109375,0.5483226180076599
233,33.665401458740234,19756.869140625,0.5477377772331238
234,33.642250061035156,19709.931640625,0.5471553802490234
235,33.61928176879883,19663.37109375,0.5465757250785828
236,33.596519470214844,19617.232421875,0.5459991693496704
237,33.573970794677734,19571.513671875,0.5454257130622864
238,33.55160903930664,19526.18359375,0.5448551177978516
239,33.529415130615234,19481.203125,0.5442872047424316
240,33.50740051269531,19436.60546875,0.5437222719192505
241,33.48554992675781,19392.36328125,0.5431603789329529
242,33.46383285522461,19348.439453125,0.542601466178894
243,33.442256927490234,19304.828125,0.542044997215271
244,33.420806884765625,19261.5234375,0.5414914488792419
245,33.399444580078125,19218.46875,0.540940523147583
246,33.37812805175781,19175.62890625,0.5403924584388733
247,33.35686492919922,19133.001953125,0.5398471355438232
248,33.33565902709961,19090.58203125,0.5393041968345642
249,33.31451416015625,19048.380859375,0.5387638807296753
250,33.293418884277344,19006.38671875,0.538226306438446
251,33.27238464355469,18964.625,0.5376916527748108
252,33.25141906738281,18923.107421875,0.5371602773666382
253,33.23051071166992,18881.8046875,0.5366316437721252
254,33.209659576416016,18840.732421875,0.536106288433075
255,33.18888473510742,18799.908203125,0.535584032535553
256,33.16819381713867,18759.33984375,0.5350648164749146
257,33.14756774902344,18719.017578125,0.5345490574836731
258,33.12700653076172,18678.927734375,0.5340366363525391
259,33.10653305053711,18639.09765625,0.533527135848999
260,33.08620834350586,18599.6015625,0.5330212116241455
261,33.066036224365234,18560.4375,0.5325184464454651
262,33.04600524902344,18521.58984375,0.5320188403129578
263,33.026119232177734,18483.052734375,0.5315221548080444
264,33.00638198852539,18444.83203125,0.5310284495353699
265,32.98678970336914,18406.916015625,0.530537486076355
266,32.967308044433594,18369.265625,0.5300493836402893
267,32.94795608520508,18331.90625,0.5295642614364624
268,32.92877960205078,18294.890625,0.529082179069519
269,32.90978240966797,18258.2109375,0.5286027193069458
270,32.89093780517578,18221.833984375,0.5281259417533875
271,32.872230529785156,18185.75,0.5276520848274231
272,32.853694915771484,18149.974609375,0.5271804332733154
273,32.83530807495117,18114.490234375,0.5267113447189331
274,32.81707000732422,18079.29296875,0.5262446999549866
275,32.798973083496094,18044.380859375,0.5257804989814758
276,32.781002044677734,18009.71875,0.5253185033798218
277,32.76313781738281,17975.298828125,0.5248590707778931
278,32.7453498840332,17941.08203125,0.5244019627571106
279,32.727638244628906,17907.0703125,0.5239473581314087
280,32.709964752197266,17873.23828125,0.523495614528656
281,32.692325592041016,17839.55859375,0.5230463743209839
282,32.674686431884766,17806.01171875,0.5225997567176819
283,32.65705871582031,17772.583984375,0.5221552848815918
284,32.63943862915039,17739.28515625,0.521713376045227
285,32.62181091308594,17706.095703125,0.5212737917900085
286,32.60419464111328,17673.046875,0.5208368897438049
287,32.58659744262695,17640.125,0.5204021334648132
288,32.56904220581055,17607.35546875,0.5199695229530334
289,32.551536560058594,17574.74609375,0.519538938999176
290,32.53410339355469,17542.33203125,0.5191108584403992
291,32.51673889160156,17510.107421875,0.5186851024627686
292,32.49946594238281,17478.0859375,0.5182614326477051
293,32.48229217529297,17446.279296875,0.5178400278091431
294,32.46520233154297,17414.6640625,0.5174205899238586
295,32.44821548461914,17383.25390625,0.517003059387207
296,32.43132400512695,17352.060546875,0.5165877938270569
297,32.41450881958008,17321.044921875,0.5161746144294739
298,32.39775466918945,17290.19140625,0.5157632231712341
299,32.38107681274414,17259.509765625,0.5153536796569824
300,32.36448669433594,17229.0390625,0.5149465799331665
301,32.347957611083984,17198.744140625,0.5145419836044312
302,32.33149719238281,17168.62890625,0.5141396522521973
303,32.31509780883789,17138.67578125,0.5137393474578857
304,32.298736572265625,17108.859375,0.5133410096168518
305,32.28236389160156,17079.12890625,0.5129448175430298
306,32.26593780517578,17049.443359375,0.5125507116317749
307,32.24948501586914,17019.82421875,0.5121585130691528
308,32.23304748535156,16990.30859375,0.5117680430412292
309,32.21665573120117,16960.919921875,0.511379063129425
310,32.20028305053711,16931.642578125,0.5109919309616089
311,32.18394470214844,16902.486328125,0.5106064677238464
312,32.167633056640625,16873.443359375,0.5102225542068481
313,32.15133285522461,16844.490234375,0.5098402500152588
314,32.135032653808594,16815.62109375,0.5094596147537231
315,32.118743896484375,16786.84375,0.5090803503990173
316,32.10244369506836,16758.130859375,0.5087026357650757
317,32.08611297607422,16729.45703125,0.5083262324333191
318,32.06977081298828,16700.83984375,0.5079509019851685
319,32.05341339111328,16672.279296875,0.5075768828392029
320,32.03704833984375,16643.779296875,0.507203996181488
321,32.02069854736328,16615.36328125,0.5068323016166687
322,32.00442123413086,16587.078125,0.5064614415168762
323,31.988235473632812,16558.94921875,0.5060915350914001
324,31.972124099731445,16530.953125,0.5057224035263062
325,31.95612335205078,16503.12890625,0.505354106426239
326,31.94023895263672,16475.46875,0.5049862861633301
327,31.92445182800293,16447.966796875,0.5046193599700928
328,31.908754348754883,16420.609375,0.504253089427948
329,31.893131256103516,16393.380859375,0.5038875937461853
330,31.87758445739746,16366.2705078125,0.5035224556922913
331,31.86211585998535,16339.2802734375,0.5031576752662659
332,31.84670639038086,16312.3955078125,0.5027933716773987
333,31.831361770629883,16285.625,0.502429723739624
334,31.816097259521484,16258.98046875,0.5020664930343628
335,31.800907135009766,16232.451171875,0.501703679561615
336,31.78577995300293,16206.0322265625,0.5013414621353149
337,31.770675659179688,16179.67578125,0.5009795427322388
338,31.755619049072266,16153.416015625,0.5006183385848999
339,31.7405948638916,16127.23046875,0.5002575516700745
340,31.725605010986328,16101.123046875,0.4998972713947296
341,31.710613250732422,16075.056640625,0.49953749775886536
342,31.695640563964844,16049.052734375,0.4991782605648041
343,31.680692672729492,16023.1171875,0.4988195598125458
344,31.665754318237305,15997.2294921875,0.49846115708351135
345,31.65083122253418,15971.396484375,0.49810317158699036
346,31.63589859008789,15945.59375,0.4977456033229828
347,31.62094497680664,15919.80859375,0.49738842248916626
348,31.605985641479492,15894.0625,0.4970318377017975
349,31.591032028198242,15868.3701171875,0.49667587876319885
350,31.57605743408203,15842.6943359375,0.49632030725479126
351,31.56105613708496,15817.0263671875,0.49596500396728516
352,31.546052932739258,15791.396484375,0.4956100881099701
353,31.531044006347656,15765.7978515625,0.4952555000782013
354,31.51603126525879,15740.240234375,0.49490150809288025
355,31.5009765625,15714.68359375,0.4945480525493622
356,31.485872268676758,15689.123046875,0.49419519305229187
357,31.47071647644043,15663.5595703125,0.49384304881095886
358,31.45549964904785,15637.9755859375,0.49349135160446167
359,31.440223693847656,15612.3740234375,0.4931400716304779
360,31.42491340637207,15586.775390625,0.4927891194820404
361,31.409557342529297,15561.166015625,0.492438405752182
362,31.39415740966797,15535.5458984375,0.4920879006385803
363,31.37874412536621,15509.94140625,0.49173739552497864
364,31.363325119018555,15484.365234375,0.4913870692253113
365,31.347898483276367,15458.818359375,0.4910370409488678
366,31.332489013671875,15433.3173828125,0.4906871020793915
367,31.317100524902344,15407.875,0.4903374910354614
368,31.301738739013672,15382.4853515625,0.48998787999153137
369,31.286409378051758,15357.154296875,0.48963817954063416
370,31.271116256713867,15331.8857421875,0.4892885088920593
371,31.25586700439453,15306.689453125,0.4889388382434845
372,31.24066162109375,15281.5625,0.48858922719955444
373,31.22551727294922,15256.529296875,0.48823976516723633
374,31.2104434967041,15231.587890625,0.48789021372795105
375,31.195436477661133,15206.744140625,0.4875409007072449
376,31.180471420288086,15181.9755859375,0.4871917963027954
377,31.165578842163086,15157.3056640625,0.48684272170066833
378,31.150737762451172,15132.7080078125,0.4864935576915741
379,31.13593864440918,15108.1796875,0.48614442348480225
380,31.12117576599121,15083.708984375,0.4857952296733856
381,31.106449127197266,15059.30078125,0.485446035861969
382,31.091724395751953,15034.921875,0.48509684205055237
383,31.076997756958008,15010.568359375,0.4847477972507477
384,31.06227684020996,14986.251953125,0.48439890146255493
385,31.047565460205078,14961.978515625,0.48405027389526367
386,31.032865524291992,14937.7421875,0.4837016463279724
387,31.01818084716797,14913.5400390625,0.4833528697490692
388,31.003490447998047,14889.3662109375,0.48300430178642273
389,30.988792419433594,14865.2158203125,0.4826558828353882
390,30.974075317382812,14841.0712890625,0.48230746388435364
391,30.959327697753906,14816.92578125,0.48195916414260864
392,30.94456672668457,14792.79296875,0.48161083459854126
393,30.929792404174805,14768.677734375,0.4812626242637634
394,30.91501808166504,14744.59375,0.4809145927429199
395,30.900224685668945,14720.51953125,0.48056668043136597
396,30.885387420654297,14696.435546875,0.48021894693374634
397,30.870546340942383,14672.376953125,0.47987130284309387
398,30.855728149414062,14648.365234375,0.4795237183570862
399,30.84092903137207,14624.4052734375,0.4791763126850128
400,30.826120376586914,14600.45703125,0.4788287580013275
401,30.81130599975586,14576.53125,0.47848135232925415
402,30.79648208618164,14552.625,0.4781339466571808
403,30.781665802001953,14528.75,0.4777865409851074
404,30.766868591308594,14504.921875,0.47743919491767883
405,30.7520694732666,14481.115234375,0.47709181904792786
406,30.737274169921875,14457.3427734375,0.47674456238746643
407,30.72248649597168,14433.6015625,0.4763972759246826
408,30.70770835876465,14409.892578125,0.4760499596595764
409,30.692955017089844,14386.236328125,0.475702702999115
410,30.67820930480957,14362.6123046875,0.47535547614097595
411,30.66347312927246,14339.0234375,0.4750082492828369
412,30.64872932434082,14315.4560546875,0.4746611416339874
413,30.633968353271484,14291.900390625,0.4743141233921051
414,30.619150161743164,14268.318359375,0.4739671051502228
415,30.604257583618164,14244.6943359375,0.4736202657222748
416,30.589271545410156,14221.017578125,0.4732736051082611
417,30.574241638183594,14197.328125,0.472927063703537
418,30.559158325195312,14173.615234375,0.47258058190345764
419,30.544015884399414,14149.8798828125,0.47223421931266785
420,30.52884292602539,14126.146484375,0.47188806533813477
421,30.51366424560547,14102.435546875,0.47154197096824646
422,30.498470306396484,14078.736328125,0.47119584679603577
423,30.4832763671875,14055.05859375,0.47084957361221313
424,30.46811866760254,14031.439453125,0.4705032706260681
425,30.452957153320312,14007.8466796875,0.47015705704689026
426,30.43779182434082,13984.2734375,0.46981075406074524
427,30.42262840270996,13960.7265625,0.46946439146995544
428,30.407489776611328,13937.228515625,0.46911799907684326
429,30.392370223999023,13913.7685546875,0.46877148747444153
430,30.37726593017578,13890.341796875,0.4684246778488159
431,30.362194061279297,13866.962890625,0.4680776298046112
432,30.347124099731445,13843.6171875,0.46773067116737366
433,30.3320369720459,13820.279296875,0.46738380193710327
434,30.316917419433594,13796.9462890625,0.4670371115207672
435,30.301794052124023,13773.630859375,0.4666903018951416
436,30.28667449951172,13750.34375,0.46634340286254883
437,30.271562576293945,13727.087890625,0.4659964442253113
438,30.25644874572754,13703.8505859375,0.4656493365764618
439,30.241321563720703,13680.6240234375,0.46530210971832275
440,30.226184844970703,13657.412109375,0.4649547338485718
441,30.2110538482666,13634.228515625,0.464607298374176
442,30.19591522216797,13611.064453125,0.4642598628997803
443,30.180770874023438,13587.9228515625,0.4639124870300293
444,30.16562271118164,13564.796875,0.4635649025440216
445,30.150474548339844,13541.6962890625,0.46321725845336914
446,30.13534927368164,13518.63671875,0.46286946535110474
447,30.12026023864746,13495.63671875,0.46252164244651794
448,30.10517692565918,13472.666015625,0.46217378973960876
449,30.090120315551758,13449.740234375,0.46182578802108765
450,30.075090408325195,13426.8583984375,0.4614775776863098
451,30.060102462768555,13404.0322265625,0.4611290693283081
452,30.045150756835938,13381.255859375,0.4607802927494049
453,30.03021812438965,13358.5146484375,0.4604312479496002
454,30.01527976989746,13335.78515625,0.46008187532424927
455,30.000288009643555,13313.0380859375,0.45973268151283264
456,29.985231399536133,13290.259765625,0.459383487701416
457,29.970109939575195,13267.451171875,0.45903435349464417
458,29.95488166809082,13244.578125,0.45868539810180664
459,29.939579010009766,13221.6640625,0.45833641290664673
460,29.924219131469727,13198.724609375,0.45798733830451965
461,29.908836364746094,13175.78515625,0.45763808488845825
462,29.893442153930664,13152.8671875,0.45728904008865356
463,29.878040313720703,13129.97265625,0.4569401144981384
464,29.862621307373047,13107.091796875,0.4565912187099457
465,29.847145080566406,13084.189453125,0.45624247193336487
466,29.831592559814453,13061.2529296875,0.45589402318000793
467,29.81596565246582,13038.2890625,0.45554590225219727
468,29.800199508666992,13015.2451171875,0.45519837737083435
469,29.78428840637207,12992.115234375,0.45485132932662964
470,29.768291473388672,12968.9462890625,0.45450466871261597
471,29.75228500366211,12945.796875,0.4541580080986023
472,29.73630714416504,12922.703125,0.4538114666938782
473,29.720428466796875,12899.7236328125,0.45346492528915405
474,29.70467758178711,12876.876953125,0.453118234872818
475,29.68906593322754,12854.173828125,0.4527714252471924
476,29.673608779907227,12831.62890625,0.4524245262145996
477,29.658309936523438,12809.2451171875,0.4520775079727173
478,29.64316749572754,12787.01953125,0.45173048973083496
479,29.628116607666016,12764.9033203125,0.4513835906982422
480,29.613117218017578,12742.8583984375,0.4510367810726166
481,29.5981388092041,12720.8583984375,0.45069003105163574
482,29.583152770996094,12698.8798828125,0.45034343004226685
483,29.56814193725586,12676.908203125,0.4499969482421875
484,29.553125381469727,12654.966796875,0.4496508538722992
485,29.538114547729492,12633.0576171875,0.44930487871170044
486,29.52312660217285,12611.2041015625,0.44895923137664795
487,29.50811195373535,12589.3671875,0.448614239692688
488,29.493009567260742,12567.4990234375,0.44826993346214294
489,29.477853775024414,12545.623046875,0.4479261040687561
490,29.462665557861328,12523.7548828125,0.4475826323032379
491,29.447460174560547,12501.908203125,0.4472396671772003
492,29.432209014892578,12480.0595703125,0.44689714908599854
493,29.41692352294922,12458.2216796875,0.44655510783195496
494,29.401655197143555,12436.43359375,0.4462135136127472
495,29.38643455505371,12414.7197265625,0.4458722770214081
496,29.371227264404297,12393.0546875,0.4455314576625824
497,29.356021881103516,12371.423828125,0.44519099593162537
498,29.340845108032227,12349.8564453125,0.4448510706424713
499,29.32572364807129,12328.3671875,0.44451144337654114
500,29.31072235107422,12307.0078125,0.4441719651222229
501,29.295806884765625,12285.755859375,0.4438329041004181
502,29.28096580505371,12264.6005859375,0.4434942603111267
503,29.26620864868164,12243.5478515625,0.4431559443473816
504,29.251548767089844,12222.6103515625,0.4428179860115051
505,29.236955642700195,12201.76171875,0.4424803853034973
506,29.222400665283203,12180.974609375,0.44214314222335815
507,29.207929611206055,12160.291015625,0.44180619716644287
508,29.193557739257812,12139.7138671875,0.44146931171417236
509,29.17925453186035,12119.23046875,0.4411330223083496
510,29.164989471435547,12098.8193359375,0.440797358751297
511,29.150766372680664,12078.48046875,0.4404623508453369
512,29.136566162109375,12058.197265625,0.4401278793811798
513,29.122344970703125,12037.931640625,0.4397938549518585
514,29.108142852783203,12017.71484375,0.4394603669643402
515,29.09391975402832,11997.5205078125,0.43912750482559204
516,29.079668045043945,11977.34375,0.4387953281402588
517,29.065393447875977,11957.18359375,0.4384637176990509
518,29.051118850708008,11937.0576171875,0.4381326138973236
519,29.036840438842773,11916.9697265625,0.43780219554901123
520,29.02259635925293,11896.9453125,0.4374723434448242
521,29.0084228515625,11877.0126953125,0.43714290857315063
522,28.99434471130371,11857.1923828125,0.4368140697479248
523,28.980344772338867,11837.47265625,0.43648576736450195
524,28.966419219970703,11817.8525390625,0.43615809082984924
525,28.95261573791504,11798.359375,0.4358307719230652
526,28.93891716003418,11778.982421875,0.435503751039505
527,28.925294876098633,11759.7001953125,0.435177206993103
528,28.911727905273438,11740.49609375,0.4348512291908264
529,28.898210525512695,11721.369140625,0.43452587723731995
530,28.884761810302734,11702.3330078125,0.43420112133026123
531,28.871356964111328,11683.3671875,0.4338769018650055
532,28.85797691345215,11664.455078125,0.4335533082485199
533,28.844585418701172,11645.5703125,0.43323031067848206
534,28.831153869628906,11626.6884765625,0.43290796875953674
535,28.817672729492188,11607.802734375,0.4325862228870392
536,28.80415916442871,11588.9267578125,0.43226516246795654
537,28.790616989135742,11570.064453125,0.43194475769996643
538,28.777074813842773,11551.2392578125,0.43162497878074646
539,28.763517379760742,11532.4375,0.4313059151172638
540,28.749956130981445,11513.6640625,0.43098723888397217
541,28.73640251159668,11494.93359375,0.43066921830177307
542,28.722858428955078,11476.2451171875,0.4303518831729889
543,28.709386825561523,11457.646484375,0.4300349950790405
544,28.69601058959961,11439.154296875,0.4297184944152832
545,28.682754516601562,11420.783203125,0.42940226197242737
546,28.66959571838379,11402.5185546875,0.4290864169597626
547,28.656497955322266,11384.3330078125,0.428771048784256
548,28.64348602294922,11366.24609375,0.4284561574459076
549,28.630542755126953,11348.2421875,0.42814168334007263
550,28.61768913269043,11330.33984375,0.4278276264667511
551,28.6048641204834,11312.49609375,0.42751431465148926
552,28.59206771850586,11294.701171875,0.42720142006874084
553,28.57929801940918,11276.9638671875,0.4268891215324402
554,28.56657600402832,11259.296875,0.42657744884490967
555,28.55394744873047,11241.734375,0.4262664020061493
556,28.541385650634766,11224.259765625,0.42595601081848145
557,28.528894424438477,11206.8740234375,0.42564627528190613
558,28.516448974609375,11189.556640625,0.4253371059894562
559,28.504030227661133,11172.2939453125,0.42502862215042114
560,28.491580963134766,11155.046875,0.4247210919857025
561,28.4790096282959,11137.7490234375,0.42441460490226746
562,28.466333389282227,11120.4072265625,0.4241090416908264
563,28.45358657836914,11103.05078125,0.4238043427467346
564,28.440811157226562,11085.7080078125,0.4235004484653473
565,28.428010940551758,11068.3779296875,0.4231971502304077
566,28.415218353271484,11051.087890625,0.42289450764656067
567,28.4024715423584,11033.8701171875,0.4225926399230957
568,28.389795303344727,11016.7373046875,0.42229127883911133
569,28.377214431762695,10999.7060546875,0.42199039459228516
570,28.364774703979492,10982.8125,0.4216899275779724
571,28.352561950683594,10966.115234375,0.42138969898223877
572,28.340559005737305,10949.6044921875,0.42108967900276184
573,28.328750610351562,10933.2626953125,0.4207898676395416
574,28.31708335876465,10917.05859375,0.4204905331134796
575,28.305503845214844,10900.9521484375,0.42019182443618774
576,28.29391098022461,10884.873046875,0.41989409923553467
577,28.282258987426758,10868.7861328125,0.41959720849990845
578,28.270545959472656,10852.6943359375,0.41930145025253296
579,28.25876808166504,10836.59375,0.4190067648887634
580,28.2469482421875,10820.4990234375,0.4187130331993103
581,28.235103607177734,10804.4228515625,0.4184201955795288
582,28.223243713378906,10788.3681640625,0.418128103017807
583,28.21137046813965,10772.3408203125,0.41783690452575684
584,28.199512481689453,10756.357421875,0.41754645109176636
585,28.187664031982422,10740.41796875,0.4172568619251251
586,28.175827026367188,10724.5224609375,0.4169681668281555
587,28.164005279541016,10708.6728515625,0.4166801869869232
588,28.152189254760742,10692.86328125,0.41639310121536255
589,28.140378952026367,10677.091796875,0.41610679030418396
590,28.128591537475586,10661.369140625,0.4158211350440979
591,28.11685562133789,10645.712890625,0.4155360758304596
592,28.105178833007812,10630.1337890625,0.41525164246559143
593,28.093578338623047,10614.634765625,0.4149676561355591
594,28.08204460144043,10599.2158203125,0.4146842360496521
595,28.070571899414062,10583.87109375,0.4144013822078705
596,28.0592041015625,10568.63671875,0.41411924362182617
597,28.047943115234375,10553.5078125,0.41383761167526245
598,28.03677749633789,10538.4814453125,0.41355663537979126
599,28.025646209716797,10523.5146484375,0.41327646374702454
600,28.01458168029785,10508.630859375,0.41299718618392944
601,28.00359535217285,10493.8369140625,0.41271865367889404
602,27.992643356323242,10479.1064453125,0.41244107484817505
603,27.981735229492188,10464.4453125,0.412164568901062
604,27.9708309173584,10449.8212890625,0.41188889741897583
605,27.959924697875977,10435.2294921875,0.41161414980888367
606,27.949020385742188,10420.677734375,0.4113404452800751
607,27.93811798095703,10406.16015625,0.4110676050186157
608,27.927244186401367,10391.697265625,0.4107955992221832
609,27.916397094726562,10377.28515625,0.4105243682861328
610,27.905563354492188,10362.919921875,0.41025418043136597
611,27.894723892211914,10348.587890625,0.4099850058555603
612,27.883869171142578,10334.275390625,0.4097166657447815
613,27.872970581054688,10319.96875,0.40944936871528625
614,27.862018585205078,10305.6591796875,0.4091830849647522
615,27.85097885131836,10291.3232421875,0.4089178740978241
616,27.839872360229492,10276.9736328125,0.4086536765098572
617,27.828710556030273,10262.6259765625,0.40839076042175293
618,27.81753921508789,10248.3115234375,0.4081290066242218
619,27.806411743164062,10234.06640625,0.40786826610565186
620,27.795394897460938,10219.9365234375,0.4076084494590759
621,27.784513473510742,10205.9384765625,0.40734946727752686
622,27.773761749267578,10192.0615234375,0.40709108114242554
623,27.76315689086914,10178.318359375,0.4068332612514496
624,27.75263786315918,10164.671875,0.40657639503479004
625,27.742151260375977,10151.0849609375,0.40632057189941406
626,27.731689453125,10137.5517578125,0.40606579184532166
627,27.721229553222656,10124.0595703125,0.40581220388412476
628,27.71076202392578,10110.599609375,0.4055597484111786
629,27.7003116607666,10097.1904296875,0.40530839562416077
630,27.689926147460938,10083.8564453125,0.4050578474998474
631,27.679594039916992,10070.5947265625,0.4048081934452057
632,27.66931915283203,10057.40625,0.40455949306488037
633,27.65906524658203,10044.267578125,0.40431174635887146
634,27.6488094329834,10031.1650390625,0.4040651321411133
635,27.63861846923828,10018.146484375,0.4038196802139282
636,27.62847328186035,10005.1953125,0.40357524156570435
637,27.61835289001465,9992.3017578125,0.403331995010376
638,27.6082706451416,9979.4697265625,0.40308982133865356
639,27.598173141479492,9966.6650390625,0.40284883975982666
640,27.588056564331055,9953.8828125,0.40260905027389526
641,27.577951431274414,9941.1484375,0.4023703634738922
642,27.56793212890625,9928.5068359375,0.4021327495574951
643,27.557985305786133,9915.9521484375,0.40189608931541443
644,27.54810333251953,9903.474609375,0.40166038274765015
645,27.538278579711914,9891.07421875,0.40142568945884705
646,27.52853012084961,9878.755859375,0.4011918604373932
647,27.51883316040039,9866.5068359375,0.40095898509025574
648,27.509183883666992,9854.322265625,0.40072697401046753
649,27.499597549438477,9842.2138671875,0.4004959166049957
650,27.490053176879883,9830.16796875,0.4002659022808075
651,27.48053550720215,9818.1767578125,0.4000369906425476
652,27.471031188964844,9806.2255859375,0.3998090922832489
653,27.461570739746094,9794.3388671875,0.3995821475982666
654,27.45216941833496,9782.5234375,0.3993561267852783
655,27.44285774230957,9770.80078125,0.3991309702396393
656,27.433639526367188,9759.1728515625,0.3989066481590271
657,27.42452621459961,9747.646484375,0.3986830711364746
658,27.415481567382812,9736.1962890625,0.39846041798591614
659,27.406496047973633,9724.818359375,0.3982385993003845
660,27.397512435913086,9713.47265625,0.39801785349845886
661,27.388565063476562,9702.1826171875,0.3977980315685272
662,27.37967300415039,9690.962890625,0.3975791931152344
663,27.370820999145508,9679.796875,0.3973611891269684
664,27.362010955810547,9668.693359375,0.39714422821998596
665,27.353212356567383,9657.6259765625,0.39692816138267517
666,27.344390869140625,9646.5771484375,0.3967132568359375
667,27.335552215576172,9635.548828125,0.3964993953704834
668,27.326671600341797,9624.521484375,0.39628657698631287
669,27.31770896911621,9613.46875,0.3960748314857483
670,27.308671951293945,9602.396484375,0.3958641588687897
671,27.299585342407227,9591.322265625,0.3956546485424042
672,27.29053497314453,9580.3037109375,0.3954460620880127
673,27.281579971313477,9569.3779296875,0.3952382802963257
674,27.27273178100586,9558.552734375,0.39503130316734314
675,27.263996124267578,9547.83203125,0.3948250710964203
676,27.255369186401367,9537.2099609375,0.39461952447891235
677,27.24679183959961,9526.6484375,0.3944148123264313
678,27.238250732421875,9516.140625,0.3942110240459442
679,27.22977638244629,9505.7080078125,0.3940081298351288
680,27.221378326416016,9495.3525390625,0.3938060402870178
681,27.21306610107422,9485.08203125,0.39360472559928894
682,27.20479965209961,9474.8701171875,0.3934042751789093
683,27.196556091308594,9464.7001953125,0.3932047188282013
684,27.188339233398438,9454.5732421875,0.39300593733787537
685,27.18014144897461,9444.4833984375,0.39280790090560913
686,27.171968460083008,9434.435546875,0.392610639333725
687,27.163799285888672,9424.4130859375,0.3924140930175781
688,27.155614852905273,9414.40625,0.3922184109687805
689,27.147451400756836,9404.4384765625,0.39202356338500977
690,27.139291763305664,9394.4990234375,0.3918295204639435
691,27.131114959716797,9384.5732421875,0.3916364014148712
692,27.122909545898438,9374.6552734375,0.3914441764354706
693,27.114683151245117,9364.748046875,0.3912528157234192
694,27.10647964477539,9354.880859375,0.3910622000694275
695,27.098310470581055,9345.060546875,0.3908722996711731
696,27.090194702148438,9335.2978515625,0.3906830847263336
697,27.082128524780273,9325.591796875,0.39049458503723145
698,27.074132919311523,9315.953125,0.39030662178993225
699,27.06617546081543,9306.361328125,0.3901193141937256
700,27.058259963989258,9296.8212890625,0.389932781457901
701,27.050395965576172,9287.3369140625,0.38974684476852417
702,27.04254913330078,9277.88671875,0.38956165313720703
703,27.03474235534668,9268.484375,0.3893771171569824
704,27.026988983154297,9259.140625,0.3891932964324951
705,27.019304275512695,9249.8642578125,0.38901013135910034
706,27.011667251586914,9240.6416015625,0.3888276219367981
707,27.004106521606445,9231.48828125,0.3886457085609436
708,26.996580123901367,9222.3818359375,0.38846448063850403
709,26.989065170288086,9213.3017578125,0.388283908367157
710,26.9815673828125,9204.2568359375,0.3881041407585144
711,26.97408103942871,9195.2421875,0.3879251182079315
712,26.966588973999023,9186.2451171875,0.38774678111076355
713,26.959123611450195,9177.2841796875,0.3875690698623657
714,26.951751708984375,9168.40234375,0.3873917758464813
715,26.9444637298584,9159.59375,0.3872149884700775
716,26.937211990356445,9150.826171875,0.3870386481285095
717,26.929973602294922,9142.0859375,0.38686293363571167
718,26.92268943786621,9133.3349609375,0.38668787479400635
719,26.91538429260254,9124.5888671875,0.38651353120803833
720,26.908082962036133,9115.869140625,0.38633993268013
721,26.900785446166992,9107.169921875,0.38616693019866943
722,26.893503189086914,9098.49609375,0.38599443435668945
723,26.886234283447266,9089.8525390625,0.3858226239681244
724,26.878982543945312,9081.23828125,0.3856513500213623
725,26.871736526489258,9072.6474609375,0.38548076152801514
726,26.86448097229004,9064.0703125,0.3853108882904053
727,26.85719871520996,9055.494140625,0.38514164090156555
728,26.849882125854492,9046.9169921875,0.38497310876846313
729,26.842540740966797,9038.341796875,0.38480526208877563
730,26.835161209106445,9029.7607421875,0.38463807106018066
731,26.82777976989746,9021.1943359375,0.3844713866710663
732,26.820419311523438,9012.6591796875,0.3843052089214325
733,26.813093185424805,9004.162109375,0.3841394782066345
734,26.80582046508789,8995.7119140625,0.3839740455150604
735,26.798599243164062,8987.310546875,0.38380903005599976
736,26.791461944580078,8978.9755859375,0.3836442828178406
737,26.784399032592773,8970.7041015625,0.38347989320755005
738,26.77738380432129,8962.4775390625,0.3833158612251282
739,26.77036476135254,8954.2646484375,0.3831523358821869
740,26.76329231262207,8946.0361328125,0.3829895555973053
741,26.756187438964844,8937.8046875,0.38282740116119385
742,26.749046325683594,8929.56640625,0.38266587257385254
743,26.741897583007812,8921.3388671875,0.38250482082366943
744,26.734758377075195,8913.1328125,0.38234424591064453
745,26.727659225463867,8904.966796875,0.38218405842781067
746,26.720613479614258,8896.8505859375,0.38202428817749023
747,26.713619232177734,8888.7802734375,0.3818648159503937
748,26.706674575805664,8880.7548828125,0.38170576095581055
749,26.69976806640625,8872.76953125,0.38154712319374084
750,26.692888259887695,8864.814453125,0.3813888132572174
751,26.685993194580078,8856.86328125,0.38123100996017456
752,26.679100036621094,8848.9296875,0.3810736835002899
753,26.67222785949707,8841.021484375,0.3809168040752411
754,26.665376663208008,8833.1416015625,0.38076022267341614
755,26.6585636138916,8825.296875,0.38060396909713745
756,26.65172576904297,8817.453125,0.38044828176498413
757,26.64487648010254,8809.61328125,0.38029298186302185
758,26.637989044189453,8801.765625,0.38013824820518494
759,26.631059646606445,8793.90625,0.3799840211868286
760,26.624099731445312,8786.037109375,0.37983018159866333
761,26.617116928100586,8778.171875,0.37967684864997864
762,26.610177993774414,8770.345703125,0.3795238435268402
763,26.603313446044922,8762.57421875,0.37937095761299133
764,26.596542358398438,8754.8740234375,0.3792182505130768
765,26.58982276916504,8747.21484375,0.37906572222709656
766,26.583152770996094,8739.5986328125,0.3789134621620178
767,26.576513290405273,8732.0146484375,0.37876152992248535
768,26.56989860534668,8724.458984375,0.37860995531082153
769,26.563264846801758,8716.90234375,0.37845876812934875
770,26.55657386779785,8709.3232421875,0.37830808758735657
771,26.54978370666504,8701.6953125,0.37815791368484497
772,26.542922973632812,8694.0361328125,0.37800827622413635
773,26.53600311279297,8686.3525390625,0.37785911560058594
774,26.529083251953125,8678.6806640625,0.3777103126049042
775,26.522216796875,8671.0546875,0.3775618374347687
776,26.51542854309082,8663.48828125,0.3774135112762451
777,26.508758544921875,8656.005859375,0.3772652745246887
778,26.50218963623047,8648.5947265625,0.37711718678474426
779,26.49566650390625,8641.2265625,0.3769693970680237
780,26.48918914794922,8633.8984375,0.37682196497917175
781,26.482694625854492,8626.572265625,0.37667495012283325
782,26.476181030273438,8619.2470703125,0.37652844190597534
783,26.469602584838867,8611.8974609375,0.3763824999332428
784,26.46295738220215,8604.51953125,0.37623709440231323
785,26.456283569335938,8597.138671875,0.3760922849178314
786,26.449613571166992,8589.7724609375,0.37594783306121826
787,26.443017959594727,8582.458984375,0.3758033812046051
788,26.43653106689453,8575.22265625,0.37565910816192627
789,26.430131912231445,8568.052734375,0.375514954328537
790,26.42377281188965,8560.9150390625,0.3753710687160492
791,26.417404174804688,8553.783203125,0.3752274811267853
792,26.410980224609375,8546.630859375,0.37508442997932434
793,26.404483795166016,8539.443359375,0.3749418556690216
794,26.397951126098633,8532.248046875,0.3747996985912323
795,26.39141082763672,8525.0556640625,0.37465786933898926
796,26.38492774963379,8517.9111328125,0.37451624870300293
797,26.37851905822754,8510.8212890625,0.37437477707862854
798,26.372194290161133,8503.7900390625,0.3742333650588989
799,26.365917205810547,8496.796875,0.374092161655426
800,26.359642028808594,8489.81640625,0.3739513158798218
801,26.353357315063477,8482.841796875,0.3738107979297638
802,26.347002029418945,8475.8359375,0.3736708462238312
803,26.340572357177734,8468.7958984375,0.3735313415527344
804,26.33409881591797,8461.7421875,0.37339234352111816
805,26.327646255493164,8454.708984375,0.3732535243034363
806,26.32122230529785,8447.7041015625,0.3731149733066559
807,26.31485366821289,8440.7412109375,0.37297654151916504
808,26.308490753173828,8433.7900390625,0.37283840775489807
809,26.30211639404297,8426.845703125,0.37270066142082214
810,26.29570198059082,8419.8876953125,0.37256333231925964
811,26.289268493652344,8412.927734375,0.3724263608455658
812,26.282825469970703,8405.9716796875,0.3722897171974182
813,26.27641487121582,8399.048828125,0.3721533715724945
814,26.27007484436035,8392.17578125,0.37201717495918274
815,26.263805389404297,8385.3544921875,0.37188103795051575
816,26.257558822631836,8378.5546875,0.37174516916275024
817,26.25131607055664,8371.7705078125,0.3716096580028534
818,26.24506187438965,8364.98828125,0.3714744746685028
819,26.23881721496582,8358.220703125,0.3713395297527313
820,26.232576370239258,8351.4658203125,0.3712048828601837
821,26.226318359375,8344.7109375,0.37107059359550476
822,26.220094680786133,8337.9853515625,0.3709365129470825
823,26.213924407958984,8331.2998046875,0.37080255150794983
824,26.207788467407227,8324.6455078125,0.370668888092041
825,26.201641082763672,8317.9931640625,0.3705354928970337
826,26.195449829101562,8311.3251953125,0.3704024851322174
827,26.189218521118164,8304.642578125,0.37026986479759216
828,26.182950973510742,8297.9482421875,0.37013760209083557
829,26.17670249938965,8291.275390625,0.37000563740730286
830,26.17049217224121,8284.6328125,0.3698737919330597
831,26.164335250854492,8278.03125,0.36974215507507324
832,26.158226013183594,8271.4658203125,0.36961060762405396
833,26.152162551879883,8264.9375,0.36947929859161377
834,26.14609146118164,8258.4130859375,0.36934828758239746
835,26.139991760253906,8251.8828125,0.3692176342010498
836,26.13387680053711,8245.3505859375,0.369087278842926
837,26.12776756286621,8238.83203125,0.36895713210105896
838,26.12165641784668,8232.3212890625,0.36882737278938293
839,26.115558624267578,8225.8271484375,0.36869779229164124
840,26.109460830688477,8219.3427734375,0.3685685098171234
841,26.1033878326416,8212.8818359375,0.3684394657611847
842,26.09735107421875,8206.4501953125,0.3683106005191803
843,26.091350555419922,8200.0478515625,0.36818185448646545
844,26.08538818359375,8193.6748046875,0.36805325746536255
845,26.079431533813477,8187.314453125,0.36792489886283875
846,26.073453903198242,8180.94921875,0.3677968680858612
847,26.067445755004883,8174.57763671875,0.3676691949367523
848,26.061410903930664,8168.1982421875,0.3675418496131897
849,26.05535316467285,8161.81640625,0.3674149513244629
850,26.04929542541504,8155.44384765625,0.3672882616519928
851,26.043243408203125,8149.08154296875,0.3671618402004242
852,26.03721046447754,8142.7392578125,0.3670356273651123
853,26.031221389770508,8136.43017578125,0.3669095039367676
854,26.025279998779297,8130.15625,0.3667834997177124
855,26.019363403320312,8123.904296875,0.36665764451026917
856,26.0134220123291,8117.64404296875,0.36653202772140503
857,26.007429122924805,8111.36279296875,0.36640676856040955
858,26.001405715942383,8105.0703125,0.36628177762031555
859,25.99538230895996,8098.78662109375,0.36615702509880066
860,25.989376068115234,8092.5205078125,0.3660324215888977
861,25.9834041595459,8086.28125,0.3659079968929291
862,25.97749137878418,8080.083984375,0.3657836616039276
863,25.97161865234375,8073.91650390625,0.3656594157218933
864,25.965749740600586,8067.7587890625,0.36553531885147095
865,25.959836959838867,8061.5830078125,0.3654116094112396
866,25.953920364379883,8055.41259765625,0.36528804898262024
867,25.948015213012695,8049.25537109375,0.36516469717025757
868,25.942094802856445,8043.09765625,0.3650416135787964
869,25.93614387512207,8036.931640625,0.36491885781288147
870,25.93016242980957,8030.7548828125,0.36479640007019043
871,25.92418098449707,8024.58447265625,0.3646741807460785
872,25.918209075927734,8018.4296875,0.3645521402359009
873,25.91225814819336,8012.29345703125,0.3644302785396576
874,25.906333923339844,8006.17822265625,0.36430850625038147
875,25.900453567504883,8000.0947265625,0.3641868233680725
876,25.894617080688477,7994.0458984375,0.3640653192996979
877,25.888813018798828,7988.0224609375,0.3639439642429352
878,25.8830623626709,7982.03759765625,0.36382269859313965
879,25.87734603881836,7976.078125,0.3637015223503113
880,25.871662139892578,7970.1435546875,0.36358049511909485
881,25.86600685119629,7964.232421875,0.36345958709716797
882,25.860353469848633,7958.33056640625,0.3633389174938202
883,25.85468292236328,7952.42529296875,0.36321842670440674
884,25.848979949951172,7946.50927734375,0.3630983233451843
885,25.84322166442871,7940.56982421875,0.36297857761383057
886,25.837417602539062,7934.61279296875,0.36285918951034546
887,25.83155632019043,7928.6328125,0.36274024844169617
888,25.82567024230957,7922.64697265625,0.36262163519859314
889,25.819826126098633,7916.68994140625,0.3625030815601349
890,25.81403350830078,7910.7685546875,0.362384557723999
891,25.808305740356445,7904.89208984375,0.36226609349250793
892,25.802644729614258,7899.05712890625,0.36214762926101685
893,25.79701805114746,7893.25048828125,0.3620292842388153
894,25.791412353515625,7887.4599609375,0.36191102862358093
895,25.78580093383789,7881.673828125,0.3617929518222809
896,25.780162811279297,7875.87890625,0.3616752028465271
897,25.77447509765625,7870.06396484375,0.3615577220916748
898,25.768766403198242,7864.2421875,0.3614404797554016
899,25.763092041015625,7858.44677734375,0.36132341623306274
900,25.757482528686523,7852.69580078125,0.36120638251304626
901,25.751916885375977,7846.9755859375,0.36108940839767456
902,25.746322631835938,7841.2470703125,0.36097273230552673
903,25.740697860717773,7835.50634765625,0.3608563244342804
904,25.735034942626953,7829.751953125,0.36074018478393555
905,25.72936248779297,7823.99853515625,0.3606242537498474
906,25.723709106445312,7818.2626953125,0.36050844192504883
907,25.71808433532715,7812.546875,0.3603927195072174
908,25.71250343322754,7806.86181640625,0.3602770268917084
909,25.706945419311523,7801.1962890625,0.3601614534854889
910,25.70140266418457,7795.54541015625,0.36004605889320374
911,25.695859909057617,7789.900390625,0.35993078351020813
912,25.6903076171875,7784.2578125,0.3598158061504364
913,25.684728622436523,7778.6064453125,0.3597010672092438
914,25.679134368896484,7772.953125,0.35958656668663025
915,25.673559188842773,7767.3173828125,0.35947221517562866
916,25.668060302734375,7761.728515625,0.3593577742576599
917,25.662626266479492,7756.181640625,0.35924333333969116
918,25.657243728637695,7750.66796875,0.3591289222240448
919,25.651884078979492,7745.1748046875,0.3590146601200104
920,25.646514892578125,7739.6826171875,0.35890063643455505
921,25.641082763671875,7734.1611328125,0.3587869107723236
922,25.63559913635254,7728.6181640625,0.3586735129356384
923,25.63010597229004,7723.0751953125,0.3585602939128876
924,25.624645233154297,7717.55810546875,0.35844725370407104
925,25.619232177734375,7712.0732421875,0.3583342432975769
926,25.613889694213867,7706.63134765625,0.3582212030887604
927,25.60860252380371,7701.2265625,0.35810816287994385
928,25.603336334228516,7695.8369140625,0.3579951822757721
929,25.598037719726562,7690.43701171875,0.35788246989250183
930,25.592714309692383,7685.029296875,0.35777002573013306
931,25.587387084960938,7679.62255859375,0.35765767097473145
932,25.582014083862305,7674.19873046875,0.3575456440448761
933,25.576574325561523,7668.7431640625,0.35743391513824463
934,25.57113265991211,7663.2919921875,0.3573223948478699
935,25.56573486328125,7657.8720703125,0.3572109341621399
936,25.560373306274414,7652.474609375,0.3570994436740875
937,25.55502700805664,7647.09228515625,0.3569880723953247
938,25.549694061279297,7641.7216796875,0.35687682032585144
939,25.544376373291016,7636.3662109375,0.3567657172679901
940,25.539073944091797,7631.0244140625,0.35665473341941833
941,25.533809661865234,7625.7099609375,0.35654380917549133
942,25.528610229492188,7620.4345703125,0.35643285512924194
943,25.5234432220459,7615.18359375,0.35632196068763733
944,25.518278121948242,7609.93701171875,0.35621118545532227
945,25.513063430786133,7604.6689453125,0.3561006486415863
946,25.507795333862305,7599.376953125,0.3559904396533966
947,25.502519607543945,7594.087890625,0.355880469083786
948,25.497262954711914,7588.8154296875,0.3557705879211426
949,25.492033004760742,7583.560546875,0.35566070675849915
950,25.486818313598633,7578.3193359375,0.35555100440979004
951,25.481609344482422,7573.08740234375,0.3554413914680481
952,25.476375579833984,7567.84814453125,0.35533204674720764
953,25.471141815185547,7562.61474609375,0.3552228808403015
954,25.46596908569336,7557.41943359375,0.3551137149333954
955,25.460861206054688,7552.2646484375,0.35500457882881165
956,25.455759048461914,7547.11865234375,0.35489556193351746
957,25.450666427612305,7541.98291015625,0.35478663444519043
958,25.44556999206543,7536.85009765625,0.35467782616615295
959,25.440481185913086,7531.724609375,0.35456910729408264
960,25.435420989990234,7526.619140625,0.3544604480266571
961,25.430349349975586,7521.51171875,0.3543519079685211
962,25.425256729125977,7516.400390625,0.35424357652664185
963,25.42013931274414,7511.27880859375,0.35413551330566406
964,25.41497230529785,7506.13623046875,0.354027658700943
965,25.409807205200195,7500.998046875,0.3539199233055115
966,25.404687881469727,7495.890625,0.35381224751472473
967,25.39961814880371,7490.81640625,0.3537046015262604
968,25.39457130432129,7485.7587890625,0.3535970151424408
969,25.3895263671875,7480.70556640625,0.3534895181655884
970,25.384483337402344,7475.66064453125,0.35338225960731506
971,25.379470825195312,7470.63671875,0.35327500104904175
972,25.374500274658203,7465.6396484375,0.3531677722930908
973,25.369577407836914,7460.6728515625,0.35306060314178467
974,25.364669799804688,7455.72119140625,0.3529535233974457
975,25.35976791381836,7450.77685546875,0.3528466522693634
976,25.354841232299805,7445.82666015625,0.3527400493621826
977,25.349863052368164,7440.853515625,0.3526337444782257
978,25.344852447509766,7435.86767578125,0.3525276780128479
979,25.339820861816406,7430.87744140625,0.3524218201637268
980,25.33479118347168,7425.89111328125,0.35231608152389526
981,25.32976531982422,7420.91357421875,0.35221049189567566
982,25.324726104736328,7415.93212890625,0.3521050810813904
983,25.319686889648438,7410.9580078125,0.3519998788833618
984,25.31464195251465,7405.984375,0.3518947958946228
985,25.30960464477539,7401.01953125,0.35178980231285095
986,25.304607391357422,7396.0830078125,0.35168489813804626
987,25.299665451049805,7391.177734375,0.3515799045562744
988,25.294775009155273,7386.3056640625,0.35147491097450256
989,25.2899227142334,7381.45703125,0.3513698875904083
990,25.28508186340332,7376.6201171875,0.351265013217926
991,25.28021240234375,7371.7734375,0.3511604070663452
992,25.275304794311523,7366.9111328125,0.3510560095310211
993,25.270381927490234,7362.04443359375,0.35095179080963135
994,25.26544952392578,7357.17724609375,0.35084769129753113
995,25.26053237915039,7352.32421875,0.35074371099472046
996,25.25565528869629,7347.49609375,0.3506397604942322
997,25.25078010559082,7342.67138671875,0.3505358099937439
998,25.245922088623047,7337.86083984375,0.35043200850486755
999,25.24104881286621,7333.04638671875,0.35032832622528076
1000,25.236141204833984,7328.2177734375,0.3502248525619507
1001,25.231197357177734,7323.37548828125,0.3501216173171997
1002,25.226205825805664,7318.51318359375,0.3500186800956726
1003,25.2211971282959,7313.6474609375,0.34991592168807983
1004,25.21622085571289,7308.80224609375,0.34981322288513184
1005,25.2113037109375,7303.9951171875,0.3497105836868286
1006,25.206418991088867,7299.20703125,0.3496078848838806
1007,25.201515197753906,7294.41552734375,0.3495054543018341
1008,25.196603775024414,7289.6240234375,0.34940317273139954
1009,25.191686630249023,7284.83642578125,0.3493010997772217
1010,25.186737060546875,7280.0341796875,0.34919917583465576
1011,25.181760787963867,7275.2236328125,0.34909749031066895
1012,25.176746368408203,7270.396484375,0.34899601340293884
1013,25.171703338623047,7265.56005859375,0.34889474511146545
1014,25.166662216186523,7260.72802734375,0.348793625831604
1015,25.16163444519043,7255.9072265625,0.34869250655174255
1016,25.15665626525879,7251.1171875,0.3485914468765259
1017,25.151737213134766,7246.36376953125,0.3484903872013092
1018,25.146848678588867,7241.6298828125,0.3483893573284149
1019,25.1419734954834,7236.9091796875,0.3482884466648102
1020,25.137117385864258,7232.20263671875,0.3481876254081726
1021,25.132286071777344,7227.51318359375,0.34808680415153503
1022,25.12750244140625,7222.8515625,0.34798601269721985
1023,25.122760772705078,7218.21875,0.34788528084754944
1024,25.11804962158203,7213.60791015625,0.3477846682071686
1025,25.113386154174805,7209.025390625,0.34768402576446533
1026,25.108753204345703,7204.46484375,0.347583532333374
1027,25.10410499572754,7199.9013671875,0.34748315811157227
1028,25.099411010742188,7195.31640625,0.3473830819129944
1029,25.09465980529785,7190.7080078125,0.3472833037376404
1030,25.08990478515625,7186.1025390625,0.3471836745738983
1031,25.085180282592773,7181.51708984375,0.3470841646194458
1032,25.08048439025879,7176.9521484375,0.34698471426963806
1033,25.075822830200195,7172.40869140625,0.3468852937221527
1034,25.0711727142334,7167.875,0.3467859625816345
1035,25.0665225982666,7163.34716796875,0.3466867506504059
1036,25.061864852905273,7158.81787109375,0.3465876579284668
1037,25.057180404663086,7154.27880859375,0.3464887738227844
1038,25.052473068237305,7149.73388671875,0.34639009833335876
1039,25.047767639160156,7145.1923828125,0.3462914824485779
1040,25.04305076599121,7140.6494140625,0.3461930453777313
1041,25.038345336914062,7136.115234375,0.34609466791152954
1042,25.033649444580078,7131.59228515625,0.3459964394569397
1043,25.028968811035156,7127.08056640625,0.34589824080467224
1044,25.024280548095703,7122.568359375,0.3458001911640167
1045,25.019594192504883,7118.0625,0.34570229053497314
1046,25.01495933532715,7113.587890625,0.3456043601036072
1047,25.010366439819336,7109.13818359375,0.3455064594745636
1048,25.005817413330078,7104.71533203125,0.34540852904319763
1049,25.001279830932617,7100.302734375,0.3453107178211212
1050,24.9966983795166,7095.87060546875,0.3452130854129791
1051,24.992076873779297,7091.4228515625,0.3451157212257385
1052,24.987455368041992,7086.9775390625,0.3450184166431427
1053,24.982872009277344,7082.556640625,0.3449211120605469
1054,24.97833824157715,7078.16455078125,0.34482380747795105
1055,24.97378921508789,7073.76806640625,0.34472665190696716
1056,24.96927833557129,7069.3955078125,0.3446294665336609
1057,24.964767456054688,7065.02783203125,0.34453243017196655
1058,24.96019744873047,7060.630859375,0.34443557262420654
1059,24.95560073852539,7056.2236328125,0.34433889389038086
1060,24.951005935668945,7051.8212890625,0.34424227476119995
1061,24.946426391601562,7047.43115234375,0.3441457450389862
1062,24.94183921813965,7043.0400390625,0.3440493643283844
1063,24.93722915649414,7038.6416015625,0.34395313262939453
1064,24.932640075683594,7034.25830078125,0.34385696053504944
1065,24.9281005859375,7029.90283203125,0.34376072883605957
1066,24.923606872558594,7025.57470703125,0.3436644971370697
1067,24.919105529785156,7021.24755859375,0.3435683846473694
1068,24.91462516784668,7016.935546875,0.34347236156463623
1069,24.91015625,7012.6318359375,0.3433764576911926
1070,24.905681610107422,7008.33056640625,0.3432806730270386
1071,24.901145935058594,7004.0,0.34318509697914124
1072,24.896570205688477,6999.65673828125,0.34308987855911255
1073,24.891935348510742,6995.28515625,0.34299495816230774
1074,24.887277603149414,6990.90576171875,0.3429001271724701
1075,24.882671356201172,6986.55712890625,0.34280529618263245
1076,24.87815284729004,6982.25537109375,0.3427102863788605
1077,24.873653411865234,6977.9677734375,0.3426153361797333
1078,24.869129180908203,6973.671875,0.3425205647945404
1079,24.864559173583984,6969.353515625,0.34242597222328186
1080,24.859962463378906,6965.02880859375,0.3423316478729248
1081,24.85538673400879,6960.716796875,0.34223732352256775
1082,24.850858688354492,6956.43359375,0.3421429991722107
1083,24.846359252929688,6952.16845703125,0.342048704624176
1084,24.841876983642578,6947.9150390625,0.34195443987846375
1085,24.837383270263672,6943.66015625,0.3418603539466858
1086,24.83286476135254,6939.3974609375,0.34176647663116455
1087,24.828327178955078,6935.12744140625,0.34167271852493286
1088,24.823787689208984,6930.861328125,0.3415791690349579
1089,24.819286346435547,6926.6201171875,0.3414856195449829
1090,24.8148136138916,6922.3955078125,0.34139207005500793
1091,24.810365676879883,6918.1865234375,0.34129852056503296
1092,24.805932998657227,6913.9912109375,0.34120509028434753
1093,24.801509857177734,6909.80126953125,0.3411117196083069
1094,24.797096252441406,6905.623046875,0.3410184979438782
1095,24.792680740356445,6901.44677734375,0.34092533588409424
1096,24.78826904296875,6897.2744140625,0.34083229303359985
1097,24.783843994140625,6893.099609375,0.340739369392395
1098,24.779409408569336,6888.92431640625,0.3406465947628021
1099,24.77495765686035,6884.7431640625,0.3405539393424988
1100,24.770488739013672,6880.55712890625,0.3404614329338074
1101,24.76601219177246,6876.37109375,0.3403690755367279
1102,24.761577606201172,6872.21044921875,0.34027671813964844
1103,24.757186889648438,6868.0751953125,0.3401843309402466
1104,24.752826690673828,6863.95849609375,0.3400919735431671
1105,24.748435974121094,6859.830078125,0.33999988436698914
1106,24.744003295898438,6855.685546875,0.3399079740047455
1107,24.73956298828125,6851.54150390625,0.33981624245643616
1108,24.735158920288086,6847.41796875,0.33972448110580444
1109,24.730785369873047,6843.31201171875,0.33963266015052795
1110,24.726404190063477,6839.20556640625,0.3395409882068634
1111,24.722009658813477,6835.09521484375,0.339449405670166
1112,24.71759033203125,6830.9765625,0.33935800194740295
1113,24.713138580322266,6826.84375,0.33926671743392944
1114,24.708683013916016,6822.71337890625,0.33917558193206787
1115,24.704227447509766,6818.5849609375,0.3390845060348511
1116,24.699739456176758,6814.4453125,0.3389936685562134
1117,24.695247650146484,6810.306640625,0.33890295028686523
1118,24.69077491760254,6806.18310546875,0.33881229162216187
1119,24.686321258544922,6802.072265625,0.33872169256210327
1120,24.681867599487305,6797.9638671875,0.33863121271133423
1121,24.677425384521484,6793.8642578125,0.3385407328605652
1122,24.67302131652832,6789.7861328125,0.33845025300979614
1123,24.668651580810547,6785.72998046875,0.3383597433567047
1124,24.664302825927734,6781.6875,0.33826932311058044
1125,24.65995216369629,6777.64501953125,0.3381789028644562
1126,24.655603408813477,6773.60986328125,0.3380886912345886
1127,24.651277542114258,6769.58740234375,0.3379984200000763
1128,24.646991729736328,6765.58837890625,0.3379081189632416
1129,24.642730712890625,6761.60400390625,0.33781781792640686
1130,24.638437271118164,6757.607421875,0.33772775530815125
1131,24.634130477905273,6753.6064453125,0.337637722492218
1132,24.629812240600586,6749.603515625,0.3375478982925415
1133,24.625513076782227,6745.61474609375,0.3374581038951874
1134,24.62124252319336,6741.6435546875,0.337368369102478
1135,24.61700439453125,6737.6904296875,0.3372786045074463
1136,24.612781524658203,6733.74951171875,0.3371889293193817
1137,24.60857582092285,6729.8203125,0.3370992839336395
1138,24.604373931884766,6725.89404296875,0.3370096683502197
1139,24.600162506103516,6721.966796875,0.3369201719760895
1140,24.595935821533203,6718.03759765625,0.33683091402053833
1141,24.59170913696289,6714.111328125,0.33674177527427673
1142,24.587482452392578,6710.18798828125,0.3366526961326599
1143,24.583267211914062,6706.2744140625,0.33656370639801025
1144,24.579057693481445,6702.36572265625,0.33647477626800537
1145,24.574848175048828,6698.4619140625,0.33638596534729004
1146,24.57063102722168,6694.556640625,0.33629730343818665
1147,24.566390991210938,6690.64453125,0.33620885014533997
1148,24.562171936035156,6686.7470703125,0.33612045645713806
1149,24.558002471923828,6682.875,0.3360319435596466
1150,24.553878784179688,6679.0322265625,0.3359434902667999
1151,24.54976463317871,6675.1943359375,0.33585506677627563
1152,24.545656204223633,6671.36572265625,0.3357667922973633
1153,24.541545867919922,6667.54052734375,0.33567872643470764
1154,24.53743553161621,6663.71630859375,0.335590660572052
1155,24.533315658569336,6659.890625,0.3355027437210083
1156,24.52919578552246,6656.0703125,0.33541494607925415
1157,24.525081634521484,6652.25537109375,0.33532729744911194
1158,24.520986557006836,6648.45263671875,0.33523961901664734
1159,24.516889572143555,6644.6533203125,0.33515211939811707
1160,24.512773513793945,6640.84716796875,0.33506470918655396
1161,24.508621215820312,6637.02490234375,0.3349774479866028
1162,24.504451751708984,6633.2001953125,0.3348904252052307
1163,24.50027847290039,6629.37353515625,0.3348034620285034
1164,24.49610137939453,6625.55029296875,0.3347166180610657
1165,24.491926193237305,6621.73095703125,0.3346298336982727
1166,24.487747192382812,6617.912109375,0.3345431983470917
1167,24.483579635620117,6614.103515625,0.3344566226005554
1168,24.479406356811523,6610.2939453125,0.3343701660633087
1169,24.475234985351562,6606.49072265625,0.33428385853767395
1170,24.471054077148438,6602.68603515625,0.33419767022132874
1171,24.4669189453125,6598.90625,0.3341114819049835
1172,24.462831497192383,6595.15478515625,0.3340253233909607
1173,24.458782196044922,6591.423828125,0.3339391350746155
1174,24.454757690429688,6587.7099609375,0.33385294675827026
1175,24.450733184814453,6583.99853515625,0.333766907453537
1176,24.44668197631836,6580.27734375,0.3336810767650604
1177,24.44260025024414,6576.544921875,0.3335953950881958
1178,24.438480377197266,6572.79541015625,0.3335098624229431
1179,24.43434715270996,6569.0458984375,0.3334245979785919
1180,24.430208206176758,6565.294921875,0.3333394229412079
1181,24.42608642578125,6561.55712890625,0.3332543671131134
1182,24.42201805114746,6557.8486328125,0.33316925168037415
1183,24.417991638183594,6554.16455078125,0.3330841362476349
1184,24.413984298706055,6550.4912109375,0.3329990804195404
1185,24.40995216369629,6546.8115234375,0.33291420340538025
1186,24.405899047851562,6543.123046875,0.33282944560050964
1187,24.401872634887695,6539.4501953125,0.3327447175979614
1188,24.397872924804688,6535.7939453125,0.3326599895954132
1189,24.39390754699707,6532.15673828125,0.3325752913951874
1190,24.389989852905273,6528.54736328125,0.33249056339263916
1191,24.386091232299805,6524.95166015625,0.3324059844017029
1192,24.382198333740234,6521.3603515625,0.3323214054107666
1193,24.378293991088867,6517.76708984375,0.33223700523376465
1194,24.37432098388672,6514.142578125,0.3321528732776642
1195,24.370288848876953,6510.49365234375,0.3320690095424652
1196,24.36621856689453,6506.8291015625,0.33198535442352295
1197,24.36212921142578,6503.15771484375,0.33190181851387024
1198,24.358055114746094,6499.498046875,0.3318183422088623
1199,24.354034423828125,6495.865234375,0.3317347764968872
1200,24.350046157836914,6492.25048828125,0.3316511809825897
1201,24.346084594726562,6488.654296875,0.3315677344799042
1202,24.342134475708008,6485.06640625,0.331484317779541
1203,24.338178634643555,6481.47900390625,0.3314010202884674
1204,24.33422088623047,6477.8935546875,0.33131787180900574
1205,24.33030891418457,6474.33251953125,0.3312346339225769
1206,24.32638168334961,6470.7685546875,0.33115154504776
1207,24.322420120239258,6467.189453125,0.33106866478919983
1208,24.31845474243164,6463.61181640625,0.3309858739376068
1209,24.31452751159668,6460.05712890625,0.33090314269065857
1210,24.31058120727539,6456.49658203125,0.3308205306529999
1211,24.306650161743164,6452.9443359375,0.33073797821998596
1212,24.30268669128418,6449.38232421875,0.33065569400787354
1213,24.298688888549805,6445.80615234375,0.33057355880737305
1214,24.294710159301758,6442.2421875,0.3304915130138397
1215,24.290769577026367,6438.69873046875,0.33040937781333923
1216,24.286848068237305,6435.16748046875,0.33032727241516113
1217,24.282936096191406,6431.6435546875,0.3302452564239502
1218,24.279041290283203,6428.130859375,0.33016330003738403
1219,24.275136947631836,6424.61669921875,0.33008143305778503
1220,24.27121353149414,6421.09716796875,0.32999980449676514
1221,24.267290115356445,6417.580078125,0.3299182057380676
1222,24.263381958007812,6414.072265625,0.3298366665840149
1223,24.259475708007812,6410.5703125,0.3297552764415741
1224,24.255578994750977,6407.07421875,0.3296738564968109
1225,24.25165367126465,6403.56884765625,0.3295927047729492
1226,24.24769401550293,6400.048828125,0.3295116722583771
1227,24.243736267089844,6396.533203125,0.32943078875541687
1228,24.239765167236328,6393.013671875,0.32934996485710144
1229,24.235776901245117,6389.490234375,0.3292693495750427
1230,24.231779098510742,6385.96435546875,0.32918885350227356
1231,24.2277774810791,6382.4375,0.3291083872318268
1232,24.22376823425293,6378.9111328125,0.32902804017066956
1233,24.21979522705078,6375.40576171875,0.3289477229118347
1234,24.215866088867188,6371.9228515625,0.3288673162460327
1235,24.21198844909668,6368.46728515625,0.3287868797779083
1236,24.20810317993164,6365.01171875,0.3287065923213959
1237,24.204191207885742,6361.54638671875,0.32862645387649536
1238,24.20025062561035,6358.07080078125,0.3285464644432068
1239,24.196319580078125,6354.60205078125,0.3284665644168854
1240,24.192420959472656,6351.1513671875,0.32838669419288635
1241,24.188549041748047,6347.716796875,0.3283068537712097
1242,24.18471336364746,6344.3037109375,0.3282270133495331
1243,24.180919647216797,6340.91259765625,0.32814714312553406
1244,24.177122116088867,6337.52294921875,0.328067421913147
1245,24.17331886291504,6334.1328125,0.32798779010772705
1246,24.169490814208984,6330.73388671875,0.32790833711624146
1247,24.165651321411133,6327.33251953125,0.327828973531723
1248,24.16178321838379,6323.9208984375,0.3277498483657837
1249,24.15790557861328,6320.5078125,0.3276708126068115
1250,24.154008865356445,6317.08642578125,0.32759180665016174
1251,24.150100708007812,6313.66357421875,0.3275130093097687
1252,24.146188735961914,6310.2421875,0.32743433117866516
1253,24.142284393310547,6306.8271484375,0.32735568284988403
1254,24.138383865356445,6303.41650390625,0.32727715373039246
1255,24.13450813293457,6300.02001953125,0.3271986246109009
1256,24.130661010742188,6296.63916015625,0.3271200954914093
1257,24.126802444458008,6293.25830078125,0.32704174518585205
1258,24.122920989990234,6289.8662109375,0.3269634544849396
1259,24.119009017944336,6286.4638671875,0.3268853724002838
1260,24.11509895324707,6283.0654296875,0.3268073797225952
1261,24.111217498779297,6279.6826171875,0.3267293870449066
1262,24.107370376586914,6276.3193359375,0.32665136456489563
1263,24.103574752807617,6272.982421875,0.32657331228256226
1264,24.09979248046875,6269.6552734375,0.32649537920951843
1265,24.096017837524414,6266.33544921875,0.3264175057411194
1266,24.092235565185547,6263.0146484375,0.3263397216796875
1267,24.088451385498047,6259.69384765625,0.32626205682754517
1268,24.084659576416016,6256.3740234375,0.32618448138237
1269,24.080886840820312,6253.06640625,0.326106995344162
1270,24.0771484375,6249.77685546875,0.326029509305954
1271,24.073436737060547,6246.50244140625,0.3259519636631012
1272,24.069713592529297,6243.22509765625,0.3258746266365051
1273,24.06597328186035,6239.9443359375,0.3257974088191986
1274,24.06221580505371,6236.65771484375,0.3257203698158264
1275,24.05845069885254,6233.37060546875,0.3256434202194214
1276,24.05467414855957,6230.08056640625,0.3255666494369507
1277,24.050880432128906,6226.78466796875,0.32548996806144714
1278,24.047077178955078,6223.48828125,0.32541343569755554
1279,24.043264389038086,6220.18896484375,0.3253369927406311
1280,24.039466857910156,6216.89990234375,0.32526060938835144
1281,24.035720825195312,6213.638671875,0.3251842260360718
1282,24.032033920288086,6210.40771484375,0.32510775327682495
1283,24.028322219848633,6207.16748046875,0.32503142952919006
1284,24.024595260620117,6203.92333984375,0.3249553143978119
1285,24.02085304260254,6200.67578125,0.32487931847572327
1286,24.017107009887695,6197.42919921875,0.3248034715652466
1287,24.013364791870117,6194.18701171875,0.3247276842594147
1288,24.009628295898438,6190.95166015625,0.3246520161628723
1289,24.00591468811035,6187.7294921875,0.3245764374732971
1290,24.002180099487305,6184.50048828125,0.3245009779930115
1291,23.998414993286133,6181.25927734375,0.32442569732666016
1292,23.99462127685547,6178.0087890625,0.32435065507888794
1293,23.990793228149414,6174.74462890625,0.32427576184272766
1294,23.98695945739746,6171.48095703125,0.32420098781585693
1295,23.983142852783203,6168.2275390625,0.32412630319595337
1296,23.979341506958008,6164.98583984375,0.3240516781806946
1297,23.975528717041016,6161.74072265625,0.32397714257240295
1298,23.971752166748047,6158.51513671875,0.3239026367664337
1299,23.968015670776367,6155.3095703125,0.3238280415534973
1300,23.964298248291016,6152.11767578125,0.32375356554985046
1301,23.96058464050293,6148.9306640625,0.32367920875549316
1302,23.956863403320312,6145.7412109375,0.323604941368103
1303,23.953142166137695,6142.5576171875,0.3235308527946472
1304,23.949424743652344,6139.375,0.323456734418869
1305,23.945711135864258,6136.1982421875,0.32338273525238037
1306,23.94200897216797,6133.03076171875,0.3233088552951813
1307,23.93828582763672,6129.85546875,0.32323509454727173
1308,23.934537887573242,6126.6728515625,0.3231615722179413
1309,23.9307804107666,6123.48779296875,0.3230881690979004
1310,23.927017211914062,6120.30322265625,0.32301488518714905
1311,23.923254013061523,6117.1220703125,0.32294169068336487
1312,23.919546127319336,6113.96923828125,0.3228684961795807
1313,23.915910720825195,6110.85302734375,0.32279515266418457
1314,23.91234016418457,6107.7685546875,0.3227217495441437
1315,23.908782958984375,6104.6943359375,0.32264843583106995
1316,23.905187606811523,6101.60595703125,0.3225753605365753
1317,23.90153694152832,6098.4951171875,0.3225025534629822
1318,23.897844314575195,6095.36474609375,0.3224298655986786
1319,23.89417266845703,6092.25,0.3223573565483093
1320,23.890535354614258,6089.1533203125,0.3222847878932953
1321,23.886959075927734,6086.0859375,0.3222121000289917
1322,23.88343620300293,6083.04638671875,0.3221393823623657
1323,23.879945755004883,6080.02587890625,0.3220667541027069
1324,23.876455307006836,6077.00634765625,0.3219941258430481
1325,23.87294578552246,6073.98193359375,0.321921706199646
1326,23.869388580322266,6070.93798828125,0.3218494951725006
1327,23.86580467224121,6067.8837890625,0.32177743315696716
1328,23.862184524536133,6064.8154296875,0.32170557975769043
1329,23.858545303344727,6061.7421875,0.321633905172348
1330,23.85492515563965,6058.6796875,0.3215622305870056
1331,23.85133171081543,6055.6318359375,0.32149064540863037
1332,23.84775733947754,6052.5947265625,0.32141903042793274
1333,23.844205856323242,6049.5732421875,0.32134750485420227
1334,23.84067153930664,6046.5595703125,0.3212759792804718
1335,23.837154388427734,6043.55712890625,0.3212044835090637
1336,23.83367347717285,6040.57470703125,0.321133017539978
1337,23.830215454101562,6037.6044921875,0.3210615813732147
1338,23.8267879486084,6034.6513671875,0.3209901452064514
1339,23.823392868041992,6031.71533203125,0.3209187090396881
1340,23.81998634338379,6028.775390625,0.3208473324775696
1341,23.816516876220703,6025.81201171875,0.3207763433456421
1342,23.81298828125,6022.8212890625,0.32070550322532654
1343,23.809412002563477,6019.8115234375,0.3206348717212677
1344,23.805803298950195,6016.78955078125,0.32056447863578796
1345,23.802221298217773,6013.7822265625,0.3204940855503082
1346,23.79866600036621,6010.7890625,0.3204236924648285
1347,23.795120239257812,6007.8046875,0.32035335898399353
1348,23.79159164428711,6004.82958984375,0.32028308510780334
1349,23.78809356689453,6001.86962890625,0.3202127516269684
1350,23.78460121154785,5998.916015625,0.32014256715774536
1351,23.78110694885254,5995.962890625,0.32007238268852234
1352,23.777610778808594,5993.01171875,0.3200022876262665
1353,23.774106979370117,5990.05810546875,0.3199322521686554
1354,23.770591735839844,5987.10302734375,0.31986239552497864
1355,23.767072677612305,5984.1474609375,0.31979262828826904
1356,23.763521194458008,5981.181640625,0.31972309947013855
1357,23.759923934936523,5978.1953125,0.3196536898612976
1358,23.756319046020508,5975.20849609375,0.3195844292640686
1359,23.75274658203125,5972.23876953125,0.3195151686668396
1360,23.74921989440918,5969.29296875,0.3194458484649658
1361,23.745752334594727,5966.376953125,0.31937646865844727
1362,23.74231719970703,5963.47802734375,0.3193071186542511
1363,23.738826751708984,5960.55517578125,0.31923800706863403
1364,23.735280990600586,5957.61279296875,0.31916919350624084
1365,23.731752395629883,5954.677734375,0.31910035014152527
1366,23.728261947631836,5951.7646484375,0.3190315365791321
1367,23.724802017211914,5948.8662109375,0.3189627230167389
1368,23.721345901489258,5945.9736328125,0.31889399886131287
1369,23.717931747436523,5943.1025390625,0.31882530450820923
1370,23.714519500732422,5940.2333984375,0.3187566101551056
1371,23.711050033569336,5937.34130859375,0.31868818402290344
1372,23.70749855041504,5934.41357421875,0.3186200261116028
1373,23.703887939453125,5931.462890625,0.3185521364212036
1374,23.700281143188477,5928.515625,0.318484365940094
1375,23.696706771850586,5925.5849609375,0.3184165358543396
1376,23.69318389892578,5922.6796875,0.3183486759662628
1377,23.689685821533203,5919.78857421875,0.31828081607818604
1378,23.686180114746094,5916.896484375,0.3182131052017212
1379,23.682634353637695,5913.98974609375,0.3181455731391907
1380,23.67906951904297,5911.07568359375,0.3180782198905945
1381,23.675518035888672,5908.169921875,0.3180108368396759
1382,23.672040939331055,5905.30078125,0.31794339418411255
1383,23.668642044067383,5902.46875,0.31787577271461487
1384,23.665298461914062,5899.6640625,0.3178080916404724
1385,23.661956787109375,5896.86279296875,0.3177405297756195
1386,23.658571243286133,5894.0439453125,0.31767311692237854
1387,23.655134201049805,5891.205078125,0.31760600209236145
1388,23.651653289794922,5888.3486328125,0.3175390958786011
1389,23.648164749145508,5885.4912109375,0.31747227907180786
1390,23.644685745239258,5882.6396484375,0.3174055218696594
1391,23.641193389892578,5879.78466796875,0.31733885407447815
1392,23.637691497802734,5876.927734375,0.3172723650932312
1393,23.6341609954834,5874.06103515625,0.3172060549259186
1394,23.630615234375,5871.18896484375,0.3171398639678955
1395,23.627105712890625,5868.33642578125,0.31707361340522766
1396,23.623645782470703,5865.5087890625,0.3170073628425598
1397,23.620203018188477,5862.69091796875,0.31694114208221436
1398,23.616785049438477,5859.88525390625,0.3168748617172241
1399,23.613372802734375,5857.08544921875,0.3168087303638458
1400,23.609956741333008,5854.28662109375,0.3167426586151123
1401,23.60654067993164,5851.48828125,0.31667664647102356
1402,23.603097915649414,5848.681640625,0.31661081314086914
1403,23.599655151367188,5845.876953125,0.3165450096130371
1404,23.596223831176758,5843.07861328125,0.31647929549217224
1405,23.592805862426758,5840.2890625,0.3164135813713074
1406,23.58942222595215,5837.5166015625,0.3163478374481201
1407,23.586063385009766,5834.75732421875,0.31628215312957764
1408,23.582731246948242,5832.01318359375,0.31621646881103516
1409,23.57942008972168,5829.2802734375,0.3161507546901703
1410,23.576120376586914,5826.55224609375,0.31608501076698303
1411,23.572813034057617,5823.82421875,0.3160194456577301
1412,23.56948471069336,5821.08935546875,0.3159540295600891
1413,23.566123962402344,5818.34130859375,0.3158887028694153
1414,23.562734603881836,5815.58251953125,0.3158235251903534
1415,23.559343338012695,5812.82568359375,0.31575852632522583
1416,23.555938720703125,5810.0654296875,0.31569355726242065
1417,23.55254364013672,5807.31005859375,0.31562864780426025
1418,23.549184799194336,5804.5732421875,0.31556370854377747
1419,23.545860290527344,5801.853515625,0.3154987096786499
1420,23.542505264282227,5799.12158203125,0.3154338598251343
1421,23.53912925720215,5796.3828125,0.3153691589832306
1422,23.535764694213867,5793.6513671875,0.3153044581413269
1423,23.532424926757812,5790.93115234375,0.31523972749710083
1424,23.52912712097168,5788.23193359375,0.31517493724823
1425,23.525856018066406,5785.54833984375,0.3151101768016815
1426,23.52260398864746,5782.87353515625,0.31504541635513306
1427,23.519350051879883,5780.19970703125,0.314980685710907
1428,23.516084671020508,5777.5234375,0.31491610407829285
1429,23.512807846069336,5774.84228515625,0.3148515522480011
1430,23.50951385498047,5772.15673828125,0.3147871196269989
1431,23.506183624267578,5769.45654296875,0.3147228956222534
1432,23.502853393554688,5766.75927734375,0.3146587312221527
1433,23.499540328979492,5764.0693359375,0.3145945370197296
1434,23.496274948120117,5761.404296875,0.31453031301498413
1435,23.493017196655273,5758.744140625,0.3144661486148834
1436,23.489778518676758,5756.09375,0.3144019544124603
1437,23.486543655395508,5753.44775390625,0.3143378794193268
1438,23.483295440673828,5750.79736328125,0.3142738342285156
1439,23.480051040649414,5748.150390625,0.31420984864234924
1440,23.476829528808594,5745.51611328125,0.31414592266082764
1441,23.473608016967773,5742.88427734375,0.3140820860862732
1442,23.47038459777832,5740.25048828125,0.314018189907074
1443,23.467166900634766,5737.62353515625,0.3139544427394867
1444,23.463970184326172,5735.0087890625,0.3138906955718994
1445,23.460763931274414,5732.38818359375,0.3138269782066345
1446,23.457523345947266,5729.75537109375,0.31376343965530396
1447,23.454259872436523,5727.1142578125,0.31369999051094055
1448,23.450969696044922,5724.4638671875,0.3136366903781891
1449,23.44767951965332,5721.814453125,0.3135734796524048
1450,23.444412231445312,5719.1787109375,0.3135102689266205
1451,23.44118881225586,5716.56298828125,0.3134470283985138
1452,23.438011169433594,5713.96923828125,0.31338366866111755
1453,23.43486213684082,5711.39013671875,0.3133203089237213
1454,23.431699752807617,5708.8056640625,0.31325700879096985
1455,23.428499221801758,5706.2080078125,0.3131939470767975
1456,23.42527961730957,5703.603515625,0.3131310045719147
1457,23.42205047607422,5700.9970703125,0.3130681812763214
1458,23.418798446655273,5698.38232421875,0.3130054473876953
1459,23.415550231933594,5695.7724609375,0.31294283270835876
1460,23.412338256835938,5693.1787109375,0.31288015842437744
1461,23.409147262573242,5690.5966796875,0.3128174841403961
1462,23.406024932861328,5688.0458984375,0.31275466084480286
1463,23.40296173095703,5685.52392578125,0.31269174814224243
1464,23.399940490722656,5683.02197265625,0.3126288056373596
1465,23.39693260192871,5680.52685546875,0.3125658333301544
1466,23.39391326904297,5678.029296875,0.31250301003456116
1467,23.390851974487305,5675.5146484375,0.31244033575057983
1468,23.387775421142578,5672.994140625,0.3123776912689209
1469,23.384702682495117,5670.47802734375,0.3123151957988739
1470,23.381681442260742,5667.98681640625,0.31225261092185974
1471,23.378704071044922,5665.51611328125,0.3121899366378784
1472,23.375720977783203,5663.04443359375,0.31212738156318665
1473,23.3726806640625,5660.54931640625,0.3120650351047516
1474,23.369590759277344,5658.0341796875,0.31200286746025085
1475,23.36648178100586,5655.51220703125,0.3119407892227173
1476,23.363372802734375,5652.9931640625,0.31187883019447327
1477,23.360260009765625,5650.47216796875,0.31181690096855164
1478,23.357139587402344,5647.951171875,0.31175506114959717
1479,23.354021072387695,5645.43212890625,0.31169331073760986
1480,23.35089111328125,5642.9111328125,0.3116316497325897
1481,23.347827911376953,5640.4208984375,0.3115699291229248
1482,23.344820022583008,5637.9560546875,0.31150805950164795
1483,23.341861724853516,5635.51513671875,0.3114461600780487
1484,23.338916778564453,5633.0830078125,0.31138432025909424
1485,23.335956573486328,5630.64501953125,0.31132251024246216
1486,23.332950592041016,5628.18896484375,0.31126096844673157
1487,23.329912185668945,5625.72119140625,0.3111996054649353
1488,23.326885223388672,5623.26025390625,0.31113824248313904
1489,23.32387351989746,5620.806640625,0.3110768795013428
1490,23.32084846496582,5618.349609375,0.31101563572883606
1491,23.31781005859375,5615.8876953125,0.3109544515609741
1492,23.31475257873535,5613.41845703125,0.31089335680007935
1493,23.31169891357422,5610.9521484375,0.31083226203918457
1494,23.308626174926758,5608.48046875,0.3107713758945465
1495,23.305553436279297,5606.01025390625,0.31071051955223083
1496,23.302448272705078,5603.52685546875,0.3106497824192047
1497,23.299373626708984,5601.06005859375,0.31058910489082336
1498,23.296300888061523,5598.595703125,0.310528427362442
1499,23.293222427368164,5596.12890625,0.31046780943870544
1500,23.290163040161133,5593.673828125,0.31040725111961365
1501,23.287113189697266,5591.22265625,0.31034666299819946
1502,23.284076690673828,5588.779296875,0.3102860748767853
1503,23.28105926513672,5586.345703125,0.3102254867553711
1504,23.27804183959961,5583.91357421875,0.3101649582386017
1505,23.275026321411133,5581.484375,0.31010448932647705
1506,23.271955490112305,5579.03271484375,0.31004419922828674
1507,23.26885986328125,5576.5712890625,0.309984028339386
1508,23.265783309936523,5574.119140625,0.3099238872528076
1509,23.262733459472656,5571.68115234375,0.3098636865615845
1510,23.25971031188965,5569.25732421875,0.3098035454750061
1511,23.256669998168945,5566.82666015625,0.3097434639930725
1512,23.253633499145508,5564.39892578125,0.3096834421157837
1513,23.250646591186523,5561.99462890625,0.3096233010292053
1514,23.247682571411133,5559.60009765625,0.30956313014030457
1515,23.244709014892578,5557.20458984375,0.30950307846069336
1516,23.241710662841797,5554.80078125,0.3094431757926941
1517,23.238727569580078,5552.404296875,0.3093832731246948
1518,23.2357177734375,5549.99755859375,0.3093234896659851
1519,23.23269271850586,5547.58642578125,0.30926382541656494
1520,23.229656219482422,5545.1728515625,0.3092042803764343
1521,23.226621627807617,5542.7607421875,0.3091447353363037
1522,23.223583221435547,5540.34814453125,0.30908524990081787
1523,23.22054100036621,5537.9365234375,0.3090258836746216
1524,23.2175350189209,5535.54052734375,0.30896642804145813
1525,23.214563369750977,5533.1630859375,0.3089069724082947
1526,23.21161651611328,5530.79638671875,0.30884748697280884
1527,23.20866584777832,5528.43017578125,0.3087880313396454
1528,23.20571517944336,5526.0654296875,0.3087286651134491
1529,23.20281219482422,5523.72216796875,0.30866920948028564
1530,23.199922561645508,5521.38671875,0.3086097538471222
1531,23.196979522705078,5519.029296875,0.30855047702789307
1532,23.19399642944336,5516.65576171875,0.30849137902259827
1533,23.19099998474121,5514.2783203125,0.308432400226593
1534,23.18801498413086,5511.90771484375,0.308373361825943
1535,23.18505859375,5509.5498046875,0.30831435322761536
1536,23.182138442993164,5507.208984375,0.30825525522232056
1537,23.179244995117188,5504.8818359375,0.30819612741470337
1538,23.176374435424805,5502.56591796875,0.3081369996070862
1539,23.173503875732422,5500.25146484375,0.30807796120643616
1540,23.17063331604004,5497.9384765625,0.3080189526081085
1541,23.167766571044922,5495.6279296875,0.3079599142074585
1542,23.164920806884766,5493.32861328125,0.30790093541145325
1543,23.162099838256836,5491.03955078125,0.30784186720848083
1544,23.15928840637207,5488.75634765625,0.3077828288078308
1545,23.156496047973633,5486.4833984375,0.3077237904071808
1546,23.153703689575195,5484.2119140625,0.30766481161117554
1547,23.150890350341797,5481.9326171875,0.3076059818267822
1548,23.148042678833008,5479.640625,0.30754727125167847
1549,23.145153045654297,5477.3330078125,0.3074887692928314
1550,23.14226531982422,5475.0263671875,0.3074302673339844
1551,23.139368057250977,5472.716796875,0.3073718547821045
1552,23.136451721191406,5470.40087890625,0.3073135316371918
1553,23.133535385131836,5468.08642578125,0.30725526809692383
1554,23.13062286376953,5465.77587890625,0.30719709396362305
1555,23.127702713012695,5463.46240234375,0.30713891983032227
1556,23.124788284301758,5461.15283203125,0.3070807456970215
1557,23.12186622619629,5458.84130859375,0.30702272057533264
1558,23.11888885498047,5456.50732421875,0.30696481466293335
1559,23.115936279296875,5454.1865234375,0.30690696835517883
1560,23.113027572631836,5451.88427734375,0.3068489730358124
1561,23.110105514526367,5449.57861328125,0.3067910969257355
1562,23.10715675354004,5447.2626953125,0.30673328042030334
1563,23.10417938232422,5444.93505859375,0.30667561292648315
1564,23.101181030273438,5442.60009765625,0.3066180646419525
1565,23.098176956176758,5440.26416015625,0.3065605163574219
1566,23.09524154663086,5437.95849609375,0.3065028488636017
1567,23.092348098754883,5435.67138671875,0.30644506216049194
1568,23.08945655822754,5433.3876953125,0.306387335062027
1569,23.0865478515625,5431.09619140625,0.3063296675682068
1570,23.083641052246094,5428.80810546875,0.30627208948135376
1571,23.08072853088379,5426.51806640625,0.30621451139450073
1572,23.07779312133789,5424.2197265625,0.30615705251693726
1573,23.074857711791992,5421.92236328125,0.30609962344169617
1574,23.071943283081055,5419.6376953125,0.30604228377342224
1575,23.069068908691406,5417.369140625,0.305984765291214
1576,23.06623649597168,5415.1201171875,0.30592721700668335
1577,23.063405990600586,5412.8740234375,0.3058697283267975
1578,23.06056022644043,5410.62158203125,0.305812269449234
1579,23.057701110839844,5408.3662109375,0.30575495958328247
1580,23.054840087890625,5406.1103515625,0.3056976795196533
1581,23.051973342895508,5403.85400390625,0.30564048886299133
1582,23.049102783203125,5401.59619140625,0.30558326840400696
1583,23.046247482299805,5399.34814453125,0.30552613735198975
1584,23.043441772460938,5397.12109375,0.3054688274860382
1585,23.040624618530273,5394.8896484375,0.30541160702705383
1586,23.03777313232422,5392.6455078125,0.3053545355796814
1587,23.03490447998047,5390.39599609375,0.3052975833415985
1588,23.03203010559082,5388.14599609375,0.3052406907081604
1589,23.029205322265625,5385.916015625,0.30518361926078796
1590,23.026418685913086,5383.70458984375,0.3051265478134155
1591,23.023632049560547,5381.494140625,0.3050694465637207
1592,23.020814895629883,5379.2724609375,0.3050125241279602
1593,23.017974853515625,5377.04150390625,0.3049556612968445
1594,23.015153884887695,5374.81884765625,0.30489879846572876
1595,23.012361526489258,5372.61083984375,0.3048418462276459
1596,23.00959014892578,5370.41259765625,0.3047849237918854
1597,23.006824493408203,5368.21728515625,0.3047279715538025
1598,23.004037857055664,5366.0146484375,0.30467110872268677
1599,23.00123405456543,5363.80517578125,0.3046143352985382
1600,22.998384475708008,5361.578125,0.30455777049064636
1601,22.995532989501953,5359.3515625,0.30450117588043213
1602,22.992660522460938,5357.11669921875,0.30444467067718506
1603,22.989763259887695,5354.87255859375,0.30438828468322754
1604,22.986852645874023,5352.62353515625,0.3043319582939148
1605,22.98395347595215,5350.380859375,0.30427560210227966
1606,22.981063842773438,5348.14306640625,0.3042192757129669
1607,22.97817611694336,5345.9072265625,0.30416297912597656
1608,22.975242614746094,5343.6533203125,0.30410683155059814
1609,22.972307205200195,5341.39892578125,0.3040507137775421
1610,22.969375610351562,5339.1474609375,0.3039945662021637
1611,22.96644401550293,5336.896484375,0.30393847823143005
1612,22.963478088378906,5334.63330078125,0.30388253927230835
1613,22.960500717163086,5332.3662109375,0.30382660031318665
1614,22.957557678222656,5330.11328125,0.30377060174942017
1615,22.95461082458496,5327.8603515625,0.30371466279029846
1616,22.951627731323242,5325.5947265625,0.3036588728427887
1617,22.948692321777344,5323.3486328125,0.3036029040813446
1618,22.945804595947266,5321.123046875,0.30354684591293335
1619,22.942903518676758,5318.89453125,0.30349090695381165
1620,22.940021514892578,5316.6728515625,0.3034348487854004
1621,22.937118530273438,5314.4443359375,0.3033789098262787
1622,22.93422508239746,5312.22021484375,0.3033229410648346
1623,22.931354522705078,5310.0078125,0.3032669425010681
1624,22.92850112915039,5307.80322265625,0.30321094393730164
1625,22.925676345825195,5305.611328125,0.303154855966568
1626,22.92285919189453,5303.4228515625,0.30309876799583435
1627,22.920024871826172,5301.228515625,0.30304276943206787
1628,22.91722297668457,5299.04931640625,0.3029867112636566
1629,22.91443634033203,5296.87744140625,0.302930623292923
1630,22.911636352539062,5294.701171875,0.3028746247291565
1631,22.908872604370117,5292.541015625,0.30281856656074524
1632,22.90610694885254,5290.380859375,0.3027624785900116
1633,22.903339385986328,5288.22119140625,0.30270645022392273
1634,22.90058135986328,5286.06494140625,0.3026503920555115
1635,22.897811889648438,5283.90478515625,0.3025943636894226
1636,22.895023345947266,5281.7392578125,0.3025384545326233
1637,22.8922176361084,5279.56591796875,0.302482545375824
1638,22.88942527770996,5277.3994140625,0.30242666602134705
1639,22.886640548706055,5275.23779296875,0.3023707866668701
1640,22.883838653564453,5273.06884765625,0.30231496691703796
1641,22.881017684936523,5270.8935546875,0.302259236574173
1642,22.878164291381836,5268.70703125,0.3022036552429199
1643,22.875329971313477,5266.52685546875,0.3021479845046997
1644,22.872543334960938,5264.369140625,0.30209222435951233
1645,22.86977195739746,5262.21826171875,0.30203649401664734
1646,22.866985321044922,5260.06298828125,0.3019808232784271
1647,22.86423683166504,5257.923828125,0.30192503333091736
1648,22.861549377441406,5255.8115234375,0.30186912417411804
1649,22.858882904052734,5253.7099609375,0.3018132150173187
1650,22.85623550415039,5251.61572265625,0.301757276058197
1651,22.8536319732666,5249.5400390625,0.3017011880874634
1652,22.850950241088867,5247.4345703125,0.3016453981399536
1653,22.848241806030273,5245.3193359375,0.3015897870063782
1654,22.845468521118164,5243.17822265625,0.3015343248844147
1655,22.84270477294922,5241.04248046875,0.30147892236709595
1656,22.840015411376953,5238.9375,0.3014232814311981
1657,22.83733367919922,5236.83740234375,0.3013676702976227
1658,22.83457374572754,5234.705078125,0.30131226778030396
1659,22.831823348999023,5232.57763671875,0.30125692486763
1660,22.829084396362305,5230.45751953125,0.30120155215263367
1661,22.826419830322266,5228.3681640625,0.3011460304260254
1662,22.82372283935547,5226.26611328125,0.3010905385017395
1663,22.821002960205078,5224.15576171875,0.30103516578674316
1664,22.818273544311523,5222.04248046875,0.300979882478714
1665,22.815547943115234,5219.93212890625,0.3009246289730072
1666,22.812789916992188,5217.8095703125,0.30086952447891235
1667,22.810022354125977,5215.68359375,0.3008144497871399
1668,22.807273864746094,5213.56787109375,0.30075937509536743
1669,22.80449676513672,5211.4404296875,0.3007044196128845
1670,22.801700592041016,5209.3056640625,0.3006494641304016
1671,22.79891014099121,5207.1748046875,0.3005945682525635
1672,22.796173095703125,5205.06640625,0.3005395531654358
1673,22.793458938598633,5202.96875,0.3004845082759857
1674,22.79073715209961,5200.87109375,0.3004295527935028
1675,22.788009643554688,5198.7705078125,0.3003746569156647
1676,22.785266876220703,5196.66455078125,0.3003197908401489
1677,22.782503128051758,5194.552734375,0.3002651035785675
1678,22.77972412109375,5192.43505859375,0.30021047592163086
1679,22.776948928833008,5190.31982421875,0.3001558482646942
1680,22.774185180664062,5188.21044921875,0.30010125041007996
1681,22.77141761779785,5186.1005859375,0.3000466525554657
1682,22.768657684326172,5183.99462890625,0.2999921143054962
1683,22.76589584350586,5181.8896484375,0.29993757605552673
1684,22.76311492919922,5179.77685546875,0.2998831272125244
1685,22.76029396057129,5177.64990234375,0.2998288869857788
1686,22.757434844970703,5175.5087890625,0.29977473616600037
1687,22.75457000732422,5173.36474609375,0.2997206151485443
1688,22.751712799072266,5171.2265625,0.29966655373573303
1689,22.74890899658203,5169.1103515625,0.2996123433113098
1690,22.746135711669922,5167.0078125,0.2995581030845642
1691,22.74335289001465,5164.90234375,0.2995038628578186
1692,22.740558624267578,5162.79296875,0.29944974184036255
1693,22.73777961730957,5160.69189453125,0.2993955910205841
1694,22.73501205444336,5158.595703125,0.29934144020080566
1695,22.732255935668945,5156.505859375,0.2992872893810272
1696,22.729463577270508,5154.40234375,0.2992332875728607
1697,22.726665496826172,5152.29638671875,0.2991793155670166
1698,22.72389793395996,5150.20556640625,0.2991253137588501
1699,22.721158981323242,5148.1259765625,0.29907122254371643
1700,22.718416213989258,5146.046875,0.29901719093322754
1701,22.71568489074707,5143.97314453125,0.29896318912506104
1702,22.71294593811035,5141.8984375,0.2989092469215393
1703,22.710180282592773,5139.81298828125,0.29885542392730713
1704,22.70738983154297,5137.7197265625,0.2988017201423645
1705,22.704570770263672,5135.61572265625,0.2987481355667114
1706,22.70171356201172,5133.49658203125,0.2986947000026703
1707,22.698841094970703,5131.37353515625,0.2986413836479187
1708,22.696014404296875,5129.27001953125,0.29858794808387756
1709,22.693241119384766,5127.1875,0.2985343337059021
1710,22.690444946289062,5125.0986328125,0.2984808683395386
1711,22.68764305114746,5123.0068359375,0.2984273433685303
1712,22.684879302978516,5120.931640625,0.2983737885951996
1713,22.682159423828125,5118.876953125,0.2983202040195465
1714,22.679401397705078,5116.806640625,0.2982666790485382
1715,22.676652908325195,5114.7412109375,0.2982132136821747
1716,22.67394256591797,5112.6923828125,0.298159658908844
1717,22.6712646484375,5110.6591796875,0.2981060743331909
1718,22.66859245300293,5108.62841796875,0.29805248975753784
1719,22.665895462036133,5106.5888671875,0.2979990243911743
1720,22.663143157958984,5104.52685546875,0.29794570803642273
1721,22.66041374206543,5102.4775390625,0.29789242148399353
1722,22.657752990722656,5100.455078125,0.29783895611763
1723,22.655174255371094,5098.46826171875,0.29778531193733215
1724,22.65260124206543,5096.4853515625,0.2977316975593567
1725,22.64996910095215,5094.47802734375,0.29767826199531555
1726,22.647228240966797,5092.4287109375,0.29762521386146545
1727,22.64441680908203,5090.35400390625,0.2975724935531616
1728,22.64166259765625,5088.30126953125,0.2975195348262787
1729,22.63898468017578,5086.28125,0.2974664568901062
1730,22.636329650878906,5084.27197265625,0.2974133789539337
1731,22.63368034362793,5082.265625,0.29736027121543884
1732,22.63101577758789,5080.2548828125,0.29730725288391113
1733,22.628341674804688,5078.24267578125,0.29725441336631775
1734,22.625680923461914,5076.23583984375,0.2972014844417572
1735,22.62303352355957,5074.2353515625,0.29714855551719666
1736,22.620389938354492,5072.23828125,0.2970956861972809
1737,22.617719650268555,5070.2314453125,0.29704293608665466
1738,22.6149959564209,5068.203125,0.29699036478996277
1739,22.612274169921875,5066.17724609375,0.29693782329559326
1740,22.609575271606445,5064.162109375,0.29688525199890137
1741,22.606916427612305,5062.1640625,0.2968326210975647
1742,22.604246139526367,5060.162109375,0.2967800498008728
1743,22.601564407348633,5058.158203125,0.29672759771347046
1744,22.598867416381836,5056.14794921875,0.2966751754283905
1745,22.5961856842041,5054.1455078125,0.2966228127479553
1746,22.593482971191406,5052.13671875,0.2965705692768097
1747,22.590784072875977,5050.13037109375,0.29651835560798645
1748,22.58807945251465,5048.1220703125,0.2964661717414856
1749,22.585351943969727,5046.1064453125,0.2964140772819519
1750,22.582611083984375,5044.0869140625,0.29636210203170776
1751,22.579885482788086,5042.07373046875,0.2963101267814636
1752,22.57717514038086,5040.068359375,0.2962581515312195
1753,22.574464797973633,5038.06396484375,0.29620617628097534
1754,22.571762084960938,5036.064453125,0.296154260635376
1755,22.569053649902344,5034.06201171875,0.2961023449897766
1756,22.566364288330078,5032.06982421875,0.29605042934417725
1757,22.563690185546875,5030.083984375,0.29599854350090027
1758,22.561033248901367,5028.1064453125,0.2959465980529785
1759,22.55838966369629,5026.1357421875,0.29589465260505676
1760,22.555782318115234,5024.18017578125,0.295842707157135
1761,22.55318832397461,5022.2314453125,0.2957907021045685
1762,22.55057716369629,5020.27734375,0.2957388162612915
1763,22.547937393188477,5018.3125,0.2956870496273041
1764,22.545297622680664,5016.34765625,0.29563528299331665
1765,22.542652130126953,5014.3828125,0.295583575963974
1766,22.539981842041016,5012.40966796875,0.2955320477485657
1767,22.537363052368164,5010.45751953125,0.2954804003238678
1768,22.534801483154297,5008.5302734375,0.29542863368988037
1769,22.532262802124023,5006.61328125,0.29537683725357056
1770,22.52973175048828,5004.69921875,0.29532504081726074
1771,22.527179718017578,5002.7783203125,0.2952733337879181
1772,22.524633407592773,5000.8603515625,0.2952216565608978
1773,22.522079467773438,4998.94189453125,0.29517003893852234
1774,22.519493103027344,4997.01025390625,0.2951185405254364
1775,22.516889572143555,4995.07275390625,0.2950671315193176
1776,22.514299392700195,4993.14208984375,0.29501575231552124
1777,22.511722564697266,4991.21875,0.29496437311172485
1778,22.5091495513916,4989.29638671875,0.29491299390792847
1779,22.50656509399414,4987.37158203125,0.29486173391342163
1780,22.504024505615234,4985.46484375,0.29481029510498047
1781,22.50149154663086,4983.5615234375,0.2947589159011841
1782,22.498966217041016,4981.662109375,0.2947075068950653
1783,22.496484756469727,4979.78173828125,0.29465603828430176
1784,22.494020462036133,4977.9091796875,0.2946045398712158
1785,22.491554260253906,4976.03759765625,0.29455313086509705
1786,22.489110946655273,4974.17626953125,0.29450172185897827
1787,22.48668098449707,4972.32080078125,0.29445022344589233
1788,22.484220504760742,4970.455078125,0.2943989336490631
1789,22.481704711914062,4968.568359375,0.2943478524684906
1790,22.479141235351562,4966.66357421875,0.2942969501018524
1791,22.476558685302734,4964.75244140625,0.2942461669445038
1792,22.4739933013916,4962.849609375,0.29419535398483276
1793,22.471439361572266,4960.95263671875,0.29414457082748413
1794,22.468881607055664,4959.0556640625,0.29409387707710266
1795,22.4663143157959,4957.15478515625,0.2940432131290436
1796,22.46375846862793,4955.26123046875,0.2939926087856293
1797,22.461246490478516,4953.384765625,0.2939418852329254
1798,22.458778381347656,4951.52734375,0.293891042470932
1799,22.456314086914062,4949.67236328125,0.2938402593135834
1800,22.45379638671875,4947.7978515625,0.29378968477249146
1801,22.451244354248047,4945.91015625,0.2937392294406891
1802,22.448680877685547,4944.0185546875,0.2936888337135315
1803,22.4461727142334,4942.150390625,0.29363831877708435
1804,22.443748474121094,4940.3173828125,0.29358765482902527
1805,22.441370010375977,4938.50244140625,0.29353684186935425
1806,22.438982009887695,4936.6845703125,0.293486088514328
1807,22.436527252197266,4934.8427734375,0.29343560338020325
1808,22.434011459350586,4932.97607421875,0.29338526725769043
1809,22.431453704833984,4931.0947265625,0.2933351397514343
1810,22.42891502380371,4929.2216796875,0.2932850122451782
1811,22.426433563232422,4927.3720703125,0.2932347357273102
1812,22.42393684387207,4925.51904296875,0.2931845784187317
1813,22.421428680419922,4923.662109375,0.29313451051712036
1814,22.418941497802734,4921.814453125,0.29308441281318665
1815,22.416440963745117,4919.96240234375,0.2930344045162201
1816,22.413898468017578,4918.095703125,0.29298460483551025
1817,22.41131019592285,4916.212890625,0.29293495416641235
1818,22.40869903564453,4914.32080078125,0.292885422706604
1819,22.40610694885254,4912.4384765625,0.29283595085144043
1820,22.40359878540039,4910.59033203125,0.29278627038002014
1821,22.401195526123047,4908.78515625,0.29273632168769836
1822,22.39877700805664,4906.974609375,0.29268646240234375
1823,22.396333694458008,4905.15576171875,0.2926367223262787
1824,22.393892288208008,4903.33935546875,0.2925870418548584
1825,22.39139175415039,4901.5,0.2925375699996948
1826,22.388856887817383,4899.6484375,0.2924882173538208
1827,22.386415481567383,4897.8349609375,0.29243868589401245
1828,22.384037017822266,4896.046875,0.2923889458179474
1829,22.381649017333984,4894.255859375,0.2923392951488495
1830,22.379243850708008,4892.4599609375,0.29228976368904114
1831,22.376863479614258,4890.67431640625,0.2922402024269104
1832,22.374496459960938,4888.89501953125,0.2921906113624573
1833,22.37213134765625,4887.11767578125,0.29214105010032654
1834,22.369766235351562,4885.34130859375,0.29209157824516296
1835,22.36739730834961,4883.56494140625,0.2920421361923218
1836,22.36502456665039,4881.78857421875,0.29199278354644775
1837,22.362648010253906,4880.01123046875,0.2919434607028961
1838,22.360246658325195,4878.22509765625,0.29189425706863403
1839,22.357830047607422,4876.4326171875,0.29184508323669434
1840,22.355392456054688,4874.634765625,0.2917960584163666
1841,22.353010177612305,4872.85888671875,0.2917468845844269
1842,22.350635528564453,4871.08642578125,0.2916977107524872
1843,22.34827423095703,4869.3212890625,0.2916485667228699
1844,22.345935821533203,4867.5654296875,0.2915993928909302
1845,22.343584060668945,4865.8056640625,0.29155027866363525
1846,22.341156005859375,4864.0166015625,0.2915014326572418
1847,22.33868980407715,4862.2138671875,0.2914527356624603
1848,22.336261749267578,4860.42724609375,0.29140394926071167
1849,22.333850860595703,4858.64794921875,0.2913551926612854
1850,22.331449508666992,4856.8740234375,0.29130643606185913
1851,22.329059600830078,4855.10400390625,0.2912576496601105
1852,22.32662010192871,4853.3173828125,0.29120907187461853
1853,22.324153900146484,4851.5205078125,0.2911606431007385
1854,22.321735382080078,4849.7431640625,0.2911120355129242
1855,22.319313049316406,4847.96630859375,0.2910635471343994
1856,22.316892623901367,4846.18994140625,0.29101505875587463
1857,22.314464569091797,4844.412109375,0.29096662998199463
1858,22.312040328979492,4842.6376953125,0.2909182906150818
1859,22.309598922729492,4840.85693359375,0.29086998105049133
1860,22.30722427368164,4839.103515625,0.29082155227661133
1861,22.304851531982422,4837.3515625,0.2907731831073761
1862,22.30243682861328,4835.58447265625,0.2907249629497528
1863,22.300048828125,4833.82958984375,0.29067668318748474
1864,22.29770278930664,4832.091796875,0.2906283438205719
1865,22.295360565185547,4830.35546875,0.29058003425598145
1866,22.29293441772461,4828.58984375,0.29053208231925964
1867,22.290508270263672,4826.82470703125,0.29048416018486023
1868,22.288084030151367,4825.0615234375,0.2904362976551056
1869,22.285654067993164,4823.2978515625,0.2903885245323181
1870,22.28322410583496,4821.5341796875,0.29034075140953064
1871,22.280824661254883,4819.78466796875,0.29029300808906555
1872,22.278425216674805,4818.0361328125,0.29024529457092285
1873,22.27598762512207,4816.2744140625,0.2901977300643921
1874,22.273475646972656,4814.48388671875,0.2901504635810852
1875,22.270950317382812,4812.6904296875,0.2901032567024231
1876,22.26844596862793,4810.90625,0.2900560796260834
1877,22.266006469726562,4809.1484375,0.2900087535381317
1878,22.263566970825195,4807.39111328125,0.28996142745018005
1879,22.261110305786133,4805.62939453125,0.2899142801761627
1880,22.258647918701172,4803.865234375,0.2898671329021454
1881,22.25619888305664,4802.10791015625,0.28982001543045044
1882,22.253759384155273,4800.35595703125,0.28977295756340027
1883,22.251300811767578,4798.59716796875,0.2897259294986725
1884,22.248855590820312,4796.845703125,0.28967902064323425
1885,22.246437072753906,4795.10546875,0.28963208198547363
1886,22.244049072265625,4793.3779296875,0.28958502411842346
1887,22.24167823791504,4791.658203125,0.2895379662513733
1888,22.239336013793945,4789.9501953125,0.2894909083843231
1889,22.23696517944336,4788.23388671875,0.28944405913352966
1890,22.234580993652344,4786.5126953125,0.2893971800804138
1891,22.232181549072266,4784.78564453125,0.2893504202365875
1892,22.229766845703125,4783.0546875,0.289303719997406
1893,22.227344512939453,4781.32177734375,0.28925713896751404
1894,22.22492790222168,4779.59228515625,0.28921058773994446
1895,22.222553253173828,4777.87939453125,0.2891639173030853
1896,22.220178604125977,4776.1689453125,0.28911736607551575
1897,22.217756271362305,4774.44091796875,0.2890709936618805
1898,22.215362548828125,4772.72509765625,0.28902462124824524
1899,22.213008880615234,4771.025390625,0.28897809982299805
1900,22.210599899291992,4769.3056640625,0.28893178701400757
1901,22.20819854736328,4767.59033203125,0.28888556361198425
1902,22.205825805664062,4765.88671875,0.28883928060531616
1903,22.203462600708008,4764.1884765625,0.28879305720329285
1904,22.201078414916992,4762.48291015625,0.2887468636035919
1905,22.198745727539062,4760.79736328125,0.28870058059692383
1906,22.196481704711914,4759.1416015625,0.2886541783809662
1907,22.194189071655273,4757.47314453125,0.2886078655719757
1908,22.191936492919922,4755.8232421875,0.28856152296066284
1909,22.1897029876709,4754.18115234375,0.2885151505470276
1910,22.187406539916992,4752.515625,0.2884690463542938
1911,22.18511199951172,4750.85205078125,0.28842291235923767
1912,22.18275260925293,4749.16455078125,0.2883770763874054
1913,22.180383682250977,4747.474609375,0.2883312702178955
1914,22.178085327148438,4745.8134765625,0.28828537464141846
1915,22.1757755279541,4744.14794921875,0.2882395088672638
1916,22.17345428466797,4742.48046875,0.2881937623023987
1917,22.17112922668457,4740.81103515625,0.2881479859352112
1918,22.168794631958008,4739.13916015625,0.2881023585796356
1919,22.166439056396484,4737.4609375,0.28805676102638245
1920,22.16410255432129,4735.7900390625,0.2880111634731293
1921,22.161762237548828,4734.11865234375,0.2879655957221985
1922,22.15940284729004,4732.44140625,0.287920206785202
1923,22.15707015991211,4730.775390625,0.287874698638916
1924,22.15477752685547,4729.12548828125,0.28782913088798523
1925,22.152511596679688,4727.4873046875,0.28778356313705444
1926,22.150203704833984,4725.83251953125,0.2877380847930908
1927,22.147903442382812,4724.18310546875,0.28769269585609436
1928,22.145580291748047,4722.52587890625,0.28764742612838745
1929,22.14324378967285,4720.8642578125,0.28760218620300293
1930,22.1408634185791,4719.18603515625,0.28755706548690796
1931,22.138477325439453,4717.50732421875,0.28751206398010254
1932,22.1361083984375,4715.8359375,0.28746703267097473
1933,22.133846282958984,4714.2060546875,0.28742173314094543
1934,22.131607055664062,4712.58642578125,0.28737643361091614
1935,22.12933921813965,4710.9560546875,0.2873311936855316
1936,22.126964569091797,4709.28662109375,0.28728634119033813
1937,22.124685287475586,4707.65478515625,0.28724125027656555
1938,22.122419357299805,4706.02734375,0.2871961295604706
1939,22.120147705078125,4704.39990234375,0.28715112805366516
1940,22.117948532104492,4702.8017578125,0.2871059477329254
1941,22.11569595336914,4701.18310546875,0.2870608866214752
1942,22.113487243652344,4699.58251953125,0.28701579570770264
1943,22.111347198486328,4698.01025390625,0.2869706153869629
1944,22.109161376953125,4696.41943359375,0.2869254946708679
1945,22.1069393157959,4694.81689453125,0.2868805527687073
1946,22.104660034179688,4693.19384765625,0.2868358790874481
1947,22.102325439453125,4691.55126953125,0.2867914140224457
1948,22.100065231323242,4689.93603515625,0.28674668073654175
1949,22.097841262817383,4688.337890625,0.286702036857605
1950,22.09550666809082,4686.6982421875,0.2866576910018921
1951,22.09332847595215,4685.11767578125,0.2866128385066986
1952,22.091115951538086,4683.52490234375,0.28656819462776184
1953,22.08888816833496,4681.9287109375,0.28652364015579224
1954,22.086658477783203,4680.3330078125,0.2864791750907898
1955,22.08430290222168,4678.68896484375,0.2864350378513336
1956,22.082107543945312,4677.1064453125,0.28639042377471924
1957,22.080020904541016,4675.56689453125,0.28634563088417053
1958,22.0778865814209,4674.0107421875,0.28630101680755615
1959,22.075626373291016,4672.40673828125,0.2862567603588104
1960,22.073299407958984,4670.77880859375,0.2862128019332886
1961,22.071014404296875,4669.16796875,0.2861687242984772
1962,22.068803787231445,4667.58642578125,0.28612449765205383
1963,22.066619873046875,4666.01513671875,0.28608018159866333
1964,22.064416885375977,4664.43798828125,0.28603595495224
1965,22.06209373474121,4662.81640625,0.28599217534065247
1966,22.059694290161133,4661.1669921875,0.28594863414764404
1967,22.057435989379883,4659.5712890625,0.2859047055244446
1968,22.055194854736328,4657.9833984375,0.2858607769012451
1969,22.052913665771484,4656.38134765625,0.28581702709198
1970,22.050622940063477,4654.77685546875,0.28577330708503723
1971,22.04835319519043,4653.1806640625,0.2857295870780945
1972,22.046045303344727,4651.57275390625,0.28568610548973083
1973,22.04376792907715,4649.97607421875,0.28564250469207764
1974,22.041454315185547,4648.36767578125,0.28559911251068115
1975,22.039140701293945,4646.75927734375,0.28555572032928467
1976,22.03682518005371,4645.1513671875,0.2855123281478882
1977,22.03459358215332,4643.576171875,0.28546881675720215
1978,22.032318115234375,4641.98583984375,0.28542545437812805
1979,22.030073165893555,4640.40625,0.285381942987442
1980,22.027782440185547,4638.8115234375,0.2853386402130127
1981,22.025514602661133,4637.2255859375,0.2852953374385834
1982,22.023366928100586,4635.68603515625,0.285251647233963
1983,22.02113151550293,4634.1142578125,0.2852083444595337
1984,22.01874351501465,4632.486328125,0.2851654589176178
1985,22.016407012939453,4630.8779296875,0.28512248396873474
1986,22.014205932617188,4629.32177734375,0.28507912158966064
1987,22.012008666992188,4627.76806640625,0.2850358188152313
1988,22.009740829467773,4626.1884765625,0.2849927246570587
1989,22.00743865966797,4624.59814453125,0.2849498987197876
1990,22.00515365600586,4623.01416015625,0.2849069833755493
1991,22.002910614013672,4621.44873046875,0.28486403822898865
1992,22.00067710876465,4619.88623046875,0.2848210632801056
1993,21.99842643737793,4618.318359375,0.2847782075405121
1994,21.996179580688477,4616.75390625,0.2847353518009186
1995,21.9940185546875,4615.22119140625,0.28469228744506836
1996,21.991802215576172,4613.669921875,0.28464943170547485
1997,21.989459991455078,4612.0712890625,0.2846069931983948
1998,21.98711585998535,4610.47412109375,0.28456467390060425
1999,21.984895706176758,4608.92236328125,0.2845218777656555
2000,21.982725143432617,4607.392578125,0.2844791114330292
2001,21.980527877807617,4605.853515625,0.28443643450737
2002,21.978254318237305,4604.28515625,0.2843939960002899
2003,21.976016998291016,4602.7314453125,0.2843514382839203
2004,21.973777770996094,4601.17822265625,0.2843089997768402
2005,21.971500396728516,4599.61083984375,0.2842666208744049
2006,21.969345092773438,4598.0908203125,0.2842239439487457
2007,21.967185974121094,4596.56982421875,0.2841813266277313
2008,21.96491050720215,4595.005859375,0.2841390371322632
2009,21.96258544921875,4593.42529296875,0.2840970456600189
2010,21.96033477783203,4591.87158203125,0.2840547263622284
2011,21.95814323425293,4590.34326171875,0.2840123772621155
2012,21.955881118774414,4588.78759765625,0.2839702367782593
2013,21.953536987304688,4587.203125,0.28392839431762695
2014,21.95126724243164,4585.64697265625,0.2838864028453827
2015,21.94905662536621,4584.11376953125,0.2838442027568817
2016,21.94679069519043,4582.56005859375,0.28380218148231506
2017,21.94447135925293,4580.98828125,0.2837604284286499
2018,21.94220733642578,4579.43701171875,0.283718466758728
2019,21.94005012512207,4577.92724609375,0.28367626667022705
2020,21.937862396240234,4576.4072265625,0.283634215593338
2021,21.93558692932129,4574.85498046875,0.2835924029350281
2022,21.933353424072266,4573.3193359375,0.28355059027671814
2023,21.931129455566406,4571.7880859375,0.2835087180137634
2024,21.92886734008789,4570.244140625,0.28346705436706543
2025,21.92654800415039,4568.6787109375,0.28342556953430176
2026,21.92430877685547,4567.14453125,0.28338390588760376
2027,21.9221134185791,4565.62744140625,0.2833420932292938
2028,21.919906616210938,4564.10693359375,0.28330036997795105
2029,21.91767120361328,4562.57666015625,0.2832587659358978
2030,21.91548728942871,4561.06689453125,0.28321707248687744
2031,21.9133243560791,4559.564453125,0.2831753194332123
2032,21.911195755004883,4558.0771484375,0.2831335663795471
2033,21.909032821655273,4556.57666015625,0.28309184312820435
2034,21.906770706176758,4555.0400390625,0.2830504775047302
2035,21.904481887817383,4553.4951171875,0.28300923109054565
2036,21.902254104614258,4551.97412109375,0.2829679250717163
2037,21.900226593017578,4550.52734375,0.28292596340179443
2038,21.898096084594727,4549.04296875,0.28288426995277405
2039,21.895912170410156,4547.53955078125,0.28284281492233276
2040,21.893728256225586,4546.03759765625,0.28280147910118103
2041,21.891559600830078,4544.54296875,0.2827601432800293
2042,21.88956642150879,4543.11279296875,0.2827182412147522
2043,21.887372970581055,4541.60791015625,0.2826768755912781
2044,21.88500213623047,4540.041015625,0.2826363146305084
2045,21.882740020751953,4538.51513671875,0.2825954258441925
2046,21.880468368530273,4536.98291015625,0.2825543284416199
2047,21.878374099731445,4535.51953125,0.2825128734111786
2048,21.87622833251953,4534.03857421875,0.2824716866016388
2049,21.87392807006836,4532.49951171875,0.2824309170246124
2050,21.871685028076172,4530.98193359375,0.28238993883132935
2051,21.869457244873047,4529.47216796875,0.2823490500450134
2052,21.867259979248047,4527.974609375,0.28230807185173035
2053,21.865081787109375,4526.4853515625,0.28226712346076965
2054,21.862829208374023,4524.9677734375,0.2822263836860657
2055,21.860563278198242,4523.4482421875,0.28218576312065125
2056,21.858240127563477,4521.9072265625,0.28214532136917114
2057,21.85601806640625,4520.40380859375,0.28210461139678955
2058,21.853836059570312,4518.91748046875,0.2820638418197632
2059,21.851661682128906,4517.43359375,0.28202304244041443
2060,21.849441528320312,4515.9345703125,0.2819824516773224
2061,21.84726333618164,4514.451171875,0.2819417417049408
2062,21.844993591308594,4512.9345703125,0.2819012999534607
2063,21.842741012573242,4511.42529296875,0.281860888004303
2064,21.840517044067383,4509.92822265625,0.2818204462528229
2065,21.83835792541504,4508.455078125,0.28177985548973083
2066,21.836227416992188,4506.99462890625,0.28173917531967163
2067,21.834028244018555,4505.5078125,0.28169873356819153
2068,21.831727981567383,4503.98583984375,0.28165867924690247
2069,21.829496383666992,4502.490234375,0.28161847591400146
2070,21.827316284179688,4501.01416015625,0.28157809376716614
2071,21.82526397705078,4499.5849609375,0.28153735399246216
2072,21.823179244995117,4498.1455078125,0.2814967632293701
2073,21.82105827331543,4496.69384765625,0.28145632147789
2074,21.818965911865234,4495.25390625,0.2814158797264099
2075,21.816781997680664,4493.7802734375,0.2813756763935089
2076,21.814659118652344,4492.3291015625,0.28133532404899597
2077,21.812532424926758,4490.87841796875,0.2812950313091278
2078,21.810428619384766,4489.43701171875,0.28125470876693726
2079,21.80828857421875,4487.98291015625,0.28121453523635864
2080,21.806148529052734,4486.529296875,0.2811743915081024
2081,21.80406379699707,4485.09716796875,0.28113412857055664
2082,21.801918029785156,4483.6435546875,0.2810940742492676
2083,21.799774169921875,4482.19091796875,0.2810540497303009
2084,21.797611236572266,4480.73193359375,0.2810140550136566
2085,21.795419692993164,4479.263671875,0.28097426891326904
2086,21.79332160949707,4477.82958984375,0.2809341251850128
2087,21.791175842285156,4476.3798828125,0.2808942496776581
2088,21.7890625,4474.94091796875,0.2808542251586914
2089,21.786922454833984,4473.494140625,0.28081434965133667
2090,21.78470230102539,4472.01953125,0.2807747721672058
2091,21.7824649810791,4470.5380859375,0.2807352542877197
2092,21.780290603637695,4469.08154296875,0.2806956171989441
2093,21.778087615966797,4467.61474609375,0.28065603971481323
2094,21.775949478149414,4466.1728515625,0.2806163430213928
2095,21.773832321166992,4464.73828125,0.28057655692100525
2096,21.77164077758789,4463.27783203125,0.28053706884384155
2097,21.769500732421875,4461.837890625,0.2804974913597107
2098,21.767301559448242,4460.3759765625,0.2804580628871918
2099,21.765104293823242,4458.916015625,0.2804186940193176
2100,21.762840270996094,4457.43212890625,0.2803795337677002
2101,21.76064109802246,4455.97412109375,0.2803402841091156
2102,21.758512496948242,4454.54150390625,0.2803008258342743
2103,21.756322860717773,4453.087890625,0.2802615761756897
2104,21.754199981689453,4451.6591796875,0.28022217750549316
2105,21.75203514099121,4450.21630859375,0.2801828980445862
2106,21.74993896484375,4448.798828125,0.28014349937438965
2107,21.747774124145508,4447.357421875,0.28010430932044983
2108,21.745616912841797,4445.91943359375,0.28006511926651
2109,21.74349594116211,4444.49560546875,0.2800258994102478
2110,21.741302490234375,4443.046875,0.2799869775772095
2111,21.73919105529785,4441.62841796875,0.27994775772094727
2112,21.737079620361328,4440.2099609375,0.27990856766700745
2113,21.734960556030273,4438.78955078125,0.2798694670200348
2114,21.732921600341797,4437.40087890625,0.2798301875591278
2115,21.730802536010742,4435.98193359375,0.27979108691215515
2116,21.72864532470703,4434.5498046875,0.2797521650791168
2117,21.72650146484375,4433.123046875,0.2797132432460785
2118,21.724327087402344,4431.6865234375,0.2796744406223297
2119,21.72220802307129,4430.27099609375,0.279635488986969
2120,21.720056533813477,4428.84423828125,0.2795966565608978
2121,21.71794891357422,4427.43310546875,0.2795577347278595
2122,21.715770721435547,4425.998046875,0.2795190215110779
2123,21.713611602783203,4424.57080078125,0.27948036789894104
2124,21.71157455444336,4423.18798828125,0.2794412672519684
2125,21.70949935913086,4421.79296875,0.27940237522125244
2126,21.707372665405273,4420.37939453125,0.2793636918067932
2127,21.70525360107422,4418.96826171875,0.2793249487876892
2128,21.70311737060547,4417.5546875,0.2792864143848419
2129,21.700992584228516,4416.14404296875,0.27924782037734985
2130,21.698869705200195,4414.7353515625,0.2792092561721802
2131,21.69671630859375,4413.31689453125,0.27917084097862244
2132,21.694625854492188,4411.92138671875,0.279132217168808
2133,21.69260597229004,4410.552734375,0.279093474149704
2134,21.690523147583008,4409.16162109375,0.2790549397468567
2135,21.688390731811523,4407.7529296875,0.27901655435562134
2136,21.686227798461914,4406.3349609375,0.2789783179759979
2137,21.68404769897461,4404.91015625,0.2789401412010193
2138,21.68193817138672,4403.51171875,0.2789017856121063
2139,21.679859161376953,4402.12646484375,0.2788633704185486
2140,21.677701950073242,4400.71142578125,0.27882519364356995
2141,21.675535202026367,4399.294921875,0.27878710627555847
2142,21.673341751098633,4397.86962890625,0.27874910831451416
2143,21.671167373657227,4396.45166015625,0.27871108055114746
2144,21.66897964477539,4395.029296875,0.2786731421947479
2145,21.66680145263672,4393.6103515625,0.2786351144313812
2146,21.664587020874023,4392.1796875,0.27859729528427124
2147,21.66242218017578,4390.767578125,0.2785593271255493
2148,21.660297393798828,4389.3701171875,0.27852126955986023
2149,21.658103942871094,4387.94873046875,0.27848342061042786
2150,21.65595054626465,4386.54345703125,0.2784455418586731
2151,21.65386390686035,4385.16162109375,0.27840739488601685
2152,21.651784896850586,4383.7841796875,0.27836933732032776
2153,21.649642944335938,4382.3837890625,0.2783314287662506
2154,21.64751434326172,4380.98974609375,0.27829355001449585
2155,21.645429611206055,4379.61279296875,0.2782555818557739
2156,21.643341064453125,4378.232421875,0.2782175540924072
2157,21.641254425048828,4376.85546875,0.2781796157360077
2158,21.639204025268555,4375.4921875,0.2781416177749634
2159,21.637046813964844,4374.08984375,0.27810385823249817
2160,21.634889602661133,4372.6884765625,0.2780661880970001
2161,21.63286018371582,4371.3349609375,0.2780281901359558
2162,21.630718231201172,4369.93994140625,0.277990460395813
2163,21.628482818603516,4368.513671875,0.277953177690506
2164,21.626405715942383,4367.14453125,0.27791541814804077
2165,21.624313354492188,4365.76953125,0.2778776288032532
2166,21.622217178344727,4364.39404296875,0.27783992886543274
2167,21.619993209838867,4362.97314453125,0.27780258655548096
2168,21.617687225341797,4361.525390625,0.2777657210826874
2169,21.615585327148438,4360.1494140625,0.2777280807495117
2170,21.61344337463379,4358.75830078125,0.27769047021865845
2171,21.61144256591797,4357.419921875,0.2776525318622589
2172,21.609355926513672,4356.0517578125,0.27761492133140564
2173,21.607181549072266,4354.65380859375,0.2775776982307434
2174,21.60516357421875,4353.310546875,0.2775398790836334
2175,21.603084564208984,4351.94677734375,0.27750229835510254
2176,21.601043701171875,4350.59765625,0.2774646282196045
2177,21.598918914794922,4349.21923828125,0.2774272859096527
2178,21.59685516357422,4347.8623046875,0.2773897349834442
2179,21.594877243041992,4346.5380859375,0.277351975440979
2180,21.592802047729492,4345.1787109375,0.27731451392173767
2181,21.59079360961914,4343.84375,0.2772769033908844
2182,21.588661193847656,4342.46484375,0.2772396504878998
2183,21.5865478515625,4341.09423828125,0.27720239758491516
2184,21.584522247314453,4339.75634765625,0.27716493606567383
2185,21.582447052001953,4338.400390625,0.27712762355804443
2186,21.580427169799805,4337.06591796875,0.2770902216434479
2187,21.578401565551758,4335.72802734375,0.27705278992652893
2188,21.576475143432617,4334.427734375,0.2770150899887085
2189,21.574539184570312,4333.125,0.2769774794578552
2190,21.572525024414062,4331.79443359375,0.27694010734558105
2191,21.570444107055664,4330.44091796875,0.27690303325653076
2192,21.568401336669922,4329.1015625,0.27686581015586853
2193,21.566434860229492,4327.79052734375,0.276828408241272
2194,21.56450080871582,4326.4912109375,0.27679094672203064
2195,21.562395095825195,4325.13232421875,0.2767540514469147
2196,21.56029510498047,4323.7744140625,0.27671709656715393
2197,21.558143615722656,4322.3984375,0.2766803205013275
2198,21.556032180786133,4321.0390625,0.2766435444355011
2199,21.553987503051758,4319.703125,0.2766064703464508
2200,21.551923751831055,4318.361328125,0.27656954526901245
2201,21.549814224243164,4317.001953125,0.27653267979621887
2202,21.54767417907715,4315.6337890625,0.2764959931373596
2203,21.545495986938477,4314.25244140625,0.2764594852924347
2204,21.54334831237793,4312.88330078125,0.2764228880405426
2205,21.541284561157227,4311.5439453125,0.276386022567749
2206,21.53925895690918,4310.21875,0.27634909749031067
2207,21.537078857421875,4308.83984375,0.2763126790523529
2208,21.534835815429688,4307.4384765625,0.27627646923065186
2209,21.532672882080078,4306.06591796875,0.27623996138572693
2210,21.530506134033203,4304.69384765625,0.27620363235473633
2211,21.528318405151367,4303.31494140625,0.2761673927307129
2212,21.526185989379883,4301.955078125,0.27613088488578796
2213,21.524112701416016,4300.61767578125,0.2760942876338959
2214,21.521970748901367,4299.2568359375,0.2760579586029053
2215,21.519817352294922,4297.892578125,0.27602165937423706
2216,21.517602920532227,4296.50634765625,0.27598556876182556
2217,21.515512466430664,4295.1650390625,0.275949090719223
2218,21.513450622558594,4293.83544921875,0.2759126126766205
2219,21.511354446411133,4292.49365234375,0.2758762240409851
2220,21.50931167602539,4291.17236328125,0.27583974599838257
2221,21.50724220275879,4289.84130859375,0.2758033573627472
2222,21.505224227905273,4288.52880859375,0.2757667601108551
2223,21.5030460357666,4287.1591796875,0.27573060989379883
2224,21.500917434692383,4285.80810546875,0.27569442987442017
2225,21.498857498168945,4284.4833984375,0.27565810084342957
2226,21.49698257446289,4283.224609375,0.2756212055683136
2227,21.49508285522461,4281.95556640625,0.27558425068855286
2228,21.49307632446289,4280.650390625,0.2755477726459503
2229,21.49103355407715,4279.33447265625,0.2755115330219269
2230,21.489013671875,4278.0244140625,0.27547499537467957
2231,21.48691749572754,4276.689453125,0.2754388749599457
2232,21.484838485717773,4275.3603515625,0.275402694940567
2233,21.482778549194336,4274.0419921875,0.2753666341304779
2234,21.480850219726562,4272.767578125,0.2753300368785858
2235,21.4789981842041,4271.521484375,0.275293231010437
2236,21.47702407836914,4270.23291015625,0.27525681257247925
2237,21.474897384643555,4268.890625,0.27522096037864685
2238,21.472803115844727,4267.56103515625,0.2751850187778473
2239,21.470746994018555,4266.24462890625,0.2751489281654358
2240,21.468725204467773,4264.94287109375,0.27511289715766907
2241,21.4666805267334,4263.6318359375,0.2750767767429352
2242,21.464672088623047,4262.3349609375,0.2750406861305237
2243,21.462749481201172,4261.068359375,0.2750042974948883
2244,21.460826873779297,4259.80322265625,0.2749679982662201
2245,21.458789825439453,4258.49853515625,0.27493205666542053
2246,21.45671844482422,4257.181640625,0.2748962342739105
2247,21.45467758178711,4255.876953125,0.2748604118824005
2248,21.452709197998047,4254.59765625,0.2748242914676666
2249,21.450782775878906,4253.33349609375,0.27478811144828796
2250,21.448837280273438,4252.064453125,0.27475205063819885
2251,21.44694709777832,4250.814453125,0.274715781211853
2252,21.444995880126953,4249.5439453125,0.2746797502040863
2253,21.442935943603516,4248.23583984375,0.27464404702186584
2254,21.440826416015625,4246.91064453125,0.2746085524559021
2255,21.438892364501953,4245.64697265625,0.27457255125045776
2256,21.43705177307129,4244.41748046875,0.27453622221946716
2257,21.43513298034668,4243.16162109375,0.2745002210140228
2258,21.433147430419922,4241.8818359375,0.2744644284248352
2259,21.431198120117188,4240.6162109375,0.27442851662635803
2260,21.429323196411133,4239.376953125,0.27439242601394653
2261,21.42743682861328,4238.1337890625,0.2743563652038574
2262,21.425504684448242,4236.87548828125,0.274320513010025
2263,21.42350196838379,4235.5927734375,0.27428486943244934
2264,21.42154312133789,4234.3271484375,0.2742491662502289
2265,21.41964340209961,4233.08056640625,0.27421319484710693
2266,21.417709350585938,4231.82470703125,0.2741774618625641
2267,21.415729522705078,4230.55224609375,0.2741418182849884
2268,21.413795471191406,4229.29638671875,0.27410608530044556
2269,21.411897659301758,4228.05419921875,0.27407026290893555
2270,21.410043716430664,4226.8271484375,0.274034321308136
2271,21.408185958862305,4225.59912109375,0.27399834990501404
2272,21.40624237060547,4224.3427734375,0.27396273612976074
2273,21.404191970825195,4223.04833984375,0.2739274799823761
2274,21.402238845825195,4221.78857421875,0.2738918662071228
2275,21.400283813476562,4220.5302734375,0.27385640144348145
2276,21.398290634155273,4219.25830078125,0.27382102608680725
2277,21.396350860595703,4218.00390625,0.27378541231155396
2278,21.394371032714844,4216.73828125,0.27375009655952454
2279,21.39237403869629,4215.466796875,0.2737147808074951
2280,21.390430450439453,4214.212890625,0.273679256439209
2281,21.38852310180664,4212.974609375,0.27364376187324524
2282,21.38652801513672,4211.7041015625,0.2736084759235382
2283,21.384567260742188,4210.44677734375,0.2735731303691864
2284,21.3826904296875,4209.220703125,0.2735375761985779
2285,21.380857467651367,4208.01025390625,0.2735019624233246
2286,21.378955841064453,4206.77587890625,0.2734665274620056
2287,21.377056121826172,4205.54248046875,0.27343106269836426
2288,21.375167846679688,4204.31298828125,0.2733955979347229
2289,21.373279571533203,4203.0849609375,0.2733601927757263
2290,21.37145233154297,4201.87890625,0.273324579000473
2291,21.369609832763672,4200.66748046875,0.2732890546321869
2292,21.367721557617188,4199.43994140625,0.2732536494731903
2293,21.365816116333008,4198.2080078125,0.2732183635234833
2294,21.36395835876465,4196.99267578125,0.2731829285621643
2295,21.362157821655273,4195.79833984375,0.2731473445892334
2296,21.36031723022461,4194.58984375,0.27311190962791443
2297,21.358362197875977,4193.34130859375,0.27307677268981934
2298,21.35639762878418,4192.09130859375,0.2730417847633362
2299,21.354537963867188,4190.8779296875,0.27300646901130676
2300,21.35274887084961,4189.68896484375,0.27297088503837585
2301,21.350921630859375,4188.48828125,0.27293550968170166
2302,21.34895896911621,4187.240234375,0.2729005515575409
2303,21.347076416015625,4186.0205078125,0.272865355014801
2304,21.345163345336914,4184.79150390625,0.2728302776813507
2305,21.343215942382812,4183.54931640625,0.27279525995254517
2306,21.341285705566406,4182.314453125,0.272760272026062
2307,21.339447021484375,4181.11181640625,0.272724986076355
2308,21.337533950805664,4179.8828125,0.27268990874290466
2309,21.335620880126953,4178.65625,0.2726549804210663
2310,21.33374786376953,4177.443359375,0.2726198434829712
2311,21.331844329833984,4176.21875,0.27258479595184326
2312,21.329946517944336,4174.99853515625,0.2725497782230377
2313,21.328115463256836,4173.802734375,0.272514671087265
2314,21.326278686523438,4172.603515625,0.27247950434684753
2315,21.324499130249023,4171.42626953125,0.2724442481994629
2316,21.322675704956055,4170.234375,0.2724091708660126
2317,21.32080078125,4169.02490234375,0.2723742723464966
2318,21.31902503967285,4167.849609375,0.27233898639678955
2319,21.31722068786621,4166.66455078125,0.2723037898540497
2320,21.315353393554688,4165.458984375,0.2722689211368561
2321,21.31348419189453,4164.25390625,0.2722340524196625
2322,21.31155014038086,4163.0244140625,0.2721993327140808
2323,21.30963134765625,4161.80322265625,0.2721647024154663
2324,21.307781219482422,4160.60546875,0.2721298038959503
2325,21.30590057373047,4159.3984375,0.27209511399269104
2326,21.304027557373047,4158.193359375,0.2720603048801422
2327,21.302249908447266,4157.02197265625,0.2720252275466919
2328,21.300424575805664,4155.8349609375,0.2719903588294983
2329,21.29852294921875,4154.62158203125,0.2719557285308838
2330,21.29657745361328,4153.3935546875,0.27192121744155884
2331,21.294708251953125,4152.193359375,0.2718866467475891
2332,21.292903900146484,4151.01513671875,0.2718517482280731
2333,21.291072845458984,4149.828125,0.2718169689178467
2334,21.289220809936523,4148.63427734375,0.271782249212265
2335,21.287328720092773,4147.4287109375,0.27174776792526245
2336,21.285442352294922,4146.224609375,0.2717132866382599
2337,21.283645629882812,4145.05224609375,0.27167850732803345
2338,21.281848907470703,4143.8798828125,0.2716437578201294
2339,21.2800235748291,4142.697265625,0.27160900831222534
2340,21.2782039642334,4141.517578125,0.27157434821128845
2341,21.276390075683594,4140.341796875,0.27153974771499634
2342,21.27451515197754,4139.14453125,0.2715052664279938
2343,21.27263069152832,4137.9443359375,0.27147090435028076
2344,21.270795822143555,4136.7626953125,0.2714363932609558
2345,21.269010543823242,4135.59716796875,0.27140170335769653
2346,21.267236709594727,4134.43701171875,0.27136707305908203
2347,21.265430450439453,4133.2666015625,0.2713325023651123
2348,21.26348304748535,4132.04443359375,0.27129825949668884
2349,21.26152229309082,4130.822265625,0.27126428484916687
2350,21.25967025756836,4129.63720703125,0.27122998237609863
2351,21.257896423339844,4128.478515625,0.27119535207748413
2352,21.25618553161621,4127.3427734375,0.2711605429649353
2353,21.25432777404785,4126.16015625,0.27112653851509094
2354,21.252418518066406,4124.95751953125,0.2710925042629242
2355,21.250545501708984,4123.76318359375,0.27105799317359924
2356,21.24873924255371,4122.59912109375,0.27102380990982056
2357,21.246868133544922,4121.4130859375,0.27098986506462097
2358,21.244949340820312,4120.203125,0.27095550298690796
2359,21.24301528930664,4118.9970703125,0.2709217667579651
2360,21.241107940673828,4117.802734375,0.27088817954063416
2361,21.239259719848633,4116.61669921875,0.27085351943969727
2362,21.2374267578125,4115.4443359375,0.27081939578056335
2363,21.23558235168457,4114.271484375,0.27078554034233093
2364,21.233732223510742,4113.08935546875,0.27075114846229553
2365,21.23196792602539,4111.9423828125,0.2707168459892273
2366,21.230207443237305,4110.7998046875,0.27068278193473816
2367,21.22848892211914,4109.6640625,0.2706480026245117
2368,21.22658348083496,4108.4697265625,0.27061423659324646
2369,21.22461700439453,4107.2568359375,0.2705807685852051
2370,21.222810745239258,4106.09423828125,0.27054646611213684
2371,21.221038818359375,4104.9501953125,0.27051252126693726
2372,21.219118118286133,4103.75439453125,0.2704790532588959
2373,21.217174530029297,4102.541015625,0.2704448699951172
2374,21.21527862548828,4101.3583984375,0.27041155099868774
2375,21.21340560913086,4100.181640625,0.2703780233860016
2376,21.211637496948242,4099.0283203125,0.27034324407577515
2377,21.209741592407227,4097.84716796875,0.27031001448631287
2378,21.207630157470703,4096.59033203125,0.2702772915363312
2379,21.20568084716797,4095.376953125,0.27024319767951965
2380,21.203838348388672,4094.21533203125,0.27020981907844543
2381,21.202035903930664,4093.05908203125,0.2701756954193115
2382,21.200300216674805,4091.926025390625,0.2701413929462433
2383,21.1984806060791,4090.7724609375,0.27010786533355713
2384,21.196548461914062,4089.572998046875,0.2700742185115814
2385,21.194604873657227,4088.372314453125,0.2700408101081848
2386,21.192712783813477,4087.19384765625,0.27000749111175537
2387,21.19072723388672,4085.978271484375,0.26997411251068115
2388,21.18876075744629,4084.772216796875,0.2699408531188965
2389,21.186912536621094,4083.6083984375,0.2699073553085327
2390,21.18506622314453,4082.444091796875,0.2698737382888794
2391,21.18315887451172,4081.26123046875,0.2698405086994171
2392,21.181209564208984,4080.0634765625,0.2698073089122772
2393,21.179277420043945,4078.87158203125,0.26977404952049255
2394,21.177377700805664,4077.69287109375,0.26974084973335266
2395,21.175535202026367,4076.53369140625,0.26970741152763367
2396,21.173709869384766,4075.381591796875,0.2696739733219147
2397,21.171865463256836,4074.22265625,0.26964056491851807
2398,21.16999626159668,4073.055908203125,0.2696073353290558
2399,21.168140411376953,4071.89404296875,0.26957401633262634
2400,21.166236877441406,4070.716064453125,0.26954084634780884
2401,21.164236068725586,4069.506591796875,0.26950812339782715
2402,21.162296295166016,4068.318603515625,0.26947519183158875
2403,21.160484313964844,4067.173583984375,0.2694418132305145
2404,21.158695220947266,4066.036865234375,0.2694084048271179
2405,21.15684700012207,4064.88134765625,0.2693752348423004
2406,21.15486717224121,4063.68115234375,0.2693425118923187
2407,21.15291976928711,4062.4931640625,0.26930972933769226
2408,21.151113510131836,4061.352294921875,0.2692764401435852
2409,21.149368286132812,4060.232421875,0.26924294233322144
2410,21.14751625061035,4059.0791015625,0.26920992136001587
2411,21.145715713500977,4057.942138671875,0.2691766917705536
2412,21.143869400024414,4056.789794921875,0.26914364099502563
2413,21.141891479492188,4055.59423828125,0.2691110372543335
2414,21.14002799987793,4054.4365234375,0.26907801628112793
2415,21.13823699951172,4053.3046875,0.2690448462963104
2416,21.136381149291992,4052.151123046875,0.26901188492774963
2417,21.134607315063477,4051.026611328125,0.26897871494293213
2418,21.13289451599121,4049.92333984375,0.2689453959465027
2419,21.131025314331055,4048.76611328125,0.2689124643802643
2420,21.129135131835938,4047.60400390625,0.26887980103492737
2421,21.12744903564453,4046.51025390625,0.2688463628292084
2422,21.125741958618164,4045.41015625,0.26881301403045654
2423,21.12403678894043,4044.3125,0.26877981424331665
2424,21.122314453125,4043.20654296875,0.2687464952468872
2425,21.12045669555664,4042.057861328125,0.2687137722969055
2426,21.118610382080078,4040.9130859375,0.26868098974227905
2427,21.116806030273438,4039.7822265625,0.26864808797836304
2428,21.115081787109375,4038.679443359375,0.2686149775981903
2429,21.113327026367188,4037.5673828125,0.26858198642730713
2430,21.111549377441406,4036.447021484375,0.2685490548610687
2431,21.109764099121094,4035.325927734375,0.26851627230644226
2432,21.107942581176758,4034.192138671875,0.26848354935646057
2433,21.106224060058594,4033.09423828125,0.268450528383255
2434,21.104461669921875,4031.97998046875,0.2684175670146942
2435,21.102725982666016,4030.87646484375,0.2683846354484558
2436,21.100982666015625,4029.771240234375,0.2683517336845398
2437,21.09919548034668,4028.65185546875,0.2683190107345581
2438,21.0974063873291,4027.531982421875,0.2682862877845764
2439,21.095552444458008,4026.39111328125,0.2682538628578186
2440,21.093799591064453,4025.283447265625,0.268220990896225
2441,21.09207534790039,4024.186279296875,0.26818808913230896
2442,21.09037971496582,4023.10009765625,0.26815518736839294
2443,21.08869171142578,4022.017822265625,0.2681223154067993
2444,21.087011337280273,4020.9375,0.2680894136428833
2445,21.085264205932617,4019.83349609375,0.26805660128593445
2446,21.0835018157959,4018.727294921875,0.2680239975452423
2447,21.0819034576416,4017.67578125,0.2679908275604248
2448,21.08028793334961,4016.6181640625,0.2679576873779297
2449,21.078580856323242,4015.531005859375,0.2679249346256256
2450,21.07684898376465,4014.4345703125,0.26789218187332153
2451,21.075040817260742,4013.31396484375,0.2678597867488861
2452,21.073230743408203,4012.19384765625,0.26782742142677307
2453,21.071502685546875,4011.099609375,0.2677946984767914
2454,21.069761276245117,4010.002197265625,0.26776206493377686
2455,21.067893981933594,4008.86474609375,0.2677300274372101
2456,21.06606674194336,4007.73974609375,0.2676977217197418
2457,21.064340591430664,4006.6494140625,0.26766517758369446
2458,21.062543869018555,4005.5341796875,0.26763275265693665
2459,21.060773849487305,4004.430908203125,0.267600417137146
2460,21.05891227722168,4003.29833984375,0.2675684988498688
2461,21.057029724121094,4002.155029296875,0.26753634214401245
2462,21.055137634277344,4001.00927734375,0.2675042748451233
2463,21.05341148376465,3999.921142578125,0.2674717903137207
2464,21.051755905151367,3998.85791015625,0.2674391269683838
2465,21.050010681152344,3997.763671875,0.2674066722393036
2466,21.048280715942383,3996.67578125,0.2673742473125458
2467,21.046566009521484,3995.593994140625,0.26734185218811035
2468,21.04474449157715,3994.474853515625,0.26730966567993164
2469,21.04291343688965,3993.35400390625,0.26727762818336487
2470,21.041189193725586,3992.270263671875,0.2672452926635742
2471,21.039464950561523,3991.18701171875,0.26721298694610596
2472,21.03781509399414,3990.12890625,0.2671804428100586
2473,21.036130905151367,3989.058837890625,0.2671479880809784
2474,21.034299850463867,3987.93798828125,0.26711583137512207
2475,21.032390594482422,3986.794189453125,0.2670842409133911
2476,21.030635833740234,3985.703369140625,0.26705214381217957
2477,21.0289249420166,3984.626953125,0.2670198678970337
2478,21.027015686035156,3983.486572265625,0.2669884264469147
2479,21.025314331054688,3982.410400390625,0.2669559419155121
2480,21.02355194091797,3981.320068359375,0.26692402362823486
2481,21.02174186706543,3980.211669921875,0.26689213514328003
2482,21.02011489868164,3979.165283203125,0.26685968041419983
2483,21.018455505371094,3978.111572265625,0.2668275535106659
2484,21.016613006591797,3976.9921875,0.26679572463035583
2485,21.014863967895508,3975.908447265625,0.2667638957500458
2486,21.013269424438477,3974.87744140625,0.2667315602302551
2487,21.011613845825195,3973.8232421875,0.26669931411743164
2488,21.00987434387207,3972.743896484375,0.2666674852371216
2489,21.008113861083984,3971.656982421875,0.2666356563568115
2490,21.006267547607422,3970.542236328125,0.2666041851043701
2491,21.004465103149414,3969.443115234375,0.26657262444496155
2492,21.00282096862793,3968.396728515625,0.26654052734375
2493,21.00103187561035,3967.30419921875,0.2665090560913086
2494,20.999156951904297,3966.1826171875,0.2664777636528015
2495,20.997314453125,3965.072021484375,0.26644644141197205
2496,20.995569229125977,3963.99462890625,0.2664147913455963
2497,20.993839263916016,3962.9228515625,0.26638317108154297
2498,20.992013931274414,3961.8203125,0.2663519084453583
2499,20.990169525146484,3960.713134765625,0.2663207948207855
2500,20.988384246826172,3959.625244140625,0.26628947257995605
2501,20.986616134643555,3958.54443359375,0.2662581503391266
2502,20.984922409057617,3957.48828125,0.26622653007507324
2503,20.983165740966797,3956.409423828125,0.26619502902030945
2504,20.981298446655273,3955.296630859375,0.266164094209671
2505,20.97948455810547,3954.203369140625,0.2661330997943878
2506,20.9777774810791,3953.1474609375,0.2661018371582031
2507,20.976078033447266,3952.088623046875,0.266070157289505
2508,20.974369049072266,3951.028564453125,0.2660386264324188
2509,20.972732543945312,3949.99658203125,0.26600712537765503
2510,20.971158981323242,3948.98681640625,0.2659755349159241
2511,20.969385147094727,3947.907958984375,0.26594436168670654
2512,20.967500686645508,3946.790283203125,0.2659134566783905
2513,20.9657039642334,3945.704345703125,0.26588237285614014
2514,20.963977813720703,3944.64501953125,0.2658512592315674
2515,20.962236404418945,3943.57958984375,0.2658202052116394
2516,20.960552215576172,3942.532958984375,0.26578888297080994
2517,20.958839416503906,3941.47705078125,0.26575765013694763
2518,20.9571475982666,3940.429443359375,0.2657264471054077
2519,20.955415725708008,3939.371826171875,0.2656955420970917
2520,20.95368194580078,3938.3134765625,0.265664666891098
2521,20.95194435119629,3937.250244140625,0.26563358306884766
2522,20.95022964477539,3936.19482421875,0.26560235023498535
2523,20.948650360107422,3935.1875,0.26557090878486633
2524,20.947031021118164,3934.170166015625,0.26553982496261597
2525,20.94533348083496,3933.126953125,0.2655090093612671
2526,20.943649291992188,3932.084228515625,0.26547783613204956
2527,20.942007064819336,3931.0546875,0.2654464840888977
2528,20.94031524658203,3930.015380859375,0.2654157280921936
2529,20.93859100341797,3928.96337890625,0.2653849720954895
2530,20.936893463134766,3927.9189453125,0.2653539776802063
2531,20.935134887695312,3926.854248046875,0.2653231918811798
2532,20.933488845825195,3925.832275390625,0.2652924060821533
2533,20.931987762451172,3924.85693359375,0.2652610242366791
2534,20.9305419921875,3923.89794921875,0.26522931456565857
2535,20.92881202697754,3922.84423828125,0.2651985287666321
2536,20.927047729492188,3921.782470703125,0.2651680111885071
2537,20.925312042236328,3920.730712890625,0.2651374936103821
2538,20.923599243164062,3919.685546875,0.26510676741600037
2539,20.922100067138672,3918.71142578125,0.26507535576820374
2540,20.92057991027832,3917.7314453125,0.26504409313201904
2541,20.918895721435547,3916.69677734375,0.26501336693763733
2542,20.917129516601562,3915.63720703125,0.26498299837112427
2543,20.91545867919922,3914.608154296875,0.26495227217674255
2544,20.913766860961914,3913.575927734375,0.26492181420326233
2545,20.912145614624023,3912.56591796875,0.264891117811203
2546,20.910593032836914,3911.5771484375,0.26486000418663025
2547,20.909053802490234,3910.59130859375,0.26482874155044556
2548,20.907447814941406,3909.58642578125,0.2647979259490967
2549,20.905900955200195,3908.604248046875,0.2647671401500702
2550,20.90434455871582,3907.616943359375,0.26473620533943176
2551,20.90266227722168,3906.58642578125,0.2647055685520172
2552,20.90111541748047,3905.600341796875,0.26467445492744446
2553,20.89956283569336,3904.61865234375,0.2646438181400299
2554,20.89794921875,3903.613037109375,0.2646130621433258
2555,20.896495819091797,3902.66015625,0.2645817995071411
2556,20.895030975341797,3901.705322265625,0.26455068588256836
2557,20.893321990966797,3900.67041015625,0.2645203471183777
2558,20.89163589477539,3899.644775390625,0.26449012756347656
2559,20.890064239501953,3898.656005859375,0.26445940136909485
2560,20.888568878173828,3897.690185546875,0.2644282579421997
2561,20.887102127075195,3896.738525390625,0.26439735293388367
2562,20.885534286499023,3895.752197265625,0.2643667161464691
2563,20.883832931518555,3894.72265625,0.2643365263938904
2564,20.881986618041992,3893.642822265625,0.26430660486221313
2565,20.88043785095215,3892.662353515625,0.26427584886550903
2566,20.87904167175293,3891.736083984375,0.26424482464790344
2567,20.877464294433594,3890.74853515625,0.2642142176628113
2568,20.875778198242188,3889.7265625,0.2641841471195221
2569,20.87410545349121,3888.70703125,0.2641538381576538
2570,20.87248992919922,3887.708251953125,0.26412346959114075
2571,20.87103843688965,3886.765625,0.26409271359443665
2572,20.86956024169922,3885.8134765625,0.26406195759773254
2573,20.86798095703125,3884.828369140625,0.2640315592288971
2574,20.866260528564453,3883.795654296875,0.2640015482902527
2575,20.864818572998047,3882.856689453125,0.2639707624912262
2576,20.86347770690918,3881.953857421875,0.26393985748291016
2577,20.861902236938477,3880.969970703125,0.26390936970710754
2578,20.860177993774414,3879.938232421875,0.2638795077800751
2579,20.858564376831055,3878.94580078125,0.2638494074344635
2580,20.856910705566406,3877.940185546875,0.26381951570510864
2581,20.855329513549805,3876.959716796875,0.26378944516181946
2582,20.85370445251465,3875.96044921875,0.26375916600227356
2583,20.85211944580078,3874.9775390625,0.2637289762496948
2584,20.850666046142578,3874.041748046875,0.26369863748550415
2585,20.84920883178711,3873.10400390625,0.2636682093143463
2586,20.847623825073242,3872.1220703125,0.26363810896873474
2587,20.845788955688477,3871.05615234375,0.2636086046695709
2588,20.843914031982422,3869.983154296875,0.26357972621917725
2589,20.842487335205078,3869.059326171875,0.26354947686195374
2590,20.841005325317383,3868.111328125,0.26351892948150635
2591,20.83940887451172,3867.1279296875,0.26348891854286194
2592,20.837757110595703,3866.12744140625,0.263459175825119
2593,20.836013793945312,3865.099609375,0.2634299397468567
2594,20.834331512451172,3864.09033203125,0.2634003758430481
2595,20.83279800415039,3863.1298828125,0.2633702754974365
2596,20.83144760131836,3862.232177734375,0.2633397877216339
2597,20.829830169677734,3861.245361328125,0.2633100748062134
2598,20.828107833862305,3860.226318359375,0.26328083872795105
2599,20.826534271240234,3859.25634765625,0.26325109601020813
2600,20.82501220703125,3858.303466796875,0.26322120428085327
2601,20.823453903198242,3857.34130859375,0.2631916403770447
2602,20.821983337402344,3856.404541015625,0.2631615102291107
2603,20.820497512817383,3855.46630859375,0.26313167810440063
2604,20.818838119506836,3854.470458984375,0.26310235261917114
2605,20.817304611206055,3853.516357421875,0.2630726397037506
2606,20.81584930419922,3852.59033203125,0.2630428671836853
2607,20.814167022705078,3851.58740234375,0.2630136013031006
2608,20.812551498413086,3850.609130859375,0.2629843056201935
2609,20.8111572265625,3849.702880859375,0.2629542946815491
2610,20.809743881225586,3848.79052734375,0.26292431354522705
2611,20.808176040649414,3847.82958984375,0.26289495825767517
2612,20.80667495727539,3846.88916015625,0.2628653049468994
2613,20.805126190185547,3845.93603515625,0.2628360092639923
2614,20.80348777770996,3844.952392578125,0.26280689239501953
2615,20.801969528198242,3844.00927734375,0.2627774775028229
2616,20.800498962402344,3843.081787109375,0.2627479135990143
2617,20.798860549926758,3842.098876953125,0.2627188265323639
2618,20.797330856323242,3841.153564453125,0.262689471244812
2619,20.795862197875977,3840.228515625,0.26266002655029297
2620,20.794368743896484,3839.296142578125,0.2626306414604187
2621,20.79286766052246,3838.362548828125,0.26260140538215637
2622,20.791454315185547,3837.458984375,0.2625719904899597
2623,20.78989028930664,3836.505126953125,0.2625429630279541
2624,20.788249969482422,3835.522705078125,0.2625138461589813
2625,20.78668212890625,3834.56787109375,0.2624847888946533
2626,20.785280227661133,3833.667236328125,0.2624552547931671
2627,20.78389549255371,3832.7763671875,0.26242589950561523
2628,20.782373428344727,3831.837158203125,0.26239678263664246
2629,20.780752182006836,3830.866455078125,0.26236799359321594
2630,20.779109954833984,3829.890380859375,0.26233935356140137
2631,20.77760124206543,3828.957763671875,0.26231029629707336
2632,20.776100158691406,3828.0302734375,0.2622813880443573
2633,20.774547576904297,3827.085693359375,0.2622526288032532
2634,20.773096084594727,3826.175048828125,0.26222360134124756
2635,20.77159309387207,3825.248046875,0.26219475269317627
2636,20.770139694213867,3824.3369140625,0.26216569542884827
2637,20.768783569335938,3823.45654296875,0.26213622093200684
2638,20.76740074157715,3822.569580078125,0.26210707426071167
2639,20.765872955322266,3821.63720703125,0.2620784640312195
2640,20.76430320739746,3820.691650390625,0.26205000281333923
2641,20.762859344482422,3819.787353515625,0.26202115416526794
2642,20.76128578186035,3818.841552734375,0.26199281215667725
2643,20.759923934936523,3817.961669921875,0.26196351647377014
2644,20.75844955444336,3817.048828125,0.2619348466396332
2645,20.756826400756836,3816.0869140625,0.26190662384033203
2646,20.755374908447266,3815.181884765625,0.2618778944015503
2647,20.753929138183594,3814.281494140625,0.2618493139743805
2648,20.75240135192871,3813.354248046875,0.2618210017681122
2649,20.75086784362793,3812.423828125,0.2617926001548767
2650,20.74951171875,3811.549072265625,0.26176348328590393
2651,20.74808120727539,3810.65380859375,0.26173481345176697
2652,20.746753692626953,3809.791748046875,0.26170581579208374
2653,20.74531364440918,3808.8955078125,0.26167741417884827
2654,20.743715286254883,3807.9482421875,0.2616494596004486
2655,20.742233276367188,3807.03759765625,0.26162105798721313
2656,20.740859985351562,3806.161865234375,0.2615922689437866
2657,20.739444732666016,3805.273193359375,0.26156365871429443
2658,20.73792839050293,3804.35302734375,0.2615354657173157
2659,20.736421585083008,3803.4365234375,0.2615073025226593
2660,20.73485565185547,3802.5029296875,0.2614794373512268
2661,20.733491897583008,3801.635009765625,0.2614509165287018
2662,20.7320556640625,3800.745361328125,0.2614227831363678
2663,20.73050880432129,3799.818359375,0.2613948583602905
2664,20.728975296020508,3798.894287109375,0.2613667845726013
2665,20.727453231811523,3797.976318359375,0.2613388001918793
2666,20.725942611694336,3797.0615234375,0.26131078600883484
2667,20.72459602355957,3796.2001953125,0.2612822353839874
2668,20.723066329956055,3795.281005859375,0.26125437021255493
2669,20.721406936645508,3794.321533203125,0.2612270712852478
2670,20.720035552978516,3793.4541015625,0.2611987292766571
2671,20.71858787536621,3792.56396484375,0.26117074489593506
2672,20.7171630859375,3791.684326171875,0.26114293932914734
2673,20.715776443481445,3790.815673828125,0.2611149251461029
2674,20.714492797851562,3789.98046875,0.26108652353286743
2675,20.71294403076172,3789.056640625,0.2610587775707245
2676,20.711530685424805,3788.17626953125,0.26103055477142334
2677,20.710052490234375,3787.278564453125,0.2610028088092804
2678,20.708539962768555,3786.37158203125,0.26097533106803894
2679,20.707120895385742,3785.49462890625,0.26094746589660645
2680,20.705791473388672,3784.645263671875,0.2609192430973053
2681,20.704317092895508,3783.74951171875,0.26089149713516235
2682,20.70277976989746,3782.8369140625,0.2608641982078552
2683,20.701370239257812,3781.966796875,0.26083657145500183
2684,20.700088500976562,3781.13671875,0.26080843806266785
2685,20.698619842529297,3780.24365234375,0.2607807219028473
2686,20.697298049926758,3779.398681640625,0.26075249910354614
2687,20.69584083557129,3778.51416015625,0.26072511076927185
2688,20.694164276123047,3777.5595703125,0.26069843769073486
2689,20.69281005859375,3776.706298828125,0.2606705129146576
2690,20.69148826599121,3775.864501953125,0.26064255833625793
2691,20.690092086791992,3774.99853515625,0.2606147825717926
2692,20.688644409179688,3774.119873046875,0.2605874836444855
2693,20.687162399291992,3773.23193359375,0.26056045293807983
2694,20.68576431274414,3772.36865234375,0.260532945394516
2695,20.684267044067383,3771.469482421875,0.26050540804862976
2696,20.682905197143555,3770.615478515625,0.26047760248184204
2697,20.681568145751953,3769.7763671875,0.260450154542923
2698,20.68018341064453,3768.921142578125,0.26042288541793823
2699,20.678892135620117,3768.091796875,0.2603949308395386
2700,20.677593231201172,3767.2607421875,0.2603669762611389
2701,20.67600440979004,3766.33935546875,0.26034030318260193
2702,20.6744384765625,3765.426025390625,0.26031360030174255
2703,20.673023223876953,3764.5595703125,0.2602861821651459
2704,20.671722412109375,3763.729736328125,0.26025843620300293
2705,20.67036247253418,3762.884033203125,0.26023104786872864
2706,20.668941497802734,3762.02099609375,0.26020410656929016
2707,20.667613983154297,3761.1865234375,0.2601766884326935
2708,20.66618537902832,3760.317138671875,0.26014938950538635
2709,20.664844512939453,3759.478515625,0.26012203097343445
2710,20.663454055786133,3758.625732421875,0.2600949704647064
2711,20.661907196044922,3757.7216796875,0.26006829738616943
2712,20.660446166992188,3756.84521484375,0.26004135608673096
2713,20.659175872802734,3756.03125,0.2600138783454895
2714,20.657760620117188,3755.17333984375,0.2599870562553406
2715,20.656227111816406,3754.27685546875,0.2599605619907379
2716,20.65470314025879,3753.382080078125,0.2599339485168457
2717,20.653186798095703,3752.49072265625,0.2599073350429535
2718,20.651681900024414,3751.603271484375,0.25988075137138367
2719,20.650300979614258,3750.75634765625,0.2598537504673004
2720,20.64885139465332,3749.88916015625,0.2598271071910858
2721,20.647308349609375,3748.99609375,0.25980111956596375
2722,20.646020889282227,3748.181884765625,0.25977396965026855
2723,20.64475440979004,3747.372802734375,0.2597467005252838
2724,20.64341163635254,3746.53857421875,0.2597195506095886
2725,20.641952514648438,3745.66748046875,0.25969287753105164
2726,20.64051055908203,3744.807861328125,0.2596665322780609
2727,20.63907241821289,3743.9501953125,0.2596402168273926
2728,20.637727737426758,3743.121337890625,0.2596135437488556
2729,20.63652801513672,3742.333984375,0.25958600640296936
2730,20.63515281677246,3741.4921875,0.25955915451049805
2731,20.633743286132812,3740.64111328125,0.25953251123428345
2732,20.632314682006836,3739.78662109375,0.2595061659812927
2733,20.630861282348633,3738.9267578125,0.2594800889492035
2734,20.629497528076172,3738.093017578125,0.25945350527763367
2735,20.62811851501465,3737.25439453125,0.25942695140838623
2736,20.626914978027344,3736.47021484375,0.2593997120857239
2737,20.625391006469727,3735.582763671875,0.25937342643737793
2738,20.623971939086914,3734.73388671875,0.25934717059135437
2739,20.622709274291992,3733.939208984375,0.2593207061290741
2740,20.62119483947754,3733.058837890625,0.259294718503952
2741,20.61981201171875,3732.219482421875,0.2592681348323822
2742,20.61858558654785,3731.4287109375,0.2592409551143646
2743,20.617332458496094,3730.633056640625,0.2592141032218933
2744,20.615991592407227,3729.813720703125,0.2591879069805145
2745,20.61463165283203,3728.9853515625,0.2591615319252014
2746,20.613361358642578,3728.1875,0.25913500785827637
2747,20.611846923828125,3727.307373046875,0.25910893082618713
2748,20.610727310180664,3726.553955078125,0.2590816020965576
2749,20.609527587890625,3725.77685546875,0.25905466079711914
2750,20.608129501342773,3724.939453125,0.2590285539627075
2751,20.606971740722656,3724.176025390625,0.2590015232563019
2752,20.605613708496094,3723.351318359375,0.2589752972126007
2753,20.60426139831543,3722.528076171875,0.25894904136657715
2754,20.603025436401367,3721.7431640625,0.2589224874973297
2755,20.601652145385742,3720.914306640625,0.2588963508605957
2756,20.60023307800293,3720.073974609375,0.25887060165405273
2757,20.599088668823242,3719.319580078125,0.2588437795639038
2758,20.597740173339844,3718.5,0.2588177025318146
2759,20.596426010131836,3717.6923828125,0.2587915062904358
2760,20.595102310180664,3716.878173828125,0.2587650418281555
2761,20.593795776367188,3716.0703125,0.25873860716819763
2762,20.59237289428711,3715.228515625,0.2587127983570099
2763,20.59117889404297,3714.459716796875,0.25868627429008484
2764,20.589895248413086,3713.66357421875,0.25866004824638367
2765,20.5883846282959,3712.7939453125,0.2586345374584198
2766,20.587125778198242,3712.005126953125,0.2586081922054291
2767,20.58570671081543,3711.165771484375,0.2585824429988861
2768,20.584333419799805,3710.34228515625,0.258556604385376
2769,20.583086013793945,3709.55712890625,0.25853022933006287
2770,20.58184814453125,3708.77783203125,0.2585039734840393
2771,20.580453872680664,3707.94873046875,0.2584782540798187
2772,20.579172134399414,3707.155517578125,0.2584521770477295
2773,20.577838897705078,3706.345703125,0.2584262788295746
2774,20.576372146606445,3705.49560546875,0.25840091705322266
2775,20.575180053710938,3704.732421875,0.2583746314048767
2776,20.573802947998047,3703.912109375,0.25834906101226807
2777,20.572439193725586,3703.09619140625,0.2583235204219818
2778,20.570987701416016,3702.24853515625,0.2582979202270508
2779,20.569734573364258,3701.466064453125,0.2582717835903168
2780,20.568342208862305,3700.638671875,0.2582460939884186
2781,20.56715965270996,3699.881103515625,0.2582198977470398
2782,20.566070556640625,3699.15380859375,0.2581934928894043
2783,20.56464385986328,3698.31787109375,0.2581680417060852
2784,20.563405990600586,3697.543701171875,0.2581420838832855
2785,20.562252044677734,3696.7978515625,0.2581160366535187
2786,20.561067581176758,3696.042236328125,0.2580900192260742
2787,20.559711456298828,3695.233642578125,0.2580646872520447
2788,20.55855941772461,3694.48486328125,0.25803834199905396
2789,20.557144165039062,3693.65234375,0.2580127418041229
2790,20.555866241455078,3692.865234375,0.2579869031906128
2791,20.55472183227539,3692.123046875,0.25796079635620117
2792,20.55340576171875,3691.329345703125,0.25793546438217163
2793,20.552133560180664,3690.548095703125,0.2579098343849182
2794,20.55075454711914,3689.731201171875,0.2578844726085663
2795,20.54952049255371,3688.959228515625,0.2578585147857666
2796,20.548099517822266,3688.129150390625,0.2578332722187042
2797,20.546768188476562,3687.327392578125,0.2578077018260956
2798,20.545408248901367,3686.51806640625,0.25778234004974365
2799,20.544132232666016,3685.73681640625,0.2577567994594574
2800,20.543048858642578,3685.01708984375,0.257730633020401
2801,20.541664123535156,3684.200927734375,0.2577053904533386
2802,20.54032325744629,3683.400390625,0.25768011808395386
2803,20.539098739624023,3682.638427734375,0.25765466690063477
2804,20.537736892700195,3681.839599609375,0.2576301097869873
2805,20.536663055419922,3681.135498046875,0.2576048672199249
2806,20.53529167175293,3680.32080078125,0.25757932662963867
2807,20.53415298461914,3679.572021484375,0.2575524151325226
2808,20.532873153686523,3678.788330078125,0.2575267255306244
2809,20.531553268432617,3678.00341796875,0.25750207901000977
2810,20.530418395996094,3677.27587890625,0.25747668743133545
2811,20.528888702392578,3676.41162109375,0.2574516534805298
2812,20.527677536010742,3675.648193359375,0.25742560625076294
2813,20.526456832885742,3674.886962890625,0.25739994645118713
2814,20.52510643005371,3674.09228515625,0.2573753297328949
2815,20.523733139038086,3673.28369140625,0.25735026597976685
2816,20.522363662719727,3672.473388671875,0.2573249042034149
2817,20.52118682861328,3671.727294921875,0.2572992146015167
2818,20.519975662231445,3670.97314453125,0.2572738230228424
2819,20.518709182739258,3670.2021484375,0.2572486698627472
2820,20.517425537109375,3669.428466796875,0.2572237253189087
2821,20.515918731689453,3668.579345703125,0.25719916820526123
2822,20.51468849182129,3667.81787109375,0.25717371702194214
2823,20.51344871520996,3667.052490234375,0.25714820623397827
2824,20.51222801208496,3666.2958984375,0.25712281465530396
2825,20.510889053344727,3665.502197265625,0.25709787011146545
2826,20.509538650512695,3664.707275390625,0.2570731043815613
2827,20.50836944580078,3663.96875,0.25704771280288696
2828,20.507020950317383,3663.176513671875,0.2570231258869171
2829,20.505794525146484,3662.42431640625,0.256998211145401
2830,20.5042781829834,3661.57568359375,0.25697383284568787
2831,20.503026962280273,3660.810302734375,0.2569486200809479
2832,20.501840591430664,3660.063720703125,0.25692299008369446
2833,20.500699996948242,3659.334716796875,0.2568974494934082
2834,20.499399185180664,3658.5576171875,0.25687268376350403
2835,20.498044967651367,3657.766357421875,0.2568482458591461
2836,20.496912002563477,3657.04833984375,0.25682333111763
2837,20.495460510253906,3656.2255859375,0.2567991316318512
2838,20.494396209716797,3655.515869140625,0.2567729949951172
2839,20.493192672729492,3654.7646484375,0.25674742460250854
2840,20.491947174072266,3654.006103515625,0.25672248005867004
2841,20.490930557250977,3653.329833984375,0.25669756531715393
2842,20.489486694335938,3652.515869140625,0.25667381286621094
2843,20.488245010375977,3651.751220703125,0.2566482126712799
2844,20.48676109313965,3650.90771484375,0.256623238325119
2845,20.485544204711914,3650.161865234375,0.25659847259521484
2846,20.484596252441406,3649.504638671875,0.2565730810165405
2847,20.48342514038086,3648.77392578125,0.2565482258796692
2848,20.48211097717285,3647.99072265625,0.25652316212654114
2849,20.480384826660156,3647.075439453125,0.2564992606639862
2850,20.47892951965332,3646.2587890625,0.2564755976200104
2851,20.478010177612305,3645.619384765625,0.2564507722854614
2852,20.476844787597656,3644.890625,0.2564258277416229
2853,20.47572135925293,3644.159912109375,0.256399542093277
2854,20.474145889282227,3643.293701171875,0.256375253200531
2855,20.472694396972656,3642.486328125,0.25635209679603577
2856,20.471784591674805,3641.845703125,0.25632691383361816
2857,20.47054672241211,3641.086669921875,0.2563015818595886
2858,20.46933364868164,3640.335205078125,0.25627613067626953
2859,20.467796325683594,3639.487060546875,0.25625213980674744
2860,20.466480255126953,3638.71875,0.2562282085418701
2861,20.465667724609375,3638.10498046875,0.2562023997306824
2862,20.464427947998047,3637.35205078125,0.25617754459381104
2863,20.46333885192871,3636.64208984375,0.25615185499191284
2864,20.461883544921875,3635.822998046875,0.25612780451774597
2865,20.46053695678711,3635.0390625,0.2561034858226776
2866,20.45963478088379,3634.403076171875,0.2560783922672272
2867,20.4582576751709,3633.614013671875,0.25605449080467224
2868,20.45697021484375,3632.84814453125,0.2560299336910248
2869,20.455595016479492,3632.052001953125,0.2560053765773773
2870,20.454843521118164,3631.451171875,0.2559787929058075
2871,20.453750610351562,3630.75,0.255953848361969
2872,20.452289581298828,3629.93310546875,0.2559300661087036
2873,20.451047897338867,3629.190185546875,0.25590598583221436
2874,20.449871063232422,3628.46337890625,0.25588133931159973
2875,20.449167251586914,3627.88134765625,0.25585484504699707
2876,20.448225021362305,3627.22607421875,0.2558292746543884
2877,20.44698715209961,3626.478271484375,0.2558046281337738
2878,20.44549560546875,3625.655029296875,0.2557812035083771
2879,20.444503784179688,3624.983154296875,0.2557556629180908
2880,20.443593978881836,3624.34326171875,0.25573036074638367
2881,20.44240379333496,3623.61572265625,0.2557060122489929
2882,20.441452026367188,3622.965576171875,0.25568103790283203
2883,20.440338134765625,3622.2626953125,0.25565648078918457
2884,20.439289093017578,3621.578857421875,0.25563156604766846
2885,20.438068389892578,3620.834716796875,0.2556067109107971
2886,20.43698501586914,3620.139892578125,0.25558191537857056
2887,20.435758590698242,3619.397216796875,0.2555573284626007
2888,20.43489646911621,3618.7724609375,0.25553181767463684
2889,20.433870315551758,3618.1015625,0.2555072605609894
2890,20.43219757080078,3617.23046875,0.25548502802848816
2891,20.43100357055664,3616.51171875,0.25546133518218994
2892,20.429868698120117,3615.79931640625,0.2554365396499634
2893,20.429096221923828,3615.19287109375,0.25540995597839355
2894,20.4278621673584,3614.4501953125,0.25538551807403564
2895,20.426651000976562,3613.716064453125,0.2553611397743225
2896,20.42535400390625,3612.960205078125,0.2553373873233795
2897,20.424013137817383,3612.195068359375,0.2553141117095947
2898,20.42316246032715,3611.57421875,0.2552885413169861
2899,20.42201042175293,3610.859619140625,0.255264014005661
2900,20.420833587646484,3610.135986328125,0.25523942708969116
2901,20.419919967651367,3609.496337890625,0.255214124917984
2902,20.418920516967773,3608.83447265625,0.255189448595047
2903,20.41771125793457,3608.11083984375,0.25516578555107117
2904,20.416339874267578,3607.337646484375,0.2551427483558655
2905,20.41548728942871,3606.72265625,0.25511759519577026
2906,20.41451072692871,3606.059326171875,0.25509220361709595
2907,20.41362190246582,3605.42724609375,0.25506675243377686
2908,20.412410736083984,3604.693603515625,0.25504228472709656
2909,20.411115646362305,3603.93994140625,0.25501853227615356
2910,20.41004180908203,3603.257080078125,0.2549942433834076
2911,20.409082412719727,3602.611083984375,0.2549697160720825
2912,20.408161163330078,3601.98046875,0.25494521856307983
2913,20.406845092773438,3601.21875,0.25492143630981445
2914,20.40578269958496,3600.53271484375,0.2548965513706207
2915,20.40473175048828,3599.85205078125,0.25487175583839417
2916,20.403696060180664,3599.1787109375,0.25484707951545715
2917,20.40262794494629,3598.49853515625,0.2548227608203888
2918,20.401582717895508,3597.82568359375,0.25479844212532043
2919,20.40045928955078,3597.133544921875,0.2547747492790222
2920,20.3990478515625,3596.353515625,0.25475209951400757
2921,20.3979549407959,3595.66650390625,0.25472792983055115
2922,20.396728515625,3594.937255859375,0.25470414757728577
2923,20.395734786987305,3594.2724609375,0.25467896461486816
2924,20.39467430114746,3593.58984375,0.254654198884964
2925,20.393577575683594,3592.900146484375,0.25462988018989563
2926,20.392276763916016,3592.153076171875,0.2546067535877228
2927,20.39105987548828,3591.43603515625,0.2545836269855499
2928,20.39010238647461,3590.801025390625,0.25455978512763977
2929,20.38872528076172,3590.033447265625,0.25453710556030273
2930,20.387691497802734,3589.359375,0.2545122802257538
2931,20.386417388916016,3588.60791015625,0.2544879615306854
2932,20.38534164428711,3587.919921875,0.25446316599845886
2933,20.384313583374023,3587.259521484375,0.25443920493125916
2934,20.383180618286133,3586.575927734375,0.2544163763523102
2935,20.382280349731445,3585.955322265625,0.25439202785491943
2936,20.380905151367188,3585.182373046875,0.2543688118457794
2937,20.379980087280273,3584.537841796875,0.254343181848526
2938,20.37891960144043,3583.862060546875,0.25431886315345764
2939,20.377737045288086,3583.15673828125,0.25429561734199524
2940,20.376771926879883,3582.5263671875,0.25427231192588806
2941,20.37552261352539,3581.799560546875,0.2542491853237152
2942,20.374462127685547,3581.1171875,0.25422435998916626
2943,20.37335968017578,3580.42138671875,0.2541995942592621
2944,20.37241554260254,3579.794677734375,0.2541758716106415
2945,20.37150001525879,3579.185791015625,0.2541528344154358
2946,20.370010375976562,3578.381103515625,0.2541302740573883
2947,20.368995666503906,3577.71337890625,0.25410524010658264
2948,20.36787223815918,3577.01318359375,0.2540806531906128
2949,20.36667251586914,3576.3037109375,0.25405755639076233
2950,20.365703582763672,3575.675537109375,0.2540343999862671
2951,20.364622116088867,3575.001220703125,0.25401070713996887
2952,20.363567352294922,3574.323486328125,0.25398603081703186
2953,20.362281799316406,3573.576416015625,0.2539622485637665
2954,20.361129760742188,3572.88037109375,0.25393879413604736
2955,20.360071182250977,3572.220458984375,0.25391560792922974
2956,20.358901977539062,3571.52294921875,0.2538925111293793
2957,20.3580322265625,3570.91455078125,0.25386810302734375
2958,20.35689353942871,3570.2158203125,0.2538440227508545
2959,20.35584259033203,3569.5458984375,0.2538198232650757
2960,20.354774475097656,3568.879150390625,0.2537962794303894
2961,20.35354995727539,3568.169189453125,0.25377368927001953
2962,20.352493286132812,3567.512939453125,0.253750741481781
2963,20.3513240814209,3566.8134765625,0.25372740626335144
2964,20.35059928894043,3566.251220703125,0.2537026107311249
2965,20.349536895751953,3565.58056640625,0.253678560256958
2966,20.348411560058594,3564.88720703125,0.25365450978279114
2967,20.347293853759766,3564.2041015625,0.2536310851573944
2968,20.34636116027832,3563.585205078125,0.25360754132270813
2969,20.34546661376953,3562.987548828125,0.253584623336792
2970,20.343948364257812,3562.192138671875,0.25356340408325195
2971,20.34313201904297,3561.603515625,0.25353899598121643
2972,20.34210968017578,3560.939453125,0.2535143792629242
2973,20.341251373291016,3560.33203125,0.2534896433353424
2974,20.340299606323242,3559.698974609375,0.253465473651886
2975,20.338987350463867,3558.95556640625,0.25344258546829224
2976,20.337610244750977,3558.200439453125,0.25342053174972534
2977,20.336824417114258,3557.618896484375,0.25339585542678833
2978,20.33599281311035,3557.03076171875,0.2533718943595886
2979,20.334707260131836,3556.30126953125,0.25334933400154114
2980,20.333698272705078,3555.658447265625,0.2533259689807892
2981,20.33263397216797,3555.008544921875,0.25330355763435364
2982,20.33180809020996,3554.4375,0.2532808482646942
2983,20.33059310913086,3553.7392578125,0.25325876474380493
2984,20.329729080200195,3553.1328125,0.25323423743247986
2985,20.3283748626709,3552.36767578125,0.2532106339931488
2986,20.32763671875,3551.796875,0.2531854510307312
2987,20.326705932617188,3551.177001953125,0.2531616687774658
2988,20.32537841796875,3550.441162109375,0.2531397342681885
2989,20.32428741455078,3549.780517578125,0.253117173910141
2990,20.323192596435547,3549.123291015625,0.25309497117996216
2991,20.322362899780273,3548.54296875,0.25307154655456543
2992,20.321155548095703,3547.84375,0.25304916501045227
2993,20.320457458496094,3547.293212890625,0.2530243694782257
2994,20.319019317626953,3546.50732421875,0.25300145149230957
2995,20.317903518676758,3545.824951171875,0.25297781825065613
2996,20.316974639892578,3545.211669921875,0.2529544532299042
2997,20.315813064575195,3544.5322265625,0.2529323399066925
2998,20.314796447753906,3543.900390625,0.25290995836257935
2999,20.313587188720703,3543.19775390625,0.2528872489929199
3000,20.312681198120117,3542.58544921875,0.2528633177280426
3001,20.311452865600586,3541.871337890625,0.2528402805328369
3002,20.310625076293945,3541.283935546875,0.2528161108493805
3003,20.309518814086914,3540.62060546875,0.25279369950294495
3004,20.308076858520508,3539.863037109375,0.25277310609817505
3005,20.30738067626953,3539.322265625,0.2527490258216858
3006,20.306222915649414,3538.64453125,0.25272685289382935
3007,20.305204391479492,3538.00146484375,0.25270354747772217
3008,20.303956985473633,3537.283203125,0.25268059968948364
3009,20.303234100341797,3536.728759765625,0.25265610218048096
3010,20.302228927612305,3536.08984375,0.25263282656669617
3011,20.301137924194336,3535.437255859375,0.2526107728481293
3012,20.300264358520508,3534.8564453125,0.2525883615016937
3013,20.298768997192383,3534.075927734375,0.2525673806667328
3014,20.298011779785156,3533.52392578125,0.2525440454483032
3015,20.296960830688477,3532.870361328125,0.25252076983451843
3016,20.2961368560791,3532.275146484375,0.25249582529067993
3017,20.29509162902832,3531.6259765625,0.25247272849082947
3018,20.294198989868164,3531.031005859375,0.2524496912956238
3019,20.29338836669922,3530.468017578125,0.25242698192596436
3020,20.291851043701172,3529.680419921875,0.252406507730484
3021,20.291013717651367,3529.09716796875,0.25238287448883057
3022,20.289669036865234,3528.3515625,0.25236037373542786
3023,20.288549423217773,3527.6767578125,0.252337247133255
3024,20.287782669067383,3527.118408203125,0.25231361389160156
3025,20.286806106567383,3526.5048828125,0.2522914409637451
3026,20.285640716552734,3525.837646484375,0.2522701919078827
3027,20.283958435058594,3525.014892578125,0.25225093960762024
3028,20.283361434936523,3524.518310546875,0.2522275149822235
3029,20.28208351135254,3523.77685546875,0.25220343470573425
3030,20.281082153320312,3523.135009765625,0.2521795928478241
3031,20.280364990234375,3522.5947265625,0.25215598940849304
3032,20.279369354248047,3521.98046875,0.2521342635154724
3033,20.278371810913086,3521.358154296875,0.25211191177368164
3034,20.27690887451172,3520.58740234375,0.25209060311317444
3035,20.27617645263672,3520.041259765625,0.2520669400691986
3036,20.274612426757812,3519.22607421875,0.2520448863506317
3037,20.273372650146484,3518.529052734375,0.25202322006225586
3038,20.273040771484375,3518.11279296875,0.25199878215789795
3039,20.272050857543945,3517.512451171875,0.2519780099391937
3040,20.271217346191406,3516.966796875,0.2519571781158447
3041,20.269533157348633,3516.13671875,0.25193724036216736
3042,20.268924713134766,3515.61083984375,0.2519117295742035
3043,20.267610549926758,3514.846435546875,0.25188666582107544
3044,20.266582489013672,3514.230712890625,0.2518656551837921
3045,20.266420364379883,3513.906982421875,0.2518439292907715
3046,20.264917373657227,3513.12548828125,0.251822829246521
3047,20.263952255249023,3512.476806640625,0.2517973482608795
3048,20.262598037719727,3511.71826171875,0.2517738342285156
3049,20.261619567871094,3511.112060546875,0.2517521381378174
3050,20.260822296142578,3510.57275390625,0.2517308294773102
3051,20.259565353393555,3509.895263671875,0.2517111599445343
3052,20.25942039489746,3509.529296875,0.2516855001449585
3053,20.258142471313477,3508.77734375,0.25166040658950806
3054,20.256914138793945,3508.08056640625,0.25163838267326355
3055,20.256147384643555,3507.536865234375,0.2516157627105713
3056,20.255109786987305,3506.92529296875,0.25159528851509094
3057,20.254533767700195,3506.44091796875,0.2515721321105957
3058,20.253250122070312,3505.7109375,0.2515489161014557
3059,20.252365112304688,3505.11328125,0.25152525305747986
3060,20.250843048095703,3504.320068359375,0.2515036165714264
3061,20.24979591369629,3503.69140625,0.2514819800853729
3062,20.249401092529297,3503.265625,0.25145840644836426
3063,20.248249053955078,3502.60546875,0.25143715739250183
3064,20.24748992919922,3502.071533203125,0.25141510367393494
3065,20.246301651000977,3501.400390625,0.25139397382736206
3066,20.24553871154785,3500.83740234375,0.2513696253299713
3067,20.24421501159668,3500.11083984375,0.2513478100299835
3068,20.243877410888672,3499.685302734375,0.2513226270675659
3069,20.24278450012207,3499.03271484375,0.2513003349304199
3070,20.241334915161133,3498.279541015625,0.2512798011302948
3071,20.24061393737793,3497.748779296875,0.25125691294670105
3072,20.239561080932617,3497.12744140625,0.2512359619140625
3073,20.2387638092041,3496.56884765625,0.2512129247188568
3074,20.237548828125,3495.887939453125,0.2511917054653168
3075,20.2369327545166,3495.399169921875,0.25116920471191406
3076,20.23518943786621,3494.5595703125,0.25114989280700684
3077,20.234647750854492,3494.067626953125,0.2511250674724579
3078,20.233367919921875,3493.358154296875,0.2511032819747925
3079,20.232439041137695,3492.7509765625,0.2510799467563629
3080,20.23149871826172,3492.147705078125,0.25105729699134827
3081,20.230567932128906,3491.556884765625,0.25103530287742615
3082,20.22947120666504,3490.91455078125,0.251013845205307
3083,20.22797393798828,3490.1533203125,0.25099390745162964
3084,20.22719955444336,3489.619140625,0.2509721517562866
3085,20.225801467895508,3488.90283203125,0.25095313787460327
3086,20.22525978088379,3488.438232421875,0.2509304881095886
3087,20.223764419555664,3487.68798828125,0.2509113550186157
3088,20.223060607910156,3487.140380859375,0.2508864998817444
3089,20.221691131591797,3486.3857421875,0.2508634924888611
3090,20.220975875854492,3485.841796875,0.2508392333984375
3091,20.219867706298828,3485.197021484375,0.25081783533096313
3092,20.218387603759766,3484.463134765625,0.25079959630966187
3093,20.217782974243164,3483.99658203125,0.25077855587005615
3094,20.216386795043945,3483.265625,0.25075820088386536
3095,20.21561622619629,3482.69287109375,0.2507331073284149
3096,20.214384078979492,3481.984619140625,0.25070998072624207
3097,20.21343994140625,3481.38671875,0.25068774819374084
3098,20.212709426879883,3480.869384765625,0.2506660521030426
3099,20.211801528930664,3480.301025390625,0.2506452202796936
3100,20.211111068725586,3479.7880859375,0.2506227493286133
3101,20.209270477294922,3478.9228515625,0.2506038546562195
3102,20.208240509033203,3478.30419921875,0.2505822777748108
3103,20.206945419311523,3477.58984375,0.2505604028701782
3104,20.206130981445312,3477.020751953125,0.2505367696285248
3105,20.205045700073242,3476.37548828125,0.25051459670066833
3106,20.203840255737305,3475.70458984375,0.25049373507499695
3107,20.202722549438477,3475.06689453125,0.2504730224609375
3108,20.201589584350586,3474.4287109375,0.2504527270793915
3109,20.200942993164062,3473.955810546875,0.2504322826862335
3110,20.199251174926758,3473.155517578125,0.2504144310951233
3111,20.198490142822266,3472.62744140625,0.2503926455974579
3112,20.19696617126465,3471.840576171875,0.25037115812301636
3113,20.196073532104492,3471.22314453125,0.2503458261489868
3114,20.194904327392578,3470.546630859375,0.2503233551979065
3115,20.194114685058594,3470.00537109375,0.2503013014793396
3116,20.192943572998047,3469.3505859375,0.2502806484699249
3117,20.19154167175293,3468.630859375,0.25026121735572815
3118,20.190929412841797,3468.140869140625,0.2502383589744568
3119,20.189573287963867,3467.420166015625,0.2502174973487854
3120,20.188426971435547,3466.772705078125,0.25019675493240356
3121,20.187288284301758,3466.1171875,0.2501751184463501
3122,20.186498641967773,3465.571044921875,0.2501526474952698
3123,20.185319900512695,3464.91259765625,0.25013187527656555
3124,20.184669494628906,3464.41259765625,0.2501092255115509
3125,20.18329620361328,3463.698486328125,0.2500893771648407
3126,20.18222427368164,3463.07861328125,0.2500687837600708
3127,20.180925369262695,3462.38720703125,0.2500486373901367
3128,20.18024253845215,3461.88134765625,0.2500264048576355
3129,20.178955078125,3461.18359375,0.25000545382499695
3130,20.178508758544922,3460.737060546875,0.24998146295547485
3131,20.17726707458496,3460.046875,0.2499598115682602
3132,20.17593765258789,3459.33837890625,0.24993908405303955
3133,20.174850463867188,3458.70556640625,0.24991780519485474
3134,20.173940658569336,3458.126708984375,0.24989596009254456
3135,20.173019409179688,3457.552734375,0.24987481534481049
3136,20.17184829711914,3456.90869140625,0.2498549520969391
3137,20.17083740234375,3456.328125,0.2498357743024826
3138,20.169326782226562,3455.600341796875,0.2498185634613037
3139,20.16897201538086,3455.2177734375,0.24979718029499054
3140,20.167699813842773,3454.513916015625,0.249775230884552
3141,20.167085647583008,3453.99267578125,0.24974972009658813
3142,20.1657772064209,3453.26220703125,0.24972662329673767
3143,20.16501235961914,3452.732177734375,0.24970464408397675
3144,20.164165496826172,3452.205810546875,0.24968521296977997
3145,20.16254425048828,3451.4345703125,0.24966749548912048
3146,20.16187858581543,3450.935546875,0.24964529275894165
3147,20.1602840423584,3450.123291015625,0.24962341785430908
3148,20.159290313720703,3449.508544921875,0.24960088729858398
3149,20.15812110900879,3448.8505859375,0.24957972764968872
3150,20.157041549682617,3448.22802734375,0.2495589703321457
3151,20.15642547607422,3447.75830078125,0.24953772127628326
3152,20.155412673950195,3447.177978515625,0.24951854348182678
3153,20.15478515625,3446.725830078125,0.24949903786182404
3154,20.15302085876465,3445.9091796875,0.24948152899742126
3155,20.152244567871094,3445.371826171875,0.24945922195911407
3156,20.15081787109375,3444.609375,0.24943669140338898
3157,20.150333404541016,3444.137939453125,0.24941159784793854
3158,20.14934539794922,3443.5302734375,0.2493894398212433
3159,20.14842987060547,3442.9560546875,0.24936795234680176
3160,20.146896362304688,3442.19677734375,0.24934862554073334
3161,20.14571762084961,3441.544189453125,0.2493281364440918
3162,20.14484214782715,3440.9892578125,0.24930709600448608
3163,20.1436767578125,3440.35498046875,0.24928772449493408
3164,20.143327713012695,3439.98779296875,0.2492673546075821
3165,20.14211654663086,3439.379638671875,0.2492513805627823
3166,20.14183235168457,3439.063232421875,0.24923336505889893
3167,20.140182495117188,3438.22119140625,0.24921047687530518
3168,20.13998031616211,3437.813720703125,0.24918261170387268
3169,20.13873291015625,3437.09814453125,0.2491588145494461
3170,20.13761329650879,3436.482177734375,0.24913957715034485
3171,20.13714027404785,3436.105224609375,0.24912188947200775
3172,20.135408401489258,3435.31982421875,0.24910591542720795
3173,20.134971618652344,3434.8857421875,0.24908246099948883
3174,20.133771896362305,3434.17041015625,0.2490573227405548
3175,20.132755279541016,3433.54296875,0.24903421103954315
3176,20.131479263305664,3432.87646484375,0.2490152269601822
3177,20.13027000427246,3432.24169921875,0.24899691343307495
3178,20.12966537475586,3431.802978515625,0.24897776544094086
3179,20.12797737121582,3431.000732421875,0.24895912408828735
3180,20.127655029296875,3430.57568359375,0.24893318116664886
3181,20.12643051147461,3429.903564453125,0.24891223013401031
3182,20.12489891052246,3429.1474609375,0.24889300763607025
3183,20.124317169189453,3428.691162109375,0.24887175858020782
3184,20.123441696166992,3428.177001953125,0.24885399639606476
3185,20.122631072998047,3427.66796875,0.2488347738981247
3186,20.12070655822754,3426.805908203125,0.2488177865743637
3187,20.12019920349121,3426.343505859375,0.24879392981529236
3188,20.118755340576172,3425.58349609375,0.24877183139324188
3189,20.117801666259766,3424.99609375,0.248750239610672
3190,20.117176055908203,3424.5234375,0.24872881174087524
3191,20.115764617919922,3423.838134765625,0.248711958527565
3192,20.114870071411133,3423.320068359375,0.24869437515735626
3193,20.113391876220703,3422.596923828125,0.24867624044418335
3194,20.112850189208984,3422.127197265625,0.24865271151065826
3195,20.111167907714844,3421.29248046875,0.248631089925766
3196,20.110246658325195,3420.7109375,0.24860899150371552
3197,20.10938835144043,3420.18115234375,0.24858945608139038
3198,20.107927322387695,3419.474609375,0.24857215583324432
3199,20.107528686523438,3419.091552734375,0.24855174124240875
3200,20.106395721435547,3418.475830078125,0.2485327273607254
3201,20.105560302734375,3417.912109375,0.24850966036319733
3202,20.104108810424805,3417.179931640625,0.24848999083042145
3203,20.103605270385742,3416.73095703125,0.2484670877456665
3204,20.102359771728516,3416.06005859375,0.24844665825366974
3205,20.101173400878906,3415.428955078125,0.2484278529882431
3206,20.100608825683594,3414.98291015625,0.24840690195560455
3207,20.09911346435547,3414.25634765625,0.2483888417482376
3208,20.098421096801758,3413.7998046875,0.24837058782577515
3209,20.09732437133789,3413.22412109375,0.24835380911827087
3210,20.09703826904297,3412.871826171875,0.24833279848098755
3211,20.095380783081055,3412.08154296875,0.2483140230178833
3212,20.09510040283203,3411.6787109375,0.24828863143920898
3213,20.093647003173828,3410.93212890625,0.2482677549123764
3214,20.092342376708984,3410.238525390625,0.24824704229831696
3215,20.0914363861084,3409.68408203125,0.24822665750980377
3216,20.090478897094727,3409.13671875,0.24820826947689056
3217,20.08958625793457,3408.613037109375,0.2481900304555893
3218,20.088085174560547,3407.90185546875,0.24817341566085815
3219,20.08770179748535,3407.52294921875,0.24815283715724945
3220,20.086193084716797,3406.7763671875,0.24813343584537506
3221,20.085790634155273,3406.348388671875,0.24810932576656342
3222,20.084728240966797,3405.724609375,0.24808761477470398
3223,20.08369255065918,3405.12109375,0.2480667233467102
3224,20.083065032958984,3404.692626953125,0.24804888665676117
3225,20.081892013549805,3404.1279296875,0.24803511798381805
3226,20.08124351501465,3403.671630859375,0.24801556766033173
3227,20.07935333251953,3402.80712890625,0.24799704551696777
3228,20.07891845703125,3402.3330078125,0.2479700744152069
3229,20.077800750732422,3401.69482421875,0.24794858694076538
3230,20.076385498046875,3401.000244140625,0.24793079495429993
3231,20.075984954833984,3400.6298828125,0.24791139364242554
3232,20.074893951416016,3400.07958984375,0.24789641797542572
3233,20.074193954467773,3399.58349609375,0.24787503480911255
3234,20.07256507873535,3398.7978515625,0.24785566329956055
3235,20.072263717651367,3398.40087890625,0.24783127009868622
3236,20.070926666259766,3397.69580078125,0.24781037867069244
3237,20.069927215576172,3397.1259765625,0.24779121577739716
3238,20.06956672668457,3396.755859375,0.24777068197727203
3239,20.068124771118164,3396.05908203125,0.24775342643260956
3240,20.067232131958008,3395.529052734375,0.24773456156253815
3241,20.06625747680664,3394.94970703125,0.2477138787508011
3242,20.06574821472168,3394.51904296875,0.2476925104856491
3243,20.06435775756836,3393.84326171875,0.2476755529642105
3244,20.064010620117188,3393.469482421875,0.24765430390834808
3245,20.062496185302734,3392.74169921875,0.24763648211956024
3246,20.061504364013672,3392.16259765625,0.247616246342659
3247,20.060335159301758,3391.519287109375,0.24759569764137268
3248,20.059598922729492,3391.020263671875,0.24757502973079681
3249,20.058250427246094,3390.341552734375,0.24755655229091644
3250,20.057357788085938,3389.799072265625,0.2475365847349167
3251,20.05659294128418,3389.304931640625,0.24751707911491394
3252,20.055240631103516,3388.64306640625,0.24750013649463654
3253,20.05493927001953,3388.304931640625,0.24748051166534424
3254,20.053802490234375,3387.74755859375,0.24746614694595337
3255,20.053672790527344,3387.46240234375,0.24744614958763123
3256,20.052473068237305,3386.82275390625,0.24742671847343445
3257,20.05220603942871,3386.431884765625,0.24740177392959595
3258,20.050552368164062,3385.6240234375,0.24738112092018127
3259,20.049230575561523,3384.932861328125,0.24736081063747406
3260,20.048303604125977,3384.392822265625,0.24734200537204742
3261,20.047277450561523,3383.850830078125,0.2473258078098297
3262,20.046836853027344,3383.4921875,0.24730835855007172
3263,20.045284271240234,3382.7822265625,0.24729298055171967
3264,20.044845581054688,3382.361328125,0.24727030098438263
3265,20.043621063232422,3381.685546875,0.24724853038787842
3266,20.043264389038086,3381.273193359375,0.24722428619861603
3267,20.042627334594727,3380.820068359375,0.24720457196235657
3268,20.040931701660156,3380.093017578125,0.2471916824579239
3269,20.040136337280273,3379.623291015625,0.247174933552742
3270,20.03874397277832,3378.943115234375,0.24715746939182281
3271,20.038484573364258,3378.5556640625,0.2471325844526291
3272,20.03721809387207,3377.8662109375,0.24711081385612488
3273,20.03639793395996,3377.345703125,0.24709053337574005
3274,20.035743713378906,3376.9140625,0.2470729649066925
3275,20.034217834472656,3376.246826171875,0.24706032872200012
3276,20.033893585205078,3375.8974609375,0.24704037606716156
3277,20.032472610473633,3375.1728515625,0.247019961476326
3278,20.03193473815918,3374.689208984375,0.24699483811855316
3279,20.03139305114746,3374.25146484375,0.2469736635684967
3280,20.030132293701172,3373.65234375,0.24695910513401031
3281,20.029285430908203,3373.18505859375,0.24694399535655975
3282,20.027454376220703,3372.400634765625,0.2469300776720047
3283,20.027034759521484,3371.969482421875,0.24690599739551544
3284,20.02602195739746,3371.343994140625,0.2468823492527008
3285,20.025482177734375,3370.89599609375,0.24686022102832794
3286,20.02481460571289,3370.464111328125,0.24684298038482666
3287,20.023303985595703,3369.84619140625,0.2468338906764984
3288,20.022829055786133,3369.44677734375,0.24681396782398224
3289,20.021183013916016,3368.654541015625,0.2467941790819168
3290,20.02094841003418,3368.25537109375,0.24676752090454102
3291,20.020078659057617,3367.70068359375,0.2467457503080368
3292,20.01898956298828,3367.1337890625,0.2467290759086609
3293,20.01822280883789,3366.6904296875,0.24671365320682526
3294,20.016496658325195,3365.968505859375,0.2467018961906433
3295,20.016138076782227,3365.56591796875,0.2466784417629242
3296,20.014667510986328,3364.822998046875,0.24665774405002594
3297,20.01390266418457,3364.28369140625,0.24663424491882324
3298,20.013296127319336,3363.859375,0.2466159462928772
3299,20.01191520690918,3363.280029296875,0.24660634994506836
3300,20.0113468170166,3362.874755859375,0.24658849835395813
3301,20.009565353393555,3362.06494140625,0.24657097458839417
3302,20.009239196777344,3361.62158203125,0.24654313921928406
3303,20.00830078125,3361.044677734375,0.24652135372161865
3304,20.007198333740234,3360.46142578125,0.24650363624095917
3305,20.00629997253418,3359.961181640625,0.24648712575435638
3306,20.004718780517578,3359.2568359375,0.24647271633148193
3307,20.004364013671875,3358.865966796875,0.2464500516653061
3308,20.003036499023438,3358.20654296875,0.24643224477767944
3309,20.00221824645996,3357.6826171875,0.2464114874601364
3310,20.000961303710938,3357.02685546875,0.24639198184013367
3311,19.999862670898438,3356.436279296875,0.24637356400489807
3312,19.999168395996094,3356.00244140625,0.2463567852973938
3313,19.997926712036133,3355.440673828125,0.2463447004556656
3314,19.99767303466797,3355.145751953125,0.24632719159126282
3315,19.99613380432129,3354.42822265625,0.24631048738956451
3316,19.99591636657715,3354.034423828125,0.24628372490406036
3317,19.994876861572266,3353.409423828125,0.24626068770885468
3318,19.993486404418945,3352.73583984375,0.24624338746070862
3319,19.99221420288086,3352.1767578125,0.24623233079910278
3320,19.990880966186523,3351.622314453125,0.24622339010238647
3321,19.991121292114258,3351.418212890625,0.24619963765144348
3322,19.989490509033203,3350.586669921875,0.2461758702993393
3323,19.98846435546875,3349.948974609375,0.2461513727903366
3324,19.98763084411621,3349.5068359375,0.2461378127336502
3325,19.98601722717285,3348.89111328125,0.24613156914710999
3326,19.985544204711914,3348.4638671875,0.24610912799835205
3327,19.984134674072266,3347.6767578125,0.24608288705348969
3328,19.98372459411621,3347.254638671875,0.2460591197013855
3329,19.983436584472656,3346.97412109375,0.24604371190071106
3330,19.982072830200195,3346.36083984375,0.24603065848350525
3331,19.98138427734375,3345.873046875,0.24600917100906372
3332,19.979537963867188,3345.014404296875,0.245989128947258
3333,19.97852897644043,3344.41845703125,0.2459675669670105
3334,19.977985382080078,3344.039306640625,0.2459511011838913
3335,19.97698402404785,3343.54296875,0.24593764543533325
3336,19.976455688476562,3343.1298828125,0.2459179162979126
3337,19.974580764770508,3342.27685546875,0.24589908123016357
3338,19.973613739013672,3341.679443359375,0.24587616324424744
3339,19.97323226928711,3341.345703125,0.24585899710655212
3340,19.972122192382812,3340.827880859375,0.24584674835205078
3341,19.971744537353516,3340.48388671875,0.2458285242319107
3342,19.970117568969727,3339.730224609375,0.24581104516983032
3343,19.96918487548828,3339.110107421875,0.24578531086444855
3344,19.968467712402344,3338.636962890625,0.2457657903432846
3345,19.96780014038086,3338.23193359375,0.2457505464553833
3346,19.967376708984375,3337.91162109375,0.24573566019535065
3347,19.965307235717773,3337.046142578125,0.24572113156318665
3348,19.96480941772461,3336.563720703125,0.24569472670555115
3349,19.963937759399414,3336.0205078125,0.24567361176013947
3350,19.963054656982422,3335.50927734375,0.2456555813550949
3351,19.96249008178711,3335.132568359375,0.24563981592655182
3352,19.960712432861328,3334.421630859375,0.24563007056713104
3353,19.960002899169922,3333.94091796875,0.24560965597629547
3354,19.958484649658203,3333.1787109375,0.24558831751346588
3355,19.958148956298828,3332.783447265625,0.24556462466716766
3356,19.95752716064453,3332.34912109375,0.2455456703901291
3357,19.95624351501465,3331.76220703125,0.24553237855434418
3358,19.955629348754883,3331.376953125,0.2455173134803772
3359,19.954050064086914,3330.65576171875,0.2455010861158371
3360,19.95369529724121,3330.27001953125,0.24547871947288513
3361,19.952804565429688,3329.70947265625,0.24545663595199585
3362,19.95231819152832,3329.27978515625,0.24543429911136627
3363,19.951143264770508,3328.685791015625,0.24541737139225006
3364,19.949634552001953,3328.028076171875,0.2454044669866562
3365,19.94904899597168,3327.65185546875,0.24538929760456085
3366,19.947830200195312,3327.0888671875,0.24537619948387146
3367,19.94777488708496,3326.818359375,0.24535509943962097
3368,19.946321487426758,3326.071044921875,0.24533310532569885
3369,19.94541358947754,3325.485107421875,0.24530932307243347
3370,19.944740295410156,3325.041748046875,0.24529100954532623
3371,19.943721771240234,3324.560546875,0.24527913331985474
3372,19.943147659301758,3324.22021484375,0.24526669085025787
3373,19.94129753112793,3323.446044921875,0.24525348842144012
3374,19.94089126586914,3322.998046875,0.24522729218006134
3375,19.939802169799805,3322.331787109375,0.24520182609558105
3376,19.93893051147461,3321.841796875,0.24518513679504395
3377,19.938373565673828,3321.5087890625,0.24517275393009186
3378,19.936769485473633,3320.840576171875,0.2451615184545517
3379,19.93660545349121,3320.484375,0.24513623118400574
3380,19.935344696044922,3319.793212890625,0.24511347711086273
3381,19.934621810913086,3319.30078125,0.24509240686893463
3382,19.933969497680664,3318.884521484375,0.24507571756839752
3383,19.93267059326172,3318.306640625,0.24506351351737976
3384,19.932165145874023,3317.93603515625,0.24504651129245758
3385,19.93040657043457,3317.15625,0.24503019452095032
3386,19.929790496826172,3316.689697265625,0.24500827491283417
3387,19.928821563720703,3316.11474609375,0.24498707056045532
3388,19.92820167541504,3315.658203125,0.244966059923172
3389,19.927509307861328,3315.21923828125,0.2449485808610916
3390,19.926055908203125,3314.578369140625,0.24493539333343506
3391,19.92481803894043,3313.97412109375,0.24491921067237854
3392,19.923254013061523,3313.2744140625,0.24490413069725037
3393,19.922998428344727,3312.9482421875,0.24488386511802673
3394,19.92188262939453,3312.33984375,0.24486394226551056
3395,19.92093276977539,3311.785400390625,0.24484391510486603
3396,19.91995620727539,3311.247314453125,0.24482597410678864
3397,19.91899299621582,3310.7275390625,0.24480919539928436
3398,19.918495178222656,3310.359130859375,0.24479219317436218
3399,19.91767692565918,3309.925048828125,0.2447785586118698
3400,19.917160034179688,3309.6005859375,0.2447657585144043
3401,19.915132522583008,3308.76416015625,0.24475203454494476
3402,19.91446876525879,3308.25341796875,0.24472764134407043
3403,19.91349220275879,3307.646484375,0.24470391869544983
3404,19.91301727294922,3307.23876953125,0.24468287825584412
3405,19.91257095336914,3306.895263671875,0.24466648697853088
3406,19.91143798828125,3306.386962890625,0.24465538561344147
3407,19.910837173461914,3306.00244140625,0.2446398288011551
3408,19.909120559692383,3305.20361328125,0.24462060630321503
3409,19.908666610717773,3304.74853515625,0.2445949912071228
3410,19.907978057861328,3304.281494140625,0.24457493424415588
3411,19.906890869140625,3303.75927734375,0.24456140398979187
3412,19.905803680419922,3303.23974609375,0.2445480227470398
3413,19.904296875,3302.5947265625,0.24453581869602203
3414,19.904415130615234,3302.37939453125,0.24451440572738647
3415,19.90362548828125,3301.85546875,0.24449235200881958
3416,19.90278434753418,3301.30029296875,0.24446913599967957
3417,19.901302337646484,3300.607421875,0.24445219337940216
3418,19.900123596191406,3300.05029296875,0.24443823099136353
3419,19.899690628051758,3299.7021484375,0.24442103505134583
3420,19.898929595947266,3299.2490234375,0.24440407752990723
3421,19.898588180541992,3298.8759765625,0.24438220262527466
3422,19.89739418029785,3298.2451171875,0.24436244368553162
3423,19.89620018005371,3297.643798828125,0.24434511363506317
3424,19.8951416015625,3297.1103515625,0.24432975053787231
3425,19.89413833618164,3296.606689453125,0.24431538581848145
3426,19.893993377685547,3296.3701171875,0.24429947137832642
3427,19.892772674560547,3295.832275390625,0.24428823590278625
3428,19.891643524169922,3295.26904296875,0.24427232146263123
3429,19.88964080810547,3294.388916015625,0.24425403773784637
3430,19.88953971862793,3294.031982421875,0.24422679841518402
3431,19.888925552368164,3293.57861328125,0.2442057579755783
3432,19.888208389282227,3293.1416015625,0.24418896436691284
3433,19.887514114379883,3292.734130859375,0.24417397379875183
3434,19.886388778686523,3292.18701171875,0.24415923655033112
3435,19.88563346862793,3291.707763671875,0.24413993954658508
3436,19.884496688842773,3291.106689453125,0.24412097036838531
3437,19.883684158325195,3290.59619140625,0.2441006302833557
3438,19.88277244567871,3290.079833984375,0.24408255517482758
3439,19.8819580078125,3289.6103515625,0.24406567215919495
3440,19.881237030029297,3289.180908203125,0.2440495491027832
3441,19.880470275878906,3288.748046875,0.24403443932533264
3442,19.87995719909668,3288.385498046875,0.24401824176311493
3443,19.878515243530273,3287.758544921875,0.24400557577610016
3444,19.8776798248291,3287.288818359375,0.2439892590045929
3445,19.876047134399414,3286.552490234375,0.24397264420986176
3446,19.875715255737305,3286.17626953125,0.24395017325878143
3447,19.874828338623047,3285.62890625,0.24392874538898468
3448,19.874279022216797,3285.191162109375,0.2439071089029312
3449,19.873687744140625,3284.791015625,0.24388985335826874
3450,19.87265396118164,3284.3017578125,0.24387739598751068
3451,19.871782302856445,3283.84765625,0.24386340379714966
3452,19.870468139648438,3283.263427734375,0.2438507378101349
3453,19.869754791259766,3282.816162109375,0.24383290112018585
3454,19.868465423583984,3282.127685546875,0.2438107430934906
3455,19.867849349975586,3281.64697265625,0.24378733336925507
3456,19.867170333862305,3281.2177734375,0.24377000331878662
3457,19.86614990234375,3280.75146484375,0.2437591403722763
3458,19.865642547607422,3280.433837890625,0.24374641478061676
3459,19.86465835571289,3279.9208984375,0.2437305748462677
3460,19.86427879333496,3279.515380859375,0.24370688199996948
3461,19.862979888916016,3278.83740234375,0.24368584156036377
3462,19.861955642700195,3278.25537109375,0.24366521835327148
3463,19.860912322998047,3277.712890625,0.24364851415157318
3464,19.860363006591797,3277.361083984375,0.24363408982753754
3465,19.860021591186523,3277.069580078125,0.2436189502477646
3466,19.858802795410156,3276.504638671875,0.24360519647598267
3467,19.857990264892578,3276.02734375,0.24358755350112915
3468,19.85665512084961,3275.36474609375,0.24356874823570251
3469,19.8560733795166,3274.903564453125,0.2435459941625595
3470,19.855323791503906,3274.41845703125,0.243525892496109
3471,19.854351043701172,3273.888916015625,0.2435082048177719
3472,19.853273391723633,3273.35791015625,0.24349337816238403
3473,19.852445602416992,3272.92236328125,0.2434796243906021
3474,19.852201461791992,3272.67626953125,0.2434656322002411
3475,19.851024627685547,3272.160400390625,0.24345478415489197
3476,19.85033416748047,3271.7431640625,0.24343878030776978
3477,19.84890365600586,3271.017578125,0.24341724812984467
3478,19.848400115966797,3270.533447265625,0.24339032173156738
3479,19.84740447998047,3269.973876953125,0.24337077140808105
3480,19.84636116027832,3269.452880859375,0.24335573613643646
3481,19.845829010009766,3269.106201171875,0.24334125220775604
3482,19.84515953063965,3268.75439453125,0.24333016574382782
3483,19.84491729736328,3268.46337890625,0.243312269449234
3484,19.843570709228516,3267.82275390625,0.2432955801486969
3485,19.842439651489258,3267.188720703125,0.24327345192432404
3486,19.84073257446289,3266.404052734375,0.24325458705425262
3487,19.84012222290039,3265.9677734375,0.24323469400405884
3488,19.839885711669922,3265.669921875,0.24321603775024414
3489,19.83898162841797,3265.192138671875,0.24320077896118164
3490,19.838350296020508,3264.80859375,0.24318592250347137
3491,19.837644577026367,3264.434814453125,0.24317392706871033
3492,19.83712387084961,3264.078125,0.2431582510471344
3493,19.835742950439453,3263.46533203125,0.24314481019973755
3494,19.83488655090332,3262.963623046875,0.24312615394592285
3495,19.83350944519043,3262.257080078125,0.24310466647148132
3496,19.832975387573242,3261.79345703125,0.243080273270607
3497,19.83250617980957,3261.41259765625,0.2430611103773117
3498,19.83184242248535,3261.005126953125,0.24304503202438354
3499,19.830913543701172,3260.556396484375,0.24303291738033295
3500,19.829715728759766,3260.03857421875,0.24302245676517487
3501,19.82950782775879,3259.7705078125,0.24300546944141388
3502,19.82841682434082,3259.22119140625,0.24298931658267975
3503,19.82748031616211,3258.665283203125,0.24296827614307404
3504,19.826189041137695,3258.001953125,0.2429480254650116
3505,19.825664520263672,3257.5732421875,0.24292629957199097
3506,19.824708938598633,3257.045166015625,0.24290814995765686
3507,19.823680877685547,3256.536376953125,0.24289363622665405
3508,19.823278427124023,3256.240966796875,0.24287982285022736
3509,19.822546005249023,3255.877197265625,0.24286934733390808
3510,19.82202911376953,3255.53759765625,0.24285495281219482
3511,19.820667266845703,3254.910888671875,0.2428397238254547
3512,19.820140838623047,3254.47412109375,0.24281735718250275
3513,19.818498611450195,3253.685791015625,0.24279621243476868
3514,19.81802749633789,3253.2666015625,0.24277375638484955
3515,19.817916870117188,3253.0,0.24275422096252441
3516,19.817058563232422,3252.5546875,0.24274033308029175
3517,19.816211700439453,3252.125,0.24272741377353668
3518,19.815338134765625,3251.6767578125,0.24271373450756073
3519,19.814817428588867,3251.3154296875,0.2426975816488266
3520,19.813392639160156,3250.677490234375,0.24268309772014618
3521,19.8128662109375,3250.2626953125,0.24266254901885986
3522,19.81190299987793,3249.68896484375,0.2426406741142273
3523,19.811185836791992,3249.20849609375,0.2426198422908783
3524,19.810344696044922,3248.725830078125,0.24260228872299194
3525,19.809566497802734,3248.296875,0.24258750677108765
3526,19.808958053588867,3247.941650390625,0.2425742894411087
3527,19.807708740234375,3247.39501953125,0.24256262183189392
3528,19.807205200195312,3247.058349609375,0.24254807829856873
3529,19.806495666503906,3246.6357421875,0.2425319254398346
3530,19.80594253540039,3246.2392578125,0.24251367151737213
3531,19.80439567565918,3245.5009765625,0.24249398708343506
3532,19.80409049987793,3245.112060546875,0.24246945977210999
3533,19.803632736206055,3244.7197265625,0.2424488514661789
3534,19.80254364013672,3244.20263671875,0.24243523180484772
3535,19.801559448242188,3243.747314453125,0.24242393672466278
3536,19.800636291503906,3243.305908203125,0.24241213500499725
3537,19.800527572631836,3243.07275390625,0.24239535629749298
3538,19.79938316345215,3242.521728515625,0.24238035082817078
3539,19.798404693603516,3242.010986328125,0.24236416816711426
3540,19.79660987854004,3241.206787109375,0.24234578013420105
3541,19.796171188354492,3240.77734375,0.2423214316368103
3542,19.795822143554688,3240.421142578125,0.2423008680343628
3543,19.79511070251465,3240.019287109375,0.24228650331497192
3544,19.79438591003418,3239.626953125,0.2422732710838318
3545,19.793264389038086,3239.079345703125,0.2422579973936081
3546,19.79302215576172,3238.769287109375,0.24223831295967102
3547,19.79226303100586,3238.307861328125,0.2422201782464981
3548,19.790803909301758,3237.636474609375,0.24220366775989532
3549,19.789514541625977,3237.02880859375,0.24218790233135223
3550,19.789409637451172,3236.76220703125,0.24216808378696442
3551,19.788787841796875,3236.35009765625,0.24215032160282135
3552,19.787755966186523,3235.829345703125,0.24213474988937378
3553,19.78708839416504,3235.41650390625,0.24211814999580383
3554,19.786191940307617,3234.94873046875,0.24210329353809357
3555,19.78547477722168,3234.57861328125,0.24209174513816833
3556,19.78464126586914,3234.25537109375,0.2420874536037445
3557,19.78412628173828,3234.07080078125,0.24208605289459229
3558,19.781871795654297,3233.12841796875,0.2420685738325119
3559,19.781646728515625,3232.662841796875,0.2420351803302765
3560,19.781099319458008,3232.14599609375,0.24200642108917236
3561,19.780376434326172,3231.7060546875,0.24198901653289795
3562,19.779592514038086,3231.345703125,0.2419801652431488
3563,19.778844833374023,3230.993896484375,0.2419709861278534
3564,19.779170989990234,3230.8974609375,0.24195370078086853
3565,19.77783966064453,3230.200439453125,0.24193137884140015
3566,19.777050018310547,3229.6630859375,0.2419075220823288
3567,19.77594757080078,3229.082275390625,0.24188873171806335
3568,19.775049209594727,3228.64208984375,0.2418762445449829
3569,19.774370193481445,3228.2958984375,0.2418656051158905
3570,19.77294921875,3227.660400390625,0.24185098707675934
3571,19.772459030151367,3227.280517578125,0.2418322116136551
3572,19.771711349487305,3226.78173828125,0.24181051552295685
3573,19.77131462097168,3226.41455078125,0.24179024994373322
3574,19.77033805847168,3225.907958984375,0.24177423119544983
3575,19.76898765563965,3225.3115234375,0.2417609691619873
3576,19.768245697021484,3224.903564453125,0.24174679815769196
3577,19.767560958862305,3224.494140625,0.2417309284210205
3578,19.7673282623291,3224.255126953125,0.24171698093414307
3579,19.76609230041504,3223.7109375,0.24170497059822083
3580,19.765724182128906,3223.470947265625,0.24169474840164185
3581,19.764522552490234,3222.885498046875,0.24167820811271667
3582,19.76424217224121,3222.577880859375,0.24165979027748108
3583,19.76298713684082,3221.8955078125,0.2416364699602127
3584,19.76267433166504,3221.511474609375,0.24161240458488464
3585,19.762128829956055,3221.1318359375,0.24159519374370575
3586,19.76108169555664,3220.65966796875,0.24158400297164917
3587,19.760543823242188,3220.344482421875,0.24157209694385529
3588,19.75893783569336,3219.67236328125,0.24155940115451813
3589,19.758182525634766,3219.23046875,0.24154265224933624
3590,19.757469177246094,3218.736328125,0.24152030050754547
3591,19.756851196289062,3218.30029296875,0.24150025844573975
3592,19.75603675842285,3217.843017578125,0.2414838671684265
3593,19.755420684814453,3217.475341796875,0.2414696365594864
3594,19.755332946777344,3217.28173828125,0.241455540060997
3595,19.75387954711914,3216.67919921875,0.24144451320171356
3596,19.753009796142578,3216.275146484375,0.24143417179584503
3597,19.75163459777832,3215.65478515625,0.24141941964626312
3598,19.75165367126465,3215.407470703125,0.24139775335788727
3599,19.750537872314453,3214.80908203125,0.24137769639492035
3600,19.75041961669922,3214.51611328125,0.24135592579841614
3601,19.749454498291016,3213.998779296875,0.2413385808467865
3602,19.74837303161621,3213.46435546875,0.24132297933101654
3603,19.747600555419922,3213.03955078125,0.24130815267562866
3604,19.74660301208496,3212.5859375,0.24129712581634521
3605,19.745952606201172,3212.255615234375,0.2412869781255722
3606,19.744592666625977,3211.720703125,0.24127908051013947
3607,19.744579315185547,3211.5517578125,0.24126499891281128
3608,19.743022918701172,3210.80029296875,0.24124406278133392
3609,19.742591857910156,3210.3662109375,0.2412189394235611
3610,19.741724014282227,3209.83935546875,0.24119800329208374
3611,19.741455078125,3209.54150390625,0.24117997288703918
3612,19.74069595336914,3209.1259765625,0.24116554856300354
3613,19.739784240722656,3208.6884765625,0.2411535084247589
3614,19.73968505859375,3208.4853515625,0.24113889038562775
3615,19.73836326599121,3207.921142578125,0.24112734198570251
3616,19.7376708984375,3207.541748046875,0.24111412465572357
3617,19.736286163330078,3206.90234375,0.24109792709350586
3618,19.736181259155273,3206.63330078125,0.24107784032821655
3619,19.734968185424805,3206.007080078125,0.24105799198150635
3620,19.734376907348633,3205.58544921875,0.24103836715221405
3621,19.73430633544922,3205.34716796875,0.24101991951465607
3622,19.733657836914062,3204.97802734375,0.24100634455680847
3623,19.732898712158203,3204.62939453125,0.2409975826740265
3624,19.731761932373047,3204.20068359375,0.2409925013780594
3625,19.731521606445312,3204.0029296875,0.2409822642803192
3626,19.729877471923828,3203.212646484375,0.24096029996871948
3627,19.729623794555664,3202.8046875,0.2409324198961258
3628,19.728775024414062,3202.27978515625,0.240911066532135
3629,19.72797966003418,3201.855224609375,0.24089685082435608
3630,19.72752571105957,3201.597412109375,0.2408873587846756
3631,19.72654914855957,3201.1787109375,0.2408786416053772
3632,19.726165771484375,3200.891845703125,0.24086475372314453
3633,19.7244930267334,3200.134765625,0.24084638059139252
3634,19.723979949951172,3199.69091796875,0.24082258343696594
3635,19.723295211791992,3199.22509765625,0.24080173671245575
3636,19.722951889038086,3198.945068359375,0.24078726768493652
3637,19.722576141357422,3198.725341796875,0.24077889323234558
3638,19.720958709716797,3198.141845703125,0.24077382683753967
3639,19.72057342529297,3197.84765625,0.24075932800769806
3640,19.71958351135254,3197.261962890625,0.24073663353919983
3641,19.719404220581055,3196.90966796875,0.24071142077445984
3642,19.71851921081543,3196.38330078125,0.2406909018754959
3643,19.717985153198242,3196.03515625,0.2406758964061737
3644,19.717519760131836,3195.76806640625,0.24066594243049622
3645,19.71638298034668,3195.306884765625,0.2406579852104187
3646,19.716022491455078,3195.079345703125,0.2406485378742218
3647,19.714599609375,3194.413818359375,0.24063095450401306
3648,19.71408462524414,3193.96240234375,0.24060656130313873
3649,19.713380813598633,3193.45263671875,0.2405823916196823
3650,19.71319580078125,3193.20166015625,0.24056603014469147
3651,19.71268653869629,3192.951904296875,0.24055875837802887
3652,19.711484909057617,3192.4892578125,0.24055245518684387
3653,19.71126365661621,3192.300048828125,0.24054236710071564
3654,19.710073471069336,3191.628662109375,0.24051780998706818
3655,19.70986557006836,3191.236572265625,0.24048998951911926
3656,19.70948600769043,3190.876220703125,0.24046958982944489
3657,19.708593368530273,3190.49853515625,0.2404620200395584
3658,19.7080078125,3190.3408203125,0.24046476185321808
3659,19.706174850463867,3189.676513671875,0.2404586523771286
3660,19.706157684326172,3189.364501953125,0.24043232202529907
3661,19.70539093017578,3188.7060546875,0.2403971403837204
3662,19.70462989807129,3188.28076171875,0.24038173258304596
3663,19.704166412353516,3188.14111328125,0.2403826266527176
3664,19.702974319458008,3187.716064453125,0.2403792440891266
3665,19.70318603515625,3187.50537109375,0.24035528302192688
3666,19.701847076416016,3186.702880859375,0.24032355844974518
3667,19.701112747192383,3186.22412109375,0.24030284583568573
3668,19.70073890686035,3185.984619140625,0.2402927130460739
3669,19.699792861938477,3185.598876953125,0.24028584361076355
3670,19.699283599853516,3185.308837890625,0.2402750700712204
3671,19.697935104370117,3184.59765625,0.24025143682956696
3672,19.698434829711914,3184.453857421875,0.2402251809835434
3673,19.69823455810547,3184.171875,0.2402065098285675
3674,19.696762084960938,3183.5546875,0.2401944398880005
3675,19.6956787109375,3183.114013671875,0.2401866465806961
3676,19.69507598876953,3182.71533203125,0.24016913771629333
3677,19.695302963256836,3182.557373046875,0.24014924466609955
3678,19.694448471069336,3182.1083984375,0.24013438820838928
3679,19.693302154541016,3181.61669921875,0.2401239573955536
3680,19.692068099975586,3181.052734375,0.24010975658893585
3681,19.692100524902344,3180.816162109375,0.2400885373353958
3682,19.691741943359375,3180.51318359375,0.24007245898246765
3683,19.690689086914062,3180.005859375,0.240058034658432
3684,19.689332962036133,3179.4521484375,0.2400481253862381
3685,19.689563751220703,3179.342529296875,0.24003225564956665
3686,19.689241409301758,3179.041748046875,0.24001532793045044
3687,19.688217163085938,3178.577880859375,0.24000389873981476
3688,19.686721801757812,3177.986083984375,0.2399945706129074
3689,19.687686920166016,3178.139892578125,0.23998096585273743
3690,19.68702507019043,3177.732421875,0.2399643212556839
3691,19.685617446899414,3177.0712890625,0.23994652926921844
3692,19.68389320373535,3176.28076171875,0.23992639780044556
3693,19.68392562866211,3176.004150390625,0.23990169167518616
3694,19.684053421020508,3175.868408203125,0.23988647758960724
3695,19.68306541442871,3175.415771484375,0.2398749738931656
3696,19.6822452545166,3175.11474609375,0.2398717999458313
3697,19.681325912475586,3174.68994140625,0.23986077308654785
3698,19.68224334716797,3174.824462890625,0.23984691500663757
3699,19.681230545043945,3174.209716796875,0.239822119474411
3700,19.679790496826172,3173.5009765625,0.2398010790348053
3701,19.678728103637695,3172.943603515625,0.23978258669376373
3702,19.67867660522461,3172.720703125,0.23976485431194305
3703,19.67839813232422,3172.484619140625,0.23975226283073425
3704,19.677148818969727,3171.986083984375,0.23974402248859406
3705,19.676822662353516,3171.769775390625,0.2397344559431076
3706,19.676380157470703,3171.487548828125,0.23972243070602417
3707,19.676881790161133,3171.495361328125,0.23970919847488403
3708,19.67490577697754,3170.6259765625,0.23968914151191711
3709,19.673837661743164,3170.0458984375,0.23966887593269348
3710,19.673233032226562,3169.569091796875,0.23964455723762512
3711,19.673364639282227,3169.38232421875,0.23962482810020447
3712,19.672828674316406,3169.088134765625,0.239614337682724
3713,19.67178726196289,3168.734375,0.23961277306079865
3714,19.67205047607422,3168.837890625,0.23961441218852997
3715,19.670658111572266,3168.24267578125,0.2396017462015152
3716,19.670242309570312,3167.806640625,0.23957577347755432
3717,19.669109344482422,3167.047607421875,0.23954182863235474
3718,19.668354034423828,3166.57568359375,0.2395220547914505
3719,19.66802406311035,3166.3955078125,0.2395157366991043
3720,19.667457580566406,3166.207763671875,0.2395152747631073
3721,19.667827606201172,3166.247314453125,0.23950840532779694
3722,19.666372299194336,3165.46826171875,0.23948164284229279
3723,19.665924072265625,3164.958740234375,0.239450141787529
3724,19.665390014648438,3164.539794921875,0.23942884802818298
3725,19.664369583129883,3164.14892578125,0.2394234836101532
3726,19.66342544555664,3163.898193359375,0.2394280582666397
3727,19.66206932067871,3163.36572265625,0.23941977322101593
3728,19.66288185119629,3163.28662109375,0.23939040303230286
3729,19.662202835083008,3162.71826171875,0.23936022818088531
3730,19.661006927490234,3162.110107421875,0.23934096097946167
3731,19.66031265258789,3161.77685546875,0.23933151364326477
3732,19.65957260131836,3161.452880859375,0.23932407796382904
3733,19.659765243530273,3161.424072265625,0.23931626975536346
3734,19.658702850341797,3160.95166015625,0.23930498957633972
3735,19.658540725708008,3160.69775390625,0.2392875850200653
3736,19.657075881958008,3159.9208984375,0.2392612099647522
3737,19.65689468383789,3159.569091796875,0.23923586308956146
3738,19.657142639160156,3159.4951171875,0.23922258615493774
3739,19.656190872192383,3159.17236328125,0.23922111093997955
3740,19.655391693115234,3158.947265625,0.239223912358284
3741,19.653913497924805,3158.295654296875,0.2392086535692215
3742,19.654329299926758,3158.02734375,0.2391739785671234
3743,19.653459548950195,3157.433837890625,0.2391468584537506
3744,19.652250289916992,3156.918212890625,0.23913590610027313
3745,19.651798248291016,3156.75244140625,0.23913413286209106
3746,19.650949478149414,3156.42236328125,0.2391292005777359
3747,19.651042938232422,3156.249267578125,0.23911166191101074
3748,19.64962387084961,3155.529541015625,0.23908890783786774
3749,19.649152755737305,3155.07958984375,0.23906309902668
3750,19.648595809936523,3154.686767578125,0.23904459178447723
3751,19.648052215576172,3154.35205078125,0.23903077840805054
3752,19.64769172668457,3154.109619140625,0.23901985585689545
3753,19.646774291992188,3153.751953125,0.2390144169330597
3754,19.64653778076172,3153.591064453125,0.23900702595710754
3755,19.645437240600586,3153.03662109375,0.2389897108078003
3756,19.64583969116211,3152.876953125,0.2389647662639618
3757,19.644548416137695,3152.255615234375,0.23894686996936798
3758,19.64337730407715,3151.68994140625,0.23893046379089355
3759,19.64284324645996,3151.315185546875,0.2389129102230072
3760,19.6426944732666,3151.064208984375,0.23889537155628204
3761,19.641664505004883,3150.57568359375,0.2388816624879837
3762,19.64068031311035,3150.1103515625,0.23886874318122864
3763,19.640419006347656,3149.884765625,0.2388565093278885
3764,19.640668869018555,3149.883056640625,0.2388494461774826
3765,19.63951873779297,3149.525146484375,0.238850399851799
3766,19.639881134033203,3149.60986328125,0.23884767293930054
3767,19.638469696044922,3148.8701171875,0.2388228327035904
3768,19.63776206970215,3148.26953125,0.23879055678844452
3769,19.636499404907227,3147.578125,0.23876579105854034
3770,19.636032104492188,3147.27294921875,0.2387523502111435
3771,19.63578987121582,3147.170654296875,0.23875021934509277
3772,19.634733200073242,3146.872802734375,0.23875375092029572
3773,19.634967803955078,3146.891845703125,0.23874889314174652
3774,19.633094787597656,3145.94580078125,0.23871900141239166
3775,19.63226318359375,3145.302001953125,0.23868636786937714
3776,19.63153648376465,3144.825927734375,0.23866534233093262
3777,19.631101608276367,3144.578857421875,0.23865601420402527
3778,19.631412506103516,3144.645751953125,0.23865318298339844
3779,19.63064956665039,3144.298095703125,0.23864425718784332
3780,19.630821228027344,3144.0849609375,0.2386210858821869
3781,19.629072189331055,3143.2412109375,0.23859652876853943
3782,19.628219604492188,3142.73779296875,0.23857663571834564
3783,19.627822875976562,3142.419921875,0.23856011033058167
3784,19.627105712890625,3142.037109375,0.23854680359363556
3785,19.626569747924805,3141.737548828125,0.2385357916355133
3786,19.625974655151367,3141.45361328125,0.23852768540382385
3787,19.626216888427734,3141.4833984375,0.23852354288101196
3788,19.624675750732422,3140.947265625,0.2385198324918747
3789,19.62468147277832,3140.77392578125,0.23850466310977936
3790,19.62320327758789,3140.017822265625,0.23848019540309906
3791,19.622957229614258,3139.624755859375,0.2384529560804367
3792,19.62160873413086,3138.949462890625,0.23843184113502502
3793,19.62103843688965,3138.601318359375,0.23841753602027893
3794,19.621145248413086,3138.552734375,0.2384103536605835
3795,19.62030601501465,3138.308837890625,0.2384125143289566
3796,19.620033264160156,3138.218017578125,0.23841215670108795
3797,19.618322372436523,3137.45703125,0.2383936643600464
3798,19.61871337890625,3137.19287109375,0.23835992813110352
3799,19.61744499206543,3136.486572265625,0.23833389580249786
3800,19.61627197265625,3135.915283203125,0.23831693828105927
3801,19.616294860839844,3135.784912109375,0.2383049875497818
3802,19.615861892700195,3135.582763671875,0.23829950392246246
3803,19.615480422973633,3135.330078125,0.23828813433647156
3804,19.613929748535156,3134.69580078125,0.2382761538028717
3805,19.61384391784668,3134.448974609375,0.23825713992118835
3806,19.61236572265625,3133.77734375,0.23823989927768707
3807,19.611730575561523,3133.3310546875,0.23821879923343658
3808,19.611228942871094,3132.96044921875,0.23820054531097412
3809,19.61086654663086,3132.66064453125,0.2381846010684967
3810,19.610246658325195,3132.315673828125,0.23817186057567596
3811,19.609577178955078,3132.00634765625,0.23816359043121338
3812,19.609600067138672,3131.9736328125,0.2381601482629776
3813,19.60782814025879,3131.48388671875,0.2381667047739029
3814,19.607637405395508,3131.419677734375,0.2381664663553238
3815,19.606212615966797,3130.682373046875,0.2381419688463211
3816,19.60651397705078,3130.31640625,0.23810191452503204
3817,19.60540008544922,3129.650146484375,0.23807494342327118
3818,19.604501724243164,3129.19580078125,0.23806045949459076
3819,19.604442596435547,3129.140869140625,0.23805728554725647
3820,19.603586196899414,3128.9189453125,0.23806175589561462
3821,19.60370635986328,3128.80712890625,0.2380487024784088
3822,19.601896286010742,3127.947265625,0.2380242794752121
3823,19.60146141052246,3127.469482421875,0.23799486458301544
3824,19.600034713745117,3126.8017578125,0.23797641694545746
3825,19.59913444519043,3126.384765625,0.2379651665687561
3826,19.59992790222168,3126.53857421875,0.23795652389526367
3827,19.599395751953125,3126.37646484375,0.23795722424983978
3828,19.59893798828125,3126.152587890625,0.23795044422149658
3829,19.596569061279297,3125.21923828125,0.23793499171733856
3830,19.596576690673828,3124.881591796875,0.23790551722049713
3831,19.595867156982422,3124.38623046875,0.23788216710090637
3832,19.59522819519043,3123.96630859375,0.23786340653896332
3833,19.594703674316406,3123.623779296875,0.2378481775522232
3834,19.593955993652344,3123.28076171875,0.23783908784389496
3835,19.59390640258789,3123.15380859375,0.23782944679260254
3836,19.59327507019043,3122.919921875,0.2378266304731369
3837,19.59385871887207,3122.943115234375,0.23781248927116394
3838,19.592313766479492,3122.382080078125,0.23780648410320282
3839,19.59154510498047,3121.879150390625,0.23778411746025085
3840,19.590417861938477,3121.27294921875,0.2377626597881317
3841,19.590707778930664,3121.099365234375,0.23773956298828125
3842,19.58940315246582,3120.47119140625,0.23772108554840088
3843,19.588623046875,3120.071044921875,0.2377079576253891
3844,19.589229583740234,3120.08984375,0.23769274353981018
3845,19.58834457397461,3119.7509765625,0.23768778145313263
3846,19.587846755981445,3119.542236328125,0.2376834601163864
3847,19.58595085144043,3118.977294921875,0.2376868575811386
3848,19.586252212524414,3118.913818359375,0.23767296969890594
3849,19.585203170776367,3118.283203125,0.23764725029468536
3850,19.585119247436523,3117.92333984375,0.23761828243732452
3851,19.58356285095215,3117.1943359375,0.2375979721546173
3852,19.582908630371094,3116.83447265625,0.23758479952812195
3853,19.58330726623535,3116.84423828125,0.23757460713386536
3854,19.58295249938965,3116.7783203125,0.23757874965667725
3855,19.582948684692383,3116.78271484375,0.23757921159267426
3856,19.58007049560547,3115.78515625,0.23757211863994598
3857,19.57936668395996,3115.164306640625,0.23753762245178223
3858,19.57985496520996,3114.911865234375,0.23750217258930206
3859,19.58062744140625,3114.93212890625,0.23748251795768738
3860,19.579843521118164,3114.617431640625,0.23747684061527252
3861,19.578035354614258,3114.074462890625,0.23747965693473816
3862,19.578657150268555,3114.0625,0.23746144771575928
3863,19.578100204467773,3113.71923828125,0.23744700849056244
3864,19.577552795410156,3113.28076171875,0.23742401599884033
3865,19.575590133666992,3112.490478515625,0.2374095767736435
3866,19.575740814208984,3112.28271484375,0.23738734424114227
3867,19.575939178466797,3112.14990234375,0.23737025260925293
3868,19.57465362548828,3111.66796875,0.23736390471458435
3869,19.5741024017334,3111.41552734375,0.23735719919204712
3870,19.573253631591797,3111.14501953125,0.23735712468624115
3871,19.573455810546875,3111.058837890625,0.23734401166439056
3872,19.571924209594727,3110.49609375,0.2373374104499817
3873,19.571435928344727,3110.1328125,0.23731935024261475
3874,19.570140838623047,3109.46337890625,0.23729686439037323
3875,19.570270538330078,3109.17529296875,0.23726819455623627
3876,19.570138931274414,3108.90673828125,0.2372485101222992
3877,19.56920623779297,3108.504150390625,0.23723922669887543
3878,19.568683624267578,3108.29052734375,0.23723511397838593
3879,19.568225860595703,3108.1435546875,0.237234964966774
3880,19.569307327270508,3108.32470703125,0.2372208535671234
3881,19.567766189575195,3107.700927734375,0.23720915615558624
3882,19.566234588623047,3106.97900390625,0.23718863725662231
3883,19.56499671936035,3106.325927734375,0.23716598749160767
3884,19.56574821472168,3106.26513671875,0.23713992536067963
3885,19.56558609008789,3106.0498046875,0.23712566494941711
3886,19.564273834228516,3105.62451171875,0.23712489008903503
3887,19.564258575439453,3105.552490234375,0.23711906373500824
3888,19.563199996948242,3105.1962890625,0.23711729049682617
3889,19.563108444213867,3104.948486328125,0.23709823191165924
3890,19.56131935119629,3104.1533203125,0.237078458070755
3891,19.5610408782959,3103.749267578125,0.23705095052719116
3892,19.560365676879883,3103.322998046875,0.2370324730873108
3893,19.55995750427246,3103.097412109375,0.23702409863471985
3894,19.56072425842285,3103.251953125,0.23701640963554382
3895,19.55957794189453,3102.911865234375,0.23701846599578857
3896,19.55895233154297,3102.58740234375,0.2370074838399887
3897,19.557418823242188,3101.9072265625,0.23699060082435608
3898,19.557634353637695,3101.66650390625,0.23696359992027283
3899,19.556364059448242,3101.011962890625,0.23694171011447906
3900,19.556188583374023,3100.752685546875,0.236923947930336
3901,19.55626106262207,3100.615234375,0.23691000044345856
3902,19.555112838745117,3100.183837890625,0.23690414428710938
3903,19.554584503173828,3099.9296875,0.2368965595960617
3904,19.55367088317871,3099.593505859375,0.23689252138137817
3905,19.554048538208008,3099.58740234375,0.23688152432441711
3906,19.552635192871094,3099.00146484375,0.23686952888965607
3907,19.552509307861328,3098.700439453125,0.23684677481651306
3908,19.551822662353516,3098.25390625,0.2368267923593521
3909,19.551658630371094,3097.952880859375,0.23680511116981506
3910,19.550519943237305,3097.423583984375,0.23679038882255554
3911,19.550334930419922,3097.182861328125,0.2367745190858841
3912,19.550125122070312,3096.994140625,0.2367638349533081
3913,19.54864501953125,3096.48974609375,0.23676073551177979
3914,19.548934936523438,3096.50390625,0.23675397038459778
3915,19.547943115234375,3096.214599609375,0.23675616085529327
3916,19.54723358154297,3095.969970703125,0.2367544174194336
3917,19.545488357543945,3095.232421875,0.23673829436302185
3918,19.546213150024414,3095.02197265625,0.2366999238729477
3919,19.545515060424805,3094.498779296875,0.23667357861995697
3920,19.544652938842773,3094.037353515625,0.23665711283683777
3921,19.544052124023438,3093.766357421875,0.23665006458759308
3922,19.543354034423828,3093.548828125,0.23665037751197815
3923,19.543781280517578,3093.64990234375,0.236647367477417
3924,19.5423526763916,3093.125732421875,0.236641064286232
3925,19.54191017150879,3092.7314453125,0.23661890625953674
3926,19.540283203125,3091.96435546875,0.23659689724445343
3927,19.5402889251709,3091.64013671875,0.23656845092773438
3928,19.540096282958984,3091.388671875,0.23655177652835846
3929,19.539478302001953,3091.116455078125,0.23654507100582123
3930,19.53898048400879,3090.931884765625,0.2365427315235138
3931,19.537431716918945,3090.449951171875,0.2365434318780899
3932,19.537803649902344,3090.3701171875,0.23652616143226624
3933,19.536849975585938,3089.85009765625,0.2365071177482605
3934,19.536746978759766,3089.504638671875,0.23647978901863098
3935,19.535512924194336,3088.925537109375,0.23646332323551178
3936,19.535614013671875,3088.74609375,0.2364448606967926
3937,19.535490036010742,3088.566162109375,0.23643258213996887
3938,19.534204483032227,3088.11181640625,0.236428365111351
3939,19.533905029296875,3087.962158203125,0.2364235520362854
3940,19.532686233520508,3087.599609375,0.23642556369304657
3941,19.53270149230957,3087.52880859375,0.2364189475774765
3942,19.531269073486328,3086.92919921875,0.236406147480011
3943,19.53165626525879,3086.69921875,0.2363753318786621
3944,19.530868530273438,3086.1611328125,0.23635007441043854
3945,19.530616760253906,3085.82470703125,0.23632760345935822
3946,19.52995491027832,3085.4755859375,0.23631538450717926
3947,19.529279708862305,3085.196533203125,0.23630963265895844
3948,19.529434204101562,3085.1572265625,0.236301988363266
3949,19.5280704498291,3084.734130859375,0.23630264401435852
3950,19.52781867980957,3084.5634765625,0.23629465699195862
3951,19.52635955810547,3083.9990234375,0.23628558218479156
3952,19.5264835357666,3083.759521484375,0.2362612783908844
3953,19.525388717651367,3083.18212890625,0.23624099791049957
3954,19.525527954101562,3082.91748046875,0.23621399700641632
3955,19.524351119995117,3082.373291015625,0.23619896173477173
3956,19.523487091064453,3081.9814453125,0.23618851602077484
3957,19.523475646972656,3081.8662109375,0.2361787110567093
3958,19.522775650024414,3081.618896484375,0.2361764907836914
3959,19.522645950317383,3081.53759765625,0.2361728996038437
3960,19.52143669128418,3081.156005859375,0.23617292940616608
3961,19.521764755249023,3081.107666015625,0.23615960776805878
3962,19.520360946655273,3080.441162109375,0.23614013195037842
3963,19.520339965820312,3080.063232421875,0.23610764741897583
3964,19.519460678100586,3079.519775390625,0.23608437180519104
3965,19.51909065246582,3079.22802734375,0.23606905341148376
3966,19.518600463867188,3078.978515625,0.2360607236623764
3967,19.51750946044922,3078.62841796875,0.236060231924057
3968,19.517425537109375,3078.604248046875,0.23606041073799133
3969,19.51590347290039,3078.13427734375,0.23606130480766296
3970,19.51580810546875,3077.9462890625,0.23604749143123627
3971,19.514488220214844,3077.239501953125,0.23602209985256195
3972,19.515125274658203,3077.034912109375,0.23598657548427582
3973,19.51444435119629,3076.590576171875,0.2359665185213089
3974,19.513586044311523,3076.199462890625,0.23595593869686127
3975,19.51343536376953,3076.0830078125,0.23594990372657776
3976,19.51251220703125,3075.810791015625,0.23595158755779266
3977,19.512300491333008,3075.712890625,0.2359488606452942
3978,19.510595321655273,3075.129150390625,0.23594477772712708
3979,19.51058578491211,3074.870849609375,0.23592247068881989
3980,19.50930404663086,3074.188232421875,0.23589801788330078
3981,19.50980567932129,3074.0048828125,0.23586811125278473
3982,19.50920867919922,3073.62744140625,0.23585158586502075
3983,19.50792121887207,3073.16455078125,0.23584654927253723
3984,19.507863998413086,3073.091552734375,0.23584173619747162
3985,19.507230758666992,3072.924560546875,0.23584456741809845
3986,19.507179260253906,3072.895751953125,0.2358434796333313
3987,19.505260467529297,3072.17041015625,0.2358328402042389
3988,19.505359649658203,3071.85888671875,0.23580282926559448
3989,19.504430770874023,3071.2451171875,0.2357746809720993
3990,19.504304885864258,3070.943603515625,0.23575174808502197
3991,19.503646850585938,3070.63134765625,0.23574253916740417
3992,19.502836227416992,3070.37890625,0.23574279248714447
3993,19.503067016601562,3070.426513671875,0.23574058711528778
3994,19.501577377319336,3069.964599609375,0.23574121296405792
3995,19.50105857849121,3069.700927734375,0.23573243618011475
3996,19.499202728271484,3068.87060546875,0.23571082949638367
3997,19.499711990356445,3068.61669921875,0.23567451536655426
3998,19.49982452392578,3068.381103515625,0.23565080761909485
3999,19.499225616455078,3068.074951171875,0.23564045131206512
4000,19.49855613708496,3067.83837890625,0.23563818633556366
4001,19.170122146606445,3142.906494140625,0.25174251198768616
4002,19.130008697509766,3117.507568359375,0.2506258487701416
4003,19.100570678710938,3099.57568359375,0.24986346065998077
4004,19.080434799194336,3088.336669921875,0.24943245947360992
4005,19.066808700561523,3081.501220703125,0.24920998513698578
4006,19.05681037902832,3076.595703125,0.24905632436275482
4007,19.048547744750977,3072.198974609375,0.24889743328094482
4008,19.041296005249023,3067.8154296875,0.24870939552783966
4009,19.034927368164062,3063.4453125,0.2484961748123169
4010,19.029502868652344,3059.264404296875,0.24827197194099426
4011,19.024824142456055,3055.27392578125,0.2480430155992508
4012,19.02066993713379,3051.4765625,0.2478160709142685
4013,19.016727447509766,3047.686767578125,0.2475832998752594
4014,19.012659072875977,3043.92138671875,0.2473563700914383
4015,19.008071899414062,3040.1083984375,0.247140035033226
4016,19.002758026123047,3036.22607421875,0.2469385713338852
4017,18.99671173095703,3032.26171875,0.2467508465051651
4018,18.989944458007812,3028.299560546875,0.24658426642417908
4019,18.98267364501953,3024.39697265625,0.2464376837015152
4020,18.97514533996582,3020.5380859375,0.2463025152683258
4021,18.967653274536133,3016.68212890625,0.24616621434688568
4022,18.96034812927246,3012.77587890625,0.2460194081068039
4023,18.9532413482666,3008.81689453125,0.24586160480976105
4024,18.94647789001465,3004.884521484375,0.2456957846879959
4025,18.939931869506836,3001.036865234375,0.24553117156028748
4026,18.933441162109375,2997.297119140625,0.24537469446659088
4027,18.926740646362305,2993.597412109375,0.24522776901721954
4028,18.919635772705078,2989.84228515625,0.24508732557296753
4029,18.912208557128906,2986.059814453125,0.24495357275009155
4030,18.904754638671875,2982.3154296875,0.24482378363609314
4031,18.897445678710938,2978.607421875,0.24469289183616638
4032,18.890335083007812,2974.968505859375,0.2445623278617859
4033,18.883501052856445,2971.42431640625,0.24443219602108002
4034,18.877029418945312,2967.964599609375,0.244299054145813
4035,18.870943069458008,2964.63671875,0.24416667222976685
4036,18.865272521972656,2961.467529296875,0.2440367043018341
4037,18.859933853149414,2958.4111328125,0.2439073771238327
4038,18.854801177978516,2955.41748046875,0.24377761781215668
4039,18.849782943725586,2952.47607421875,0.24364925920963287
4040,18.844709396362305,2949.55517578125,0.2435242384672165
4041,18.83939552307129,2946.582275390625,0.24340124428272247
4042,18.833877563476562,2943.56201171875,0.2432795912027359
4043,18.82825469970703,2940.5322265625,0.2431599199771881
4044,18.822750091552734,2937.555908203125,0.24304167926311493
4045,18.817533493041992,2934.6708984375,0.2429233342409134
4046,18.812721252441406,2931.907470703125,0.2428044229745865
4047,18.808067321777344,2929.2109375,0.24268697202205658
4048,18.80353355407715,2926.5595703125,0.24257013201713562
4049,18.79902458190918,2923.9326171875,0.24245476722717285
4050,18.794530868530273,2921.333984375,0.24234141409397125
4051,18.7899112701416,2918.715576171875,0.24222977459430695
4052,18.785198211669922,2916.088134765625,0.2421199232339859
4053,18.78044319152832,2913.456298828125,0.24201062321662903
4054,18.775676727294922,2910.83447265625,0.24190258979797363
4055,18.770999908447266,2908.265869140625,0.24179674685001373
4056,18.76642417907715,2905.744873046875,0.24169227480888367
4057,18.76202964782715,2903.2841796875,0.24158813059329987
4058,18.757951736450195,2900.927490234375,0.2414844036102295
4059,18.754074096679688,2898.6455078125,0.24138182401657104
4060,18.750267028808594,2896.391357421875,0.24127967655658722
4061,18.746339797973633,2894.115478515625,0.24117884039878845
4062,18.742246627807617,2891.800048828125,0.24107904732227325
4063,18.738117218017578,2889.49658203125,0.240981325507164
4064,18.734167098999023,2887.248291015625,0.2408834993839264
4065,18.730504989624023,2885.08056640625,0.24078480899333954
4066,18.727083206176758,2882.98779296875,0.2406860738992691
4067,18.723703384399414,2880.916015625,0.24058797955513
4068,18.720144271850586,2878.800537109375,0.24049092829227448
4069,18.716304779052734,2876.616943359375,0.24039551615715027
4070,18.71240997314453,2874.43310546875,0.24030157923698425
4071,18.7086124420166,2872.28662109375,0.24020826816558838
4072,18.704965591430664,2870.1826171875,0.2401144802570343
4073,18.7012996673584,2868.0869140625,0.2400219738483429
4074,18.69757843017578,2865.989990234375,0.23993085324764252
4075,18.693683624267578,2863.849609375,0.2398405224084854
4076,18.689565658569336,2861.6591796875,0.2397518903017044
4077,18.685333251953125,2859.4521484375,0.2396649420261383
4078,18.68143081665039,2857.33935546875,0.23957721889019012
4079,18.677824020385742,2855.31005859375,0.23948875069618225
4080,18.67400360107422,2853.23095703125,0.23940163850784302
4081,18.670127868652344,2851.153076171875,0.23931613564491272
4082,18.66657257080078,2849.16015625,0.23922939598560333
4083,18.663074493408203,2847.19580078125,0.23914358019828796
4084,18.659500122070312,2845.217529296875,0.23905856907367706
4085,18.656110763549805,2843.29150390625,0.23897308111190796
4086,18.652481079101562,2841.31005859375,0.23888926208019257
4087,18.64862823486328,2839.27099609375,0.23880635201931
4088,18.644638061523438,2837.200439453125,0.2387242615222931
4089,18.64075469970703,2835.1708984375,0.23864293098449707
4090,18.63709259033203,2833.2080078125,0.23856143653392792
4091,18.633363723754883,2831.2294921875,0.2384803593158722
4092,18.62973403930664,2829.28857421875,0.23839986324310303
4093,18.62648582458496,2827.44384765625,0.2383173704147339
4094,18.622831344604492,2825.49609375,0.23823684453964233
4095,18.619165420532227,2823.561767578125,0.23815776407718658
4096,18.615764617919922,2821.69873046875,0.238077774643898
4097,18.61236572265625,2819.838623046875,0.23799793422222137
4098,18.608701705932617,2817.911865234375,0.23791933059692383
4099,18.605026245117188,2815.988525390625,0.23784130811691284
4100,18.60136604309082,2814.0791015625,0.23776407539844513
4101,18.59793472290039,2812.23095703125,0.23768599331378937
4102,18.594642639160156,2810.427001953125,0.23760806024074554
4103,18.590965270996094,2808.526123046875,0.23753193020820618
4104,18.587339401245117,2806.644775390625,0.23745611310005188
4105,18.583866119384766,2804.810791015625,0.23738035559654236
4106,18.580413818359375,2802.99951171875,0.23730607330799103
4107,18.57634735107422,2801.0185546875,0.2372332066297531
4108,18.572795867919922,2799.17138671875,0.23715820908546448
4109,18.569522857666016,2797.416015625,0.23708389699459076
4110,18.56610107421875,2795.64208984375,0.23701198399066925
4111,18.562660217285156,2793.84326171875,0.23693819344043732
4112,18.558958053588867,2791.9990234375,0.23686759173870087
4113,18.5551815032959,2790.126708984375,0.2367963194847107
4114,18.551841735839844,2788.376708984375,0.2367240935564041
4115,18.548473358154297,2786.634765625,0.23665344715118408
4116,18.544540405273438,2784.7314453125,0.23658347129821777
4117,18.540973663330078,2782.937744140625,0.2365134358406067
4118,18.53770637512207,2781.2392578125,0.23644375801086426
4119,18.534297943115234,2779.495361328125,0.23637376725673676
4120,18.531131744384766,2777.8095703125,0.23630233108997345
4121,18.52762222290039,2776.04736328125,0.23623338341712952
4122,18.52421760559082,2774.319091796875,0.23616454005241394
4123,18.5211124420166,2772.6689453125,0.2360946387052536
4124,18.51773452758789,2770.94921875,0.23602575063705444
4125,18.514266967773438,2769.212890625,0.2359578013420105
4126,18.511154174804688,2767.591552734375,0.23589064180850983
4127,18.5076961517334,2765.86083984375,0.23582279682159424
4128,18.504371643066406,2764.16650390625,0.2357545793056488
4129,18.500732421875,2762.40966796875,0.2356894165277481
4130,18.497432708740234,2760.74462890625,0.23562318086624146
4131,18.494529724121094,2759.19287109375,0.2355564385652542
4132,18.491092681884766,2757.498046875,0.23549114167690277
4133,18.487682342529297,2755.83203125,0.2354278713464737
4134,18.48421859741211,2754.126953125,0.2353622317314148
4135,18.481277465820312,2752.587646484375,0.2352975308895111
4136,18.47843360900879,2751.094970703125,0.2352345585823059
4137,18.47454071044922,2749.273681640625,0.23516984283924103
4138,18.471174240112305,2747.642822265625,0.2351083606481552
4139,18.46851921081543,2746.20703125,0.23504525423049927
4140,18.465166091918945,2744.535888671875,0.23497936129570007
4141,18.461429595947266,2742.8359375,0.23492169380187988
4142,18.458486557006836,2741.33544921875,0.23486050963401794
4143,18.455121994018555,2739.657958984375,0.23479409515857697
4144,18.451974868774414,2738.1611328125,0.23473906517028809
4145,18.449514389038086,2736.705810546875,0.23466801643371582
4146,18.446252822875977,2735.146728515625,0.23461009562015533
4147,18.442148208618164,2733.3251953125,0.2345508337020874
4148,18.439044952392578,2731.768310546875,0.2344883680343628
4149,18.436899185180664,2730.49365234375,0.23442575335502625
4150,18.433923721313477,2728.969482421875,0.2343626767396927
4151,18.430973052978516,2727.472412109375,0.23430147767066956
4152,18.428220748901367,2726.070068359375,0.2342437356710434
4153,18.425283432006836,2724.563720703125,0.234181210398674
4154,18.42300796508789,2723.2490234375,0.23411816358566284
4155,18.420581817626953,2721.9140625,0.2340574860572815
4156,18.417490005493164,2720.409912109375,0.23399946093559265
4157,18.41492462158203,2719.04345703125,0.23393960297107697
4158,18.412303924560547,2717.665771484375,0.23388022184371948
4159,18.410066604614258,2716.376953125,0.23381847143173218
4160,18.407386779785156,2714.986328125,0.23375944793224335
4161,18.40440559387207,2713.54150390625,0.23370377719402313
4162,18.402345657348633,2712.34423828125,0.2336457520723343
4163,18.400148391723633,2711.057861328125,0.23358285427093506
4164,18.39797019958496,2709.8125,0.2335233986377716
4165,18.39535903930664,2708.461669921875,0.23346610367298126
4166,18.392475128173828,2707.043701171875,0.2334100753068924
4167,18.390108108520508,2705.761474609375,0.23335234820842743
4168,18.387638092041016,2704.45166015625,0.23329488933086395
4169,18.38541603088379,2703.207275390625,0.23323659598827362
4170,18.382638931274414,2701.826171875,0.23318089544773102
4171,18.380104064941406,2700.51025390625,0.23312461376190186
4172,18.377605438232422,2699.19873046875,0.2330676168203354
4173,18.37540054321289,2697.971435546875,0.233010396361351
4174,18.372943878173828,2696.69091796875,0.23295515775680542
4175,18.370458602905273,2695.40283203125,0.23290002346038818
4176,18.367862701416016,2694.08154296875,0.23284472525119781
4177,18.366214752197266,2692.990966796875,0.232784703373909
4178,18.364551544189453,2691.933349609375,0.23272839188575745
4179,18.362234115600586,2690.680908203125,0.23267173767089844
4180,18.359661102294922,2689.37353515625,0.23261699080467224
4181,18.357555389404297,2688.194091796875,0.2325613647699356
4182,18.355146408081055,2686.941650390625,0.23250725865364075
4183,18.35260009765625,2685.652099609375,0.23245340585708618
4184,18.34968376159668,2684.26318359375,0.23240038752555847
4185,18.34721565246582,2682.9970703125,0.23234649002552032
4186,18.345186233520508,2681.8486328125,0.2322915494441986
4187,18.342802047729492,2680.60546875,0.23223744332790375
4188,18.34073829650879,2679.46044921875,0.2321837842464447
4189,18.33871841430664,2678.31689453125,0.23212888836860657
4190,18.336883544921875,2677.21484375,0.23207278549671173
4191,18.33466911315918,2676.023193359375,0.23201873898506165
4192,18.331809997558594,2674.683349609375,0.23196861147880554
4193,18.329811096191406,2673.5556640625,0.23191460967063904
4194,18.32745933532715,2672.34423828125,0.23186245560646057
4195,18.325029373168945,2671.102294921875,0.23180948197841644
4196,18.322389602661133,2669.814697265625,0.23175808787345886
4197,18.320648193359375,2668.7587890625,0.23170360922813416
4198,18.31857681274414,2667.630126953125,0.2316514402627945
4199,18.315759658813477,2666.3271484375,0.2316034734249115
4200,18.313335418701172,2665.100830078125,0.23155175149440765
4201,18.311107635498047,2663.90771484375,0.23149757087230682
4202,18.309202194213867,2662.855712890625,0.23144814372062683
4203,18.30731773376465,2661.800048828125,0.2313976138830185
4204,18.3045597076416,2660.459716796875,0.231344074010849
4205,18.302181243896484,2659.3056640625,0.23129802942276
4206,18.30079460144043,2658.326171875,0.2312406301498413
4207,18.29885482788086,2657.241455078125,0.23118875920772552
4208,18.296165466308594,2656.006103515625,0.23114347457885742
4209,18.293964385986328,2654.8408203125,0.23109105229377747
4210,18.292251586914062,2653.828369140625,0.23103974759578705
4211,18.289566040039062,2652.58984375,0.23099397122859955
4212,18.287145614624023,2651.379638671875,0.23094336688518524
4213,18.28528594970703,2650.363525390625,0.23089580237865448
4214,18.283355712890625,2649.30029296875,0.2308455854654312
4215,18.28122329711914,2648.169189453125,0.23079438507556915
4216,18.27860450744629,2646.9580078125,0.230749249458313
4217,18.276023864746094,2645.74169921875,0.2307024449110031
4218,18.274497985839844,2644.77099609375,0.23064962029457092
4219,18.27263832092285,2643.7421875,0.23060065507888794
4220,18.26974105834961,2642.477783203125,0.2305581122636795
4221,18.267061233520508,2641.235595703125,0.23051145672798157
4222,18.26461410522461,2640.0322265625,0.23046191036701202
4223,18.26263999938965,2638.998291015625,0.23041562736034393
4224,18.260257720947266,2637.850830078125,0.2303697168827057
4225,18.257251739501953,2636.5224609375,0.2303237020969391
4226,18.25540542602539,2635.508544921875,0.23027564585208893
4227,18.25391387939453,2634.588623046875,0.23022674024105072
4228,18.25150489807129,2633.419189453125,0.23017925024032593
4229,18.248666763305664,2632.1611328125,0.23013529181480408
4230,18.247150421142578,2631.2294921875,0.2300858348608017
4231,18.2451229095459,2630.19677734375,0.23004098236560822
4232,18.242778778076172,2629.086669921875,0.229997456073761
4233,18.239831924438477,2627.773193359375,0.22995096445083618
4234,18.238075256347656,2626.77587890625,0.2299017310142517
4235,18.23643684387207,2625.83984375,0.2298552244901657
4236,18.234220504760742,2624.75341796875,0.22981026768684387
4237,18.23163414001465,2623.56396484375,0.22976568341255188
4238,18.229686737060547,2622.53515625,0.22971868515014648
4239,18.22787094116211,2621.54443359375,0.2296716868877411
4240,18.225555419921875,2620.4423828125,0.22962793707847595
4241,18.223093032836914,2619.3017578125,0.22958454489707947
4242,18.221296310424805,2618.3115234375,0.2295369654893875
4243,18.219566345214844,2617.358642578125,0.2294912040233612
4244,18.216638565063477,2616.0966796875,0.22944894433021545
4245,18.214412689208984,2615.02880859375,0.22940587997436523
4246,18.212995529174805,2614.1494140625,0.22935841977596283
4247,18.210805892944336,2613.0869140625,0.22931472957134247
4248,18.207942962646484,2611.8564453125,0.22927366197109222
4249,18.206193923950195,2610.909423828125,0.22922885417938232
4250,18.204748153686523,2610.03564453125,0.22918272018432617
4251,18.20280647277832,2609.052978515625,0.22913981974124908
4252,18.200706481933594,2608.0244140625,0.22909687459468842
4253,18.19921112060547,2607.12060546875,0.22904910147190094
4254,18.198001861572266,2606.31494140625,0.22900286316871643
4255,18.195579528808594,2605.231689453125,0.22896365821361542
4256,18.19319725036621,2604.124755859375,0.22892089188098907
4257,18.191852569580078,2603.26904296875,0.22887346148490906
4258,18.1898250579834,2602.27392578125,0.22883166372776031
4259,18.186906814575195,2601.04736328125,0.2287921905517578
4260,18.18436050415039,2599.919921875,0.22875195741653442
4261,18.18321990966797,2599.1201171875,0.22870416939258575
4262,18.181455612182617,2598.18408203125,0.2286607027053833
4263,18.17951202392578,2597.2294921875,0.22862043976783752
4264,18.17776107788086,2596.299072265625,0.22857703268527985
4265,18.176084518432617,2595.37255859375,0.2285318821668625
4266,18.174049377441406,2594.37255859375,0.22848959267139435
4267,18.171550750732422,2593.268310546875,0.22845011949539185
4268,18.169761657714844,2592.33251953125,0.22840718924999237
4269,18.168060302734375,2591.419189453125,0.2283640056848526
4270,18.166107177734375,2590.4423828125,0.2283216416835785
4271,18.164533615112305,2589.599365234375,0.22828181087970734
4272,18.162927627563477,2588.7373046875,0.22824092209339142
4273,18.161056518554688,2587.774169921875,0.22819750010967255
4274,18.15872573852539,2586.698486328125,0.22815591096878052
4275,18.156688690185547,2585.733154296875,0.22811700403690338
4276,18.155046463012695,2584.87744140625,0.2280777245759964
4277,18.15276336669922,2583.81298828125,0.2280358374118805
4278,18.15091323852539,2582.867919921875,0.22799350321292877
4279,18.149539947509766,2582.06201171875,0.22795148193836212
4280,18.147554397583008,2581.120361328125,0.22791334986686707
4281,18.145545959472656,2580.15869140625,0.2278738021850586
4282,18.14356803894043,2579.18408203125,0.2278321087360382
4283,18.14194679260254,2578.3134765625,0.22779057919979095
4284,18.140357971191406,2577.484375,0.22775238752365112
4285,18.138429641723633,2576.5576171875,0.22771397233009338
4286,18.136783599853516,2575.691650390625,0.22767360508441925
4287,18.135276794433594,2574.82763671875,0.2276294231414795
4288,18.133617401123047,2573.975830078125,0.22759084403514862
4289,18.131410598754883,2573.005859375,0.2275559902191162
4290,18.129150390625,2571.963623046875,0.22751536965370178
4291,18.128005981445312,2571.20166015625,0.2274710088968277
4292,18.126544952392578,2570.41259765625,0.2274330109357834
4293,18.1241512298584,2569.3642578125,0.22739553451538086
4294,18.122140884399414,2568.40576171875,0.22735606133937836
4295,18.121049880981445,2567.671875,0.22731299698352814
4296,18.119823455810547,2566.92138671875,0.22727207839488983
4297,18.11758804321289,2565.94189453125,0.22723688185214996
4298,18.115577697753906,2564.99560546875,0.22719864547252655
4299,18.11408233642578,2564.1630859375,0.2271570861339569
4300,18.112817764282227,2563.39306640625,0.227115198969841
4301,18.110597610473633,2562.404296875,0.2270786017179489
4302,18.108633041381836,2561.49267578125,0.22704242169857025
4303,18.107433319091797,2560.779541015625,0.22700440883636475
4304,18.105588912963867,2559.857666015625,0.22696374356746674
4305,18.103174209594727,2558.81005859375,0.22692663967609406
4306,18.101646423339844,2558.008056640625,0.22688892483711243
4307,18.100664138793945,2557.390869140625,0.22685439884662628
4308,18.099206924438477,2556.589111328125,0.22681470215320587
4309,18.09706687927246,2555.56640625,0.22677214443683624
4310,18.094316482543945,2554.45654296875,0.22673825919628143
4311,18.093368530273438,2553.82421875,0.22670111060142517
4312,18.0927734375,2553.259521484375,0.22666074335575104
4313,18.090225219726562,2552.15576171875,0.2266215682029724
4314,18.087589263916016,2551.095458984375,0.22658930718898773
4315,18.087553024291992,2550.646484375,0.22654463350772858
4316,18.08668327331543,2550.0234375,0.2265060544013977
4317,18.084680557250977,2549.07958984375,0.22646746039390564
4318,18.08167839050293,2547.951416015625,0.2264387011528015
4319,18.081350326538086,2547.41650390625,0.22639358043670654
4320,18.08104133605957,2546.97998046875,0.22635795176029205
4321,18.07859992980957,2545.95068359375,0.2263231724500656
4322,18.076147079467773,2544.9521484375,0.2262917459011078
4323,18.074922561645508,2544.196044921875,0.22624973952770233
4324,18.07399559020996,2543.566650390625,0.22621215879917145
4325,18.07186508178711,2542.6357421875,0.226178377866745
4326,18.069705963134766,2541.66357421875,0.22614116966724396
4327,18.069067001342773,2541.126220703125,0.22610460221767426
4328,18.068281173706055,2540.5419921875,0.22606754302978516
4329,18.066085815429688,2539.540771484375,0.22602830827236176
4330,18.064573287963867,2538.773681640625,0.22599340975284576
4331,18.063140869140625,2538.052978515625,0.22596092522144318
4332,18.06159210205078,2537.20947265625,0.2259191870689392
4333,18.059598922729492,2536.322021484375,0.22588571906089783
4334,18.057918548583984,2535.53076171875,0.2258530855178833
4335,18.056468963623047,2534.76416015625,0.22581632435321808
4336,18.05498504638672,2533.95361328125,0.2257760465145111
4337,18.053714752197266,2533.2744140625,0.22574301064014435
4338,18.052515029907227,2532.609375,0.225709468126297
4339,18.051591873168945,2531.952880859375,0.22566883265972137
4340,18.050018310546875,2531.139892578125,0.2256307750940323
4341,18.047807693481445,2530.22509765625,0.22560061514377594
4342,18.046695709228516,2529.597412109375,0.2255682498216629
4343,18.04522705078125,2528.83349609375,0.22553226351737976
4344,18.043500900268555,2527.9765625,0.22549402713775635
4345,18.04164695739746,2527.12939453125,0.225460484623909
4346,18.040115356445312,2526.376220703125,0.2254272848367691
4347,18.0382080078125,2525.49169921875,0.22539137303829193
4348,18.036367416381836,2524.646484375,0.22535759210586548
4349,18.035335540771484,2524.0458984375,0.22532561421394348
4350,18.034334182739258,2523.39794921875,0.22528791427612305
4351,18.032018661499023,2522.43408203125,0.22525554895401
4352,18.03073501586914,2521.7197265625,0.22521914541721344
4353,18.029499053955078,2521.02099609375,0.2251829355955124
4354,18.027135848999023,2520.04248046875,0.22515030205249786
4355,18.025487899780273,2519.271240234375,0.2251185178756714
4356,18.02448081970215,2518.65185546875,0.2250838279724121
4357,18.022977828979492,2517.86083984375,0.22504574060440063
4358,18.020933151245117,2516.986572265625,0.2250146120786667
4359,18.019269943237305,2516.195556640625,0.2249811440706253
4360,18.01837921142578,2515.57958984375,0.22494345903396606
4361,18.016220092773438,2514.66845703125,0.22491179406642914
4362,18.0135498046875,2513.672607421875,0.22488604485988617
4363,18.011850357055664,2512.907470703125,0.2248561829328537
4364,18.01104164123535,2512.322021484375,0.224819153547287
4365,18.008527755737305,2511.285400390625,0.2247847020626068
4366,18.00660514831543,2510.413330078125,0.22475020587444305
4367,18.00583267211914,2509.851806640625,0.22471460700035095
4368,18.004289627075195,2509.12744140625,0.22468438744544983
4369,18.002416610717773,2508.29052734375,0.22465194761753082
4370,17.999765396118164,2507.2734375,0.22462333738803864
4371,17.998674392700195,2506.60400390625,0.22458574175834656
4372,17.9976863861084,2505.992431640625,0.22455109655857086
4373,17.995439529418945,2505.080810546875,0.22452165186405182
4374,17.99366569519043,2504.295166015625,0.22449161112308502
4375,17.99303436279297,2503.726318359375,0.22445116937160492
4376,17.991689682006836,2503.02587890625,0.224417582154274
4377,17.9893741607666,2502.09228515625,0.2243877351284027
4378,17.987016677856445,2501.170654296875,0.2243603616952896
4379,17.98623275756836,2500.60107421875,0.22432413697242737
4380,17.98460578918457,2499.85400390625,0.2242937684059143
4381,17.98307991027832,2499.116943359375,0.22426150739192963
4382,17.980426788330078,2498.085205078125,0.22423121333122253
4383,17.97957420349121,2497.4951171875,0.2241947501897812
4384,17.97856330871582,2496.88330078125,0.22416061162948608
4385,17.9764461517334,2496.02197265625,0.22413240373134613
4386,17.97417640686035,2495.112060546875,0.22410355508327484
4387,17.97328758239746,2494.568603515625,0.22407294809818268
4388,17.971406936645508,2493.724853515625,0.22403979301452637
4389,17.969589233398438,2492.8935546875,0.2240060269832611
4390,17.968191146850586,2492.182373046875,0.22397258877754211
4391,17.967206954956055,2491.59716796875,0.22394035756587982
4392,17.96551513671875,2490.837158203125,0.2239103466272354
4393,17.96290397644043,2489.8984375,0.22388818860054016
4394,17.96229362487793,2489.393310546875,0.2238534837961197
4395,17.96126365661621,2488.738037109375,0.22381526231765747
4396,17.958282470703125,2487.64892578125,0.2237880975008011
4397,17.956348419189453,2486.855224609375,0.2237614542245865
4398,17.955446243286133,2486.27001953125,0.22372671961784363
4399,17.95477867126465,2485.747802734375,0.22369185090065002
4400,17.952138900756836,2484.780029296875,0.22366735339164734
4401,17.949560165405273,2483.832275390625,0.22364312410354614
4402,17.949825286865234,2483.50439453125,0.22360165417194366
4403,17.94968605041504,2483.11669921875,0.22356553375720978
4404,17.94678497314453,2482.0556640625,0.22353875637054443
4405,17.94399070739746,2481.090576171875,0.22351887822151184
4406,17.943334579467773,2480.506103515625,0.22347718477249146
4407,17.943294525146484,2480.1904296875,0.22344565391540527
4408,17.94097137451172,2479.259521484375,0.22341570258140564
4409,17.937984466552734,2478.19873046875,0.2233913391828537
4410,17.937732696533203,2477.77099609375,0.22335420548915863
4411,17.93807601928711,2477.539306640625,0.2233203500509262
4412,17.935914993286133,2476.6357421875,0.2232886552810669
4413,17.933006286621094,2475.631103515625,0.22326774895191193
4414,17.931867599487305,2475.02294921875,0.2232372760772705
4415,17.9314022064209,2474.53515625,0.2232000231742859
4416,17.9298095703125,2473.804443359375,0.22316983342170715
4417,17.927383422851562,2472.866943359375,0.22314207255840302
4418,17.926328659057617,2472.28369140625,0.22311171889305115
4419,17.925804138183594,2471.863037109375,0.22308307886123657
4420,17.924570083618164,2471.25927734375,0.22305576503276825
4421,17.922761917114258,2470.430908203125,0.22302158176898956
4422,17.921430587768555,2469.7861328125,0.2229927033185959
4423,17.920448303222656,2469.2548828125,0.22296565771102905
4424,17.919395446777344,2468.662841796875,0.22293435037136078
4425,17.917264938354492,2467.764404296875,0.22290199995040894
4426,17.915691375732422,2467.07958984375,0.22287589311599731
4427,17.91434097290039,2466.44140625,0.22284822165966034
4428,17.91220474243164,2465.563232421875,0.22281807661056519
4429,17.910573959350586,2464.853271484375,0.22279100120067596
4430,17.910066604614258,2464.455322265625,0.22276414930820465
4431,17.908353805541992,2463.691650390625,0.22273372113704681
4432,17.90641212463379,2462.85302734375,0.22270210087299347
4433,17.904930114746094,2462.2138671875,0.2226780354976654
4434,17.90445899963379,2461.75634765625,0.22264395654201508
4435,17.902719497680664,2461.000732421875,0.2226150929927826
4436,17.900012969970703,2460.037841796875,0.22259238362312317
4437,17.899185180664062,2459.504150390625,0.22256046533584595
4438,17.89944076538086,2459.253173828125,0.22252710163593292
4439,17.89753532409668,2458.45361328125,0.2224983423948288
4440,17.894987106323242,2457.541259765625,0.22247624397277832
4441,17.894805908203125,2457.14404296875,0.22244004905223846
4442,17.894493103027344,2456.7705078125,0.22241012752056122
4443,17.892263412475586,2455.908935546875,0.22238418459892273
4444,17.889816284179688,2455.02734375,0.22236227989196777
4445,17.88969612121582,2454.66796875,0.22232826054096222
4446,17.887943267822266,2453.932861328125,0.22230187058448792
4447,17.88614273071289,2453.166259765625,0.22227342426776886
4448,17.884872436523438,2452.543212890625,0.22224482893943787
4449,17.884262084960938,2452.09130859375,0.2222151756286621
4450,17.88227081298828,2451.3662109375,0.22219647467136383
4451,17.88092613220215,2450.732666015625,0.22216887772083282
4452,17.880165100097656,2450.16015625,0.22213096916675568
4453,17.87923240661621,2449.6416015625,0.22210350632667542
4454,17.877199172973633,2448.934326171875,0.22208787500858307
4455,17.875171661376953,2448.038330078125,0.22205235064029694
4456,17.87529182434082,2447.756591796875,0.2220195084810257
4457,17.874298095703125,2447.25439453125,0.2219955027103424
4458,17.871889114379883,2446.330810546875,0.22196799516677856
4459,17.870939254760742,2445.77197265625,0.22193674743175507
4460,17.870519638061523,2445.398193359375,0.221909761428833
4461,17.86878776550293,2444.640625,0.22188010811805725
4462,17.866884231567383,2443.871337890625,0.22185420989990234
4463,17.865957260131836,2443.361083984375,0.22182738780975342
4464,17.864891052246094,2442.891845703125,0.22180885076522827
4465,17.8638973236084,2442.271240234375,0.22177238762378693
4466,17.861339569091797,2441.31884765625,0.22174595296382904
4467,17.859886169433594,2440.732177734375,0.2217261791229248
4468,17.860111236572266,2440.54931640625,0.22170059382915497
4469,17.858478546142578,2439.75927734375,0.2216646820306778
4470,17.855817794799805,2438.838623046875,0.22164440155029297
4471,17.854698181152344,2438.388427734375,0.2216293215751648
4472,17.8539981842041,2437.767333984375,0.22158440947532654
4473,17.852537155151367,2437.216552734375,0.2215685099363327
4474,17.850988388061523,2436.54931640625,0.22154295444488525
4475,17.848934173583984,2435.692626953125,0.22151197493076324
4476,17.847946166992188,2435.3310546875,0.22150234878063202
4477,17.847553253173828,2434.751220703125,0.22145287692546844
4478,17.845903396606445,2434.197509765625,0.22144204378128052
4479,17.843828201293945,2433.3388671875,0.22141145169734955
4480,17.843690872192383,2433.024169921875,0.22138245403766632
4481,17.843393325805664,2432.646728515625,0.22135137021541595
4482,17.841455459594727,2431.8544921875,0.22132375836372375
4483,17.839155197143555,2431.1064453125,0.2213110476732254
4484,17.837772369384766,2430.369873046875,0.22127339243888855
4485,17.837596893310547,2430.114990234375,0.2212516963481903
4486,17.836523056030273,2429.52685546875,0.2212207168340683
4487,17.83428192138672,2428.6826171875,0.2211962789297104
4488,17.833187103271484,2428.19189453125,0.22117605805397034
4489,17.832645416259766,2427.69775390625,0.22113975882530212
4490,17.831953048706055,2427.297119140625,0.22111746668815613
4491,17.83025550842285,2426.58642578125,0.2210914045572281
4492,17.828271865844727,2425.81005859375,0.22106659412384033
4493,17.827896118164062,2425.4541015625,0.2210400253534317
4494,17.826868057250977,2424.91015625,0.22101230919361115
4495,17.824180603027344,2423.973876953125,0.22099076211452484
4496,17.82266616821289,2423.35498046875,0.22096902132034302
4497,17.822595596313477,2423.028076171875,0.22093674540519714
4498,17.821409225463867,2422.45947265625,0.2209109663963318
4499,17.81920051574707,2421.663330078125,0.22089038789272308
4500,17.81869125366211,2421.2939453125,0.2208661437034607
4501,17.817724227905273,2420.81787109375,0.22084371745586395
4502,17.816665649414062,2420.26318359375,0.22081570327281952
4503,17.81492805480957,2419.53076171875,0.2207883596420288
4504,17.81429672241211,2419.1318359375,0.22076445817947388
4505,17.8135986328125,2418.746337890625,0.22074390947818756
4506,17.811189651489258,2417.859375,0.22071941196918488
4507,17.809852600097656,2417.23486328125,0.22069194912910461
4508,17.81060791015625,2417.182861328125,0.22066491842269897
4509,17.808656692504883,2416.413818359375,0.22063976526260376
4510,17.80595588684082,2415.538330078125,0.22062478959560394
4511,17.80538558959961,2415.074462890625,0.22059229016304016
4512,17.80567741394043,2414.94873046875,0.22057075798511505
4513,17.803293228149414,2414.058837890625,0.22054511308670044
4514,17.800573348999023,2413.209228515625,0.2205333411693573
4515,17.800830841064453,2412.9375,0.22049744427204132
4516,17.80099105834961,2412.75048828125,0.22047318518161774
4517,17.797494888305664,2411.62744140625,0.22045470774173737
4518,17.79556655883789,2410.9267578125,0.2204359620809555
4519,17.796003341674805,2410.731201171875,0.22040294110774994
4520,17.795413970947266,2410.343505859375,0.22037893533706665
4521,17.792428970336914,2409.385009765625,0.22036315500736237
4522,17.790878295898438,2408.739013671875,0.2203393578529358
4523,17.79155921936035,2408.620361328125,0.22030746936798096
4524,17.790176391601562,2408.023193359375,0.22028397023677826
4525,17.788358688354492,2407.38134765625,0.22026817500591278
4526,17.78750991821289,2406.9384765625,0.22024574875831604
4527,17.78746795654297,2406.599853515625,0.22021125257015228
4528,17.785844802856445,2405.96728515625,0.22019092738628387
4529,17.783140182495117,2405.140380859375,0.22018085420131683
4530,17.780933380126953,2404.338134765625,0.22015923261642456
4531,17.78192901611328,2404.259033203125,0.22012247145175934
4532,17.78113555908203,2403.88623046875,0.22010579705238342
4533,17.77875518798828,2402.99169921875,0.22007930278778076
4534,17.777873992919922,2402.5302734375,0.22005578875541687
4535,17.777629852294922,2402.248779296875,0.22003304958343506
4536,17.77752113342285,2401.93994140625,0.22000356018543243
4537,17.77533721923828,2401.14404296875,0.219981849193573
4538,17.7734317779541,2400.5107421875,0.21996933221817017
4539,17.772634506225586,2400.043701171875,0.21994280815124512
4540,17.77237319946289,2399.68701171875,0.21991263329982758
4541,17.770292282104492,2398.926025390625,0.21989162266254425
4542,17.768857955932617,2398.36669921875,0.21987341344356537
4543,17.76807975769043,2397.944091796875,0.21985098719596863
4544,17.767534255981445,2397.547119140625,0.21982461214065552
4545,17.766008377075195,2396.91259765625,0.21980109810829163
4546,17.76538848876953,2396.5615234375,0.21978166699409485
4547,17.764474868774414,2396.075927734375,0.21975639462471008
4548,17.76299476623535,2395.43994140625,0.2197314202785492
4549,17.761856079101562,2394.912109375,0.21970808506011963
4550,17.76117515563965,2394.52392578125,0.21968649327754974
4551,17.75981330871582,2393.9794921875,0.21966776251792908
4552,17.758359909057617,2393.369873046875,0.219644695520401
4553,17.757848739624023,2392.9921875,0.21961939334869385
4554,17.7569522857666,2392.511474609375,0.2195940911769867
4555,17.755081176757812,2391.885986328125,0.2195812612771988
4556,17.755075454711914,2391.601318359375,0.21955133974552155
4557,17.753482818603516,2390.9775390625,0.21953074634075165
4558,17.751893997192383,2390.3466796875,0.2195092737674713
4559,17.75226402282715,2390.2177734375,0.2194851040840149
4560,17.751386642456055,2389.787109375,0.219464510679245
4561,17.748947143554688,2388.909912109375,0.21944119036197662
4562,17.747411727905273,2388.320068359375,0.21942248940467834
4563,17.747371673583984,2388.095458984375,0.21939988434314728
4564,17.746150970458984,2387.58349609375,0.2193804532289505
4565,17.74379539489746,2386.7431640625,0.21935860812664032
4566,17.743389129638672,2386.4150390625,0.2193354219198227
4567,17.743371963500977,2386.16845703125,0.21930979192256927
4568,17.741207122802734,2385.42041015625,0.2192922681570053
4569,17.74017333984375,2384.9013671875,0.21926674246788025
4570,17.739450454711914,2384.51220703125,0.21924608945846558
4571,17.738000869750977,2383.93359375,0.21922607719898224
4572,17.736814498901367,2383.437255859375,0.219207301735878
4573,17.7351016998291,2382.744140625,0.21918261051177979
4574,17.734182357788086,2382.31298828125,0.21916308999061584
4575,17.7336368560791,2381.970703125,0.21914233267307281
4576,17.73288917541504,2381.6240234375,0.2191268652677536
4577,17.731969833374023,2381.080078125,0.21909542381763458
4578,17.73125457763672,2380.695068359375,0.21907491981983185
4579,17.72969627380371,2380.15380859375,0.21906189620494843
4580,17.728647232055664,2379.613525390625,0.21903447806835175
4581,17.727745056152344,2379.124267578125,0.21900831162929535
4582,17.7270450592041,2378.74365234375,0.2189878523349762
4583,17.72574806213379,2378.224609375,0.2189696878194809
4584,17.723228454589844,2377.4013671875,0.21895407140254974
4585,17.723068237304688,2377.094482421875,0.2189260572195053
4586,17.722959518432617,2376.857421875,0.2189040333032608
4587,17.72127914428711,2376.218505859375,0.21888403594493866
4588,17.71941566467285,2375.583984375,0.21886971592903137
4589,17.719318389892578,2375.282958984375,0.218840554356575
4590,17.71954345703125,2375.115234375,0.21881632506847382
4591,17.71727180480957,2374.337890625,0.2187984585762024
4592,17.716386795043945,2373.908447265625,0.21877804398536682
4593,17.71631622314453,2373.646484375,0.2187522053718567
4594,17.715417861938477,2373.24951171875,0.21873563528060913
4595,17.713579177856445,2372.55810546875,0.21871450543403625
4596,17.713171005249023,2372.233642578125,0.2186916470527649
4597,17.712038040161133,2371.7109375,0.21866832673549652
4598,17.710432052612305,2371.14794921875,0.21865420043468475
4599,17.710227966308594,2370.85595703125,0.21862903237342834
4600,17.708831787109375,2370.312744140625,0.2186110019683838
4601,17.707691192626953,2369.88720703125,0.21859820187091827
4602,17.707250595092773,2369.5810546875,0.21857820451259613
4603,17.70709991455078,2369.2392578125,0.21854612231254578
4604,17.70644187927246,2368.889892578125,0.21852773427963257
4605,17.704389572143555,2368.28271484375,0.21852150559425354
4606,17.70328712463379,2367.728515625,0.21849395334720612
4607,17.70305061340332,2367.393798828125,0.21846510469913483
4608,17.70132827758789,2366.8798828125,0.21845939755439758
4609,17.69989585876465,2366.301025390625,0.21843861043453217
4610,17.699649810791016,2365.945068359375,0.21840772032737732
4611,17.699810028076172,2365.84033203125,0.2183920443058014
4612,17.698719024658203,2365.326904296875,0.21836845576763153
4613,17.69609260559082,2364.47265625,0.21835225820541382
4614,17.69624137878418,2364.280029296875,0.21832747757434845
4615,17.6968936920166,2364.236083984375,0.21830429136753082
4616,17.694499969482422,2363.42041015625,0.21828551590442657
4617,17.69202423095703,2362.6416015625,0.21827298402786255
4618,17.692584991455078,2362.576171875,0.21825003623962402
4619,17.691936492919922,2362.233154296875,0.21823197603225708
4620,17.69163703918457,2361.90673828125,0.21820572018623352
4621,17.690176010131836,2361.3486328125,0.2181878387928009
4622,17.690025329589844,2361.13037109375,0.21816886961460114
4623,17.690380096435547,2361.01416015625,0.218146413564682
4624,17.68820571899414,2360.247802734375,0.2181265950202942
4625,17.68647575378418,2359.629150390625,0.2181098908185959
4626,17.686771392822266,2359.516357421875,0.21808944642543793
4627,17.68524169921875,2358.945556640625,0.2180720716714859
4628,17.683914184570312,2358.409423828125,0.2180527150630951
4629,17.684024810791016,2358.19384765625,0.21802659332752228
4630,17.683883666992188,2357.9755859375,0.21800735592842102
4631,17.682491302490234,2357.45263671875,0.21799111366271973
4632,17.680675506591797,2356.83642578125,0.21797707676887512
4633,17.6821231842041,2356.92822265625,0.21794570982456207
4634,17.681026458740234,2356.43701171875,0.21792449057102203
4635,17.678865432739258,2355.749755859375,0.2179126739501953
4636,17.67975425720215,2355.74951171875,0.21788735687732697
4637,17.67829132080078,2355.259521484375,0.21787668764591217
4638,17.67721176147461,2354.82080078125,0.21786056458950043
4639,17.676103591918945,2354.2939453125,0.21783582866191864
4640,17.676219940185547,2354.09130859375,0.2178109586238861
4641,17.674325942993164,2353.477294921875,0.21779924631118774
4642,17.67245101928711,2352.90966796875,0.21779191493988037
4643,17.673358917236328,2352.870361328125,0.21776193380355835
4644,17.672588348388672,2352.463134765625,0.21774037182331085
4645,17.670799255371094,2351.824951171875,0.21772311627864838
4646,17.67035675048828,2351.534912109375,0.21770472824573517
4647,17.670265197753906,2351.35009765625,0.21768759191036224
4648,17.66937255859375,2350.931396484375,0.21766823530197144
4649,17.667255401611328,2350.26318359375,0.21765705943107605
4650,17.667808532714844,2350.12109375,0.2176261693239212
4651,17.668270111083984,2350.15576171875,0.2176167517900467
4652,17.66638946533203,2349.501953125,0.21760034561157227
4653,17.664785385131836,2348.87060546875,0.2175784856081009
4654,17.664997100830078,2348.73291015625,0.21755774319171906
4655,17.664194107055664,2348.42822265625,0.21754801273345947
4656,17.66337013244629,2347.94189453125,0.21751947700977325
4657,17.66124725341797,2347.2880859375,0.2175098955631256
4658,17.66071891784668,2347.0166015625,0.2174958884716034
4659,17.66156005859375,2346.92138671875,0.21746183931827545
4660,17.66016387939453,2346.4228515625,0.21744820475578308
4661,17.65789222717285,2345.7734375,0.2174433171749115
4662,17.658126831054688,2345.543701171875,0.2174120843410492
4663,17.658748626708984,2345.5791015625,0.2173982411623001
4664,17.655826568603516,2344.7265625,0.2173900604248047
4665,17.653982162475586,2344.02099609375,0.21736697852611542
4666,17.654869079589844,2344.109130859375,0.21735122799873352
4667,17.65416717529297,2343.732666015625,0.21733088791370392
4668,17.651716232299805,2342.898193359375,0.21731121838092804
4669,17.650754928588867,2342.58056640625,0.2173045575618744
4670,17.6506404876709,2342.334716796875,0.2172814905643463
4671,17.650962829589844,2342.137451171875,0.217251256108284
4672,17.649797439575195,2341.763916015625,0.21724434196949005
4673,17.648012161254883,2341.138671875,0.21722814440727234
4674,17.647939682006836,2340.8876953125,0.21720334887504578
4675,17.64787483215332,2340.7568359375,0.2171911597251892
4676,17.646093368530273,2340.115966796875,0.21717317402362823
4677,17.645174026489258,2339.667724609375,0.21715125441551208
4678,17.64482879638672,2339.447021484375,0.217137411236763
4679,17.64358139038086,2338.99072265625,0.21712400019168854
4680,17.64288330078125,2338.5927734375,0.21710118651390076
4681,17.642492294311523,2338.295654296875,0.2170804888010025
4682,17.64095115661621,2337.7939453125,0.21707051992416382
4683,17.640485763549805,2337.48779296875,0.21705089509487152
4684,17.640705108642578,2337.32421875,0.2170272022485733
4685,17.63918113708496,2336.78173828125,0.21701234579086304
4686,17.63867950439453,2336.525634765625,0.2169991284608841
4687,17.63850212097168,2336.292236328125,0.21697913110256195
4688,17.6378173828125,2335.903564453125,0.2169569432735443
4689,17.63638687133789,2335.416015625,0.2169453203678131
4690,17.635438919067383,2335.0830078125,0.21693648397922516
4691,17.635467529296875,2334.868408203125,0.21691271662712097
4692,17.634119033813477,2334.31884765625,0.2168920487165451
4693,17.632488250732422,2333.78662109375,0.21688126027584076
4694,17.632387161254883,2333.617919921875,0.21686606109142303
4695,17.631216049194336,2333.156005859375,0.21684975922107697
4696,17.630220413208008,2332.688232421875,0.2168278843164444
4697,17.629108428955078,2332.293212890625,0.21681706607341766
4698,17.628931045532227,2332.0693359375,0.2167980670928955
4699,17.627948760986328,2331.643798828125,0.21678033471107483
4700,17.626249313354492,2331.04833984375,0.2167646437883377
4701,17.625835418701172,2330.79052734375,0.21674874424934387
4702,17.625469207763672,2330.52734375,0.21673090755939484
4703,17.624385833740234,2330.108154296875,0.2167166918516159
4704,17.623165130615234,2329.612060546875,0.2166980803012848
4705,17.623126983642578,2329.4326171875,0.2166799157857895
4706,17.62295913696289,2329.21337890625,0.21666114032268524
4707,17.622114181518555,2328.890380859375,0.21665039658546448
4708,17.620330810546875,2328.32470703125,0.21664027869701385
4709,17.620126724243164,2328.033203125,0.21661476790905
4710,17.619972229003906,2327.828125,0.21659712493419647
4711,17.61773681640625,2327.213623046875,0.21659459173679352
4712,17.615816116333008,2326.541015625,0.21657681465148926
4713,17.616287231445312,2326.4423828125,0.21655288338661194
4714,17.61650848388672,2326.469970703125,0.2165495604276657
4715,17.61517906188965,2325.837890625,0.21651938557624817
4716,17.61283302307129,2325.144287109375,0.21651141345500946
4717,17.613265991210938,2325.084716796875,0.21649271249771118
4718,17.614221572875977,2325.114990234375,0.21646887063980103
4719,17.612083435058594,2324.422607421875,0.2164551466703415
4720,17.609790802001953,2323.7890625,0.21645204722881317
4721,17.60955810546875,2323.49560546875,0.21642714738845825
4722,17.609996795654297,2323.41650390625,0.21640615165233612
4723,17.608644485473633,2322.9541015625,0.21639484167099
4724,17.606992721557617,2322.375732421875,0.21637950837612152
4725,17.606815338134766,2322.162109375,0.21636155247688293
4726,17.606422424316406,2321.892578125,0.2163437455892563
4727,17.6051025390625,2321.448974609375,0.21633346378803253
4728,17.603443145751953,2320.8779296875,0.21631908416748047
4729,17.60373306274414,2320.76318359375,0.21629850566387177
4730,17.60264778137207,2320.31640625,0.21628126502037048
4731,17.601390838623047,2319.86083984375,0.2162678986787796
4732,17.601354598999023,2319.68310546875,0.21624979376792908
4733,17.600299835205078,2319.283935546875,0.21623675525188446
4734,17.599836349487305,2319.005859375,0.21622000634670258
4735,17.599451065063477,2318.767333984375,0.21620523929595947
4736,17.59815788269043,2318.2744140625,0.21618884801864624
4737,17.596858978271484,2317.81005859375,0.21617569029331207
4738,17.596538543701172,2317.576171875,0.2161596417427063
4739,17.5960693359375,2317.27587890625,0.21614056825637817
4740,17.59435272216797,2316.71142578125,0.21612848341464996
4741,17.594045639038086,2316.4658203125,0.21611075103282928
4742,17.594406127929688,2316.3896484375,0.2160923182964325
4743,17.591732025146484,2315.62841796875,0.21608617901802063
4744,17.591304779052734,2315.35595703125,0.21606898307800293
4745,17.591068267822266,2315.166015625,0.21605518460273743
4746,17.589780807495117,2314.668212890625,0.2160380780696869
4747,17.588062286376953,2314.09521484375,0.21602505445480347
4748,17.588315963745117,2313.959716796875,0.21600326895713806
4749,17.58792495727539,2313.71728515625,0.21598823368549347
4750,17.585948944091797,2313.101806640625,0.21597789227962494
